timestamp,equipment,process,electricity_kwh,fuel_type,fuel_quantity,production_volume,operating_hours,shift,temperature,pressure
2026-08-28 00:00:00,Robotic GMAW Heavy Welding Gantry,Welding & Joining,1.97,none,0.0,0.0,0.0,Shift C (Night),29.8,0.0
2026-08-28 00:00:00,CNC High-Definition Plasma & Laser Table,Cutting & Profiling,1.38,none,0.0,0.0,0.0,Shift C (Night),29.2,0.0
2026-08-28 00:00:00,Hydraulic Plate Bending Roll (500T),Forming & Rolling,1.8,none,0.0,0.0,0.0,Shift C (Night),28.8,0.0
2026-08-28 00:00:00,Gas-Fired Post-Weld Heat Treatment Furnace,Annealing & Stress Relief,0.7,natural_gas,0.0,0.0,0.0,Shift C (Night),31.4,0.0
2026-08-28 00:00:00,Automated Wheelabrator Blast Room,Surface Preparation,1.27,none,0.0,0.0,0.0,Shift C (Night),30.7,0.0
2026-08-28 00:00:00,Industrial Rotary Screw Air Compressor,Compressed Air Utility,22.72,none,0.0,0.0,0.0,Shift C (Night),32.0,5.95
2026-08-28 00:00:00,Dust Collector & Fume Extraction Blower,Ventilation & Environmental,35.36,none,0.0,0.0,1.0,Shift C (Night),30.0,0.49
2026-08-28 01:00:00,Robotic GMAW Heavy Welding Gantry,Welding & Joining,1.21,none,0.0,0.0,0.0,Shift C (Night),30.6,0.0
2026-08-28 01:00:00,CNC High-Definition Plasma & Laser Table,Cutting & Profiling,0.72,none,0.0,0.0,0.0,Shift C (Night),28.6,0.0
2026-08-28 01:00:00,Hydraulic Plate Bending Roll (500T),Forming & Rolling,1.16,none,0.0,0.0,0.0,Shift C (Night),30.4,0.0
2026-08-28 01:00:00,Gas-Fired Post-Weld Heat Treatment Furnace,Annealing & Stress Relief,0.74,natural_gas,0.0,0.0,0.0,Shift C (Night),31.7,0.0
2026-08-28 01:00:00,Automated Wheelabrator Blast Room,Surface Preparation,1.97,none,0.0,0.0,0.0,Shift C (Night),28.3,0.0
2026-08-28 01:00:00,Industrial Rotary Screw Air Compressor,Compressed Air Utility,25.9,none,0.0,0.0,0.0,Shift C (Night),32.0,5.95
2026-08-28 01:00:00,Dust Collector & Fume Extraction Blower,Ventilation & Environmental,33.56,none,0.0,0.0,1.0,Shift C (Night),30.1,0.51
2026-08-28 02:00:00,Robotic GMAW Heavy Welding Gantry,Welding & Joining,0.77,none,0.0,0.0,0.0,Shift C (Night),31.4,0.0
2026-08-28 02:00:00,CNC High-Definition Plasma & Laser Table,Cutting & Profiling,1.62,none,0.0,0.0,0.0,Shift C (Night),29.1,0.0
2026-08-28 02:00:00,Hydraulic Plate Bending Roll (500T),Forming & Rolling,1.6,none,0.0,0.0,0.0,Shift C (Night),30.3,0.0
2026-08-28 02:00:00,Gas-Fired Post-Weld Heat Treatment Furnace,Annealing & Stress Relief,0.98,natural_gas,0.0,0.0,0.0,Shift C (Night),31.2,0.0
2026-08-28 02:00:00,Automated Wheelabrator Blast Room,Surface Preparation,1.5,none,0.0,0.0,0.0,Shift C (Night),29.6,0.0
2026-08-28 02:00:00,Industrial Rotary Screw Air Compressor,Compressed Air Utility,23.9,none,0.0,0.0,0.0,Shift C (Night),32.0,5.95
2026-08-28 02:00:00,Dust Collector & Fume Extraction Blower,Ventilation & Environmental,34.28,none,0.0,0.0,1.0,Shift C (Night),29.9,0.5
2026-08-28 03:00:00,Robotic GMAW Heavy Welding Gantry,Welding & Joining,0.99,none,0.0,0.0,0.0,Shift C (Night),31.1,0.0
2026-08-28 03:00:00,CNC High-Definition Plasma & Laser Table,Cutting & Profiling,0.75,none,0.0,0.0,0.0,Shift C (Night),29.0,0.0
2026-08-28 03:00:00,Hydraulic Plate Bending Roll (500T),Forming & Rolling,1.3,none,0.0,0.0,0.0,Shift C (Night),30.5,0.0
2026-08-28 03:00:00,Gas-Fired Post-Weld Heat Treatment Furnace,Annealing & Stress Relief,0.79,natural_gas,0.0,0.0,0.0,Shift C (Night),28.4,0.0
2026-08-28 03:00:00,Automated Wheelabrator Blast Room,Surface Preparation,0.67,none,0.0,0.0,0.0,Shift C (Night),28.3,0.0
2026-08-28 03:00:00,Industrial Rotary Screw Air Compressor,Compressed Air Utility,24.71,none,0.0,0.0,0.0,Shift C (Night),32.0,5.95
2026-08-28 03:00:00,Dust Collector & Fume Extraction Blower,Ventilation & Environmental,35.28,none,0.0,0.0,1.0,Shift C (Night),29.9,0.51
2026-08-28 04:00:00,Robotic GMAW Heavy Welding Gantry,Welding & Joining,0.81,none,0.0,0.0,0.0,Shift C (Night),30.5,0.0
2026-08-28 04:00:00,CNC High-Definition Plasma & Laser Table,Cutting & Profiling,0.73,none,0.0,0.0,0.0,Shift C (Night),28.3,0.0
2026-08-28 04:00:00,Hydraulic Plate Bending Roll (500T),Forming & Rolling,1.65,none,0.0,0.0,0.0,Shift C (Night),31.1,0.0
2026-08-28 04:00:00,Gas-Fired Post-Weld Heat Treatment Furnace,Annealing & Stress Relief,1.71,natural_gas,0.0,0.0,0.0,Shift C (Night),28.8,0.0
2026-08-28 04:00:00,Automated Wheelabrator Blast Room,Surface Preparation,1.53,none,0.0,0.0,0.0,Shift C (Night),30.0,0.0
2026-08-28 04:00:00,Industrial Rotary Screw Air Compressor,Compressed Air Utility,23.05,none,0.0,0.0,0.0,Shift C (Night),32.0,5.95
2026-08-28 04:00:00,Dust Collector & Fume Extraction Blower,Ventilation & Environmental,33.57,none,0.0,0.0,1.0,Shift C (Night),30.4,0.5
2026-08-28 05:00:00,Robotic GMAW Heavy Welding Gantry,Welding & Joining,1.93,none,0.0,0.0,0.0,Shift C (Night),28.1,0.0
2026-08-28 05:00:00,CNC High-Definition Plasma & Laser Table,Cutting & Profiling,1.2,none,0.0,0.0,0.0,Shift C (Night),31.7,0.0
2026-08-28 05:00:00,Hydraulic Plate Bending Roll (500T),Forming & Rolling,1.14,none,0.0,0.0,0.0,Shift C (Night),29.3,0.0
2026-08-28 05:00:00,Gas-Fired Post-Weld Heat Treatment Furnace,Annealing & Stress Relief,1.13,natural_gas,0.0,0.0,0.0,Shift C (Night),29.8,0.0
2026-08-28 05:00:00,Automated Wheelabrator Blast Room,Surface Preparation,0.65,none,0.0,0.0,0.0,Shift C (Night),30.2,0.0
2026-08-28 05:00:00,Industrial Rotary Screw Air Compressor,Compressed Air Utility,25.44,none,0.0,0.0,0.0,Shift C (Night),32.0,5.95
2026-08-28 05:00:00,Dust Collector & Fume Extraction Blower,Ventilation & Environmental,33.46,none,0.0,0.0,1.0,Shift C (Night),30.2,0.5
2026-08-28 06:00:00,Robotic GMAW Heavy Welding Gantry,Welding & Joining,36.89,none,0.0,271.8,1.0,Shift A (Morning),121.0,1.0
2026-08-28 06:00:00,CNC High-Definition Plasma & Laser Table,Cutting & Profiling,50.38,none,0.0,406.9,1.0,Shift A (Morning),45.3,8.08
2026-08-28 06:00:00,Hydraulic Plate Bending Roll (500T),Forming & Rolling,44.65,none,0.0,365.3,1.0,Shift A (Morning),35.1,179.74
2026-08-28 06:00:00,Gas-Fired Post-Weld Heat Treatment Furnace,Annealing & Stress Relief,28.79,natural_gas,49.36,668.4,1.0,Shift A (Morning),620.2,1.09
2026-08-28 06:00:00,Automated Wheelabrator Blast Room,Surface Preparation,45.98,none,0.0,399.8,1.0,Shift A (Morning),32.6,6.04
2026-08-28 06:00:00,Industrial Rotary Screw Air Compressor,Compressed Air Utility,57.32,none,0.0,0.0,1.0,Shift A (Morning),40.8,6.92
2026-08-28 06:00:00,Dust Collector & Fume Extraction Blower,Ventilation & Environmental,32.72,none,0.0,0.0,1.0,Shift A (Morning),29.5,0.51
2026-08-28 07:00:00,Robotic GMAW Heavy Welding Gantry,Welding & Joining,37.54,none,0.0,276.6,1.0,Shift A (Morning),121.2,0.97
2026-08-28 07:00:00,CNC High-Definition Plasma & Laser Table,Cutting & Profiling,53.63,none,0.0,433.1,1.0,Shift A (Morning),44.7,7.81
2026-08-28 07:00:00,Hydraulic Plate Bending Roll (500T),Forming & Rolling,43.45,none,0.0,355.5,1.0,Shift A (Morning),34.8,178.39
2026-08-28 07:00:00,Gas-Fired Post-Weld Heat Treatment Furnace,Annealing & Stress Relief,28.36,natural_gas,48.62,658.4,1.0,Shift A (Morning),613.7,1.11
2026-08-28 07:00:00,Automated Wheelabrator Blast Room,Surface Preparation,46.34,none,0.0,403.0,1.0,Shift A (Morning),32.5,5.84
2026-08-28 07:00:00,Industrial Rotary Screw Air Compressor,Compressed Air Utility,57.09,none,0.0,0.0,1.0,Shift A (Morning),39.7,6.8
2026-08-28 07:00:00,Dust Collector & Fume Extraction Blower,Ventilation & Environmental,33.53,none,0.0,0.0,1.0,Shift A (Morning),30.0,0.51
2026-08-28 08:00:00,Robotic GMAW Heavy Welding Gantry,Welding & Joining,38.21,none,0.0,281.5,1.0,Shift A (Morning),121.9,0.99
2026-08-28 08:00:00,CNC High-Definition Plasma & Laser Table,Cutting & Profiling,52.82,none,0.0,426.6,1.0,Shift A (Morning),45.2,8.23
2026-08-28 08:00:00,Hydraulic Plate Bending Roll (500T),Forming & Rolling,43.57,none,0.0,356.5,1.0,Shift A (Morning),34.8,180.78
2026-08-28 08:00:00,Gas-Fired Post-Weld Heat Treatment Furnace,Annealing & Stress Relief,28.69,natural_gas,49.18,666.0,1.0,Shift A (Morning),610.1,1.11
2026-08-28 08:00:00,Automated Wheelabrator Blast Room,Surface Preparation,45.4,none,0.0,394.8,1.0,Shift A (Morning),32.0,6.1
2026-08-28 08:00:00,Industrial Rotary Screw Air Compressor,Compressed Air Utility,57.26,none,0.0,0.0,1.0,Shift A (Morning),40.2,6.94
2026-08-28 08:00:00,Dust Collector & Fume Extraction Blower,Ventilation & Environmental,33.83,none,0.0,0.0,1.0,Shift A (Morning),30.0,0.51
2026-08-28 09:00:00,Robotic GMAW Heavy Welding Gantry,Welding & Joining,38.87,none,0.0,286.4,1.0,Shift A (Morning),121.6,1.0
2026-08-28 09:00:00,CNC High-Definition Plasma & Laser Table,Cutting & Profiling,51.12,none,0.0,412.9,1.0,Shift A (Morning),44.2,8.24
2026-08-28 09:00:00,Hydraulic Plate Bending Roll (500T),Forming & Rolling,43.66,none,0.0,357.2,1.0,Shift A (Morning),34.6,182.62
2026-08-28 09:00:00,Gas-Fired Post-Weld Heat Treatment Furnace,Annealing & Stress Relief,27.09,natural_gas,46.43,628.8,1.0,Shift A (Morning),628.5,1.07
2026-08-28 09:00:00,Automated Wheelabrator Blast Room,Surface Preparation,45.4,none,0.0,394.8,1.0,Shift A (Morning),31.4,6.11
2026-08-28 09:00:00,Industrial Rotary Screw Air Compressor,Compressed Air Utility,57.89,none,0.0,0.0,1.0,Shift A (Morning),39.5,7.12
2026-08-28 09:00:00,Dust Collector & Fume Extraction Blower,Ventilation & Environmental,34.41,none,0.0,0.0,1.0,Shift A (Morning),29.8,0.51
2026-08-28 10:00:00,Robotic GMAW Heavy Welding Gantry,Welding & Joining,37.8,none,0.0,278.5,1.0,Shift A (Morning),120.2,0.98
2026-08-28 10:00:00,CNC High-Definition Plasma & Laser Table,Cutting & Profiling,51.59,none,0.0,416.7,1.0,Shift A (Morning),45.2,7.98
2026-08-28 10:00:00,Hydraulic Plate Bending Roll (500T),Forming & Rolling,44.93,none,0.0,367.6,1.0,Shift A (Morning),34.6,174.8
2026-08-28 10:00:00,Gas-Fired Post-Weld Heat Treatment Furnace,Annealing & Stress Relief,28.46,natural_gas,48.78,660.6,1.0,Shift A (Morning),629.0,1.11
2026-08-28 10:00:00,Automated Wheelabrator Blast Room,Surface Preparation,44.94,none,0.0,390.8,1.0,Shift A (Morning),32.6,6.09
2026-08-28 10:00:00,Industrial Rotary Screw Air Compressor,Compressed Air Utility,57.85,none,0.0,0.0,1.0,Shift A (Morning),40.7,7.01
2026-08-28 10:00:00,Dust Collector & Fume Extraction Blower,Ventilation & Environmental,34.31,none,0.0,0.0,1.0,Shift A (Morning),30.3,0.5
2026-08-28 11:00:00,Robotic GMAW Heavy Welding Gantry,Welding & Joining,38.2,none,0.0,281.5,1.0,Shift A (Morning),120.6,1.0
2026-08-28 11:00:00,CNC High-Definition Plasma & Laser Table,Cutting & Profiling,51.44,none,0.0,415.4,1.0,Shift A (Morning),44.4,7.83
2026-08-28 11:00:00,Hydraulic Plate Bending Roll (500T),Forming & Rolling,44.65,none,0.0,365.3,1.0,Shift A (Morning),34.7,179.3
2026-08-28 11:00:00,Gas-Fired Post-Weld Heat Treatment Furnace,Annealing & Stress Relief,27.59,natural_gas,47.3,640.6,1.0,Shift A (Morning),628.2,1.07
2026-08-28 11:00:00,Automated Wheelabrator Blast Room,Surface Preparation,44.91,none,0.0,390.5,1.0,Shift A (Morning),31.9,6.12
2026-08-28 11:00:00,Industrial Rotary Screw Air Compressor,Compressed Air Utility,58.68,none,0.0,0.0,1.0,Shift A (Morning),39.6,7.04
2026-08-28 11:00:00,Dust Collector & Fume Extraction Blower,Ventilation & Environmental,33.74,none,0.0,0.0,1.0,Shift A (Morning),29.5,0.49
2026-08-28 12:00:00,Robotic GMAW Heavy Welding Gantry,Welding & Joining,37.23,none,0.0,274.3,1.0,Shift A (Morning),121.6,1.0
2026-08-28 12:00:00,CNC High-Definition Plasma & Laser Table,Cutting & Profiling,52.25,none,0.0,422.0,1.0,Shift A (Morning),44.9,8.07
2026-08-28 12:00:00,Hydraulic Plate Bending Roll (500T),Forming & Rolling,42.37,none,0.0,346.7,1.0,Shift A (Morning),34.5,176.07
2026-08-28 12:00:00,Gas-Fired Post-Weld Heat Treatment Furnace,Annealing & Stress Relief,27.46,natural_gas,47.07,637.4,1.0,Shift A (Morning),627.5,1.11
2026-08-28 12:00:00,Automated Wheelabrator Blast Room,Surface Preparation,44.81,none,0.0,389.6,1.0,Shift A (Morning),32.5,6.17
2026-08-28 12:00:00,Industrial Rotary Screw Air Compressor,Compressed Air Utility,57.93,none,0.0,0.0,1.0,Shift A (Morning),39.2,7.15
2026-08-28 12:00:00,Dust Collector & Fume Extraction Blower,Ventilation & Environmental,32.87,none,0.0,0.0,1.0,Shift A (Morning),30.1,0.51
2026-08-28 13:00:00,Robotic GMAW Heavy Welding Gantry,Welding & Joining,39.22,none,0.0,289.0,1.0,Shift A (Morning),119.6,0.99
2026-08-28 13:00:00,CNC High-Definition Plasma & Laser Table,Cutting & Profiling,52.65,none,0.0,425.3,1.0,Shift A (Morning),44.3,8.21
2026-08-28 13:00:00,Hydraulic Plate Bending Roll (500T),Forming & Rolling,44.79,none,0.0,366.5,1.0,Shift A (Morning),34.5,175.81
2026-08-28 13:00:00,Gas-Fired Post-Weld Heat Treatment Furnace,Annealing & Stress Relief,28.53,natural_gas,48.9,662.2,1.0,Shift A (Morning),630.7,1.1
2026-08-28 13:00:00,Automated Wheelabrator Blast Room,Surface Preparation,47.21,none,0.0,410.5,1.0,Shift A (Morning),32.6,6.16
2026-08-28 13:00:00,Industrial Rotary Screw Air Compressor,Compressed Air Utility,56.85,none,0.0,0.0,1.0,Shift A (Morning),40.6,6.89
2026-08-28 13:00:00,Dust Collector & Fume Extraction Blower,Ventilation & Environmental,32.97,none,0.0,0.0,1.0,Shift A (Morning),30.4,0.49
2026-08-28 14:00:00,Robotic GMAW Heavy Welding Gantry,Welding & Joining,38.26,none,0.0,281.9,1.0,Shift B (Evening),119.5,1.01
2026-08-28 14:00:00,CNC High-Definition Plasma & Laser Table,Cutting & Profiling,50.9,none,0.0,411.1,1.0,Shift B (Evening),44.9,7.83
2026-08-28 14:00:00,Hydraulic Plate Bending Roll (500T),Forming & Rolling,42.86,none,0.0,350.6,1.0,Shift B (Evening),35.7,179.35
2026-08-28 14:00:00,Gas-Fired Post-Weld Heat Treatment Furnace,Annealing & Stress Relief,27.45,natural_gas,47.06,637.2,1.0,Shift B (Evening),622.2,1.1
2026-08-28 14:00:00,Automated Wheelabrator Blast Room,Surface Preparation,45.54,none,0.0,396.0,1.0,Shift B (Evening),32.6,5.93
2026-08-28 14:00:00,Industrial Rotary Screw Air Compressor,Compressed Air Utility,57.65,none,0.0,0.0,1.0,Shift B (Evening),40.3,7.19
2026-08-28 14:00:00,Dust Collector & Fume Extraction Blower,Ventilation & Environmental,35.03,none,0.0,0.0,1.0,Shift B (Evening),30.5,0.5
2026-08-28 15:00:00,Robotic GMAW Heavy Welding Gantry,Welding & Joining,38.66,none,0.0,284.8,1.0,Shift B (Evening),121.5,0.97
2026-08-28 15:00:00,CNC High-Definition Plasma & Laser Table,Cutting & Profiling,53.94,none,0.0,435.7,1.0,Shift B (Evening),45.2,8.16
2026-08-28 15:00:00,Hydraulic Plate Bending Roll (500T),Forming & Rolling,44.57,none,0.0,364.7,1.0,Shift B (Evening),35.6,182.06
2026-08-28 15:00:00,Gas-Fired Post-Weld Heat Treatment Furnace,Annealing & Stress Relief,28.65,natural_gas,49.11,665.0,1.0,Shift B (Evening),613.5,1.1
2026-08-28 15:00:00,Automated Wheelabrator Blast Room,Surface Preparation,45.3,none,0.0,393.9,1.0,Shift B (Evening),32.6,5.95
2026-08-28 15:00:00,Industrial Rotary Screw Air Compressor,Compressed Air Utility,59.45,none,0.0,0.0,1.0,Shift B (Evening),39.4,7.15
2026-08-28 15:00:00,Dust Collector & Fume Extraction Blower,Ventilation & Environmental,34.97,none,0.0,0.0,1.0,Shift B (Evening),29.9,0.51
2026-08-28 16:00:00,Robotic GMAW Heavy Welding Gantry,Welding & Joining,37.67,none,0.0,277.6,1.0,Shift B (Evening),122.3,0.99
2026-08-28 16:00:00,CNC High-Definition Plasma & Laser Table,Cutting & Profiling,50.3,none,0.0,406.2,1.0,Shift B (Evening),45.6,7.87
2026-08-28 16:00:00,Hydraulic Plate Bending Roll (500T),Forming & Rolling,42.98,none,0.0,351.7,1.0,Shift B (Evening),35.5,184.49
2026-08-28 16:00:00,Gas-Fired Post-Weld Heat Treatment Furnace,Annealing & Stress Relief,28.29,natural_gas,48.5,656.8,1.0,Shift B (Evening),629.4,1.12
2026-08-28 16:00:00,Automated Wheelabrator Blast Room,Surface Preparation,45.66,none,0.0,397.0,1.0,Shift B (Evening),31.4,6.13
2026-08-28 16:00:00,Industrial Rotary Screw Air Compressor,Compressed Air Utility,59.5,none,0.0,0.0,1.0,Shift B (Evening),40.7,6.99
2026-08-28 16:00:00,Dust Collector & Fume Extraction Blower,Ventilation & Environmental,33.76,none,0.0,0.0,1.0,Shift B (Evening),30.4,0.51
2026-08-28 17:00:00,Robotic GMAW Heavy Welding Gantry,Welding & Joining,39.15,none,0.0,288.4,1.0,Shift B (Evening),121.5,1.02
2026-08-28 17:00:00,CNC High-Definition Plasma & Laser Table,Cutting & Profiling,52.83,none,0.0,426.7,1.0,Shift B (Evening),45.0,7.93
2026-08-28 17:00:00,Hydraulic Plate Bending Roll (500T),Forming & Rolling,44.36,none,0.0,362.9,1.0,Shift B (Evening),35.4,182.57
2026-08-28 17:00:00,Gas-Fired Post-Weld Heat Treatment Furnace,Annealing & Stress Relief,27.9,natural_gas,47.82,647.6,1.0,Shift B (Evening),608.3,1.07
2026-08-28 17:00:00,Automated Wheelabrator Blast Room,Surface Preparation,46.52,none,0.0,404.5,1.0,Shift B (Evening),32.2,6.1
2026-08-28 17:00:00,Industrial Rotary Screw Air Compressor,Compressed Air Utility,56.31,none,0.0,0.0,1.0,Shift B (Evening),39.8,7.05
2026-08-28 17:00:00,Dust Collector & Fume Extraction Blower,Ventilation & Environmental,33.49,none,0.0,0.0,1.0,Shift B (Evening),29.5,0.49
2026-08-28 18:00:00,Robotic GMAW Heavy Welding Gantry,Welding & Joining,38.05,none,0.0,280.4,1.0,Shift B (Evening),122.3,1.02
2026-08-28 18:00:00,CNC High-Definition Plasma & Laser Table,Cutting & Profiling,53.09,none,0.0,428.8,1.0,Shift B (Evening),45.6,8.09
2026-08-28 18:00:00,Hydraulic Plate Bending Roll (500T),Forming & Rolling,45.03,none,0.0,368.4,1.0,Shift B (Evening),34.7,179.77
2026-08-28 18:00:00,Gas-Fired Post-Weld Heat Treatment Furnace,Annealing & Stress Relief,28.53,natural_gas,48.9,662.2,1.0,Shift B (Evening),614.1,1.11
2026-08-28 18:00:00,Automated Wheelabrator Blast Room,Surface Preparation,47.2,none,0.0,410.5,1.0,Shift B (Evening),32.4,5.89
2026-08-28 18:00:00,Industrial Rotary Screw Air Compressor,Compressed Air Utility,57.6,none,0.0,0.0,1.0,Shift B (Evening),39.5,7.16
2026-08-28 18:00:00,Dust Collector & Fume Extraction Blower,Ventilation & Environmental,35.21,none,0.0,0.0,1.0,Shift B (Evening),30.5,0.49
2026-08-28 19:00:00,Robotic GMAW Heavy Welding Gantry,Welding & Joining,39.36,none,0.0,290.0,1.0,Shift B (Evening),122.0,1.01
2026-08-28 19:00:00,CNC High-Definition Plasma & Laser Table,Cutting & Profiling,52.53,none,0.0,424.3,1.0,Shift B (Evening),45.7,8.23
2026-08-28 19:00:00,Hydraulic Plate Bending Roll (500T),Forming & Rolling,42.94,none,0.0,351.3,1.0,Shift B (Evening),35.3,176.42
2026-08-28 19:00:00,Gas-Fired Post-Weld Heat Treatment Furnace,Annealing & Stress Relief,27.78,natural_gas,47.62,644.9,1.0,Shift B (Evening),618.2,1.08
2026-08-28 19:00:00,Automated Wheelabrator Blast Room,Surface Preparation,44.49,none,0.0,386.8,1.0,Shift B (Evening),31.8,6.16
2026-08-28 19:00:00,Industrial Rotary Screw Air Compressor,Compressed Air Utility,56.22,none,0.0,0.0,1.0,Shift B (Evening),40.3,6.97
2026-08-28 19:00:00,Dust Collector & Fume Extraction Blower,Ventilation & Environmental,35.14,none,0.0,0.0,1.0,Shift B (Evening),29.9,0.51
2026-08-28 20:00:00,Robotic GMAW Heavy Welding Gantry,Welding & Joining,36.84,none,0.0,271.5,1.0,Shift B (Evening),121.0,0.98
2026-08-28 20:00:00,CNC High-Definition Plasma & Laser Table,Cutting & Profiling,53.51,none,0.0,432.2,1.0,Shift B (Evening),45.5,7.9
2026-08-28 20:00:00,Hydraulic Plate Bending Roll (500T),Forming & Rolling,43.98,none,0.0,359.8,1.0,Shift B (Evening),34.5,183.85
2026-08-28 20:00:00,Gas-Fired Post-Weld Heat Treatment Furnace,Annealing & Stress Relief,28.22,natural_gas,48.38,655.2,1.0,Shift B (Evening),632.3,1.09
2026-08-28 20:00:00,Automated Wheelabrator Blast Room,Surface Preparation,46.65,none,0.0,405.7,1.0,Shift B (Evening),31.9,5.97
2026-08-28 20:00:00,Industrial Rotary Screw Air Compressor,Compressed Air Utility,56.36,none,0.0,0.0,1.0,Shift B (Evening),39.7,6.9
2026-08-28 20:00:00,Dust Collector & Fume Extraction Blower,Ventilation & Environmental,34.32,none,0.0,0.0,1.0,Shift B (Evening),30.5,0.5
2026-08-28 21:00:00,Robotic GMAW Heavy Welding Gantry,Welding & Joining,38.56,none,0.0,284.1,1.0,Shift B (Evening),119.8,0.97
2026-08-28 21:00:00,CNC High-Definition Plasma & Laser Table,Cutting & Profiling,50.47,none,0.0,407.7,1.0,Shift B (Evening),44.7,8.09
2026-08-28 21:00:00,Hydraulic Plate Bending Roll (500T),Forming & Rolling,44.66,none,0.0,365.4,1.0,Shift B (Evening),35.3,182.25
2026-08-28 21:00:00,Gas-Fired Post-Weld Heat Treatment Furnace,Annealing & Stress Relief,28.53,natural_gas,48.91,662.3,1.0,Shift B (Evening),614.0,1.07
2026-08-28 21:00:00,Automated Wheelabrator Blast Room,Surface Preparation,44.38,none,0.0,385.9,1.0,Shift B (Evening),31.8,5.9
2026-08-28 21:00:00,Industrial Rotary Screw Air Compressor,Compressed Air Utility,59.89,none,0.0,0.0,1.0,Shift B (Evening),40.8,7.18
2026-08-28 21:00:00,Dust Collector & Fume Extraction Blower,Ventilation & Environmental,35.27,none,0.0,0.0,1.0,Shift B (Evening),30.1,0.51
2026-08-28 22:00:00,Robotic GMAW Heavy Welding Gantry,Welding & Joining,36.62,none,0.0,269.8,1.0,Shift C (Night),118.8,1.01
2026-08-28 22:00:00,CNC High-Definition Plasma & Laser Table,Cutting & Profiling,51.18,none,0.0,413.4,1.0,Shift C (Night),44.8,7.94
2026-08-28 22:00:00,Hydraulic Plate Bending Roll (500T),Forming & Rolling,45.65,none,0.0,373.5,1.0,Shift C (Night),35.1,180.87
2026-08-28 22:00:00,Gas-Fired Post-Weld Heat Treatment Furnace,Annealing & Stress Relief,27.46,natural_gas,47.08,637.5,1.0,Shift C (Night),620.1,1.13
2026-08-28 22:00:00,Automated Wheelabrator Blast Room,Surface Preparation,47.39,none,0.0,412.1,1.0,Shift C (Night),31.5,5.93
2026-08-28 22:00:00,Industrial Rotary Screw Air Compressor,Compressed Air Utility,58.14,none,0.0,0.0,1.0,Shift C (Night),39.4,6.84
2026-08-28 22:00:00,Dust Collector & Fume Extraction Blower,Ventilation & Environmental,32.76,none,0.0,0.0,1.0,Shift C (Night),29.6,0.51
2026-08-28 23:00:00,Robotic GMAW Heavy Welding Gantry,Welding & Joining,39.02,none,0.0,287.5,1.0,Shift C (Night),121.2,1.03
2026-08-28 23:00:00,CNC High-Definition Plasma & Laser Table,Cutting & Profiling,1.0,none,0.0,0.0,0.0,Shift C (Night),31.5,0.0
2026-08-28 23:00:00,Hydraulic Plate Bending Roll (500T),Forming & Rolling,1.46,none,0.0,0.0,0.0,Shift C (Night),31.0,0.0
2026-08-28 23:00:00,Gas-Fired Post-Weld Heat Treatment Furnace,Annealing & Stress Relief,27.47,natural_gas,47.09,637.7,1.0,Shift C (Night),615.4,1.13
2026-08-28 23:00:00,Automated Wheelabrator Blast Room,Surface Preparation,1.04,none,0.0,0.0,0.0,Shift C (Night),32.0,0.0
2026-08-28 23:00:00,Industrial Rotary Screw Air Compressor,Compressed Air Utility,25.05,none,0.0,0.0,0.0,Shift C (Night),32.0,5.95
2026-08-28 23:00:00,Dust Collector & Fume Extraction Blower,Ventilation & Environmental,33.05,none,0.0,0.0,1.0,Shift C (Night),30.4,0.5
2026-08-29 00:00:00,Robotic GMAW Heavy Welding Gantry,Welding & Joining,1.72,none,0.0,0.0,0.0,Shift C (Night),28.2,0.0
2026-08-29 00:00:00,CNC High-Definition Plasma & Laser Table,Cutting & Profiling,0.81,none,0.0,0.0,0.0,Shift C (Night),28.9,0.0
2026-08-29 00:00:00,Hydraulic Plate Bending Roll (500T),Forming & Rolling,0.65,none,0.0,0.0,0.0,Shift C (Night),29.0,0.0
2026-08-29 00:00:00,Gas-Fired Post-Weld Heat Treatment Furnace,Annealing & Stress Relief,1.59,natural_gas,0.0,0.0,0.0,Shift C (Night),29.7,0.0
2026-08-29 00:00:00,Automated Wheelabrator Blast Room,Surface Preparation,1.99,none,0.0,0.0,0.0,Shift C (Night),31.7,0.0
2026-08-29 00:00:00,Industrial Rotary Screw Air Compressor,Compressed Air Utility,22.16,none,0.0,0.0,0.0,Shift C (Night),32.0,5.95
2026-08-29 00:00:00,Dust Collector & Fume Extraction Blower,Ventilation & Environmental,33.61,none,0.0,0.0,1.0,Shift C (Night),30.3,0.5
2026-08-29 01:00:00,Robotic GMAW Heavy Welding Gantry,Welding & Joining,1.29,none,0.0,0.0,0.0,Shift C (Night),31.4,0.0
2026-08-29 01:00:00,CNC High-Definition Plasma & Laser Table,Cutting & Profiling,1.81,none,0.0,0.0,0.0,Shift C (Night),28.5,0.0
2026-08-29 01:00:00,Hydraulic Plate Bending Roll (500T),Forming & Rolling,0.73,none,0.0,0.0,0.0,Shift C (Night),31.5,0.0
2026-08-29 01:00:00,Gas-Fired Post-Weld Heat Treatment Furnace,Annealing & Stress Relief,0.85,natural_gas,0.0,0.0,0.0,Shift C (Night),28.7,0.0
2026-08-29 01:00:00,Automated Wheelabrator Blast Room,Surface Preparation,1.31,none,0.0,0.0,0.0,Shift C (Night),29.1,0.0
2026-08-29 01:00:00,Industrial Rotary Screw Air Compressor,Compressed Air Utility,25.56,none,0.0,0.0,0.0,Shift C (Night),32.0,5.95
2026-08-29 01:00:00,Dust Collector & Fume Extraction Blower,Ventilation & Environmental,34.23,none,0.0,0.0,1.0,Shift C (Night),30.1,0.51
2026-08-29 02:00:00,Robotic GMAW Heavy Welding Gantry,Welding & Joining,1.34,none,0.0,0.0,0.0,Shift C (Night),30.3,0.0
2026-08-29 02:00:00,CNC High-Definition Plasma & Laser Table,Cutting & Profiling,1.18,none,0.0,0.0,0.0,Shift C (Night),28.3,0.0
2026-08-29 02:00:00,Hydraulic Plate Bending Roll (500T),Forming & Rolling,1.68,none,0.0,0.0,0.0,Shift C (Night),30.7,0.0
2026-08-29 02:00:00,Gas-Fired Post-Weld Heat Treatment Furnace,Annealing & Stress Relief,1.84,natural_gas,0.0,0.0,0.0,Shift C (Night),28.1,0.0
2026-08-29 02:00:00,Automated Wheelabrator Blast Room,Surface Preparation,1.55,none,0.0,0.0,0.0,Shift C (Night),30.7,0.0
2026-08-29 02:00:00,Industrial Rotary Screw Air Compressor,Compressed Air Utility,23.58,none,0.0,0.0,0.0,Shift C (Night),32.0,5.95
2026-08-29 02:00:00,Dust Collector & Fume Extraction Blower,Ventilation & Environmental,34.25,none,0.0,0.0,1.0,Shift C (Night),30.5,0.51
2026-08-29 03:00:00,Robotic GMAW Heavy Welding Gantry,Welding & Joining,0.82,none,0.0,0.0,0.0,Shift C (Night),28.3,0.0
2026-08-29 03:00:00,CNC High-Definition Plasma & Laser Table,Cutting & Profiling,1.76,none,0.0,0.0,0.0,Shift C (Night),30.6,0.0
2026-08-29 03:00:00,Hydraulic Plate Bending Roll (500T),Forming & Rolling,1.24,none,0.0,0.0,0.0,Shift C (Night),31.8,0.0
2026-08-29 03:00:00,Gas-Fired Post-Weld Heat Treatment Furnace,Annealing & Stress Relief,1.43,natural_gas,0.0,0.0,0.0,Shift C (Night),28.0,0.0
2026-08-29 03:00:00,Automated Wheelabrator Blast Room,Surface Preparation,1.96,none,0.0,0.0,0.0,Shift C (Night),30.6,0.0
2026-08-29 03:00:00,Industrial Rotary Screw Air Compressor,Compressed Air Utility,25.8,none,0.0,0.0,0.0,Shift C (Night),32.0,5.95
2026-08-29 03:00:00,Dust Collector & Fume Extraction Blower,Ventilation & Environmental,33.52,none,0.0,0.0,1.0,Shift C (Night),30.3,0.51
2026-08-29 04:00:00,Robotic GMAW Heavy Welding Gantry,Welding & Joining,1.94,none,0.0,0.0,0.0,Shift C (Night),30.3,0.0
2026-08-29 04:00:00,CNC High-Definition Plasma & Laser Table,Cutting & Profiling,0.9,none,0.0,0.0,0.0,Shift C (Night),28.2,0.0
2026-08-29 04:00:00,Hydraulic Plate Bending Roll (500T),Forming & Rolling,1.5,none,0.0,0.0,0.0,Shift C (Night),29.3,0.0
2026-08-29 04:00:00,Gas-Fired Post-Weld Heat Treatment Furnace,Annealing & Stress Relief,0.68,natural_gas,0.0,0.0,0.0,Shift C (Night),28.3,0.0
2026-08-29 04:00:00,Automated Wheelabrator Blast Room,Surface Preparation,1.93,none,0.0,0.0,0.0,Shift C (Night),29.5,0.0
2026-08-29 04:00:00,Industrial Rotary Screw Air Compressor,Compressed Air Utility,23.6,none,0.0,0.0,0.0,Shift C (Night),32.0,5.95
2026-08-29 04:00:00,Dust Collector & Fume Extraction Blower,Ventilation & Environmental,33.12,none,0.0,0.0,1.0,Shift C (Night),30.6,0.51
2026-08-29 05:00:00,Robotic GMAW Heavy Welding Gantry,Welding & Joining,0.72,none,0.0,0.0,0.0,Shift C (Night),31.4,0.0
2026-08-29 05:00:00,CNC High-Definition Plasma & Laser Table,Cutting & Profiling,0.83,none,0.0,0.0,0.0,Shift C (Night),31.1,0.0
2026-08-29 05:00:00,Hydraulic Plate Bending Roll (500T),Forming & Rolling,1.0,none,0.0,0.0,0.0,Shift C (Night),31.0,0.0
2026-08-29 05:00:00,Gas-Fired Post-Weld Heat Treatment Furnace,Annealing & Stress Relief,1.52,natural_gas,0.0,0.0,0.0,Shift C (Night),28.5,0.0
2026-08-29 05:00:00,Automated Wheelabrator Blast Room,Surface Preparation,1.29,none,0.0,0.0,0.0,Shift C (Night),29.7,0.0
2026-08-29 05:00:00,Industrial Rotary Screw Air Compressor,Compressed Air Utility,25.23,none,0.0,0.0,0.0,Shift C (Night),32.0,5.95
2026-08-29 05:00:00,Dust Collector & Fume Extraction Blower,Ventilation & Environmental,33.48,none,0.0,0.0,1.0,Shift C (Night),30.2,0.49
2026-08-29 06:00:00,Robotic GMAW Heavy Welding Gantry,Welding & Joining,38.5,none,0.0,283.7,1.0,Shift A (Morning),121.6,1.0
2026-08-29 06:00:00,CNC High-Definition Plasma & Laser Table,Cutting & Profiling,1.29,none,0.0,0.0,0.0,Shift A (Morning),31.5,0.0
2026-08-29 06:00:00,Hydraulic Plate Bending Roll (500T),Forming & Rolling,1.27,none,0.0,0.0,0.0,Shift A (Morning),30.3,0.0
2026-08-29 06:00:00,Gas-Fired Post-Weld Heat Treatment Furnace,Annealing & Stress Relief,27.83,natural_gas,47.7,646.0,1.0,Shift A (Morning),626.4,1.12
2026-08-29 06:00:00,Automated Wheelabrator Blast Room,Surface Preparation,1.46,none,0.0,0.0,0.0,Shift A (Morning),29.7,0.0
2026-08-29 06:00:00,Industrial Rotary Screw Air Compressor,Compressed Air Utility,23.7,none,0.0,0.0,0.0,Shift A (Morning),32.0,5.95
2026-08-29 06:00:00,Dust Collector & Fume Extraction Blower,Ventilation & Environmental,32.75,none,0.0,0.0,1.0,Shift A (Morning),29.8,0.5
2026-08-29 07:00:00,Robotic GMAW Heavy Welding Gantry,Welding & Joining,37.16,none,0.0,273.8,1.0,Shift A (Morning),120.9,0.98
2026-08-29 07:00:00,CNC High-Definition Plasma & Laser Table,Cutting & Profiling,1.29,none,0.0,0.0,0.0,Shift A (Morning),30.5,0.0
2026-08-29 07:00:00,Hydraulic Plate Bending Roll (500T),Forming & Rolling,1.33,none,0.0,0.0,0.0,Shift A (Morning),29.2,0.0
2026-08-29 07:00:00,Gas-Fired Post-Weld Heat Treatment Furnace,Annealing & Stress Relief,27.86,natural_gas,47.76,646.7,1.0,Shift A (Morning),630.1,1.1
2026-08-29 07:00:00,Automated Wheelabrator Blast Room,Surface Preparation,0.81,none,0.0,0.0,0.0,Shift A (Morning),28.5,0.0
2026-08-29 07:00:00,Industrial Rotary Screw Air Compressor,Compressed Air Utility,25.61,none,0.0,0.0,0.0,Shift A (Morning),32.0,5.95
2026-08-29 07:00:00,Dust Collector & Fume Extraction Blower,Ventilation & Environmental,34.93,none,0.0,0.0,1.0,Shift A (Morning),30.0,0.49
2026-08-29 08:00:00,Robotic GMAW Heavy Welding Gantry,Welding & Joining,36.63,none,0.0,269.9,1.0,Shift A (Morning),118.0,0.97
2026-08-29 08:00:00,CNC High-Definition Plasma & Laser Table,Cutting & Profiling,0.75,none,0.0,0.0,0.0,Shift A (Morning),29.7,0.0
2026-08-29 08:00:00,Hydraulic Plate Bending Roll (500T),Forming & Rolling,0.73,none,0.0,0.0,0.0,Shift A (Morning),30.6,0.0
2026-08-29 08:00:00,Gas-Fired Post-Weld Heat Treatment Furnace,Annealing & Stress Relief,28.15,natural_gas,48.26,653.6,1.0,Shift A (Morning),613.9,1.08
2026-08-29 08:00:00,Automated Wheelabrator Blast Room,Surface Preparation,0.71,none,0.0,0.0,0.0,Shift A (Morning),30.0,0.0
2026-08-29 08:00:00,Industrial Rotary Screw Air Compressor,Compressed Air Utility,22.46,none,0.0,0.0,0.0,Shift A (Morning),32.0,5.95
2026-08-29 08:00:00,Dust Collector & Fume Extraction Blower,Ventilation & Environmental,34.44,none,0.0,0.0,1.0,Shift A (Morning),29.6,0.49
2026-08-29 09:00:00,Robotic GMAW Heavy Welding Gantry,Welding & Joining,37.67,none,0.0,277.6,1.0,Shift A (Morning),118.0,1.02
2026-08-29 09:00:00,CNC High-Definition Plasma & Laser Table,Cutting & Profiling,1.02,none,0.0,0.0,0.0,Shift A (Morning),30.3,0.0
2026-08-29 09:00:00,Hydraulic Plate Bending Roll (500T),Forming & Rolling,1.24,none,0.0,0.0,0.0,Shift A (Morning),30.7,0.0
2026-08-29 09:00:00,Gas-Fired Post-Weld Heat Treatment Furnace,Annealing & Stress Relief,28.28,natural_gas,48.48,656.4,1.0,Shift A (Morning),614.2,1.13
2026-08-29 09:00:00,Automated Wheelabrator Blast Room,Surface Preparation,1.82,none,0.0,0.0,0.0,Shift A (Morning),28.7,0.0
2026-08-29 09:00:00,Industrial Rotary Screw Air Compressor,Compressed Air Utility,22.74,none,0.0,0.0,0.0,Shift A (Morning),32.0,5.95
2026-08-29 09:00:00,Dust Collector & Fume Extraction Blower,Ventilation & Environmental,34.67,none,0.0,0.0,1.0,Shift A (Morning),30.1,0.51
2026-08-29 10:00:00,Robotic GMAW Heavy Welding Gantry,Welding & Joining,36.8,none,0.0,271.2,1.0,Shift A (Morning),120.2,0.97
2026-08-29 10:00:00,CNC High-Definition Plasma & Laser Table,Cutting & Profiling,0.76,none,0.0,0.0,0.0,Shift A (Morning),28.7,0.0
2026-08-29 10:00:00,Hydraulic Plate Bending Roll (500T),Forming & Rolling,1.27,none,0.0,0.0,0.0,Shift A (Morning),30.8,0.0
2026-08-29 10:00:00,Gas-Fired Post-Weld Heat Treatment Furnace,Annealing & Stress Relief,28.83,natural_gas,49.42,669.2,1.0,Shift A (Morning),631.6,1.11
2026-08-29 10:00:00,Automated Wheelabrator Blast Room,Surface Preparation,1.28,none,0.0,0.0,0.0,Shift A (Morning),30.5,0.0
2026-08-29 10:00:00,Industrial Rotary Screw Air Compressor,Compressed Air Utility,25.9,none,0.0,0.0,0.0,Shift A (Morning),32.0,5.95
2026-08-29 10:00:00,Dust Collector & Fume Extraction Blower,Ventilation & Environmental,33.62,none,0.0,0.0,1.0,Shift A (Morning),30.2,0.51
2026-08-29 11:00:00,Robotic GMAW Heavy Welding Gantry,Welding & Joining,37.68,none,0.0,277.6,1.0,Shift A (Morning),119.1,0.98
2026-08-29 11:00:00,CNC High-Definition Plasma & Laser Table,Cutting & Profiling,0.62,none,0.0,0.0,0.0,Shift A (Morning),28.4,0.0
2026-08-29 11:00:00,Hydraulic Plate Bending Roll (500T),Forming & Rolling,0.62,none,0.0,0.0,0.0,Shift A (Morning),31.9,0.0
2026-08-29 11:00:00,Gas-Fired Post-Weld Heat Treatment Furnace,Annealing & Stress Relief,28.8,natural_gas,49.38,668.7,1.0,Shift A (Morning),612.8,1.11
2026-08-29 11:00:00,Automated Wheelabrator Blast Room,Surface Preparation,1.51,none,0.0,0.0,0.0,Shift A (Morning),29.7,0.0
2026-08-29 11:00:00,Industrial Rotary Screw Air Compressor,Compressed Air Utility,24.5,none,0.0,0.0,0.0,Shift A (Morning),32.0,5.95
2026-08-29 11:00:00,Dust Collector & Fume Extraction Blower,Ventilation & Environmental,34.79,none,0.0,0.0,1.0,Shift A (Morning),29.6,0.49
2026-08-29 12:00:00,Robotic GMAW Heavy Welding Gantry,Welding & Joining,37.89,none,0.0,279.2,1.0,Shift A (Morning),119.9,0.97
2026-08-29 12:00:00,CNC High-Definition Plasma & Laser Table,Cutting & Profiling,0.83,none,0.0,0.0,0.0,Shift A (Morning),28.6,0.0
2026-08-29 12:00:00,Hydraulic Plate Bending Roll (500T),Forming & Rolling,1.58,none,0.0,0.0,0.0,Shift A (Morning),31.9,0.0
2026-08-29 12:00:00,Gas-Fired Post-Weld Heat Treatment Furnace,Annealing & Stress Relief,27.94,natural_gas,47.89,648.5,1.0,Shift A (Morning),628.9,1.11
2026-08-29 12:00:00,Automated Wheelabrator Blast Room,Surface Preparation,0.88,none,0.0,0.0,0.0,Shift A (Morning),30.3,0.0
2026-08-29 12:00:00,Industrial Rotary Screw Air Compressor,Compressed Air Utility,25.34,none,0.0,0.0,0.0,Shift A (Morning),32.0,5.95
2026-08-29 12:00:00,Dust Collector & Fume Extraction Blower,Ventilation & Environmental,32.78,none,0.0,0.0,1.0,Shift A (Morning),29.4,0.5
2026-08-29 13:00:00,Robotic GMAW Heavy Welding Gantry,Welding & Joining,38.65,none,0.0,284.8,1.0,Shift A (Morning),122.3,1.02
2026-08-29 13:00:00,CNC High-Definition Plasma & Laser Table,Cutting & Profiling,1.63,none,0.0,0.0,0.0,Shift A (Morning),30.4,0.0
2026-08-29 13:00:00,Hydraulic Plate Bending Roll (500T),Forming & Rolling,1.38,none,0.0,0.0,0.0,Shift A (Morning),29.2,0.0
2026-08-29 13:00:00,Gas-Fired Post-Weld Heat Treatment Furnace,Annealing & Stress Relief,27.97,natural_gas,47.95,649.3,1.0,Shift A (Morning),619.7,1.11
2026-08-29 13:00:00,Automated Wheelabrator Blast Room,Surface Preparation,1.46,none,0.0,0.0,0.0,Shift A (Morning),30.7,0.0
2026-08-29 13:00:00,Industrial Rotary Screw Air Compressor,Compressed Air Utility,25.27,none,0.0,0.0,0.0,Shift A (Morning),32.0,5.95
2026-08-29 13:00:00,Dust Collector & Fume Extraction Blower,Ventilation & Environmental,33.97,none,0.0,0.0,1.0,Shift A (Morning),30.3,0.5
2026-08-29 14:00:00,Robotic GMAW Heavy Welding Gantry,Welding & Joining,37.76,none,0.0,278.3,1.0,Shift B (Evening),119.1,0.97
2026-08-29 14:00:00,CNC High-Definition Plasma & Laser Table,Cutting & Profiling,1.85,none,0.0,0.0,0.0,Shift B (Evening),29.7,0.0
2026-08-29 14:00:00,Hydraulic Plate Bending Roll (500T),Forming & Rolling,1.26,none,0.0,0.0,0.0,Shift B (Evening),30.0,0.0
2026-08-29 14:00:00,Gas-Fired Post-Weld Heat Treatment Furnace,Annealing & Stress Relief,28.98,natural_gas,49.69,672.8,1.0,Shift B (Evening),616.2,1.11
2026-08-29 14:00:00,Automated Wheelabrator Blast Room,Surface Preparation,0.63,none,0.0,0.0,0.0,Shift B (Evening),29.2,0.0
2026-08-29 14:00:00,Industrial Rotary Screw Air Compressor,Compressed Air Utility,22.77,none,0.0,0.0,0.0,Shift B (Evening),32.0,5.95
2026-08-29 14:00:00,Dust Collector & Fume Extraction Blower,Ventilation & Environmental,33.58,none,0.0,0.0,1.0,Shift B (Evening),29.7,0.49
2026-08-29 15:00:00,Robotic GMAW Heavy Welding Gantry,Welding & Joining,39.24,none,0.0,289.2,1.0,Shift B (Evening),119.2,1.01
2026-08-29 15:00:00,CNC High-Definition Plasma & Laser Table,Cutting & Profiling,1.78,none,0.0,0.0,0.0,Shift B (Evening),30.6,0.0
2026-08-29 15:00:00,Hydraulic Plate Bending Roll (500T),Forming & Rolling,0.78,none,0.0,0.0,0.0,Shift B (Evening),29.2,0.0
2026-08-29 15:00:00,Gas-Fired Post-Weld Heat Treatment Furnace,Annealing & Stress Relief,28.47,natural_gas,48.81,661.0,1.0,Shift B (Evening),631.4,1.12
2026-08-29 15:00:00,Automated Wheelabrator Blast Room,Surface Preparation,1.54,none,0.0,0.0,0.0,Shift B (Evening),30.9,0.0
2026-08-29 15:00:00,Industrial Rotary Screw Air Compressor,Compressed Air Utility,25.18,none,0.0,0.0,0.0,Shift B (Evening),32.0,5.95
2026-08-29 15:00:00,Dust Collector & Fume Extraction Blower,Ventilation & Environmental,34.82,none,0.0,0.0,1.0,Shift B (Evening),30.4,0.5
2026-08-29 16:00:00,Robotic GMAW Heavy Welding Gantry,Welding & Joining,37.34,none,0.0,275.1,1.0,Shift B (Evening),121.2,1.01
2026-08-29 16:00:00,CNC High-Definition Plasma & Laser Table,Cutting & Profiling,0.78,none,0.0,0.0,0.0,Shift B (Evening),28.8,0.0
2026-08-29 16:00:00,Hydraulic Plate Bending Roll (500T),Forming & Rolling,1.45,none,0.0,0.0,0.0,Shift B (Evening),28.4,0.0
2026-08-29 16:00:00,Gas-Fired Post-Weld Heat Treatment Furnace,Annealing & Stress Relief,27.81,natural_gas,47.68,645.6,1.0,Shift B (Evening),632.2,1.09
2026-08-29 16:00:00,Automated Wheelabrator Blast Room,Surface Preparation,0.89,none,0.0,0.0,0.0,Shift B (Evening),28.2,0.0
2026-08-29 16:00:00,Industrial Rotary Screw Air Compressor,Compressed Air Utility,22.07,none,0.0,0.0,0.0,Shift B (Evening),32.0,5.95
2026-08-29 16:00:00,Dust Collector & Fume Extraction Blower,Ventilation & Environmental,35.04,none,0.0,0.0,1.0,Shift B (Evening),29.8,0.49
2026-08-29 17:00:00,Robotic GMAW Heavy Welding Gantry,Welding & Joining,39.0,none,0.0,287.3,1.0,Shift B (Evening),121.9,0.97
2026-08-29 17:00:00,CNC High-Definition Plasma & Laser Table,Cutting & Profiling,0.69,none,0.0,0.0,0.0,Shift B (Evening),29.7,0.0
2026-08-29 17:00:00,Hydraulic Plate Bending Roll (500T),Forming & Rolling,1.46,none,0.0,0.0,0.0,Shift B (Evening),28.5,0.0
2026-08-29 17:00:00,Gas-Fired Post-Weld Heat Treatment Furnace,Annealing & Stress Relief,27.38,natural_gas,46.94,635.7,1.0,Shift B (Evening),614.0,1.09
2026-08-29 17:00:00,Automated Wheelabrator Blast Room,Surface Preparation,1.1,none,0.0,0.0,0.0,Shift B (Evening),28.2,0.0
2026-08-29 17:00:00,Industrial Rotary Screw Air Compressor,Compressed Air Utility,25.51,none,0.0,0.0,0.0,Shift B (Evening),32.0,5.95
2026-08-29 17:00:00,Dust Collector & Fume Extraction Blower,Ventilation & Environmental,33.37,none,0.0,0.0,1.0,Shift B (Evening),29.6,0.51
2026-08-29 18:00:00,Robotic GMAW Heavy Welding Gantry,Welding & Joining,1.32,none,0.0,0.0,0.0,Shift B (Evening),30.7,0.0
2026-08-29 18:00:00,CNC High-Definition Plasma & Laser Table,Cutting & Profiling,1.59,none,0.0,0.0,0.0,Shift B (Evening),31.7,0.0
2026-08-29 18:00:00,Hydraulic Plate Bending Roll (500T),Forming & Rolling,1.21,none,0.0,0.0,0.0,Shift B (Evening),29.8,0.0
2026-08-29 18:00:00,Gas-Fired Post-Weld Heat Treatment Furnace,Annealing & Stress Relief,1.78,natural_gas,0.0,0.0,0.0,Shift B (Evening),28.4,0.0
2026-08-29 18:00:00,Automated Wheelabrator Blast Room,Surface Preparation,0.75,none,0.0,0.0,0.0,Shift B (Evening),30.4,0.0
2026-08-29 18:00:00,Industrial Rotary Screw Air Compressor,Compressed Air Utility,25.13,none,0.0,0.0,0.0,Shift B (Evening),32.0,5.95
2026-08-29 18:00:00,Dust Collector & Fume Extraction Blower,Ventilation & Environmental,35.22,none,0.0,0.0,1.0,Shift B (Evening),30.4,0.49
2026-08-29 19:00:00,Robotic GMAW Heavy Welding Gantry,Welding & Joining,0.75,none,0.0,0.0,0.0,Shift B (Evening),30.5,0.0
2026-08-29 19:00:00,CNC High-Definition Plasma & Laser Table,Cutting & Profiling,1.82,none,0.0,0.0,0.0,Shift B (Evening),31.6,0.0
2026-08-29 19:00:00,Hydraulic Plate Bending Roll (500T),Forming & Rolling,0.82,none,0.0,0.0,0.0,Shift B (Evening),29.2,0.0
2026-08-29 19:00:00,Gas-Fired Post-Weld Heat Treatment Furnace,Annealing & Stress Relief,1.22,natural_gas,0.0,0.0,0.0,Shift B (Evening),30.0,0.0
2026-08-29 19:00:00,Automated Wheelabrator Blast Room,Surface Preparation,1.63,none,0.0,0.0,0.0,Shift B (Evening),28.4,0.0
2026-08-29 19:00:00,Industrial Rotary Screw Air Compressor,Compressed Air Utility,24.59,none,0.0,0.0,0.0,Shift B (Evening),32.0,5.95
2026-08-29 19:00:00,Dust Collector & Fume Extraction Blower,Ventilation & Environmental,33.55,none,0.0,0.0,1.0,Shift B (Evening),29.6,0.51
2026-08-29 20:00:00,Robotic GMAW Heavy Welding Gantry,Welding & Joining,1.21,none,0.0,0.0,0.0,Shift B (Evening),29.7,0.0
2026-08-29 20:00:00,CNC High-Definition Plasma & Laser Table,Cutting & Profiling,1.68,none,0.0,0.0,0.0,Shift B (Evening),29.0,0.0
2026-08-29 20:00:00,Hydraulic Plate Bending Roll (500T),Forming & Rolling,1.73,none,0.0,0.0,0.0,Shift B (Evening),29.4,0.0
2026-08-29 20:00:00,Gas-Fired Post-Weld Heat Treatment Furnace,Annealing & Stress Relief,1.31,natural_gas,0.0,0.0,0.0,Shift B (Evening),28.3,0.0
2026-08-29 20:00:00,Automated Wheelabrator Blast Room,Surface Preparation,1.12,none,0.0,0.0,0.0,Shift B (Evening),31.0,0.0
2026-08-29 20:00:00,Industrial Rotary Screw Air Compressor,Compressed Air Utility,23.44,none,0.0,0.0,0.0,Shift B (Evening),32.0,5.95
2026-08-29 20:00:00,Dust Collector & Fume Extraction Blower,Ventilation & Environmental,34.45,none,0.0,0.0,1.0,Shift B (Evening),29.6,0.51
2026-08-29 21:00:00,Robotic GMAW Heavy Welding Gantry,Welding & Joining,1.19,none,0.0,0.0,0.0,Shift B (Evening),28.9,0.0
2026-08-29 21:00:00,CNC High-Definition Plasma & Laser Table,Cutting & Profiling,1.72,none,0.0,0.0,0.0,Shift B (Evening),29.7,0.0
2026-08-29 21:00:00,Hydraulic Plate Bending Roll (500T),Forming & Rolling,1.17,none,0.0,0.0,0.0,Shift B (Evening),29.8,0.0
2026-08-29 21:00:00,Gas-Fired Post-Weld Heat Treatment Furnace,Annealing & Stress Relief,1.79,natural_gas,0.0,0.0,0.0,Shift B (Evening),31.2,0.0
2026-08-29 21:00:00,Automated Wheelabrator Blast Room,Surface Preparation,1.11,none,0.0,0.0,0.0,Shift B (Evening),28.1,0.0
2026-08-29 21:00:00,Industrial Rotary Screw Air Compressor,Compressed Air Utility,22.58,none,0.0,0.0,0.0,Shift B (Evening),32.0,5.95
2026-08-29 21:00:00,Dust Collector & Fume Extraction Blower,Ventilation & Environmental,32.67,none,0.0,0.0,1.0,Shift B (Evening),30.4,0.51
2026-08-29 22:00:00,Robotic GMAW Heavy Welding Gantry,Welding & Joining,0.72,none,0.0,0.0,0.0,Shift C (Night),29.3,0.0
2026-08-29 22:00:00,CNC High-Definition Plasma & Laser Table,Cutting & Profiling,1.97,none,0.0,0.0,0.0,Shift C (Night),28.7,0.0
2026-08-29 22:00:00,Hydraulic Plate Bending Roll (500T),Forming & Rolling,0.69,none,0.0,0.0,0.0,Shift C (Night),31.0,0.0
2026-08-29 22:00:00,Gas-Fired Post-Weld Heat Treatment Furnace,Annealing & Stress Relief,1.52,natural_gas,0.0,0.0,0.0,Shift C (Night),30.6,0.0
2026-08-29 22:00:00,Automated Wheelabrator Blast Room,Surface Preparation,1.86,none,0.0,0.0,0.0,Shift C (Night),28.2,0.0
2026-08-29 22:00:00,Industrial Rotary Screw Air Compressor,Compressed Air Utility,24.53,none,0.0,0.0,0.0,Shift C (Night),32.0,5.95
2026-08-29 22:00:00,Dust Collector & Fume Extraction Blower,Ventilation & Environmental,34.58,none,0.0,0.0,1.0,Shift C (Night),30.2,0.5
2026-08-29 23:00:00,Robotic GMAW Heavy Welding Gantry,Welding & Joining,1.01,none,0.0,0.0,0.0,Shift C (Night),29.6,0.0
2026-08-29 23:00:00,CNC High-Definition Plasma & Laser Table,Cutting & Profiling,1.55,none,0.0,0.0,0.0,Shift C (Night),30.2,0.0
2026-08-29 23:00:00,Hydraulic Plate Bending Roll (500T),Forming & Rolling,1.03,none,0.0,0.0,0.0,Shift C (Night),31.0,0.0
2026-08-29 23:00:00,Gas-Fired Post-Weld Heat Treatment Furnace,Annealing & Stress Relief,1.87,natural_gas,0.0,0.0,0.0,Shift C (Night),28.0,0.0
2026-08-29 23:00:00,Automated Wheelabrator Blast Room,Surface Preparation,0.99,none,0.0,0.0,0.0,Shift C (Night),30.1,0.0
2026-08-29 23:00:00,Industrial Rotary Screw Air Compressor,Compressed Air Utility,25.68,none,0.0,0.0,0.0,Shift C (Night),32.0,5.95
2026-08-29 23:00:00,Dust Collector & Fume Extraction Blower,Ventilation & Environmental,34.54,none,0.0,0.0,1.0,Shift C (Night),29.9,0.49
2026-08-30 00:00:00,Robotic GMAW Heavy Welding Gantry,Welding & Joining,1.36,none,0.0,0.0,0.0,Shift C (Night),31.2,0.0
2026-08-30 00:00:00,CNC High-Definition Plasma & Laser Table,Cutting & Profiling,1.51,none,0.0,0.0,0.0,Shift C (Night),30.8,0.0
2026-08-30 00:00:00,Hydraulic Plate Bending Roll (500T),Forming & Rolling,1.84,none,0.0,0.0,0.0,Shift C (Night),31.1,0.0
2026-08-30 00:00:00,Gas-Fired Post-Weld Heat Treatment Furnace,Annealing & Stress Relief,1.17,natural_gas,0.0,0.0,0.0,Shift C (Night),28.8,0.0
2026-08-30 00:00:00,Automated Wheelabrator Blast Room,Surface Preparation,1.02,none,0.0,0.0,0.0,Shift C (Night),28.1,0.0
2026-08-30 00:00:00,Industrial Rotary Screw Air Compressor,Compressed Air Utility,23.34,none,0.0,0.0,0.0,Shift C (Night),32.0,5.95
2026-08-30 00:00:00,Dust Collector & Fume Extraction Blower,Ventilation & Environmental,34.61,none,0.0,0.0,1.0,Shift C (Night),30.3,0.49
2026-08-30 01:00:00,Robotic GMAW Heavy Welding Gantry,Welding & Joining,1.99,none,0.0,0.0,0.0,Shift C (Night),29.1,0.0
2026-08-30 01:00:00,CNC High-Definition Plasma & Laser Table,Cutting & Profiling,0.73,none,0.0,0.0,0.0,Shift C (Night),30.2,0.0
2026-08-30 01:00:00,Hydraulic Plate Bending Roll (500T),Forming & Rolling,1.33,none,0.0,0.0,0.0,Shift C (Night),31.0,0.0
2026-08-30 01:00:00,Gas-Fired Post-Weld Heat Treatment Furnace,Annealing & Stress Relief,0.82,natural_gas,0.0,0.0,0.0,Shift C (Night),28.1,0.0
2026-08-30 01:00:00,Automated Wheelabrator Blast Room,Surface Preparation,1.72,none,0.0,0.0,0.0,Shift C (Night),30.4,0.0
2026-08-30 01:00:00,Industrial Rotary Screw Air Compressor,Compressed Air Utility,22.97,none,0.0,0.0,0.0,Shift C (Night),32.0,5.95
2026-08-30 01:00:00,Dust Collector & Fume Extraction Blower,Ventilation & Environmental,34.75,none,0.0,0.0,1.0,Shift C (Night),30.3,0.51
2026-08-30 02:00:00,Robotic GMAW Heavy Welding Gantry,Welding & Joining,0.75,none,0.0,0.0,0.0,Shift C (Night),28.2,0.0
2026-08-30 02:00:00,CNC High-Definition Plasma & Laser Table,Cutting & Profiling,1.12,none,0.0,0.0,0.0,Shift C (Night),30.5,0.0
2026-08-30 02:00:00,Hydraulic Plate Bending Roll (500T),Forming & Rolling,1.1,none,0.0,0.0,0.0,Shift C (Night),28.2,0.0
2026-08-30 02:00:00,Gas-Fired Post-Weld Heat Treatment Furnace,Annealing & Stress Relief,1.51,natural_gas,0.0,0.0,0.0,Shift C (Night),28.5,0.0
2026-08-30 02:00:00,Automated Wheelabrator Blast Room,Surface Preparation,1.02,none,0.0,0.0,0.0,Shift C (Night),30.9,0.0
2026-08-30 02:00:00,Industrial Rotary Screw Air Compressor,Compressed Air Utility,23.81,none,0.0,0.0,0.0,Shift C (Night),32.0,5.95
2026-08-30 02:00:00,Dust Collector & Fume Extraction Blower,Ventilation & Environmental,35.31,none,0.0,0.0,1.0,Shift C (Night),30.4,0.51
2026-08-30 03:00:00,Robotic GMAW Heavy Welding Gantry,Welding & Joining,1.39,none,0.0,0.0,0.0,Shift C (Night),31.6,0.0
2026-08-30 03:00:00,CNC High-Definition Plasma & Laser Table,Cutting & Profiling,1.48,none,0.0,0.0,0.0,Shift C (Night),30.1,0.0
2026-08-30 03:00:00,Hydraulic Plate Bending Roll (500T),Forming & Rolling,1.43,none,0.0,0.0,0.0,Shift C (Night),29.4,0.0
2026-08-30 03:00:00,Gas-Fired Post-Weld Heat Treatment Furnace,Annealing & Stress Relief,1.0,natural_gas,0.0,0.0,0.0,Shift C (Night),31.1,0.0
2026-08-30 03:00:00,Automated Wheelabrator Blast Room,Surface Preparation,1.6,none,0.0,0.0,0.0,Shift C (Night),30.7,0.0
2026-08-30 03:00:00,Industrial Rotary Screw Air Compressor,Compressed Air Utility,24.86,none,0.0,0.0,0.0,Shift C (Night),32.0,5.95
2026-08-30 03:00:00,Dust Collector & Fume Extraction Blower,Ventilation & Environmental,34.05,none,0.0,0.0,1.0,Shift C (Night),29.7,0.49
2026-08-30 04:00:00,Robotic GMAW Heavy Welding Gantry,Welding & Joining,1.42,none,0.0,0.0,0.0,Shift C (Night),31.3,0.0
2026-08-30 04:00:00,CNC High-Definition Plasma & Laser Table,Cutting & Profiling,1.11,none,0.0,0.0,0.0,Shift C (Night),28.4,0.0
2026-08-30 04:00:00,Hydraulic Plate Bending Roll (500T),Forming & Rolling,1.6,none,0.0,0.0,0.0,Shift C (Night),31.3,0.0
2026-08-30 04:00:00,Gas-Fired Post-Weld Heat Treatment Furnace,Annealing & Stress Relief,0.71,natural_gas,0.0,0.0,0.0,Shift C (Night),28.2,0.0
2026-08-30 04:00:00,Automated Wheelabrator Blast Room,Surface Preparation,1.84,none,0.0,0.0,0.0,Shift C (Night),29.9,0.0
2026-08-30 04:00:00,Industrial Rotary Screw Air Compressor,Compressed Air Utility,23.78,none,0.0,0.0,0.0,Shift C (Night),32.0,5.95
2026-08-30 04:00:00,Dust Collector & Fume Extraction Blower,Ventilation & Environmental,33.64,none,0.0,0.0,1.0,Shift C (Night),30.0,0.5
2026-08-30 05:00:00,Robotic GMAW Heavy Welding Gantry,Welding & Joining,1.33,none,0.0,0.0,0.0,Shift C (Night),29.6,0.0
2026-08-30 05:00:00,CNC High-Definition Plasma & Laser Table,Cutting & Profiling,0.97,none,0.0,0.0,0.0,Shift C (Night),30.0,0.0
2026-08-30 05:00:00,Hydraulic Plate Bending Roll (500T),Forming & Rolling,1.19,none,0.0,0.0,0.0,Shift C (Night),29.8,0.0
2026-08-30 05:00:00,Gas-Fired Post-Weld Heat Treatment Furnace,Annealing & Stress Relief,1.9,natural_gas,0.0,0.0,0.0,Shift C (Night),30.0,0.0
2026-08-30 05:00:00,Automated Wheelabrator Blast Room,Surface Preparation,1.96,none,0.0,0.0,0.0,Shift C (Night),31.3,0.0
2026-08-30 05:00:00,Industrial Rotary Screw Air Compressor,Compressed Air Utility,22.58,none,0.0,0.0,0.0,Shift C (Night),32.0,5.95
2026-08-30 05:00:00,Dust Collector & Fume Extraction Blower,Ventilation & Environmental,32.99,none,0.0,0.0,1.0,Shift C (Night),30.3,0.49
2026-08-30 06:00:00,Robotic GMAW Heavy Welding Gantry,Welding & Joining,1.59,none,0.0,0.0,0.0,Shift A (Morning),31.5,0.0
2026-08-30 06:00:00,CNC High-Definition Plasma & Laser Table,Cutting & Profiling,0.77,none,0.0,0.0,0.0,Shift A (Morning),28.9,0.0
2026-08-30 06:00:00,Hydraulic Plate Bending Roll (500T),Forming & Rolling,1.26,none,0.0,0.0,0.0,Shift A (Morning),31.0,0.0
2026-08-30 06:00:00,Gas-Fired Post-Weld Heat Treatment Furnace,Annealing & Stress Relief,1.92,natural_gas,0.0,0.0,0.0,Shift A (Morning),29.5,0.0
2026-08-30 06:00:00,Automated Wheelabrator Blast Room,Surface Preparation,1.93,none,0.0,0.0,0.0,Shift A (Morning),30.4,0.0
2026-08-30 06:00:00,Industrial Rotary Screw Air Compressor,Compressed Air Utility,23.63,none,0.0,0.0,0.0,Shift A (Morning),32.0,5.95
2026-08-30 06:00:00,Dust Collector & Fume Extraction Blower,Ventilation & Environmental,32.97,none,0.0,0.0,1.0,Shift A (Morning),30.1,0.49
2026-08-30 07:00:00,Robotic GMAW Heavy Welding Gantry,Welding & Joining,0.81,none,0.0,0.0,0.0,Shift A (Morning),29.5,0.0
2026-08-30 07:00:00,CNC High-Definition Plasma & Laser Table,Cutting & Profiling,1.99,none,0.0,0.0,0.0,Shift A (Morning),29.2,0.0
2026-08-30 07:00:00,Hydraulic Plate Bending Roll (500T),Forming & Rolling,1.28,none,0.0,0.0,0.0,Shift A (Morning),31.2,0.0
2026-08-30 07:00:00,Gas-Fired Post-Weld Heat Treatment Furnace,Annealing & Stress Relief,0.8,natural_gas,0.0,0.0,0.0,Shift A (Morning),30.4,0.0
2026-08-30 07:00:00,Automated Wheelabrator Blast Room,Surface Preparation,0.67,none,0.0,0.0,0.0,Shift A (Morning),31.6,0.0
2026-08-30 07:00:00,Industrial Rotary Screw Air Compressor,Compressed Air Utility,25.56,none,0.0,0.0,0.0,Shift A (Morning),32.0,5.95
2026-08-30 07:00:00,Dust Collector & Fume Extraction Blower,Ventilation & Environmental,33.23,none,0.0,0.0,1.0,Shift A (Morning),30.4,0.5
2026-08-30 08:00:00,Robotic GMAW Heavy Welding Gantry,Welding & Joining,0.77,none,0.0,0.0,0.0,Shift A (Morning),29.4,0.0
2026-08-30 08:00:00,CNC High-Definition Plasma & Laser Table,Cutting & Profiling,1.82,none,0.0,0.0,0.0,Shift A (Morning),29.7,0.0
2026-08-30 08:00:00,Hydraulic Plate Bending Roll (500T),Forming & Rolling,1.4,none,0.0,0.0,0.0,Shift A (Morning),30.3,0.0
2026-08-30 08:00:00,Gas-Fired Post-Weld Heat Treatment Furnace,Annealing & Stress Relief,1.86,natural_gas,0.0,0.0,0.0,Shift A (Morning),31.1,0.0
2026-08-30 08:00:00,Automated Wheelabrator Blast Room,Surface Preparation,1.27,none,0.0,0.0,0.0,Shift A (Morning),30.9,0.0
2026-08-30 08:00:00,Industrial Rotary Screw Air Compressor,Compressed Air Utility,24.42,none,0.0,0.0,0.0,Shift A (Morning),32.0,5.95
2026-08-30 08:00:00,Dust Collector & Fume Extraction Blower,Ventilation & Environmental,34.71,none,0.0,0.0,1.0,Shift A (Morning),30.0,0.5
2026-08-30 09:00:00,Robotic GMAW Heavy Welding Gantry,Welding & Joining,1.23,none,0.0,0.0,0.0,Shift A (Morning),29.8,0.0
2026-08-30 09:00:00,CNC High-Definition Plasma & Laser Table,Cutting & Profiling,1.81,none,0.0,0.0,0.0,Shift A (Morning),29.3,0.0
2026-08-30 09:00:00,Hydraulic Plate Bending Roll (500T),Forming & Rolling,1.72,none,0.0,0.0,0.0,Shift A (Morning),30.7,0.0
2026-08-30 09:00:00,Gas-Fired Post-Weld Heat Treatment Furnace,Annealing & Stress Relief,1.17,natural_gas,0.0,0.0,0.0,Shift A (Morning),28.9,0.0
2026-08-30 09:00:00,Automated Wheelabrator Blast Room,Surface Preparation,1.15,none,0.0,0.0,0.0,Shift A (Morning),30.2,0.0
2026-08-30 09:00:00,Industrial Rotary Screw Air Compressor,Compressed Air Utility,25.83,none,0.0,0.0,0.0,Shift A (Morning),32.0,5.95
2026-08-30 09:00:00,Dust Collector & Fume Extraction Blower,Ventilation & Environmental,35.06,none,0.0,0.0,1.0,Shift A (Morning),30.3,0.5
2026-08-30 10:00:00,Robotic GMAW Heavy Welding Gantry,Welding & Joining,1.81,none,0.0,0.0,0.0,Shift A (Morning),30.8,0.0
2026-08-30 10:00:00,CNC High-Definition Plasma & Laser Table,Cutting & Profiling,1.4,none,0.0,0.0,0.0,Shift A (Morning),31.2,0.0
2026-08-30 10:00:00,Hydraulic Plate Bending Roll (500T),Forming & Rolling,1.59,none,0.0,0.0,0.0,Shift A (Morning),30.2,0.0
2026-08-30 10:00:00,Gas-Fired Post-Weld Heat Treatment Furnace,Annealing & Stress Relief,0.77,natural_gas,0.0,0.0,0.0,Shift A (Morning),30.2,0.0
2026-08-30 10:00:00,Automated Wheelabrator Blast Room,Surface Preparation,0.87,none,0.0,0.0,0.0,Shift A (Morning),30.5,0.0
2026-08-30 10:00:00,Industrial Rotary Screw Air Compressor,Compressed Air Utility,24.31,none,0.0,0.0,0.0,Shift A (Morning),32.0,5.95
2026-08-30 10:00:00,Dust Collector & Fume Extraction Blower,Ventilation & Environmental,32.78,none,0.0,0.0,1.0,Shift A (Morning),30.1,0.49
2026-08-30 11:00:00,Robotic GMAW Heavy Welding Gantry,Welding & Joining,1.27,none,0.0,0.0,0.0,Shift A (Morning),31.6,0.0
2026-08-30 11:00:00,CNC High-Definition Plasma & Laser Table,Cutting & Profiling,0.77,none,0.0,0.0,0.0,Shift A (Morning),31.7,0.0
2026-08-30 11:00:00,Hydraulic Plate Bending Roll (500T),Forming & Rolling,0.85,none,0.0,0.0,0.0,Shift A (Morning),28.1,0.0
2026-08-30 11:00:00,Gas-Fired Post-Weld Heat Treatment Furnace,Annealing & Stress Relief,1.7,natural_gas,0.0,0.0,0.0,Shift A (Morning),29.0,0.0
2026-08-30 11:00:00,Automated Wheelabrator Blast Room,Surface Preparation,1.59,none,0.0,0.0,0.0,Shift A (Morning),31.6,0.0
2026-08-30 11:00:00,Industrial Rotary Screw Air Compressor,Compressed Air Utility,23.78,none,0.0,0.0,0.0,Shift A (Morning),32.0,5.95
2026-08-30 11:00:00,Dust Collector & Fume Extraction Blower,Ventilation & Environmental,34.83,none,0.0,0.0,1.0,Shift A (Morning),30.1,0.5
2026-08-30 12:00:00,Robotic GMAW Heavy Welding Gantry,Welding & Joining,0.66,none,0.0,0.0,0.0,Shift A (Morning),31.4,0.0
2026-08-30 12:00:00,CNC High-Definition Plasma & Laser Table,Cutting & Profiling,0.63,none,0.0,0.0,0.0,Shift A (Morning),29.7,0.0
2026-08-30 12:00:00,Hydraulic Plate Bending Roll (500T),Forming & Rolling,1.18,none,0.0,0.0,0.0,Shift A (Morning),31.4,0.0
2026-08-30 12:00:00,Gas-Fired Post-Weld Heat Treatment Furnace,Annealing & Stress Relief,1.04,natural_gas,0.0,0.0,0.0,Shift A (Morning),29.0,0.0
2026-08-30 12:00:00,Automated Wheelabrator Blast Room,Surface Preparation,0.76,none,0.0,0.0,0.0,Shift A (Morning),28.4,0.0
2026-08-30 12:00:00,Industrial Rotary Screw Air Compressor,Compressed Air Utility,22.67,none,0.0,0.0,0.0,Shift A (Morning),32.0,5.95
2026-08-30 12:00:00,Dust Collector & Fume Extraction Blower,Ventilation & Environmental,33.03,none,0.0,0.0,1.0,Shift A (Morning),29.7,0.49
2026-08-30 13:00:00,Robotic GMAW Heavy Welding Gantry,Welding & Joining,1.03,none,0.0,0.0,0.0,Shift A (Morning),29.6,0.0
2026-08-30 13:00:00,CNC High-Definition Plasma & Laser Table,Cutting & Profiling,0.84,none,0.0,0.0,0.0,Shift A (Morning),30.5,0.0
2026-08-30 13:00:00,Hydraulic Plate Bending Roll (500T),Forming & Rolling,1.06,none,0.0,0.0,0.0,Shift A (Morning),28.1,0.0
2026-08-30 13:00:00,Gas-Fired Post-Weld Heat Treatment Furnace,Annealing & Stress Relief,0.68,natural_gas,0.0,0.0,0.0,Shift A (Morning),29.6,0.0
2026-08-30 13:00:00,Automated Wheelabrator Blast Room,Surface Preparation,1.05,none,0.0,0.0,0.0,Shift A (Morning),29.7,0.0
2026-08-30 13:00:00,Industrial Rotary Screw Air Compressor,Compressed Air Utility,23.3,none,0.0,0.0,0.0,Shift A (Morning),32.0,5.95
2026-08-30 13:00:00,Dust Collector & Fume Extraction Blower,Ventilation & Environmental,33.66,none,0.0,0.0,1.0,Shift A (Morning),30.4,0.49
2026-08-30 14:00:00,Robotic GMAW Heavy Welding Gantry,Welding & Joining,0.88,none,0.0,0.0,0.0,Shift B (Evening),31.0,0.0
2026-08-30 14:00:00,CNC High-Definition Plasma & Laser Table,Cutting & Profiling,1.42,none,0.0,0.0,0.0,Shift B (Evening),30.0,0.0
2026-08-30 14:00:00,Hydraulic Plate Bending Roll (500T),Forming & Rolling,1.65,none,0.0,0.0,0.0,Shift B (Evening),29.5,0.0
2026-08-30 14:00:00,Gas-Fired Post-Weld Heat Treatment Furnace,Annealing & Stress Relief,0.76,natural_gas,0.0,0.0,0.0,Shift B (Evening),28.2,0.0
2026-08-30 14:00:00,Automated Wheelabrator Blast Room,Surface Preparation,1.25,none,0.0,0.0,0.0,Shift B (Evening),29.6,0.0
2026-08-30 14:00:00,Industrial Rotary Screw Air Compressor,Compressed Air Utility,23.94,none,0.0,0.0,0.0,Shift B (Evening),32.0,5.95
2026-08-30 14:00:00,Dust Collector & Fume Extraction Blower,Ventilation & Environmental,33.75,none,0.0,0.0,1.0,Shift B (Evening),29.7,0.51
2026-08-30 15:00:00,Robotic GMAW Heavy Welding Gantry,Welding & Joining,0.98,none,0.0,0.0,0.0,Shift B (Evening),31.9,0.0
2026-08-30 15:00:00,CNC High-Definition Plasma & Laser Table,Cutting & Profiling,1.55,none,0.0,0.0,0.0,Shift B (Evening),29.0,0.0
2026-08-30 15:00:00,Hydraulic Plate Bending Roll (500T),Forming & Rolling,1.38,none,0.0,0.0,0.0,Shift B (Evening),31.1,0.0
2026-08-30 15:00:00,Gas-Fired Post-Weld Heat Treatment Furnace,Annealing & Stress Relief,1.03,natural_gas,0.0,0.0,0.0,Shift B (Evening),29.6,0.0
2026-08-30 15:00:00,Automated Wheelabrator Blast Room,Surface Preparation,0.72,none,0.0,0.0,0.0,Shift B (Evening),30.5,0.0
2026-08-30 15:00:00,Industrial Rotary Screw Air Compressor,Compressed Air Utility,22.81,none,0.0,0.0,0.0,Shift B (Evening),32.0,5.95
2026-08-30 15:00:00,Dust Collector & Fume Extraction Blower,Ventilation & Environmental,35.27,none,0.0,0.0,1.0,Shift B (Evening),29.8,0.51
2026-08-30 16:00:00,Robotic GMAW Heavy Welding Gantry,Welding & Joining,1.69,none,0.0,0.0,0.0,Shift B (Evening),30.2,0.0
2026-08-30 16:00:00,CNC High-Definition Plasma & Laser Table,Cutting & Profiling,1.19,none,0.0,0.0,0.0,Shift B (Evening),31.6,0.0
2026-08-30 16:00:00,Hydraulic Plate Bending Roll (500T),Forming & Rolling,1.23,none,0.0,0.0,0.0,Shift B (Evening),28.0,0.0
2026-08-30 16:00:00,Gas-Fired Post-Weld Heat Treatment Furnace,Annealing & Stress Relief,1.25,natural_gas,0.0,0.0,0.0,Shift B (Evening),31.3,0.0
2026-08-30 16:00:00,Automated Wheelabrator Blast Room,Surface Preparation,1.0,none,0.0,0.0,0.0,Shift B (Evening),31.9,0.0
2026-08-30 16:00:00,Industrial Rotary Screw Air Compressor,Compressed Air Utility,22.0,none,0.0,0.0,0.0,Shift B (Evening),32.0,5.95
2026-08-30 16:00:00,Dust Collector & Fume Extraction Blower,Ventilation & Environmental,35.18,none,0.0,0.0,1.0,Shift B (Evening),30.0,0.5
2026-08-30 17:00:00,Robotic GMAW Heavy Welding Gantry,Welding & Joining,1.78,none,0.0,0.0,0.0,Shift B (Evening),29.5,0.0
2026-08-30 17:00:00,CNC High-Definition Plasma & Laser Table,Cutting & Profiling,1.09,none,0.0,0.0,0.0,Shift B (Evening),30.5,0.0
2026-08-30 17:00:00,Hydraulic Plate Bending Roll (500T),Forming & Rolling,1.42,none,0.0,0.0,0.0,Shift B (Evening),30.0,0.0
2026-08-30 17:00:00,Gas-Fired Post-Weld Heat Treatment Furnace,Annealing & Stress Relief,0.66,natural_gas,0.0,0.0,0.0,Shift B (Evening),31.0,0.0
2026-08-30 17:00:00,Automated Wheelabrator Blast Room,Surface Preparation,1.39,none,0.0,0.0,0.0,Shift B (Evening),29.2,0.0
2026-08-30 17:00:00,Industrial Rotary Screw Air Compressor,Compressed Air Utility,23.58,none,0.0,0.0,0.0,Shift B (Evening),32.0,5.95
2026-08-30 17:00:00,Dust Collector & Fume Extraction Blower,Ventilation & Environmental,32.97,none,0.0,0.0,1.0,Shift B (Evening),29.6,0.5
2026-08-30 18:00:00,Robotic GMAW Heavy Welding Gantry,Welding & Joining,0.99,none,0.0,0.0,0.0,Shift B (Evening),29.7,0.0
2026-08-30 18:00:00,CNC High-Definition Plasma & Laser Table,Cutting & Profiling,1.45,none,0.0,0.0,0.0,Shift B (Evening),31.8,0.0
2026-08-30 18:00:00,Hydraulic Plate Bending Roll (500T),Forming & Rolling,1.05,none,0.0,0.0,0.0,Shift B (Evening),30.7,0.0
2026-08-30 18:00:00,Gas-Fired Post-Weld Heat Treatment Furnace,Annealing & Stress Relief,1.08,natural_gas,0.0,0.0,0.0,Shift B (Evening),29.0,0.0
2026-08-30 18:00:00,Automated Wheelabrator Blast Room,Surface Preparation,1.65,none,0.0,0.0,0.0,Shift B (Evening),29.8,0.0
2026-08-30 18:00:00,Industrial Rotary Screw Air Compressor,Compressed Air Utility,22.98,none,0.0,0.0,0.0,Shift B (Evening),32.0,5.95
2026-08-30 18:00:00,Dust Collector & Fume Extraction Blower,Ventilation & Environmental,35.31,none,0.0,0.0,1.0,Shift B (Evening),29.8,0.5
2026-08-30 19:00:00,Robotic GMAW Heavy Welding Gantry,Welding & Joining,1.44,none,0.0,0.0,0.0,Shift B (Evening),28.1,0.0
2026-08-30 19:00:00,CNC High-Definition Plasma & Laser Table,Cutting & Profiling,1.57,none,0.0,0.0,0.0,Shift B (Evening),30.6,0.0
2026-08-30 19:00:00,Hydraulic Plate Bending Roll (500T),Forming & Rolling,0.6,none,0.0,0.0,0.0,Shift B (Evening),29.9,0.0
2026-08-30 19:00:00,Gas-Fired Post-Weld Heat Treatment Furnace,Annealing & Stress Relief,1.86,natural_gas,0.0,0.0,0.0,Shift B (Evening),30.7,0.0
2026-08-30 19:00:00,Automated Wheelabrator Blast Room,Surface Preparation,1.18,none,0.0,0.0,0.0,Shift B (Evening),31.6,0.0
2026-08-30 19:00:00,Industrial Rotary Screw Air Compressor,Compressed Air Utility,24.81,none,0.0,0.0,0.0,Shift B (Evening),32.0,5.95
2026-08-30 19:00:00,Dust Collector & Fume Extraction Blower,Ventilation & Environmental,34.71,none,0.0,0.0,1.0,Shift B (Evening),30.0,0.51
2026-08-30 20:00:00,Robotic GMAW Heavy Welding Gantry,Welding & Joining,1.51,none,0.0,0.0,0.0,Shift B (Evening),28.3,0.0
2026-08-30 20:00:00,CNC High-Definition Plasma & Laser Table,Cutting & Profiling,0.64,none,0.0,0.0,0.0,Shift B (Evening),31.3,0.0
2026-08-30 20:00:00,Hydraulic Plate Bending Roll (500T),Forming & Rolling,1.54,none,0.0,0.0,0.0,Shift B (Evening),30.7,0.0
2026-08-30 20:00:00,Gas-Fired Post-Weld Heat Treatment Furnace,Annealing & Stress Relief,1.09,natural_gas,0.0,0.0,0.0,Shift B (Evening),31.3,0.0
2026-08-30 20:00:00,Automated Wheelabrator Blast Room,Surface Preparation,1.76,none,0.0,0.0,0.0,Shift B (Evening),29.4,0.0
2026-08-30 20:00:00,Industrial Rotary Screw Air Compressor,Compressed Air Utility,22.71,none,0.0,0.0,0.0,Shift B (Evening),32.0,5.95
2026-08-30 20:00:00,Dust Collector & Fume Extraction Blower,Ventilation & Environmental,34.73,none,0.0,0.0,1.0,Shift B (Evening),30.2,0.49
2026-08-30 21:00:00,Robotic GMAW Heavy Welding Gantry,Welding & Joining,1.25,none,0.0,0.0,0.0,Shift B (Evening),31.7,0.0
2026-08-30 21:00:00,CNC High-Definition Plasma & Laser Table,Cutting & Profiling,1.22,none,0.0,0.0,0.0,Shift B (Evening),28.9,0.0
2026-08-30 21:00:00,Hydraulic Plate Bending Roll (500T),Forming & Rolling,0.63,none,0.0,0.0,0.0,Shift B (Evening),29.1,0.0
2026-08-30 21:00:00,Gas-Fired Post-Weld Heat Treatment Furnace,Annealing & Stress Relief,1.89,natural_gas,0.0,0.0,0.0,Shift B (Evening),29.4,0.0
2026-08-30 21:00:00,Automated Wheelabrator Blast Room,Surface Preparation,0.73,none,0.0,0.0,0.0,Shift B (Evening),30.5,0.0
2026-08-30 21:00:00,Industrial Rotary Screw Air Compressor,Compressed Air Utility,23.21,none,0.0,0.0,0.0,Shift B (Evening),32.0,5.95
2026-08-30 21:00:00,Dust Collector & Fume Extraction Blower,Ventilation & Environmental,34.59,none,0.0,0.0,1.0,Shift B (Evening),29.7,0.5
2026-08-30 22:00:00,Robotic GMAW Heavy Welding Gantry,Welding & Joining,1.11,none,0.0,0.0,0.0,Shift C (Night),29.1,0.0
2026-08-30 22:00:00,CNC High-Definition Plasma & Laser Table,Cutting & Profiling,1.87,none,0.0,0.0,0.0,Shift C (Night),30.8,0.0
2026-08-30 22:00:00,Hydraulic Plate Bending Roll (500T),Forming & Rolling,0.89,none,0.0,0.0,0.0,Shift C (Night),28.8,0.0
2026-08-30 22:00:00,Gas-Fired Post-Weld Heat Treatment Furnace,Annealing & Stress Relief,1.75,natural_gas,0.0,0.0,0.0,Shift C (Night),29.6,0.0
2026-08-30 22:00:00,Automated Wheelabrator Blast Room,Surface Preparation,1.82,none,0.0,0.0,0.0,Shift C (Night),30.3,0.0
2026-08-30 22:00:00,Industrial Rotary Screw Air Compressor,Compressed Air Utility,23.98,none,0.0,0.0,0.0,Shift C (Night),32.0,5.95
2026-08-30 22:00:00,Dust Collector & Fume Extraction Blower,Ventilation & Environmental,34.14,none,0.0,0.0,1.0,Shift C (Night),30.2,0.5
2026-08-30 23:00:00,Robotic GMAW Heavy Welding Gantry,Welding & Joining,1.56,none,0.0,0.0,0.0,Shift C (Night),30.3,0.0
2026-08-30 23:00:00,CNC High-Definition Plasma & Laser Table,Cutting & Profiling,0.69,none,0.0,0.0,0.0,Shift C (Night),28.5,0.0
2026-08-30 23:00:00,Hydraulic Plate Bending Roll (500T),Forming & Rolling,0.69,none,0.0,0.0,0.0,Shift C (Night),29.0,0.0
2026-08-30 23:00:00,Gas-Fired Post-Weld Heat Treatment Furnace,Annealing & Stress Relief,1.4,natural_gas,0.0,0.0,0.0,Shift C (Night),28.9,0.0
2026-08-30 23:00:00,Automated Wheelabrator Blast Room,Surface Preparation,1.33,none,0.0,0.0,0.0,Shift C (Night),31.1,0.0
2026-08-30 23:00:00,Industrial Rotary Screw Air Compressor,Compressed Air Utility,22.77,none,0.0,0.0,0.0,Shift C (Night),32.0,5.95
2026-08-30 23:00:00,Dust Collector & Fume Extraction Blower,Ventilation & Environmental,34.48,none,0.0,0.0,1.0,Shift C (Night),30.6,0.51
2026-08-31 00:00:00,Robotic GMAW Heavy Welding Gantry,Welding & Joining,1.35,none,0.0,0.0,0.0,Shift C (Night),29.0,0.0
2026-08-31 00:00:00,CNC High-Definition Plasma & Laser Table,Cutting & Profiling,1.38,none,0.0,0.0,0.0,Shift C (Night),29.8,0.0
2026-08-31 00:00:00,Hydraulic Plate Bending Roll (500T),Forming & Rolling,1.91,none,0.0,0.0,0.0,Shift C (Night),30.6,0.0
2026-08-31 00:00:00,Gas-Fired Post-Weld Heat Treatment Furnace,Annealing & Stress Relief,1.92,natural_gas,0.0,0.0,0.0,Shift C (Night),28.2,0.0
2026-08-31 00:00:00,Automated Wheelabrator Blast Room,Surface Preparation,1.91,none,0.0,0.0,0.0,Shift C (Night),29.7,0.0
2026-08-31 00:00:00,Industrial Rotary Screw Air Compressor,Compressed Air Utility,25.98,none,0.0,0.0,0.0,Shift C (Night),32.0,5.95
2026-08-31 00:00:00,Dust Collector & Fume Extraction Blower,Ventilation & Environmental,33.39,none,0.0,0.0,1.0,Shift C (Night),30.2,0.5
2026-08-31 01:00:00,Robotic GMAW Heavy Welding Gantry,Welding & Joining,1.11,none,0.0,0.0,0.0,Shift C (Night),31.0,0.0
2026-08-31 01:00:00,CNC High-Definition Plasma & Laser Table,Cutting & Profiling,1.84,none,0.0,0.0,0.0,Shift C (Night),28.9,0.0
2026-08-31 01:00:00,Hydraulic Plate Bending Roll (500T),Forming & Rolling,0.99,none,0.0,0.0,0.0,Shift C (Night),29.7,0.0
2026-08-31 01:00:00,Gas-Fired Post-Weld Heat Treatment Furnace,Annealing & Stress Relief,1.23,natural_gas,0.0,0.0,0.0,Shift C (Night),28.0,0.0
2026-08-31 01:00:00,Automated Wheelabrator Blast Room,Surface Preparation,0.87,none,0.0,0.0,0.0,Shift C (Night),28.3,0.0
2026-08-31 01:00:00,Industrial Rotary Screw Air Compressor,Compressed Air Utility,24.29,none,0.0,0.0,0.0,Shift C (Night),32.0,5.95
2026-08-31 01:00:00,Dust Collector & Fume Extraction Blower,Ventilation & Environmental,32.71,none,0.0,0.0,1.0,Shift C (Night),30.3,0.51
2026-08-31 02:00:00,Robotic GMAW Heavy Welding Gantry,Welding & Joining,1.19,none,0.0,0.0,0.0,Shift C (Night),28.3,0.0
2026-08-31 02:00:00,CNC High-Definition Plasma & Laser Table,Cutting & Profiling,0.95,none,0.0,0.0,0.0,Shift C (Night),28.7,0.0
2026-08-31 02:00:00,Hydraulic Plate Bending Roll (500T),Forming & Rolling,1.04,none,0.0,0.0,0.0,Shift C (Night),30.5,0.0
2026-08-31 02:00:00,Gas-Fired Post-Weld Heat Treatment Furnace,Annealing & Stress Relief,0.74,natural_gas,0.0,0.0,0.0,Shift C (Night),29.9,0.0
2026-08-31 02:00:00,Automated Wheelabrator Blast Room,Surface Preparation,1.73,none,0.0,0.0,0.0,Shift C (Night),30.4,0.0
2026-08-31 02:00:00,Industrial Rotary Screw Air Compressor,Compressed Air Utility,24.51,none,0.0,0.0,0.0,Shift C (Night),32.0,5.95
2026-08-31 02:00:00,Dust Collector & Fume Extraction Blower,Ventilation & Environmental,33.55,none,0.0,0.0,1.0,Shift C (Night),29.7,0.49
2026-08-31 03:00:00,Robotic GMAW Heavy Welding Gantry,Welding & Joining,0.93,none,0.0,0.0,0.0,Shift C (Night),29.4,0.0
2026-08-31 03:00:00,CNC High-Definition Plasma & Laser Table,Cutting & Profiling,0.68,none,0.0,0.0,0.0,Shift C (Night),29.3,0.0
2026-08-31 03:00:00,Hydraulic Plate Bending Roll (500T),Forming & Rolling,1.71,none,0.0,0.0,0.0,Shift C (Night),31.8,0.0
2026-08-31 03:00:00,Gas-Fired Post-Weld Heat Treatment Furnace,Annealing & Stress Relief,1.69,natural_gas,0.0,0.0,0.0,Shift C (Night),30.5,0.0
2026-08-31 03:00:00,Automated Wheelabrator Blast Room,Surface Preparation,1.67,none,0.0,0.0,0.0,Shift C (Night),30.5,0.0
2026-08-31 03:00:00,Industrial Rotary Screw Air Compressor,Compressed Air Utility,24.32,none,0.0,0.0,0.0,Shift C (Night),32.0,5.95
2026-08-31 03:00:00,Dust Collector & Fume Extraction Blower,Ventilation & Environmental,32.87,none,0.0,0.0,1.0,Shift C (Night),29.5,0.49
2026-08-31 04:00:00,Robotic GMAW Heavy Welding Gantry,Welding & Joining,1.04,none,0.0,0.0,0.0,Shift C (Night),31.4,0.0
2026-08-31 04:00:00,CNC High-Definition Plasma & Laser Table,Cutting & Profiling,0.69,none,0.0,0.0,0.0,Shift C (Night),28.5,0.0
2026-08-31 04:00:00,Hydraulic Plate Bending Roll (500T),Forming & Rolling,1.89,none,0.0,0.0,0.0,Shift C (Night),29.8,0.0
2026-08-31 04:00:00,Gas-Fired Post-Weld Heat Treatment Furnace,Annealing & Stress Relief,1.02,natural_gas,0.0,0.0,0.0,Shift C (Night),30.5,0.0
2026-08-31 04:00:00,Automated Wheelabrator Blast Room,Surface Preparation,0.69,none,0.0,0.0,0.0,Shift C (Night),30.7,0.0
2026-08-31 04:00:00,Industrial Rotary Screw Air Compressor,Compressed Air Utility,24.24,none,0.0,0.0,0.0,Shift C (Night),32.0,5.95
2026-08-31 04:00:00,Dust Collector & Fume Extraction Blower,Ventilation & Environmental,33.44,none,0.0,0.0,1.0,Shift C (Night),29.9,0.49
2026-08-31 05:00:00,Robotic GMAW Heavy Welding Gantry,Welding & Joining,1.65,none,0.0,0.0,0.0,Shift C (Night),28.9,0.0
2026-08-31 05:00:00,CNC High-Definition Plasma & Laser Table,Cutting & Profiling,1.44,none,0.0,0.0,0.0,Shift C (Night),30.6,0.0
2026-08-31 05:00:00,Hydraulic Plate Bending Roll (500T),Forming & Rolling,0.61,none,0.0,0.0,0.0,Shift C (Night),29.5,0.0
2026-08-31 05:00:00,Gas-Fired Post-Weld Heat Treatment Furnace,Annealing & Stress Relief,1.71,natural_gas,0.0,0.0,0.0,Shift C (Night),31.5,0.0
2026-08-31 05:00:00,Automated Wheelabrator Blast Room,Surface Preparation,1.47,none,0.0,0.0,0.0,Shift C (Night),29.4,0.0
2026-08-31 05:00:00,Industrial Rotary Screw Air Compressor,Compressed Air Utility,25.75,none,0.0,0.0,0.0,Shift C (Night),32.0,5.95
2026-08-31 05:00:00,Dust Collector & Fume Extraction Blower,Ventilation & Environmental,34.77,none,0.0,0.0,1.0,Shift C (Night),29.9,0.49
2026-08-31 06:00:00,Robotic GMAW Heavy Welding Gantry,Welding & Joining,37.07,none,0.0,273.1,1.0,Shift A (Morning),118.1,1.01
2026-08-31 06:00:00,CNC High-Definition Plasma & Laser Table,Cutting & Profiling,50.2,none,0.0,405.5,1.0,Shift A (Morning),45.5,7.85
2026-08-31 06:00:00,Hydraulic Plate Bending Roll (500T),Forming & Rolling,44.26,none,0.0,362.1,1.0,Shift A (Morning),35.2,177.37
2026-08-31 06:00:00,Gas-Fired Post-Weld Heat Treatment Furnace,Annealing & Stress Relief,27.82,natural_gas,47.7,645.9,1.0,Shift A (Morning),625.6,1.1
2026-08-31 06:00:00,Automated Wheelabrator Blast Room,Surface Preparation,45.05,none,0.0,391.8,1.0,Shift A (Morning),32.4,5.84
2026-08-31 06:00:00,Industrial Rotary Screw Air Compressor,Compressed Air Utility,57.13,none,0.0,0.0,1.0,Shift A (Morning),39.9,7.19
2026-08-31 06:00:00,Dust Collector & Fume Extraction Blower,Ventilation & Environmental,34.69,none,0.0,0.0,1.0,Shift A (Morning),29.8,0.51
2026-08-31 07:00:00,Robotic GMAW Heavy Welding Gantry,Welding & Joining,38.84,none,0.0,286.2,1.0,Shift A (Morning),118.3,0.99
2026-08-31 07:00:00,CNC High-Definition Plasma & Laser Table,Cutting & Profiling,51.35,none,0.0,414.7,1.0,Shift A (Morning),44.8,7.76
2026-08-31 07:00:00,Hydraulic Plate Bending Roll (500T),Forming & Rolling,44.3,none,0.0,362.5,1.0,Shift A (Morning),35.2,175.22
2026-08-31 07:00:00,Gas-Fired Post-Weld Heat Treatment Furnace,Annealing & Stress Relief,28.02,natural_gas,48.03,650.4,1.0,Shift A (Morning),628.3,1.12
2026-08-31 07:00:00,Automated Wheelabrator Blast Room,Surface Preparation,45.71,none,0.0,397.5,1.0,Shift A (Morning),31.6,5.89
2026-08-31 07:00:00,Industrial Rotary Screw Air Compressor,Compressed Air Utility,59.9,none,0.0,0.0,1.0,Shift A (Morning),40.5,6.93
2026-08-31 07:00:00,Dust Collector & Fume Extraction Blower,Ventilation & Environmental,34.46,none,0.0,0.0,1.0,Shift A (Morning),30.2,0.51
2026-08-31 08:00:00,Robotic GMAW Heavy Welding Gantry,Welding & Joining,38.3,none,0.0,282.2,1.0,Shift A (Morning),119.2,1.0
2026-08-31 08:00:00,CNC High-Definition Plasma & Laser Table,Cutting & Profiling,53.93,none,0.0,435.6,1.0,Shift A (Morning),45.2,7.96
2026-08-31 08:00:00,Hydraulic Plate Bending Roll (500T),Forming & Rolling,42.81,none,0.0,350.3,1.0,Shift A (Morning),34.9,183.12
2026-08-31 08:00:00,Gas-Fired Post-Weld Heat Treatment Furnace,Annealing & Stress Relief,26.97,natural_gas,46.24,626.2,1.0,Shift A (Morning),613.0,1.07
2026-08-31 08:00:00,Automated Wheelabrator Blast Room,Surface Preparation,44.98,none,0.0,391.1,1.0,Shift A (Morning),31.7,6.04
2026-08-31 08:00:00,Industrial Rotary Screw Air Compressor,Compressed Air Utility,56.79,none,0.0,0.0,1.0,Shift A (Morning),40.4,7.19
2026-08-31 08:00:00,Dust Collector & Fume Extraction Blower,Ventilation & Environmental,33.54,none,0.0,0.0,1.0,Shift A (Morning),30.3,0.49
2026-08-31 09:00:00,Robotic GMAW Heavy Welding Gantry,Welding & Joining,37.04,none,0.0,272.9,1.0,Shift A (Morning),122.4,0.99
2026-08-31 09:00:00,CNC High-Definition Plasma & Laser Table,Cutting & Profiling,50.23,none,0.0,405.7,1.0,Shift A (Morning),44.2,7.82
2026-08-31 09:00:00,Hydraulic Plate Bending Roll (500T),Forming & Rolling,43.26,none,0.0,354.0,1.0,Shift A (Morning),34.6,180.93
2026-08-31 09:00:00,Gas-Fired Post-Weld Heat Treatment Furnace,Annealing & Stress Relief,28.59,natural_gas,49.02,663.8,1.0,Shift A (Morning),608.7,1.07
2026-08-31 09:00:00,Automated Wheelabrator Blast Room,Surface Preparation,44.89,none,0.0,390.3,1.0,Shift A (Morning),31.6,6.14
2026-08-31 09:00:00,Industrial Rotary Screw Air Compressor,Compressed Air Utility,59.02,none,0.0,0.0,1.0,Shift A (Morning),39.7,7.02
2026-08-31 09:00:00,Dust Collector & Fume Extraction Blower,Ventilation & Environmental,33.13,none,0.0,0.0,1.0,Shift A (Morning),29.4,0.51
2026-08-31 10:00:00,Robotic GMAW Heavy Welding Gantry,Welding & Joining,39.25,none,0.0,289.2,1.0,Shift A (Morning),117.7,1.01
2026-08-31 10:00:00,CNC High-Definition Plasma & Laser Table,Cutting & Profiling,51.5,none,0.0,415.9,1.0,Shift A (Morning),45.5,7.81
2026-08-31 10:00:00,Hydraulic Plate Bending Roll (500T),Forming & Rolling,45.54,none,0.0,372.6,1.0,Shift A (Morning),34.7,177.19
2026-08-31 10:00:00,Gas-Fired Post-Weld Heat Treatment Furnace,Annealing & Stress Relief,28.69,natural_gas,49.19,666.1,1.0,Shift A (Morning),624.0,1.13
2026-08-31 10:00:00,Automated Wheelabrator Blast Room,Surface Preparation,47.76,none,0.0,415.3,1.0,Shift A (Morning),32.6,6.14
2026-08-31 10:00:00,Industrial Rotary Screw Air Compressor,Compressed Air Utility,59.76,none,0.0,0.0,1.0,Shift A (Morning),39.3,6.85
2026-08-31 10:00:00,Dust Collector & Fume Extraction Blower,Ventilation & Environmental,35.15,none,0.0,0.0,1.0,Shift A (Morning),30.4,0.49
2026-08-31 11:00:00,Robotic GMAW Heavy Welding Gantry,Welding & Joining,37.63,none,0.0,277.3,1.0,Shift A (Morning),119.4,1.01
2026-08-31 11:00:00,CNC High-Definition Plasma & Laser Table,Cutting & Profiling,53.98,none,0.0,436.0,1.0,Shift A (Morning),44.5,7.78
2026-08-31 11:00:00,Hydraulic Plate Bending Roll (500T),Forming & Rolling,44.41,none,0.0,363.3,1.0,Shift A (Morning),34.6,180.38
2026-08-31 11:00:00,Gas-Fired Post-Weld Heat Treatment Furnace,Annealing & Stress Relief,28.65,natural_gas,49.11,665.1,1.0,Shift A (Morning),615.7,1.07
2026-08-31 11:00:00,Automated Wheelabrator Blast Room,Surface Preparation,47.09,none,0.0,409.5,1.0,Shift A (Morning),32.5,6.13
2026-08-31 11:00:00,Industrial Rotary Screw Air Compressor,Compressed Air Utility,60.17,none,0.0,0.0,1.0,Shift A (Morning),40.6,6.88
2026-08-31 11:00:00,Dust Collector & Fume Extraction Blower,Ventilation & Environmental,32.86,none,0.0,0.0,1.0,Shift A (Morning),30.0,0.5
2026-08-31 12:00:00,Robotic GMAW Heavy Welding Gantry,Welding & Joining,36.68,none,0.0,270.3,1.0,Shift A (Morning),120.0,1.02
2026-08-31 12:00:00,CNC High-Definition Plasma & Laser Table,Cutting & Profiling,52.6,none,0.0,424.9,1.0,Shift A (Morning),45.0,8.0
2026-08-31 12:00:00,Hydraulic Plate Bending Roll (500T),Forming & Rolling,43.87,none,0.0,359.0,1.0,Shift A (Morning),34.8,178.64
2026-08-31 12:00:00,Gas-Fired Post-Weld Heat Treatment Furnace,Annealing & Stress Relief,28.44,natural_gas,48.75,660.1,1.0,Shift A (Morning),625.3,1.1
2026-08-31 12:00:00,Automated Wheelabrator Blast Room,Surface Preparation,45.15,none,0.0,392.6,1.0,Shift A (Morning),31.9,6.15
2026-08-31 12:00:00,Industrial Rotary Screw Air Compressor,Compressed Air Utility,58.39,none,0.0,0.0,1.0,Shift A (Morning),39.3,6.88
2026-08-31 12:00:00,Dust Collector & Fume Extraction Blower,Ventilation & Environmental,33.19,none,0.0,0.0,1.0,Shift A (Morning),30.4,0.5
2026-08-31 13:00:00,Robotic GMAW Heavy Welding Gantry,Welding & Joining,37.41,none,0.0,275.7,1.0,Shift A (Morning),121.9,1.0
2026-08-31 13:00:00,CNC High-Definition Plasma & Laser Table,Cutting & Profiling,53.81,none,0.0,434.6,1.0,Shift A (Morning),44.8,8.02
2026-08-31 13:00:00,Hydraulic Plate Bending Roll (500T),Forming & Rolling,42.71,none,0.0,349.5,1.0,Shift A (Morning),34.4,179.4
2026-08-31 13:00:00,Gas-Fired Post-Weld Heat Treatment Furnace,Annealing & Stress Relief,27.67,natural_gas,47.43,642.3,1.0,Shift A (Morning),622.1,1.1
2026-08-31 13:00:00,Automated Wheelabrator Blast Room,Surface Preparation,46.45,none,0.0,403.9,1.0,Shift A (Morning),31.9,5.99
2026-08-31 13:00:00,Industrial Rotary Screw Air Compressor,Compressed Air Utility,57.58,none,0.0,0.0,1.0,Shift A (Morning),40.5,6.92
2026-08-31 13:00:00,Dust Collector & Fume Extraction Blower,Ventilation & Environmental,33.68,none,0.0,0.0,1.0,Shift A (Morning),29.6,0.49
2026-08-31 14:00:00,Robotic GMAW Heavy Welding Gantry,Welding & Joining,38.44,none,0.0,283.3,1.0,Shift B (Evening),119.3,0.97
2026-08-31 14:00:00,CNC High-Definition Plasma & Laser Table,Cutting & Profiling,53.43,none,0.0,431.5,1.0,Shift B (Evening),45.0,8.07
2026-08-31 14:00:00,Hydraulic Plate Bending Roll (500T),Forming & Rolling,45.01,none,0.0,368.2,1.0,Shift B (Evening),35.6,175.66
2026-08-31 14:00:00,Gas-Fired Post-Weld Heat Treatment Furnace,Annealing & Stress Relief,27.04,natural_gas,46.35,627.7,1.0,Shift B (Evening),608.5,1.08
2026-08-31 14:00:00,Automated Wheelabrator Blast Room,Surface Preparation,44.88,none,0.0,390.3,1.0,Shift B (Evening),31.8,5.93
2026-08-31 14:00:00,Industrial Rotary Screw Air Compressor,Compressed Air Utility,59.46,none,0.0,0.0,1.0,Shift B (Evening),40.3,6.91
2026-08-31 14:00:00,Dust Collector & Fume Extraction Blower,Ventilation & Environmental,34.56,none,0.0,0.0,1.0,Shift B (Evening),30.6,0.51
2026-08-31 15:00:00,Robotic GMAW Heavy Welding Gantry,Welding & Joining,38.77,none,0.0,285.7,1.0,Shift B (Evening),121.2,1.02
2026-08-31 15:00:00,CNC High-Definition Plasma & Laser Table,Cutting & Profiling,49.96,none,0.0,403.5,1.0,Shift B (Evening),44.6,8.15
2026-08-31 15:00:00,Hydraulic Plate Bending Roll (500T),Forming & Rolling,45.0,none,0.0,368.2,1.0,Shift B (Evening),34.9,178.98
2026-08-31 15:00:00,Gas-Fired Post-Weld Heat Treatment Furnace,Annealing & Stress Relief,28.18,natural_gas,48.31,654.2,1.0,Shift B (Evening),623.9,1.1
2026-08-31 15:00:00,Automated Wheelabrator Blast Room,Surface Preparation,46.05,none,0.0,400.4,1.0,Shift B (Evening),32.3,5.87
2026-08-31 15:00:00,Industrial Rotary Screw Air Compressor,Compressed Air Utility,57.52,none,0.0,0.0,1.0,Shift B (Evening),39.6,7.1
2026-08-31 15:00:00,Dust Collector & Fume Extraction Blower,Ventilation & Environmental,33.93,none,0.0,0.0,1.0,Shift B (Evening),30.0,0.51
2026-08-31 16:00:00,Robotic GMAW Heavy Welding Gantry,Welding & Joining,38.78,none,0.0,285.8,1.0,Shift B (Evening),121.1,1.0
2026-08-31 16:00:00,CNC High-Definition Plasma & Laser Table,Cutting & Profiling,53.21,none,0.0,429.8,1.0,Shift B (Evening),44.7,7.85
2026-08-31 16:00:00,Hydraulic Plate Bending Roll (500T),Forming & Rolling,44.95,none,0.0,367.8,1.0,Shift B (Evening),35.3,176.86
2026-08-31 16:00:00,Gas-Fired Post-Weld Heat Treatment Furnace,Annealing & Stress Relief,27.89,natural_gas,47.81,647.4,1.0,Shift B (Evening),621.4,1.09
2026-08-31 16:00:00,Automated Wheelabrator Blast Room,Surface Preparation,46.29,none,0.0,402.5,1.0,Shift B (Evening),31.5,6.16
2026-08-31 16:00:00,Industrial Rotary Screw Air Compressor,Compressed Air Utility,55.72,none,0.0,0.0,1.0,Shift B (Evening),40.5,7.14
2026-08-31 16:00:00,Dust Collector & Fume Extraction Blower,Ventilation & Environmental,33.56,none,0.0,0.0,1.0,Shift B (Evening),29.9,0.51
2026-08-31 17:00:00,Robotic GMAW Heavy Welding Gantry,Welding & Joining,37.71,none,0.0,277.8,1.0,Shift B (Evening),121.3,1.0
2026-08-31 17:00:00,CNC High-Definition Plasma & Laser Table,Cutting & Profiling,51.28,none,0.0,414.2,1.0,Shift B (Evening),44.1,8.14
2026-08-31 17:00:00,Hydraulic Plate Bending Roll (500T),Forming & Rolling,45.49,none,0.0,372.2,1.0,Shift B (Evening),34.5,184.89
2026-08-31 17:00:00,Gas-Fired Post-Weld Heat Treatment Furnace,Annealing & Stress Relief,27.62,natural_gas,47.35,641.2,1.0,Shift B (Evening),623.2,1.11
2026-08-31 17:00:00,Automated Wheelabrator Blast Room,Surface Preparation,46.4,none,0.0,403.5,1.0,Shift B (Evening),32.5,6.17
2026-08-31 17:00:00,Industrial Rotary Screw Air Compressor,Compressed Air Utility,56.63,none,0.0,0.0,1.0,Shift B (Evening),39.8,7.01
2026-08-31 17:00:00,Dust Collector & Fume Extraction Blower,Ventilation & Environmental,33.15,none,0.0,0.0,1.0,Shift B (Evening),29.5,0.5
2026-08-31 18:00:00,Robotic GMAW Heavy Welding Gantry,Welding & Joining,37.85,none,0.0,278.9,1.0,Shift B (Evening),121.9,0.98
2026-08-31 18:00:00,CNC High-Definition Plasma & Laser Table,Cutting & Profiling,50.35,none,0.0,406.7,1.0,Shift B (Evening),45.1,7.78
2026-08-31 18:00:00,Hydraulic Plate Bending Roll (500T),Forming & Rolling,44.67,none,0.0,365.4,1.0,Shift B (Evening),35.0,176.62
2026-08-31 18:00:00,Gas-Fired Post-Weld Heat Treatment Furnace,Annealing & Stress Relief,27.04,natural_gas,46.35,627.6,1.0,Shift B (Evening),631.5,1.09
2026-08-31 18:00:00,Automated Wheelabrator Blast Room,Surface Preparation,45.02,none,0.0,391.5,1.0,Shift B (Evening),32.2,5.85
2026-08-31 18:00:00,Industrial Rotary Screw Air Compressor,Compressed Air Utility,55.95,none,0.0,0.0,1.0,Shift B (Evening),40.0,6.86
2026-08-31 18:00:00,Dust Collector & Fume Extraction Blower,Ventilation & Environmental,34.98,none,0.0,0.0,1.0,Shift B (Evening),29.9,0.49
2026-08-31 19:00:00,Robotic GMAW Heavy Welding Gantry,Welding & Joining,36.82,none,0.0,271.3,1.0,Shift B (Evening),120.2,1.0
2026-08-31 19:00:00,CNC High-Definition Plasma & Laser Table,Cutting & Profiling,50.21,none,0.0,405.5,1.0,Shift B (Evening),45.8,8.18
2026-08-31 19:00:00,Hydraulic Plate Bending Roll (500T),Forming & Rolling,42.7,none,0.0,349.3,1.0,Shift B (Evening),34.6,179.27
2026-08-31 19:00:00,Gas-Fired Post-Weld Heat Treatment Furnace,Annealing & Stress Relief,28.47,natural_gas,48.81,660.9,1.0,Shift B (Evening),619.4,1.11
2026-08-31 19:00:00,Automated Wheelabrator Blast Room,Surface Preparation,47.62,none,0.0,414.1,1.0,Shift B (Evening),32.1,6.0
2026-08-31 19:00:00,Industrial Rotary Screw Air Compressor,Compressed Air Utility,58.86,none,0.0,0.0,1.0,Shift B (Evening),39.6,6.79
2026-08-31 19:00:00,Dust Collector & Fume Extraction Blower,Ventilation & Environmental,33.03,none,0.0,0.0,1.0,Shift B (Evening),29.5,0.5
2026-08-31 20:00:00,Robotic GMAW Heavy Welding Gantry,Welding & Joining,38.94,none,0.0,286.9,1.0,Shift B (Evening),120.1,1.02
2026-08-31 20:00:00,CNC High-Definition Plasma & Laser Table,Cutting & Profiling,53.58,none,0.0,432.7,1.0,Shift B (Evening),44.9,8.04
2026-08-31 20:00:00,Hydraulic Plate Bending Roll (500T),Forming & Rolling,44.84,none,0.0,366.8,1.0,Shift B (Evening),34.7,184.11
2026-08-31 20:00:00,Gas-Fired Post-Weld Heat Treatment Furnace,Annealing & Stress Relief,27.9,natural_gas,47.83,647.7,1.0,Shift B (Evening),625.0,1.11
2026-08-31 20:00:00,Automated Wheelabrator Blast Room,Surface Preparation,45.25,none,0.0,393.5,1.0,Shift B (Evening),32.1,6.11
2026-08-31 20:00:00,Industrial Rotary Screw Air Compressor,Compressed Air Utility,56.49,none,0.0,0.0,1.0,Shift B (Evening),39.6,7.17
2026-08-31 20:00:00,Dust Collector & Fume Extraction Blower,Ventilation & Environmental,34.63,none,0.0,0.0,1.0,Shift B (Evening),29.9,0.51
2026-08-31 21:00:00,Robotic GMAW Heavy Welding Gantry,Welding & Joining,37.04,none,0.0,272.9,1.0,Shift B (Evening),120.3,0.99
2026-08-31 21:00:00,CNC High-Definition Plasma & Laser Table,Cutting & Profiling,53.85,none,0.0,435.0,1.0,Shift B (Evening),44.5,8.18
2026-08-31 21:00:00,Hydraulic Plate Bending Roll (500T),Forming & Rolling,43.2,none,0.0,353.5,1.0,Shift B (Evening),35.2,177.75
2026-08-31 21:00:00,Gas-Fired Post-Weld Heat Treatment Furnace,Annealing & Stress Relief,28.93,natural_gas,49.6,671.6,1.0,Shift B (Evening),624.9,1.11
2026-08-31 21:00:00,Automated Wheelabrator Blast Room,Surface Preparation,44.96,none,0.0,391.0,1.0,Shift B (Evening),32.0,6.18
2026-08-31 21:00:00,Industrial Rotary Screw Air Compressor,Compressed Air Utility,58.25,none,0.0,0.0,1.0,Shift B (Evening),40.8,6.82
2026-08-31 21:00:00,Dust Collector & Fume Extraction Blower,Ventilation & Environmental,32.93,none,0.0,0.0,1.0,Shift B (Evening),30.3,0.49
2026-08-31 22:00:00,Robotic GMAW Heavy Welding Gantry,Welding & Joining,37.85,none,0.0,278.9,1.0,Shift C (Night),118.8,1.0
2026-08-31 22:00:00,CNC High-Definition Plasma & Laser Table,Cutting & Profiling,51.84,none,0.0,418.7,1.0,Shift C (Night),44.2,8.09
2026-08-31 22:00:00,Hydraulic Plate Bending Roll (500T),Forming & Rolling,44.88,none,0.0,367.2,1.0,Shift C (Night),34.8,182.66
2026-08-31 22:00:00,Gas-Fired Post-Weld Heat Treatment Furnace,Annealing & Stress Relief,28.8,natural_gas,49.37,668.5,1.0,Shift C (Night),617.4,1.07
2026-08-31 22:00:00,Automated Wheelabrator Blast Room,Surface Preparation,44.58,none,0.0,387.7,1.0,Shift C (Night),32.5,5.94
2026-08-31 22:00:00,Industrial Rotary Screw Air Compressor,Compressed Air Utility,59.15,none,0.0,0.0,1.0,Shift C (Night),40.0,6.82
2026-08-31 22:00:00,Dust Collector & Fume Extraction Blower,Ventilation & Environmental,34.13,none,0.0,0.0,1.0,Shift C (Night),29.7,0.51
2026-08-31 23:00:00,Robotic GMAW Heavy Welding Gantry,Welding & Joining,36.91,none,0.0,271.9,1.0,Shift C (Night),121.5,1.02
2026-08-31 23:00:00,CNC High-Definition Plasma & Laser Table,Cutting & Profiling,0.84,none,0.0,0.0,0.0,Shift C (Night),28.1,0.0
2026-08-31 23:00:00,Hydraulic Plate Bending Roll (500T),Forming & Rolling,0.74,none,0.0,0.0,0.0,Shift C (Night),29.2,0.0
2026-08-31 23:00:00,Gas-Fired Post-Weld Heat Treatment Furnace,Annealing & Stress Relief,28.08,natural_gas,48.13,651.8,1.0,Shift C (Night),617.3,1.07
2026-08-31 23:00:00,Automated Wheelabrator Blast Room,Surface Preparation,1.67,none,0.0,0.0,0.0,Shift C (Night),30.7,0.0
2026-08-31 23:00:00,Industrial Rotary Screw Air Compressor,Compressed Air Utility,22.61,none,0.0,0.0,0.0,Shift C (Night),32.0,5.95
2026-08-31 23:00:00,Dust Collector & Fume Extraction Blower,Ventilation & Environmental,33.61,none,0.0,0.0,1.0,Shift C (Night),29.7,0.49
2026-09-01 00:00:00,Robotic GMAW Heavy Welding Gantry,Welding & Joining,1.55,none,0.0,0.0,0.0,Shift C (Night),28.9,0.0
2026-09-01 00:00:00,CNC High-Definition Plasma & Laser Table,Cutting & Profiling,1.58,none,0.0,0.0,0.0,Shift C (Night),31.3,0.0
2026-09-01 00:00:00,Hydraulic Plate Bending Roll (500T),Forming & Rolling,1.74,none,0.0,0.0,0.0,Shift C (Night),30.6,0.0
2026-09-01 00:00:00,Gas-Fired Post-Weld Heat Treatment Furnace,Annealing & Stress Relief,1.6,natural_gas,0.0,0.0,0.0,Shift C (Night),31.6,0.0
2026-09-01 00:00:00,Automated Wheelabrator Blast Room,Surface Preparation,1.15,none,0.0,0.0,0.0,Shift C (Night),29.2,0.0
2026-09-01 00:00:00,Industrial Rotary Screw Air Compressor,Compressed Air Utility,22.21,none,0.0,0.0,0.0,Shift C (Night),32.0,5.95
2026-09-01 00:00:00,Dust Collector & Fume Extraction Blower,Ventilation & Environmental,32.65,none,0.0,0.0,1.0,Shift C (Night),30.3,0.51
2026-09-01 01:00:00,Robotic GMAW Heavy Welding Gantry,Welding & Joining,1.9,none,0.0,0.0,0.0,Shift C (Night),29.5,0.0
2026-09-01 01:00:00,CNC High-Definition Plasma & Laser Table,Cutting & Profiling,0.93,none,0.0,0.0,0.0,Shift C (Night),28.4,0.0
2026-09-01 01:00:00,Hydraulic Plate Bending Roll (500T),Forming & Rolling,1.19,none,0.0,0.0,0.0,Shift C (Night),32.0,0.0
2026-09-01 01:00:00,Gas-Fired Post-Weld Heat Treatment Furnace,Annealing & Stress Relief,1.07,natural_gas,0.0,0.0,0.0,Shift C (Night),28.8,0.0
2026-09-01 01:00:00,Automated Wheelabrator Blast Room,Surface Preparation,1.54,none,0.0,0.0,0.0,Shift C (Night),28.9,0.0
2026-09-01 01:00:00,Industrial Rotary Screw Air Compressor,Compressed Air Utility,25.53,none,0.0,0.0,0.0,Shift C (Night),32.0,5.95
2026-09-01 01:00:00,Dust Collector & Fume Extraction Blower,Ventilation & Environmental,34.81,none,0.0,0.0,1.0,Shift C (Night),30.4,0.49
2026-09-01 02:00:00,Robotic GMAW Heavy Welding Gantry,Welding & Joining,0.83,none,0.0,0.0,0.0,Shift C (Night),29.7,0.0
2026-09-01 02:00:00,CNC High-Definition Plasma & Laser Table,Cutting & Profiling,0.75,none,0.0,0.0,0.0,Shift C (Night),29.3,0.0
2026-09-01 02:00:00,Hydraulic Plate Bending Roll (500T),Forming & Rolling,1.39,none,0.0,0.0,0.0,Shift C (Night),28.8,0.0
2026-09-01 02:00:00,Gas-Fired Post-Weld Heat Treatment Furnace,Annealing & Stress Relief,0.89,natural_gas,0.0,0.0,0.0,Shift C (Night),30.2,0.0
2026-09-01 02:00:00,Automated Wheelabrator Blast Room,Surface Preparation,1.91,none,0.0,0.0,0.0,Shift C (Night),28.5,0.0
2026-09-01 02:00:00,Industrial Rotary Screw Air Compressor,Compressed Air Utility,22.86,none,0.0,0.0,0.0,Shift C (Night),32.0,5.95
2026-09-01 02:00:00,Dust Collector & Fume Extraction Blower,Ventilation & Environmental,33.61,none,0.0,0.0,1.0,Shift C (Night),29.6,0.5
2026-09-01 03:00:00,Robotic GMAW Heavy Welding Gantry,Welding & Joining,1.04,none,0.0,0.0,0.0,Shift C (Night),29.6,0.0
2026-09-01 03:00:00,CNC High-Definition Plasma & Laser Table,Cutting & Profiling,1.24,none,0.0,0.0,0.0,Shift C (Night),28.3,0.0
2026-09-01 03:00:00,Hydraulic Plate Bending Roll (500T),Forming & Rolling,1.74,none,0.0,0.0,0.0,Shift C (Night),30.6,0.0
2026-09-01 03:00:00,Gas-Fired Post-Weld Heat Treatment Furnace,Annealing & Stress Relief,1.12,natural_gas,0.0,0.0,0.0,Shift C (Night),28.3,0.0
2026-09-01 03:00:00,Automated Wheelabrator Blast Room,Surface Preparation,0.91,none,0.0,0.0,0.0,Shift C (Night),29.2,0.0
2026-09-01 03:00:00,Industrial Rotary Screw Air Compressor,Compressed Air Utility,24.4,none,0.0,0.0,0.0,Shift C (Night),32.0,5.95
2026-09-01 03:00:00,Dust Collector & Fume Extraction Blower,Ventilation & Environmental,35.31,none,0.0,0.0,1.0,Shift C (Night),29.5,0.5
2026-09-01 04:00:00,Robotic GMAW Heavy Welding Gantry,Welding & Joining,1.99,none,0.0,0.0,0.0,Shift C (Night),31.4,0.0
2026-09-01 04:00:00,CNC High-Definition Plasma & Laser Table,Cutting & Profiling,0.84,none,0.0,0.0,0.0,Shift C (Night),31.8,0.0
2026-09-01 04:00:00,Hydraulic Plate Bending Roll (500T),Forming & Rolling,1.44,none,0.0,0.0,0.0,Shift C (Night),31.9,0.0
2026-09-01 04:00:00,Gas-Fired Post-Weld Heat Treatment Furnace,Annealing & Stress Relief,1.57,natural_gas,0.0,0.0,0.0,Shift C (Night),30.7,0.0
2026-09-01 04:00:00,Automated Wheelabrator Blast Room,Surface Preparation,1.96,none,0.0,0.0,0.0,Shift C (Night),30.8,0.0
2026-09-01 04:00:00,Industrial Rotary Screw Air Compressor,Compressed Air Utility,23.33,none,0.0,0.0,0.0,Shift C (Night),32.0,5.95
2026-09-01 04:00:00,Dust Collector & Fume Extraction Blower,Ventilation & Environmental,34.37,none,0.0,0.0,1.0,Shift C (Night),30.5,0.49
2026-09-01 05:00:00,Robotic GMAW Heavy Welding Gantry,Welding & Joining,1.79,none,0.0,0.0,0.0,Shift C (Night),29.9,0.0
2026-09-01 05:00:00,CNC High-Definition Plasma & Laser Table,Cutting & Profiling,1.07,none,0.0,0.0,0.0,Shift C (Night),30.4,0.0
2026-09-01 05:00:00,Hydraulic Plate Bending Roll (500T),Forming & Rolling,1.42,none,0.0,0.0,0.0,Shift C (Night),29.5,0.0
2026-09-01 05:00:00,Gas-Fired Post-Weld Heat Treatment Furnace,Annealing & Stress Relief,1.5,natural_gas,0.0,0.0,0.0,Shift C (Night),28.9,0.0
2026-09-01 05:00:00,Automated Wheelabrator Blast Room,Surface Preparation,1.42,none,0.0,0.0,0.0,Shift C (Night),32.0,0.0
2026-09-01 05:00:00,Industrial Rotary Screw Air Compressor,Compressed Air Utility,22.93,none,0.0,0.0,0.0,Shift C (Night),32.0,5.95
2026-09-01 05:00:00,Dust Collector & Fume Extraction Blower,Ventilation & Environmental,34.32,none,0.0,0.0,1.0,Shift C (Night),30.5,0.49
2026-09-01 06:00:00,Robotic GMAW Heavy Welding Gantry,Welding & Joining,38.72,none,0.0,285.3,1.0,Shift A (Morning),121.2,1.01
2026-09-01 06:00:00,CNC High-Definition Plasma & Laser Table,Cutting & Profiling,50.17,none,0.0,405.2,1.0,Shift A (Morning),44.8,7.9
2026-09-01 06:00:00,Hydraulic Plate Bending Roll (500T),Forming & Rolling,42.77,none,0.0,350.0,1.0,Shift A (Morning),34.6,175.01
2026-09-01 06:00:00,Gas-Fired Post-Weld Heat Treatment Furnace,Annealing & Stress Relief,28.95,natural_gas,49.63,672.0,1.0,Shift A (Morning),622.4,1.13
2026-09-01 06:00:00,Automated Wheelabrator Blast Room,Surface Preparation,46.88,none,0.0,407.7,1.0,Shift A (Morning),31.8,5.92
2026-09-01 06:00:00,Industrial Rotary Screw Air Compressor,Compressed Air Utility,58.67,none,0.0,0.0,1.0,Shift A (Morning),40.4,7.01
2026-09-01 06:00:00,Dust Collector & Fume Extraction Blower,Ventilation & Environmental,35.3,none,0.0,0.0,1.0,Shift A (Morning),30.2,0.49
2026-09-01 07:00:00,Robotic GMAW Heavy Welding Gantry,Welding & Joining,36.55,none,0.0,269.3,1.0,Shift A (Morning),121.7,0.99
2026-09-01 07:00:00,CNC High-Definition Plasma & Laser Table,Cutting & Profiling,50.93,none,0.0,411.3,1.0,Shift A (Morning),45.1,8.2
2026-09-01 07:00:00,Hydraulic Plate Bending Roll (500T),Forming & Rolling,44.58,none,0.0,364.8,1.0,Shift A (Morning),34.6,182.02
2026-09-01 07:00:00,Gas-Fired Post-Weld Heat Treatment Furnace,Annealing & Stress Relief,28.49,natural_gas,48.84,661.4,1.0,Shift A (Morning),622.7,1.09
2026-09-01 07:00:00,Automated Wheelabrator Blast Room,Surface Preparation,45.34,none,0.0,394.3,1.0,Shift A (Morning),31.9,5.82
2026-09-01 07:00:00,Industrial Rotary Screw Air Compressor,Compressed Air Utility,59.72,none,0.0,0.0,1.0,Shift A (Morning),39.3,6.87
2026-09-01 07:00:00,Dust Collector & Fume Extraction Blower,Ventilation & Environmental,34.37,none,0.0,0.0,1.0,Shift A (Morning),29.6,0.49
2026-09-01 08:00:00,Robotic GMAW Heavy Welding Gantry,Welding & Joining,36.76,none,0.0,270.9,1.0,Shift A (Morning),120.4,1.02
2026-09-01 08:00:00,CNC High-Definition Plasma & Laser Table,Cutting & Profiling,53.8,none,0.0,434.5,1.0,Shift A (Morning),44.5,7.8
2026-09-01 08:00:00,Hydraulic Plate Bending Roll (500T),Forming & Rolling,44.79,none,0.0,366.5,1.0,Shift A (Morning),34.7,182.39
2026-09-01 08:00:00,Gas-Fired Post-Weld Heat Treatment Furnace,Annealing & Stress Relief,27.43,natural_gas,47.02,636.7,1.0,Shift A (Morning),612.0,1.08
2026-09-01 08:00:00,Automated Wheelabrator Blast Room,Surface Preparation,45.21,none,0.0,393.1,1.0,Shift A (Morning),31.9,6.05
2026-09-01 08:00:00,Industrial Rotary Screw Air Compressor,Compressed Air Utility,56.94,none,0.0,0.0,1.0,Shift A (Morning),40.5,6.82
2026-09-01 08:00:00,Dust Collector & Fume Extraction Blower,Ventilation & Environmental,35.29,none,0.0,0.0,1.0,Shift A (Morning),29.9,0.49
2026-09-01 09:00:00,Robotic GMAW Heavy Welding Gantry,Welding & Joining,37.82,none,0.0,278.7,1.0,Shift A (Morning),120.0,1.01
2026-09-01 09:00:00,CNC High-Definition Plasma & Laser Table,Cutting & Profiling,53.08,none,0.0,428.7,1.0,Shift A (Morning),45.6,8.14
2026-09-01 09:00:00,Hydraulic Plate Bending Roll (500T),Forming & Rolling,42.31,none,0.0,346.2,1.0,Shift A (Morning),34.8,183.82
2026-09-01 09:00:00,Gas-Fired Post-Weld Heat Treatment Furnace,Annealing & Stress Relief,28.58,natural_gas,48.99,663.5,1.0,Shift A (Morning),630.5,1.11
2026-09-01 09:00:00,Automated Wheelabrator Blast Room,Surface Preparation,44.72,none,0.0,388.9,1.0,Shift A (Morning),32.3,5.91
2026-09-01 09:00:00,Industrial Rotary Screw Air Compressor,Compressed Air Utility,57.83,none,0.0,0.0,1.0,Shift A (Morning),39.9,6.95
2026-09-01 09:00:00,Dust Collector & Fume Extraction Blower,Ventilation & Environmental,34.29,none,0.0,0.0,1.0,Shift A (Morning),29.5,0.49
2026-09-01 10:00:00,Robotic GMAW Heavy Welding Gantry,Welding & Joining,37.91,none,0.0,279.3,1.0,Shift A (Morning),118.3,0.98
2026-09-01 10:00:00,CNC High-Definition Plasma & Laser Table,Cutting & Profiling,49.97,none,0.0,403.6,1.0,Shift A (Morning),45.0,8.11
2026-09-01 10:00:00,Hydraulic Plate Bending Roll (500T),Forming & Rolling,43.97,none,0.0,359.8,1.0,Shift A (Morning),35.6,184.76
2026-09-01 10:00:00,Gas-Fired Post-Weld Heat Treatment Furnace,Annealing & Stress Relief,29.05,natural_gas,49.81,674.5,1.0,Shift A (Morning),616.9,1.1
2026-09-01 10:00:00,Automated Wheelabrator Blast Room,Surface Preparation,46.52,none,0.0,404.5,1.0,Shift A (Morning),32.1,5.97
2026-09-01 10:00:00,Industrial Rotary Screw Air Compressor,Compressed Air Utility,55.86,none,0.0,0.0,1.0,Shift A (Morning),40.7,6.95
2026-09-01 10:00:00,Dust Collector & Fume Extraction Blower,Ventilation & Environmental,34.18,none,0.0,0.0,1.0,Shift A (Morning),29.6,0.5
2026-09-01 11:00:00,Robotic GMAW Heavy Welding Gantry,Welding & Joining,37.26,none,0.0,274.5,1.0,Shift A (Morning),122.0,1.01
2026-09-01 11:00:00,CNC High-Definition Plasma & Laser Table,Cutting & Profiling,52.04,none,0.0,420.3,1.0,Shift A (Morning),45.0,8.09
2026-09-01 11:00:00,Hydraulic Plate Bending Roll (500T),Forming & Rolling,44.69,none,0.0,365.7,1.0,Shift A (Morning),35.2,184.61
2026-09-01 11:00:00,Gas-Fired Post-Weld Heat Treatment Furnace,Annealing & Stress Relief,28.53,natural_gas,48.9,662.3,1.0,Shift A (Morning),613.6,1.07
2026-09-01 11:00:00,Automated Wheelabrator Blast Room,Surface Preparation,47.15,none,0.0,410.0,1.0,Shift A (Morning),32.2,6.06
2026-09-01 11:00:00,Industrial Rotary Screw Air Compressor,Compressed Air Utility,58.92,none,0.0,0.0,1.0,Shift A (Morning),40.2,6.9
2026-09-01 11:00:00,Dust Collector & Fume Extraction Blower,Ventilation & Environmental,33.88,none,0.0,0.0,1.0,Shift A (Morning),30.2,0.49
2026-09-01 12:00:00,Robotic GMAW Heavy Welding Gantry,Welding & Joining,38.31,none,0.0,282.3,1.0,Shift A (Morning),122.2,1.02
2026-09-01 12:00:00,CNC High-Definition Plasma & Laser Table,Cutting & Profiling,49.97,none,0.0,403.6,1.0,Shift A (Morning),45.5,8.07
2026-09-01 12:00:00,Hydraulic Plate Bending Roll (500T),Forming & Rolling,45.47,none,0.0,372.0,1.0,Shift A (Morning),34.9,180.93
2026-09-01 12:00:00,Gas-Fired Post-Weld Heat Treatment Furnace,Annealing & Stress Relief,28.9,natural_gas,49.54,670.9,1.0,Shift A (Morning),620.5,1.08
2026-09-01 12:00:00,Automated Wheelabrator Blast Room,Surface Preparation,45.72,none,0.0,397.5,1.0,Shift A (Morning),32.4,5.91
2026-09-01 12:00:00,Industrial Rotary Screw Air Compressor,Compressed Air Utility,57.08,none,0.0,0.0,1.0,Shift A (Morning),40.7,7.07
2026-09-01 12:00:00,Dust Collector & Fume Extraction Blower,Ventilation & Environmental,33.68,none,0.0,0.0,1.0,Shift A (Morning),29.8,0.5
2026-09-01 13:00:00,Robotic GMAW Heavy Welding Gantry,Welding & Joining,39.14,none,0.0,288.4,1.0,Shift A (Morning),121.1,0.98
2026-09-01 13:00:00,CNC High-Definition Plasma & Laser Table,Cutting & Profiling,52.57,none,0.0,424.6,1.0,Shift A (Morning),45.5,7.93
2026-09-01 13:00:00,Hydraulic Plate Bending Roll (500T),Forming & Rolling,42.74,none,0.0,349.7,1.0,Shift A (Morning),35.3,184.64
2026-09-01 13:00:00,Gas-Fired Post-Weld Heat Treatment Furnace,Annealing & Stress Relief,27.77,natural_gas,47.61,644.7,1.0,Shift A (Morning),615.2,1.13
2026-09-01 13:00:00,Automated Wheelabrator Blast Room,Surface Preparation,47.16,none,0.0,410.1,1.0,Shift A (Morning),31.4,5.85
2026-09-01 13:00:00,Industrial Rotary Screw Air Compressor,Compressed Air Utility,58.91,none,0.0,0.0,1.0,Shift A (Morning),40.0,7.06
2026-09-01 13:00:00,Dust Collector & Fume Extraction Blower,Ventilation & Environmental,34.63,none,0.0,0.0,1.0,Shift A (Morning),29.6,0.5
2026-09-01 14:00:00,Robotic GMAW Heavy Welding Gantry,Welding & Joining,38.62,none,0.0,284.6,1.0,Shift B (Evening),118.6,0.98
2026-09-01 14:00:00,CNC High-Definition Plasma & Laser Table,Cutting & Profiling,53.87,none,0.0,435.1,1.0,Shift B (Evening),44.9,8.15
2026-09-01 14:00:00,Hydraulic Plate Bending Roll (500T),Forming & Rolling,42.89,none,0.0,350.9,1.0,Shift B (Evening),34.4,176.57
2026-09-01 14:00:00,Gas-Fired Post-Weld Heat Treatment Furnace,Annealing & Stress Relief,28.58,natural_gas,49.0,663.5,1.0,Shift B (Evening),614.0,1.13
2026-09-01 14:00:00,Automated Wheelabrator Blast Room,Surface Preparation,45.66,none,0.0,397.1,1.0,Shift B (Evening),32.2,6.04
2026-09-01 14:00:00,Industrial Rotary Screw Air Compressor,Compressed Air Utility,59.71,none,0.0,0.0,1.0,Shift B (Evening),39.5,6.91
2026-09-01 14:00:00,Dust Collector & Fume Extraction Blower,Ventilation & Environmental,33.67,none,0.0,0.0,1.0,Shift B (Evening),29.7,0.5
2026-09-01 15:00:00,Robotic GMAW Heavy Welding Gantry,Welding & Joining,38.26,none,0.0,281.9,1.0,Shift B (Evening),119.9,1.01
2026-09-01 15:00:00,CNC High-Definition Plasma & Laser Table,Cutting & Profiling,50.34,none,0.0,406.6,1.0,Shift B (Evening),44.2,8.12
2026-09-01 15:00:00,Hydraulic Plate Bending Roll (500T),Forming & Rolling,42.27,none,0.0,345.8,1.0,Shift B (Evening),35.1,185.27
2026-09-01 15:00:00,Gas-Fired Post-Weld Heat Treatment Furnace,Annealing & Stress Relief,27.1,natural_gas,46.45,629.0,1.0,Shift B (Evening),620.6,1.07
2026-09-01 15:00:00,Automated Wheelabrator Blast Room,Surface Preparation,46.38,none,0.0,403.3,1.0,Shift B (Evening),32.6,6.09
2026-09-01 15:00:00,Industrial Rotary Screw Air Compressor,Compressed Air Utility,60.01,none,0.0,0.0,1.0,Shift B (Evening),40.0,6.93
2026-09-01 15:00:00,Dust Collector & Fume Extraction Blower,Ventilation & Environmental,33.81,none,0.0,0.0,1.0,Shift B (Evening),29.8,0.51
2026-09-01 16:00:00,Robotic GMAW Heavy Welding Gantry,Welding & Joining,39.52,none,0.0,291.2,1.0,Shift B (Evening),121.5,1.03
2026-09-01 16:00:00,CNC High-Definition Plasma & Laser Table,Cutting & Profiling,52.69,none,0.0,425.5,1.0,Shift B (Evening),44.8,7.79
2026-09-01 16:00:00,Hydraulic Plate Bending Roll (500T),Forming & Rolling,43.49,none,0.0,355.9,1.0,Shift B (Evening),34.8,175.68
2026-09-01 16:00:00,Gas-Fired Post-Weld Heat Treatment Furnace,Annealing & Stress Relief,27.9,natural_gas,47.83,647.8,1.0,Shift B (Evening),624.9,1.11
2026-09-01 16:00:00,Automated Wheelabrator Blast Room,Surface Preparation,47.43,none,0.0,412.4,1.0,Shift B (Evening),31.5,6.04
2026-09-01 16:00:00,Industrial Rotary Screw Air Compressor,Compressed Air Utility,59.71,none,0.0,0.0,1.0,Shift B (Evening),39.6,7.08
2026-09-01 16:00:00,Dust Collector & Fume Extraction Blower,Ventilation & Environmental,34.86,none,0.0,0.0,1.0,Shift B (Evening),29.8,0.5
2026-09-01 17:00:00,Robotic GMAW Heavy Welding Gantry,Welding & Joining,38.48,none,0.0,283.6,1.0,Shift B (Evening),119.9,0.99
2026-09-01 17:00:00,CNC High-Definition Plasma & Laser Table,Cutting & Profiling,50.7,none,0.0,409.5,1.0,Shift B (Evening),45.9,8.22
2026-09-01 17:00:00,Hydraulic Plate Bending Roll (500T),Forming & Rolling,45.1,none,0.0,369.0,1.0,Shift B (Evening),34.3,178.49
2026-09-01 17:00:00,Gas-Fired Post-Weld Heat Treatment Furnace,Annealing & Stress Relief,26.98,natural_gas,46.26,626.4,1.0,Shift B (Evening),627.6,1.09
2026-09-01 17:00:00,Automated Wheelabrator Blast Room,Surface Preparation,45.8,none,0.0,398.2,1.0,Shift B (Evening),32.1,5.96
2026-09-01 17:00:00,Industrial Rotary Screw Air Compressor,Compressed Air Utility,58.52,none,0.0,0.0,1.0,Shift B (Evening),39.3,6.97
2026-09-01 17:00:00,Dust Collector & Fume Extraction Blower,Ventilation & Environmental,35.17,none,0.0,0.0,1.0,Shift B (Evening),30.5,0.51
2026-09-01 18:00:00,Robotic GMAW Heavy Welding Gantry,Welding & Joining,39.09,none,0.0,288.0,1.0,Shift B (Evening),121.9,1.01
2026-09-01 18:00:00,CNC High-Definition Plasma & Laser Table,Cutting & Profiling,51.14,none,0.0,413.1,1.0,Shift B (Evening),44.5,7.83
2026-09-01 18:00:00,Hydraulic Plate Bending Roll (500T),Forming & Rolling,44.07,none,0.0,360.6,1.0,Shift B (Evening),35.1,183.85
2026-09-01 18:00:00,Gas-Fired Post-Weld Heat Treatment Furnace,Annealing & Stress Relief,28.01,natural_gas,48.02,650.2,1.0,Shift B (Evening),610.8,1.12
2026-09-01 18:00:00,Automated Wheelabrator Blast Room,Surface Preparation,45.27,none,0.0,393.6,1.0,Shift B (Evening),32.2,6.02
2026-09-01 18:00:00,Industrial Rotary Screw Air Compressor,Compressed Air Utility,59.74,none,0.0,0.0,1.0,Shift B (Evening),39.5,6.98
2026-09-01 18:00:00,Dust Collector & Fume Extraction Blower,Ventilation & Environmental,32.95,none,0.0,0.0,1.0,Shift B (Evening),30.2,0.49
2026-09-01 19:00:00,Robotic GMAW Heavy Welding Gantry,Welding & Joining,37.12,none,0.0,273.5,1.0,Shift B (Evening),121.2,1.01
2026-09-01 19:00:00,CNC High-Definition Plasma & Laser Table,Cutting & Profiling,50.29,none,0.0,406.2,1.0,Shift B (Evening),44.9,8.1
2026-09-01 19:00:00,Hydraulic Plate Bending Roll (500T),Forming & Rolling,42.8,none,0.0,350.2,1.0,Shift B (Evening),35.6,184.35
2026-09-01 19:00:00,Gas-Fired Post-Weld Heat Treatment Furnace,Annealing & Stress Relief,28.6,natural_gas,49.02,663.8,1.0,Shift B (Evening),613.1,1.08
2026-09-01 19:00:00,Automated Wheelabrator Blast Room,Surface Preparation,45.91,none,0.0,399.2,1.0,Shift B (Evening),32.5,5.86
2026-09-01 19:00:00,Industrial Rotary Screw Air Compressor,Compressed Air Utility,56.31,none,0.0,0.0,1.0,Shift B (Evening),40.1,7.09
2026-09-01 19:00:00,Dust Collector & Fume Extraction Blower,Ventilation & Environmental,32.89,none,0.0,0.0,1.0,Shift B (Evening),30.2,0.51
2026-09-01 20:00:00,Robotic GMAW Heavy Welding Gantry,Welding & Joining,39.31,none,0.0,289.7,1.0,Shift B (Evening),121.3,1.01
2026-09-01 20:00:00,CNC High-Definition Plasma & Laser Table,Cutting & Profiling,52.6,none,0.0,424.8,1.0,Shift B (Evening),44.8,8.1
2026-09-01 20:00:00,Hydraulic Plate Bending Roll (500T),Forming & Rolling,44.83,none,0.0,366.8,1.0,Shift B (Evening),34.8,181.53
2026-09-01 20:00:00,Gas-Fired Post-Weld Heat Treatment Furnace,Annealing & Stress Relief,28.14,natural_gas,48.24,653.2,1.0,Shift B (Evening),628.8,1.12
2026-09-01 20:00:00,Automated Wheelabrator Blast Room,Surface Preparation,44.98,none,0.0,391.2,1.0,Shift B (Evening),31.5,5.85
2026-09-01 20:00:00,Industrial Rotary Screw Air Compressor,Compressed Air Utility,56.09,none,0.0,0.0,1.0,Shift B (Evening),40.4,7.18
2026-09-01 20:00:00,Dust Collector & Fume Extraction Blower,Ventilation & Environmental,34.67,none,0.0,0.0,1.0,Shift B (Evening),29.5,0.5
2026-09-01 21:00:00,Robotic GMAW Heavy Welding Gantry,Welding & Joining,39.07,none,0.0,287.9,1.0,Shift B (Evening),122.2,1.0
2026-09-01 21:00:00,CNC High-Definition Plasma & Laser Table,Cutting & Profiling,49.93,none,0.0,403.3,1.0,Shift B (Evening),44.2,8.02
2026-09-01 21:00:00,Hydraulic Plate Bending Roll (500T),Forming & Rolling,45.22,none,0.0,370.0,1.0,Shift B (Evening),35.7,178.05
2026-09-01 21:00:00,Gas-Fired Post-Weld Heat Treatment Furnace,Annealing & Stress Relief,27.7,natural_gas,47.48,643.0,1.0,Shift B (Evening),624.4,1.12
2026-09-01 21:00:00,Automated Wheelabrator Blast Room,Surface Preparation,46.07,none,0.0,400.6,1.0,Shift B (Evening),32.1,5.9
2026-09-01 21:00:00,Industrial Rotary Screw Air Compressor,Compressed Air Utility,57.51,none,0.0,0.0,1.0,Shift B (Evening),40.1,6.98
2026-09-01 21:00:00,Dust Collector & Fume Extraction Blower,Ventilation & Environmental,33.03,none,0.0,0.0,1.0,Shift B (Evening),30.5,0.51
2026-09-01 22:00:00,Robotic GMAW Heavy Welding Gantry,Welding & Joining,38.0,none,0.0,280.0,1.0,Shift C (Night),119.8,1.01
2026-09-01 22:00:00,CNC High-Definition Plasma & Laser Table,Cutting & Profiling,50.53,none,0.0,408.1,1.0,Shift C (Night),45.3,8.14
2026-09-01 22:00:00,Hydraulic Plate Bending Roll (500T),Forming & Rolling,44.71,none,0.0,365.8,1.0,Shift C (Night),35.1,177.94
2026-09-01 22:00:00,Gas-Fired Post-Weld Heat Treatment Furnace,Annealing & Stress Relief,29.1,natural_gas,49.88,675.5,1.0,Shift C (Night),610.7,1.13
2026-09-01 22:00:00,Automated Wheelabrator Blast Room,Surface Preparation,46.76,none,0.0,406.6,1.0,Shift C (Night),32.0,6.12
2026-09-01 22:00:00,Industrial Rotary Screw Air Compressor,Compressed Air Utility,57.98,none,0.0,0.0,1.0,Shift C (Night),40.3,6.95
2026-09-01 22:00:00,Dust Collector & Fume Extraction Blower,Ventilation & Environmental,35.31,none,0.0,0.0,1.0,Shift C (Night),29.8,0.51
2026-09-01 23:00:00,Robotic GMAW Heavy Welding Gantry,Welding & Joining,37.12,none,0.0,273.5,1.0,Shift C (Night),121.1,1.02
2026-09-01 23:00:00,CNC High-Definition Plasma & Laser Table,Cutting & Profiling,1.58,none,0.0,0.0,0.0,Shift C (Night),28.2,0.0
2026-09-01 23:00:00,Hydraulic Plate Bending Roll (500T),Forming & Rolling,1.81,none,0.0,0.0,0.0,Shift C (Night),28.7,0.0
2026-09-01 23:00:00,Gas-Fired Post-Weld Heat Treatment Furnace,Annealing & Stress Relief,27.97,natural_gas,47.95,649.4,1.0,Shift C (Night),617.3,1.13
2026-09-01 23:00:00,Automated Wheelabrator Blast Room,Surface Preparation,1.52,none,0.0,0.0,0.0,Shift C (Night),31.4,0.0
2026-09-01 23:00:00,Industrial Rotary Screw Air Compressor,Compressed Air Utility,25.96,none,0.0,0.0,0.0,Shift C (Night),32.0,5.95
2026-09-01 23:00:00,Dust Collector & Fume Extraction Blower,Ventilation & Environmental,34.13,none,0.0,0.0,1.0,Shift C (Night),29.8,0.51
2026-09-02 00:00:00,Robotic GMAW Heavy Welding Gantry,Welding & Joining,1.99,none,0.0,0.0,0.0,Shift C (Night),31.0,0.0
2026-09-02 00:00:00,CNC High-Definition Plasma & Laser Table,Cutting & Profiling,1.15,none,0.0,0.0,0.0,Shift C (Night),30.1,0.0
2026-09-02 00:00:00,Hydraulic Plate Bending Roll (500T),Forming & Rolling,1.0,none,0.0,0.0,0.0,Shift C (Night),30.8,0.0
2026-09-02 00:00:00,Gas-Fired Post-Weld Heat Treatment Furnace,Annealing & Stress Relief,0.87,natural_gas,0.0,0.0,0.0,Shift C (Night),31.4,0.0
2026-09-02 00:00:00,Automated Wheelabrator Blast Room,Surface Preparation,1.15,none,0.0,0.0,0.0,Shift C (Night),28.5,0.0
2026-09-02 00:00:00,Industrial Rotary Screw Air Compressor,Compressed Air Utility,25.01,none,0.0,0.0,0.0,Shift C (Night),32.0,5.95
2026-09-02 00:00:00,Dust Collector & Fume Extraction Blower,Ventilation & Environmental,34.22,none,0.0,0.0,1.0,Shift C (Night),30.4,0.51
2026-09-02 01:00:00,Robotic GMAW Heavy Welding Gantry,Welding & Joining,1.59,none,0.0,0.0,0.0,Shift C (Night),29.8,0.0
2026-09-02 01:00:00,CNC High-Definition Plasma & Laser Table,Cutting & Profiling,0.83,none,0.0,0.0,0.0,Shift C (Night),28.6,0.0
2026-09-02 01:00:00,Hydraulic Plate Bending Roll (500T),Forming & Rolling,1.57,none,0.0,0.0,0.0,Shift C (Night),29.2,0.0
2026-09-02 01:00:00,Gas-Fired Post-Weld Heat Treatment Furnace,Annealing & Stress Relief,0.8,natural_gas,0.0,0.0,0.0,Shift C (Night),28.9,0.0
2026-09-02 01:00:00,Automated Wheelabrator Blast Room,Surface Preparation,1.65,none,0.0,0.0,0.0,Shift C (Night),30.9,0.0
2026-09-02 01:00:00,Industrial Rotary Screw Air Compressor,Compressed Air Utility,22.04,none,0.0,0.0,0.0,Shift C (Night),32.0,5.95
2026-09-02 01:00:00,Dust Collector & Fume Extraction Blower,Ventilation & Environmental,34.61,none,0.0,0.0,1.0,Shift C (Night),30.1,0.51
2026-09-02 02:00:00,Robotic GMAW Heavy Welding Gantry,Welding & Joining,1.98,none,0.0,0.0,0.0,Shift C (Night),28.6,0.0
2026-09-02 02:00:00,CNC High-Definition Plasma & Laser Table,Cutting & Profiling,1.93,none,0.0,0.0,0.0,Shift C (Night),29.7,0.0
2026-09-02 02:00:00,Hydraulic Plate Bending Roll (500T),Forming & Rolling,1.78,none,0.0,0.0,0.0,Shift C (Night),31.7,0.0
2026-09-02 02:00:00,Gas-Fired Post-Weld Heat Treatment Furnace,Annealing & Stress Relief,0.73,natural_gas,0.0,0.0,0.0,Shift C (Night),31.9,0.0
2026-09-02 02:00:00,Automated Wheelabrator Blast Room,Surface Preparation,0.85,none,0.0,0.0,0.0,Shift C (Night),28.2,0.0
2026-09-02 02:00:00,Industrial Rotary Screw Air Compressor,Compressed Air Utility,25.92,none,0.0,0.0,0.0,Shift C (Night),32.0,5.95
2026-09-02 02:00:00,Dust Collector & Fume Extraction Blower,Ventilation & Environmental,34.41,none,0.0,0.0,1.0,Shift C (Night),30.1,0.51
2026-09-02 03:00:00,Robotic GMAW Heavy Welding Gantry,Welding & Joining,1.48,none,0.0,0.0,0.0,Shift C (Night),29.6,0.0
2026-09-02 03:00:00,CNC High-Definition Plasma & Laser Table,Cutting & Profiling,0.65,none,0.0,0.0,0.0,Shift C (Night),29.0,0.0
2026-09-02 03:00:00,Hydraulic Plate Bending Roll (500T),Forming & Rolling,1.28,none,0.0,0.0,0.0,Shift C (Night),30.8,0.0
2026-09-02 03:00:00,Gas-Fired Post-Weld Heat Treatment Furnace,Annealing & Stress Relief,1.94,natural_gas,0.0,0.0,0.0,Shift C (Night),30.6,0.0
2026-09-02 03:00:00,Automated Wheelabrator Blast Room,Surface Preparation,1.13,none,0.0,0.0,0.0,Shift C (Night),30.8,0.0
2026-09-02 03:00:00,Industrial Rotary Screw Air Compressor,Compressed Air Utility,25.18,none,0.0,0.0,0.0,Shift C (Night),32.0,5.95
2026-09-02 03:00:00,Dust Collector & Fume Extraction Blower,Ventilation & Environmental,34.43,none,0.0,0.0,1.0,Shift C (Night),30.3,0.51
2026-09-02 04:00:00,Robotic GMAW Heavy Welding Gantry,Welding & Joining,1.51,none,0.0,0.0,0.0,Shift C (Night),29.1,0.0
2026-09-02 04:00:00,CNC High-Definition Plasma & Laser Table,Cutting & Profiling,1.51,none,0.0,0.0,0.0,Shift C (Night),29.5,0.0
2026-09-02 04:00:00,Hydraulic Plate Bending Roll (500T),Forming & Rolling,0.77,none,0.0,0.0,0.0,Shift C (Night),28.3,0.0
2026-09-02 04:00:00,Gas-Fired Post-Weld Heat Treatment Furnace,Annealing & Stress Relief,1.28,natural_gas,0.0,0.0,0.0,Shift C (Night),30.7,0.0
2026-09-02 04:00:00,Automated Wheelabrator Blast Room,Surface Preparation,1.31,none,0.0,0.0,0.0,Shift C (Night),28.1,0.0
2026-09-02 04:00:00,Industrial Rotary Screw Air Compressor,Compressed Air Utility,24.29,none,0.0,0.0,0.0,Shift C (Night),32.0,5.95
2026-09-02 04:00:00,Dust Collector & Fume Extraction Blower,Ventilation & Environmental,34.2,none,0.0,0.0,1.0,Shift C (Night),29.7,0.51
2026-09-02 05:00:00,Robotic GMAW Heavy Welding Gantry,Welding & Joining,1.71,none,0.0,0.0,0.0,Shift C (Night),28.7,0.0
2026-09-02 05:00:00,CNC High-Definition Plasma & Laser Table,Cutting & Profiling,1.28,none,0.0,0.0,0.0,Shift C (Night),30.6,0.0
2026-09-02 05:00:00,Hydraulic Plate Bending Roll (500T),Forming & Rolling,1.21,none,0.0,0.0,0.0,Shift C (Night),30.3,0.0
2026-09-02 05:00:00,Gas-Fired Post-Weld Heat Treatment Furnace,Annealing & Stress Relief,0.74,natural_gas,0.0,0.0,0.0,Shift C (Night),28.3,0.0
2026-09-02 05:00:00,Automated Wheelabrator Blast Room,Surface Preparation,1.87,none,0.0,0.0,0.0,Shift C (Night),31.2,0.0
2026-09-02 05:00:00,Industrial Rotary Screw Air Compressor,Compressed Air Utility,22.74,none,0.0,0.0,0.0,Shift C (Night),32.0,5.95
2026-09-02 05:00:00,Dust Collector & Fume Extraction Blower,Ventilation & Environmental,34.85,none,0.0,0.0,1.0,Shift C (Night),29.4,0.5
2026-09-02 06:00:00,Robotic GMAW Heavy Welding Gantry,Welding & Joining,38.11,none,0.0,280.8,1.0,Shift A (Morning),121.5,1.0
2026-09-02 06:00:00,CNC High-Definition Plasma & Laser Table,Cutting & Profiling,52.08,none,0.0,420.6,1.0,Shift A (Morning),45.2,8.1
2026-09-02 06:00:00,Hydraulic Plate Bending Roll (500T),Forming & Rolling,45.02,none,0.0,368.4,1.0,Shift A (Morning),34.5,182.73
2026-09-02 06:00:00,Gas-Fired Post-Weld Heat Treatment Furnace,Annealing & Stress Relief,29.04,natural_gas,49.79,674.2,1.0,Shift A (Morning),629.9,1.08
2026-09-02 06:00:00,Automated Wheelabrator Blast Room,Surface Preparation,46.36,none,0.0,403.2,1.0,Shift A (Morning),31.6,6.02
2026-09-02 06:00:00,Industrial Rotary Screw Air Compressor,Compressed Air Utility,59.39,none,0.0,0.0,1.0,Shift A (Morning),39.4,6.84
2026-09-02 06:00:00,Dust Collector & Fume Extraction Blower,Ventilation & Environmental,33.2,none,0.0,0.0,1.0,Shift A (Morning),29.6,0.5
2026-09-02 07:00:00,Robotic GMAW Heavy Welding Gantry,Welding & Joining,39.07,none,0.0,287.9,1.0,Shift A (Morning),117.8,1.03
2026-09-02 07:00:00,CNC High-Definition Plasma & Laser Table,Cutting & Profiling,52.03,none,0.0,420.2,1.0,Shift A (Morning),44.8,8.02
2026-09-02 07:00:00,Hydraulic Plate Bending Roll (500T),Forming & Rolling,43.73,none,0.0,357.8,1.0,Shift A (Morning),35.6,174.6
2026-09-02 07:00:00,Gas-Fired Post-Weld Heat Treatment Furnace,Annealing & Stress Relief,27.55,natural_gas,47.23,639.6,1.0,Shift A (Morning),631.1,1.1
2026-09-02 07:00:00,Automated Wheelabrator Blast Room,Surface Preparation,47.04,none,0.0,409.0,1.0,Shift A (Morning),32.2,5.98
2026-09-02 07:00:00,Industrial Rotary Screw Air Compressor,Compressed Air Utility,58.36,none,0.0,0.0,1.0,Shift A (Morning),40.3,7.01
2026-09-02 07:00:00,Dust Collector & Fume Extraction Blower,Ventilation & Environmental,35.32,none,0.0,0.0,1.0,Shift A (Morning),29.8,0.5
2026-09-02 08:00:00,Robotic GMAW Heavy Welding Gantry,Welding & Joining,37.12,none,0.0,273.5,1.0,Shift A (Morning),118.1,1.02
2026-09-02 08:00:00,CNC High-Definition Plasma & Laser Table,Cutting & Profiling,50.91,none,0.0,411.2,1.0,Shift A (Morning),44.4,7.9
2026-09-02 08:00:00,Hydraulic Plate Bending Roll (500T),Forming & Rolling,45.17,none,0.0,369.6,1.0,Shift A (Morning),35.6,181.1
2026-09-02 08:00:00,Gas-Fired Post-Weld Heat Treatment Furnace,Annealing & Stress Relief,27.36,natural_gas,46.91,635.2,1.0,Shift A (Morning),616.5,1.08
2026-09-02 08:00:00,Automated Wheelabrator Blast Room,Surface Preparation,46.45,none,0.0,403.9,1.0,Shift A (Morning),31.5,5.91
2026-09-02 08:00:00,Industrial Rotary Screw Air Compressor,Compressed Air Utility,57.45,none,0.0,0.0,1.0,Shift A (Morning),40.6,6.96
2026-09-02 08:00:00,Dust Collector & Fume Extraction Blower,Ventilation & Environmental,32.87,none,0.0,0.0,1.0,Shift A (Morning),29.7,0.5
2026-09-02 09:00:00,Robotic GMAW Heavy Welding Gantry,Welding & Joining,38.59,none,0.0,284.4,1.0,Shift A (Morning),120.2,0.97
2026-09-02 09:00:00,CNC High-Definition Plasma & Laser Table,Cutting & Profiling,52.97,none,0.0,427.8,1.0,Shift A (Morning),45.9,8.09
2026-09-02 09:00:00,Hydraulic Plate Bending Roll (500T),Forming & Rolling,42.92,none,0.0,351.1,1.0,Shift A (Morning),34.8,181.7
2026-09-02 09:00:00,Gas-Fired Post-Weld Heat Treatment Furnace,Annealing & Stress Relief,28.72,natural_gas,49.23,666.7,1.0,Shift A (Morning),622.6,1.09
2026-09-02 09:00:00,Automated Wheelabrator Blast Room,Surface Preparation,44.72,none,0.0,388.9,1.0,Shift A (Morning),32.6,5.98
2026-09-02 09:00:00,Industrial Rotary Screw Air Compressor,Compressed Air Utility,55.8,none,0.0,0.0,1.0,Shift A (Morning),40.2,6.82
2026-09-02 09:00:00,Dust Collector & Fume Extraction Blower,Ventilation & Environmental,32.98,none,0.0,0.0,1.0,Shift A (Morning),29.5,0.5
2026-09-02 10:00:00,Robotic GMAW Heavy Welding Gantry,Welding & Joining,36.68,none,0.0,270.3,1.0,Shift A (Morning),120.7,0.99
2026-09-02 10:00:00,CNC High-Definition Plasma & Laser Table,Cutting & Profiling,51.31,none,0.0,414.4,1.0,Shift A (Morning),44.6,8.18
2026-09-02 10:00:00,Hydraulic Plate Bending Roll (500T),Forming & Rolling,43.03,none,0.0,352.1,1.0,Shift A (Morning),34.3,178.67
2026-09-02 10:00:00,Gas-Fired Post-Weld Heat Treatment Furnace,Annealing & Stress Relief,29.05,natural_gas,49.8,674.4,1.0,Shift A (Morning),617.0,1.07
2026-09-02 10:00:00,Automated Wheelabrator Blast Room,Surface Preparation,47.57,none,0.0,413.6,1.0,Shift A (Morning),31.6,6.08
2026-09-02 10:00:00,Industrial Rotary Screw Air Compressor,Compressed Air Utility,57.1,none,0.0,0.0,1.0,Shift A (Morning),40.5,7.0
2026-09-02 10:00:00,Dust Collector & Fume Extraction Blower,Ventilation & Environmental,34.08,none,0.0,0.0,1.0,Shift A (Morning),30.2,0.51
2026-09-02 11:00:00,Robotic GMAW Heavy Welding Gantry,Welding & Joining,38.16,none,0.0,281.2,1.0,Shift A (Morning),120.5,1.02
2026-09-02 11:00:00,CNC High-Definition Plasma & Laser Table,Cutting & Profiling,50.63,none,0.0,408.9,1.0,Shift A (Morning),45.8,7.95
2026-09-02 11:00:00,Hydraulic Plate Bending Roll (500T),Forming & Rolling,43.46,none,0.0,355.5,1.0,Shift A (Morning),35.3,185.05
2026-09-02 11:00:00,Gas-Fired Post-Weld Heat Treatment Furnace,Annealing & Stress Relief,28.07,natural_gas,48.12,651.6,1.0,Shift A (Morning),622.3,1.12
2026-09-02 11:00:00,Automated Wheelabrator Blast Room,Surface Preparation,45.91,none,0.0,399.3,1.0,Shift A (Morning),31.5,5.82
2026-09-02 11:00:00,Industrial Rotary Screw Air Compressor,Compressed Air Utility,58.06,none,0.0,0.0,1.0,Shift A (Morning),39.4,6.84
2026-09-02 11:00:00,Dust Collector & Fume Extraction Blower,Ventilation & Environmental,33.67,none,0.0,0.0,1.0,Shift A (Morning),30.3,0.49
2026-09-02 12:00:00,Robotic GMAW Heavy Welding Gantry,Welding & Joining,38.69,none,0.0,285.0,1.0,Shift A (Morning),122.3,1.01
2026-09-02 12:00:00,CNC High-Definition Plasma & Laser Table,Cutting & Profiling,50.96,none,0.0,411.6,1.0,Shift A (Morning),45.2,8.1
2026-09-02 12:00:00,Hydraulic Plate Bending Roll (500T),Forming & Rolling,42.88,none,0.0,350.9,1.0,Shift A (Morning),35.7,183.22
2026-09-02 12:00:00,Gas-Fired Post-Weld Heat Treatment Furnace,Annealing & Stress Relief,28.0,natural_gas,48.01,650.1,1.0,Shift A (Morning),614.4,1.1
2026-09-02 12:00:00,Automated Wheelabrator Blast Room,Surface Preparation,47.63,none,0.0,414.1,1.0,Shift A (Morning),32.5,6.11
2026-09-02 12:00:00,Industrial Rotary Screw Air Compressor,Compressed Air Utility,57.1,none,0.0,0.0,1.0,Shift A (Morning),40.6,7.19
2026-09-02 12:00:00,Dust Collector & Fume Extraction Blower,Ventilation & Environmental,33.75,none,0.0,0.0,1.0,Shift A (Morning),29.8,0.49
2026-09-02 13:00:00,Robotic GMAW Heavy Welding Gantry,Welding & Joining,36.72,none,0.0,270.6,1.0,Shift A (Morning),121.1,1.03
2026-09-02 13:00:00,CNC High-Definition Plasma & Laser Table,Cutting & Profiling,50.61,none,0.0,408.7,1.0,Shift A (Morning),44.2,8.12
2026-09-02 13:00:00,Hydraulic Plate Bending Roll (500T),Forming & Rolling,44.19,none,0.0,361.6,1.0,Shift A (Morning),35.0,184.04
2026-09-02 13:00:00,Gas-Fired Post-Weld Heat Treatment Furnace,Annealing & Stress Relief,29.04,natural_gas,49.77,674.0,1.0,Shift A (Morning),618.1,1.1
2026-09-02 13:00:00,Automated Wheelabrator Blast Room,Surface Preparation,46.85,none,0.0,407.4,1.0,Shift A (Morning),32.0,6.01
2026-09-02 13:00:00,Industrial Rotary Screw Air Compressor,Compressed Air Utility,60.31,none,0.0,0.0,1.0,Shift A (Morning),40.6,7.08
2026-09-02 13:00:00,Dust Collector & Fume Extraction Blower,Ventilation & Environmental,33.74,none,0.0,0.0,1.0,Shift A (Morning),30.1,0.51
2026-09-02 14:00:00,Robotic GMAW Heavy Welding Gantry,Welding & Joining,38.75,none,0.0,285.5,1.0,Shift B (Evening),121.0,1.01
2026-09-02 14:00:00,CNC High-Definition Plasma & Laser Table,Cutting & Profiling,53.04,none,0.0,428.4,1.0,Shift B (Evening),44.5,8.11
2026-09-02 14:00:00,Hydraulic Plate Bending Roll (500T),Forming & Rolling,45.59,none,0.0,373.0,1.0,Shift B (Evening),35.5,184.11
2026-09-02 14:00:00,Gas-Fired Post-Weld Heat Treatment Furnace,Annealing & Stress Relief,28.06,natural_gas,48.11,651.5,1.0,Shift B (Evening),622.7,1.11
2026-09-02 14:00:00,Automated Wheelabrator Blast Room,Surface Preparation,47.71,none,0.0,414.9,1.0,Shift B (Evening),32.2,6.14
2026-09-02 14:00:00,Industrial Rotary Screw Air Compressor,Compressed Air Utility,58.11,none,0.0,0.0,1.0,Shift B (Evening),39.6,6.82
2026-09-02 14:00:00,Dust Collector & Fume Extraction Blower,Ventilation & Environmental,34.92,none,0.0,0.0,1.0,Shift B (Evening),30.0,0.51
2026-09-02 15:00:00,Robotic GMAW Heavy Welding Gantry,Welding & Joining,37.77,none,0.0,278.3,1.0,Shift B (Evening),119.4,0.99
2026-09-02 15:00:00,CNC High-Definition Plasma & Laser Table,Cutting & Profiling,50.39,none,0.0,407.0,1.0,Shift B (Evening),45.7,7.88
2026-09-02 15:00:00,Hydraulic Plate Bending Roll (500T),Forming & Rolling,44.14,none,0.0,361.1,1.0,Shift B (Evening),35.4,175.87
2026-09-02 15:00:00,Gas-Fired Post-Weld Heat Treatment Furnace,Annealing & Stress Relief,27.55,natural_gas,47.23,639.6,1.0,Shift B (Evening),614.9,1.08
2026-09-02 15:00:00,Automated Wheelabrator Blast Room,Surface Preparation,46.88,none,0.0,407.6,1.0,Shift B (Evening),32.1,5.9
2026-09-02 15:00:00,Industrial Rotary Screw Air Compressor,Compressed Air Utility,57.09,none,0.0,0.0,1.0,Shift B (Evening),40.7,7.06
2026-09-02 15:00:00,Dust Collector & Fume Extraction Blower,Ventilation & Environmental,34.89,none,0.0,0.0,1.0,Shift B (Evening),29.4,0.5
2026-09-02 16:00:00,Robotic GMAW Heavy Welding Gantry,Welding & Joining,38.36,none,0.0,282.6,1.0,Shift B (Evening),119.9,0.99
2026-09-02 16:00:00,CNC High-Definition Plasma & Laser Table,Cutting & Profiling,52.48,none,0.0,423.9,1.0,Shift B (Evening),44.7,7.93
2026-09-02 16:00:00,Hydraulic Plate Bending Roll (500T),Forming & Rolling,42.26,none,0.0,345.7,1.0,Shift B (Evening),35.5,176.61
2026-09-02 16:00:00,Gas-Fired Post-Weld Heat Treatment Furnace,Annealing & Stress Relief,27.67,natural_gas,47.44,642.4,1.0,Shift B (Evening),610.1,1.1
2026-09-02 16:00:00,Automated Wheelabrator Blast Room,Surface Preparation,44.47,none,0.0,386.7,1.0,Shift B (Evening),32.0,5.88
2026-09-02 16:00:00,Industrial Rotary Screw Air Compressor,Compressed Air Utility,56.25,none,0.0,0.0,1.0,Shift B (Evening),40.0,6.86
2026-09-02 16:00:00,Dust Collector & Fume Extraction Blower,Ventilation & Environmental,34.43,none,0.0,0.0,1.0,Shift B (Evening),29.7,0.5
2026-09-02 17:00:00,Robotic GMAW Heavy Welding Gantry,Welding & Joining,37.39,none,0.0,275.5,1.0,Shift B (Evening),119.7,0.98
2026-09-02 17:00:00,CNC High-Definition Plasma & Laser Table,Cutting & Profiling,53.3,none,0.0,430.5,1.0,Shift B (Evening),44.3,7.97
2026-09-02 17:00:00,Hydraulic Plate Bending Roll (500T),Forming & Rolling,45.19,none,0.0,369.8,1.0,Shift B (Evening),34.5,178.42
2026-09-02 17:00:00,Gas-Fired Post-Weld Heat Treatment Furnace,Annealing & Stress Relief,27.85,natural_gas,47.75,646.6,1.0,Shift B (Evening),616.5,1.12
2026-09-02 17:00:00,Automated Wheelabrator Blast Room,Surface Preparation,44.89,none,0.0,390.4,1.0,Shift B (Evening),31.6,5.83
2026-09-02 17:00:00,Industrial Rotary Screw Air Compressor,Compressed Air Utility,57.51,none,0.0,0.0,1.0,Shift B (Evening),40.4,7.17
2026-09-02 17:00:00,Dust Collector & Fume Extraction Blower,Ventilation & Environmental,33.08,none,0.0,0.0,1.0,Shift B (Evening),29.6,0.5
2026-09-02 18:00:00,Robotic GMAW Heavy Welding Gantry,Welding & Joining,38.5,none,0.0,283.7,1.0,Shift B (Evening),118.9,1.0
2026-09-02 18:00:00,CNC High-Definition Plasma & Laser Table,Cutting & Profiling,52.21,none,0.0,421.7,1.0,Shift B (Evening),45.5,8.1
2026-09-02 18:00:00,Hydraulic Plate Bending Roll (500T),Forming & Rolling,43.38,none,0.0,355.0,1.0,Shift B (Evening),35.4,184.12
2026-09-02 18:00:00,Gas-Fired Post-Weld Heat Treatment Furnace,Annealing & Stress Relief,28.0,natural_gas,48.01,650.1,1.0,Shift B (Evening),630.5,1.12
2026-09-02 18:00:00,Automated Wheelabrator Blast Room,Surface Preparation,45.59,none,0.0,396.4,1.0,Shift B (Evening),31.5,5.86
2026-09-02 18:00:00,Industrial Rotary Screw Air Compressor,Compressed Air Utility,55.78,none,0.0,0.0,1.0,Shift B (Evening),39.4,7.0
2026-09-02 18:00:00,Dust Collector & Fume Extraction Blower,Ventilation & Environmental,34.73,none,0.0,0.0,1.0,Shift B (Evening),29.7,0.51
2026-09-02 19:00:00,Robotic GMAW Heavy Welding Gantry,Welding & Joining,37.52,none,0.0,276.5,1.0,Shift B (Evening),122.3,1.01
2026-09-02 19:00:00,CNC High-Definition Plasma & Laser Table,Cutting & Profiling,51.73,none,0.0,417.8,1.0,Shift B (Evening),44.6,7.99
2026-09-02 19:00:00,Hydraulic Plate Bending Roll (500T),Forming & Rolling,44.92,none,0.0,367.5,1.0,Shift B (Evening),34.6,176.25
2026-09-02 19:00:00,Gas-Fired Post-Weld Heat Treatment Furnace,Annealing & Stress Relief,28.03,natural_gas,48.04,650.6,1.0,Shift B (Evening),613.8,1.12
2026-09-02 19:00:00,Automated Wheelabrator Blast Room,Surface Preparation,47.34,none,0.0,411.7,1.0,Shift B (Evening),32.6,5.91
2026-09-02 19:00:00,Industrial Rotary Screw Air Compressor,Compressed Air Utility,59.49,none,0.0,0.0,1.0,Shift B (Evening),39.5,7.09
2026-09-02 19:00:00,Dust Collector & Fume Extraction Blower,Ventilation & Environmental,34.84,none,0.0,0.0,1.0,Shift B (Evening),30.2,0.5
2026-09-02 20:00:00,Robotic GMAW Heavy Welding Gantry,Welding & Joining,37.03,none,0.0,272.9,1.0,Shift B (Evening),122.4,1.01
2026-09-02 20:00:00,CNC High-Definition Plasma & Laser Table,Cutting & Profiling,52.56,none,0.0,424.5,1.0,Shift B (Evening),44.5,7.82
2026-09-02 20:00:00,Hydraulic Plate Bending Roll (500T),Forming & Rolling,42.38,none,0.0,346.7,1.0,Shift B (Evening),35.7,184.63
2026-09-02 20:00:00,Gas-Fired Post-Weld Heat Treatment Furnace,Annealing & Stress Relief,27.83,natural_gas,47.72,646.2,1.0,Shift B (Evening),622.9,1.07
2026-09-02 20:00:00,Automated Wheelabrator Blast Room,Surface Preparation,44.35,none,0.0,385.6,1.0,Shift B (Evening),31.9,5.93
2026-09-02 20:00:00,Industrial Rotary Screw Air Compressor,Compressed Air Utility,58.62,none,0.0,0.0,1.0,Shift B (Evening),39.6,6.93
2026-09-02 20:00:00,Dust Collector & Fume Extraction Blower,Ventilation & Environmental,33.94,none,0.0,0.0,1.0,Shift B (Evening),30.0,0.5
2026-09-02 21:00:00,Robotic GMAW Heavy Welding Gantry,Welding & Joining,37.41,none,0.0,275.6,1.0,Shift B (Evening),118.9,0.99
2026-09-02 21:00:00,CNC High-Definition Plasma & Laser Table,Cutting & Profiling,51.38,none,0.0,415.0,1.0,Shift B (Evening),44.9,7.91
2026-09-02 21:00:00,Hydraulic Plate Bending Roll (500T),Forming & Rolling,42.41,none,0.0,347.0,1.0,Shift B (Evening),34.4,175.16
2026-09-02 21:00:00,Gas-Fired Post-Weld Heat Treatment Furnace,Annealing & Stress Relief,28.55,natural_gas,48.94,662.7,1.0,Shift B (Evening),612.9,1.1
2026-09-02 21:00:00,Automated Wheelabrator Blast Room,Surface Preparation,47.5,none,0.0,413.1,1.0,Shift B (Evening),31.5,5.89
2026-09-02 21:00:00,Industrial Rotary Screw Air Compressor,Compressed Air Utility,60.08,none,0.0,0.0,1.0,Shift B (Evening),39.8,6.92
2026-09-02 21:00:00,Dust Collector & Fume Extraction Blower,Ventilation & Environmental,32.9,none,0.0,0.0,1.0,Shift B (Evening),29.4,0.5
2026-09-02 22:00:00,Robotic GMAW Heavy Welding Gantry,Welding & Joining,39.1,none,0.0,288.1,1.0,Shift C (Night),119.2,1.01
2026-09-02 22:00:00,CNC High-Definition Plasma & Laser Table,Cutting & Profiling,51.42,none,0.0,415.3,1.0,Shift C (Night),45.5,8.01
2026-09-02 22:00:00,Hydraulic Plate Bending Roll (500T),Forming & Rolling,43.55,none,0.0,356.3,1.0,Shift C (Night),35.2,176.87
2026-09-02 22:00:00,Gas-Fired Post-Weld Heat Treatment Furnace,Annealing & Stress Relief,27.74,natural_gas,47.55,644.0,1.0,Shift C (Night),629.6,1.08
2026-09-02 22:00:00,Automated Wheelabrator Blast Room,Surface Preparation,46.89,none,0.0,407.8,1.0,Shift C (Night),31.5,6.03
2026-09-02 22:00:00,Industrial Rotary Screw Air Compressor,Compressed Air Utility,59.91,none,0.0,0.0,1.0,Shift C (Night),40.2,6.87
2026-09-02 22:00:00,Dust Collector & Fume Extraction Blower,Ventilation & Environmental,34.56,none,0.0,0.0,1.0,Shift C (Night),30.5,0.49
2026-09-02 23:00:00,Robotic GMAW Heavy Welding Gantry,Welding & Joining,38.14,none,0.0,281.0,1.0,Shift C (Night),119.2,1.01
2026-09-02 23:00:00,CNC High-Definition Plasma & Laser Table,Cutting & Profiling,1.99,none,0.0,0.0,0.0,Shift C (Night),28.8,0.0
2026-09-02 23:00:00,Hydraulic Plate Bending Roll (500T),Forming & Rolling,1.61,none,0.0,0.0,0.0,Shift C (Night),28.2,0.0
2026-09-02 23:00:00,Gas-Fired Post-Weld Heat Treatment Furnace,Annealing & Stress Relief,27.31,natural_gas,46.82,634.0,1.0,Shift C (Night),621.3,1.08
2026-09-02 23:00:00,Automated Wheelabrator Blast Room,Surface Preparation,1.83,none,0.0,0.0,0.0,Shift C (Night),31.4,0.0
2026-09-02 23:00:00,Industrial Rotary Screw Air Compressor,Compressed Air Utility,25.63,none,0.0,0.0,0.0,Shift C (Night),32.0,5.95
2026-09-02 23:00:00,Dust Collector & Fume Extraction Blower,Ventilation & Environmental,35.29,none,0.0,0.0,1.0,Shift C (Night),30.5,0.5
2026-09-03 00:00:00,Robotic GMAW Heavy Welding Gantry,Welding & Joining,1.6,none,0.0,0.0,0.0,Shift C (Night),31.6,0.0
2026-09-03 00:00:00,CNC High-Definition Plasma & Laser Table,Cutting & Profiling,0.69,none,0.0,0.0,0.0,Shift C (Night),29.7,0.0
2026-09-03 00:00:00,Hydraulic Plate Bending Roll (500T),Forming & Rolling,1.9,none,0.0,0.0,0.0,Shift C (Night),30.0,0.0
2026-09-03 00:00:00,Gas-Fired Post-Weld Heat Treatment Furnace,Annealing & Stress Relief,0.63,natural_gas,0.0,0.0,0.0,Shift C (Night),30.4,0.0
2026-09-03 00:00:00,Automated Wheelabrator Blast Room,Surface Preparation,1.58,none,0.0,0.0,0.0,Shift C (Night),28.5,0.0
2026-09-03 00:00:00,Industrial Rotary Screw Air Compressor,Compressed Air Utility,22.18,none,0.0,0.0,0.0,Shift C (Night),32.0,5.95
2026-09-03 00:00:00,Dust Collector & Fume Extraction Blower,Ventilation & Environmental,34.18,none,0.0,0.0,1.0,Shift C (Night),30.4,0.51
2026-09-03 01:00:00,Robotic GMAW Heavy Welding Gantry,Welding & Joining,1.64,none,0.0,0.0,0.0,Shift C (Night),29.6,0.0
2026-09-03 01:00:00,CNC High-Definition Plasma & Laser Table,Cutting & Profiling,1.56,none,0.0,0.0,0.0,Shift C (Night),31.5,0.0
2026-09-03 01:00:00,Hydraulic Plate Bending Roll (500T),Forming & Rolling,1.96,none,0.0,0.0,0.0,Shift C (Night),28.7,0.0
2026-09-03 01:00:00,Gas-Fired Post-Weld Heat Treatment Furnace,Annealing & Stress Relief,1.65,natural_gas,0.0,0.0,0.0,Shift C (Night),29.5,0.0
2026-09-03 01:00:00,Automated Wheelabrator Blast Room,Surface Preparation,1.69,none,0.0,0.0,0.0,Shift C (Night),29.6,0.0
2026-09-03 01:00:00,Industrial Rotary Screw Air Compressor,Compressed Air Utility,23.09,none,0.0,0.0,0.0,Shift C (Night),32.0,5.95
2026-09-03 01:00:00,Dust Collector & Fume Extraction Blower,Ventilation & Environmental,33.14,none,0.0,0.0,1.0,Shift C (Night),29.6,0.49
2026-09-03 02:00:00,Robotic GMAW Heavy Welding Gantry,Welding & Joining,1.58,none,0.0,0.0,0.0,Shift C (Night),31.5,0.0
2026-09-03 02:00:00,CNC High-Definition Plasma & Laser Table,Cutting & Profiling,1.71,none,0.0,0.0,0.0,Shift C (Night),29.8,0.0
2026-09-03 02:00:00,Hydraulic Plate Bending Roll (500T),Forming & Rolling,1.59,none,0.0,0.0,0.0,Shift C (Night),30.1,0.0
2026-09-03 02:00:00,Gas-Fired Post-Weld Heat Treatment Furnace,Annealing & Stress Relief,1.02,natural_gas,0.0,0.0,0.0,Shift C (Night),28.9,0.0
2026-09-03 02:00:00,Automated Wheelabrator Blast Room,Surface Preparation,1.59,none,0.0,0.0,0.0,Shift C (Night),30.2,0.0
2026-09-03 02:00:00,Industrial Rotary Screw Air Compressor,Compressed Air Utility,22.68,none,0.0,0.0,0.0,Shift C (Night),32.0,5.95
2026-09-03 02:00:00,Dust Collector & Fume Extraction Blower,Ventilation & Environmental,32.76,none,0.0,0.0,1.0,Shift C (Night),29.7,0.49
2026-09-03 03:00:00,Robotic GMAW Heavy Welding Gantry,Welding & Joining,0.81,none,0.0,0.0,0.0,Shift C (Night),31.5,0.0
2026-09-03 03:00:00,CNC High-Definition Plasma & Laser Table,Cutting & Profiling,1.9,none,0.0,0.0,0.0,Shift C (Night),29.1,0.0
2026-09-03 03:00:00,Hydraulic Plate Bending Roll (500T),Forming & Rolling,1.71,none,0.0,0.0,0.0,Shift C (Night),30.6,0.0
2026-09-03 03:00:00,Gas-Fired Post-Weld Heat Treatment Furnace,Annealing & Stress Relief,0.95,natural_gas,0.0,0.0,0.0,Shift C (Night),31.3,0.0
2026-09-03 03:00:00,Automated Wheelabrator Blast Room,Surface Preparation,1.35,none,0.0,0.0,0.0,Shift C (Night),28.0,0.0
2026-09-03 03:00:00,Industrial Rotary Screw Air Compressor,Compressed Air Utility,23.39,none,0.0,0.0,0.0,Shift C (Night),32.0,5.95
2026-09-03 03:00:00,Dust Collector & Fume Extraction Blower,Ventilation & Environmental,34.29,none,0.0,0.0,1.0,Shift C (Night),29.8,0.49
2026-09-03 04:00:00,Robotic GMAW Heavy Welding Gantry,Welding & Joining,1.59,none,0.0,0.0,0.0,Shift C (Night),30.2,0.0
2026-09-03 04:00:00,CNC High-Definition Plasma & Laser Table,Cutting & Profiling,1.61,none,0.0,0.0,0.0,Shift C (Night),29.6,0.0
2026-09-03 04:00:00,Hydraulic Plate Bending Roll (500T),Forming & Rolling,1.46,none,0.0,0.0,0.0,Shift C (Night),29.3,0.0
2026-09-03 04:00:00,Gas-Fired Post-Weld Heat Treatment Furnace,Annealing & Stress Relief,0.68,natural_gas,0.0,0.0,0.0,Shift C (Night),31.3,0.0
2026-09-03 04:00:00,Automated Wheelabrator Blast Room,Surface Preparation,1.75,none,0.0,0.0,0.0,Shift C (Night),28.9,0.0
2026-09-03 04:00:00,Industrial Rotary Screw Air Compressor,Compressed Air Utility,25.86,none,0.0,0.0,0.0,Shift C (Night),32.0,5.95
2026-09-03 04:00:00,Dust Collector & Fume Extraction Blower,Ventilation & Environmental,33.12,none,0.0,0.0,1.0,Shift C (Night),30.6,0.5
2026-09-03 05:00:00,Robotic GMAW Heavy Welding Gantry,Welding & Joining,1.97,none,0.0,0.0,0.0,Shift C (Night),31.1,0.0
2026-09-03 05:00:00,CNC High-Definition Plasma & Laser Table,Cutting & Profiling,1.69,none,0.0,0.0,0.0,Shift C (Night),28.4,0.0
2026-09-03 05:00:00,Hydraulic Plate Bending Roll (500T),Forming & Rolling,1.64,none,0.0,0.0,0.0,Shift C (Night),29.5,0.0
2026-09-03 05:00:00,Gas-Fired Post-Weld Heat Treatment Furnace,Annealing & Stress Relief,1.52,natural_gas,0.0,0.0,0.0,Shift C (Night),31.5,0.0
2026-09-03 05:00:00,Automated Wheelabrator Blast Room,Surface Preparation,1.49,none,0.0,0.0,0.0,Shift C (Night),30.2,0.0
2026-09-03 05:00:00,Industrial Rotary Screw Air Compressor,Compressed Air Utility,25.27,none,0.0,0.0,0.0,Shift C (Night),32.0,5.95
2026-09-03 05:00:00,Dust Collector & Fume Extraction Blower,Ventilation & Environmental,33.24,none,0.0,0.0,1.0,Shift C (Night),29.7,0.5
2026-09-03 06:00:00,Robotic GMAW Heavy Welding Gantry,Welding & Joining,38.94,none,0.0,286.9,1.0,Shift A (Morning),121.2,0.98
2026-09-03 06:00:00,CNC High-Definition Plasma & Laser Table,Cutting & Profiling,50.88,none,0.0,411.0,1.0,Shift A (Morning),45.4,7.94
2026-09-03 06:00:00,Hydraulic Plate Bending Roll (500T),Forming & Rolling,45.42,none,0.0,371.6,1.0,Shift A (Morning),34.4,176.56
2026-09-03 06:00:00,Gas-Fired Post-Weld Heat Treatment Furnace,Annealing & Stress Relief,27.29,natural_gas,69.25,633.6,1.0,Shift A (Morning),591.3,1.08
2026-09-03 06:00:00,Automated Wheelabrator Blast Room,Surface Preparation,45.97,none,0.0,399.7,1.0,Shift A (Morning),32.3,6.05
2026-09-03 06:00:00,Industrial Rotary Screw Air Compressor,Compressed Air Utility,55.78,none,0.0,0.0,1.0,Shift A (Morning),39.5,6.86
2026-09-03 06:00:00,Dust Collector & Fume Extraction Blower,Ventilation & Environmental,33.71,none,0.0,0.0,1.0,Shift A (Morning),30.1,0.49
2026-09-03 07:00:00,Robotic GMAW Heavy Welding Gantry,Welding & Joining,36.7,none,0.0,270.4,1.0,Shift A (Morning),118.8,1.02
2026-09-03 07:00:00,CNC High-Definition Plasma & Laser Table,Cutting & Profiling,53.96,none,0.0,435.8,1.0,Shift A (Morning),44.3,8.01
2026-09-03 07:00:00,Hydraulic Plate Bending Roll (500T),Forming & Rolling,44.8,none,0.0,366.5,1.0,Shift A (Morning),35.4,181.12
2026-09-03 07:00:00,Gas-Fired Post-Weld Heat Treatment Furnace,Annealing & Stress Relief,27.73,natural_gas,70.34,643.6,1.0,Shift A (Morning),571.6,1.12
2026-09-03 07:00:00,Automated Wheelabrator Blast Room,Surface Preparation,46.97,none,0.0,408.4,1.0,Shift A (Morning),32.2,5.84
2026-09-03 07:00:00,Industrial Rotary Screw Air Compressor,Compressed Air Utility,56.83,none,0.0,0.0,1.0,Shift A (Morning),39.3,6.85
2026-09-03 07:00:00,Dust Collector & Fume Extraction Blower,Ventilation & Environmental,34.35,none,0.0,0.0,1.0,Shift A (Morning),29.4,0.51
2026-09-03 08:00:00,Robotic GMAW Heavy Welding Gantry,Welding & Joining,39.39,none,0.0,290.3,1.0,Shift A (Morning),118.1,1.01
2026-09-03 08:00:00,CNC High-Definition Plasma & Laser Table,Cutting & Profiling,51.33,none,0.0,414.6,1.0,Shift A (Morning),45.4,7.86
2026-09-03 08:00:00,Hydraulic Plate Bending Roll (500T),Forming & Rolling,43.93,none,0.0,359.4,1.0,Shift A (Morning),35.1,179.4
2026-09-03 08:00:00,Gas-Fired Post-Weld Heat Treatment Furnace,Annealing & Stress Relief,27.25,natural_gas,69.13,632.5,1.0,Shift A (Morning),578.9,1.08
2026-09-03 08:00:00,Automated Wheelabrator Blast Room,Surface Preparation,44.37,none,0.0,385.8,1.0,Shift A (Morning),32.2,6.05
2026-09-03 08:00:00,Industrial Rotary Screw Air Compressor,Compressed Air Utility,56.25,none,0.0,0.0,1.0,Shift A (Morning),40.5,6.83
2026-09-03 08:00:00,Dust Collector & Fume Extraction Blower,Ventilation & Environmental,33.45,none,0.0,0.0,1.0,Shift A (Morning),30.0,0.51
2026-09-03 09:00:00,Robotic GMAW Heavy Welding Gantry,Welding & Joining,36.91,none,0.0,272.0,1.0,Shift A (Morning),122.0,0.97
2026-09-03 09:00:00,CNC High-Definition Plasma & Laser Table,Cutting & Profiling,51.7,none,0.0,417.6,1.0,Shift A (Morning),44.4,8.07
2026-09-03 09:00:00,Hydraulic Plate Bending Roll (500T),Forming & Rolling,43.04,none,0.0,352.1,1.0,Shift A (Morning),35.5,178.76
2026-09-03 09:00:00,Gas-Fired Post-Weld Heat Treatment Furnace,Annealing & Stress Relief,28.86,natural_gas,73.23,670.0,1.0,Shift A (Morning),590.3,1.07
2026-09-03 09:00:00,Automated Wheelabrator Blast Room,Surface Preparation,44.78,none,0.0,389.4,1.0,Shift A (Morning),31.5,5.86
2026-09-03 09:00:00,Industrial Rotary Screw Air Compressor,Compressed Air Utility,60.12,none,0.0,0.0,1.0,Shift A (Morning),39.8,7.05
2026-09-03 09:00:00,Dust Collector & Fume Extraction Blower,Ventilation & Environmental,32.96,none,0.0,0.0,1.0,Shift A (Morning),30.5,0.51
2026-09-03 10:00:00,Robotic GMAW Heavy Welding Gantry,Welding & Joining,39.2,none,0.0,288.9,1.0,Shift A (Morning),120.5,0.98
2026-09-03 10:00:00,CNC High-Definition Plasma & Laser Table,Cutting & Profiling,52.13,none,0.0,421.0,1.0,Shift A (Morning),45.2,8.09
2026-09-03 10:00:00,Hydraulic Plate Bending Roll (500T),Forming & Rolling,42.77,none,0.0,349.9,1.0,Shift A (Morning),35.2,177.86
2026-09-03 10:00:00,Gas-Fired Post-Weld Heat Treatment Furnace,Annealing & Stress Relief,28.71,natural_gas,72.85,666.5,1.0,Shift A (Morning),579.2,1.07
2026-09-03 10:00:00,Automated Wheelabrator Blast Room,Surface Preparation,47.53,none,0.0,413.3,1.0,Shift A (Morning),32.2,6.16
2026-09-03 10:00:00,Industrial Rotary Screw Air Compressor,Compressed Air Utility,59.44,none,0.0,0.0,1.0,Shift A (Morning),40.3,6.82
2026-09-03 10:00:00,Dust Collector & Fume Extraction Blower,Ventilation & Environmental,32.65,none,0.0,0.0,1.0,Shift A (Morning),30.5,0.49
2026-09-03 11:00:00,Robotic GMAW Heavy Welding Gantry,Welding & Joining,38.47,none,0.0,283.5,1.0,Shift A (Morning),119.1,0.99
2026-09-03 11:00:00,CNC High-Definition Plasma & Laser Table,Cutting & Profiling,52.92,none,0.0,427.4,1.0,Shift A (Morning),45.5,7.99
2026-09-03 11:00:00,Hydraulic Plate Bending Roll (500T),Forming & Rolling,42.48,none,0.0,347.5,1.0,Shift A (Morning),35.1,184.96
2026-09-03 11:00:00,Gas-Fired Post-Weld Heat Treatment Furnace,Annealing & Stress Relief,27.5,natural_gas,69.78,638.5,1.0,Shift A (Morning),573.2,1.13
2026-09-03 11:00:00,Automated Wheelabrator Blast Room,Surface Preparation,44.83,none,0.0,389.8,1.0,Shift A (Morning),31.9,5.93
2026-09-03 11:00:00,Industrial Rotary Screw Air Compressor,Compressed Air Utility,57.65,none,0.0,0.0,1.0,Shift A (Morning),40.3,6.96
2026-09-03 11:00:00,Dust Collector & Fume Extraction Blower,Ventilation & Environmental,34.8,none,0.0,0.0,1.0,Shift A (Morning),29.8,0.51
2026-09-03 12:00:00,Robotic GMAW Heavy Welding Gantry,Welding & Joining,38.47,none,0.0,283.4,1.0,Shift A (Morning),118.8,1.0
2026-09-03 12:00:00,CNC High-Definition Plasma & Laser Table,Cutting & Profiling,51.99,none,0.0,419.9,1.0,Shift A (Morning),45.1,8.02
2026-09-03 12:00:00,Hydraulic Plate Bending Roll (500T),Forming & Rolling,45.13,none,0.0,369.3,1.0,Shift A (Morning),34.8,180.87
2026-09-03 12:00:00,Gas-Fired Post-Weld Heat Treatment Furnace,Annealing & Stress Relief,27.82,natural_gas,70.6,645.9,1.0,Shift A (Morning),584.6,1.11
2026-09-03 12:00:00,Automated Wheelabrator Blast Room,Surface Preparation,46.91,none,0.0,407.9,1.0,Shift A (Morning),32.3,5.9
2026-09-03 12:00:00,Industrial Rotary Screw Air Compressor,Compressed Air Utility,55.69,none,0.0,0.0,1.0,Shift A (Morning),40.8,6.8
2026-09-03 12:00:00,Dust Collector & Fume Extraction Blower,Ventilation & Environmental,34.16,none,0.0,0.0,1.0,Shift A (Morning),30.5,0.51
2026-09-03 13:00:00,Robotic GMAW Heavy Welding Gantry,Welding & Joining,36.66,none,0.0,270.1,1.0,Shift A (Morning),119.3,1.02
2026-09-03 13:00:00,CNC High-Definition Plasma & Laser Table,Cutting & Profiling,53.53,none,0.0,432.3,1.0,Shift A (Morning),45.6,7.9
2026-09-03 13:00:00,Hydraulic Plate Bending Roll (500T),Forming & Rolling,42.75,none,0.0,349.8,1.0,Shift A (Morning),35.5,185.1
2026-09-03 13:00:00,Gas-Fired Post-Weld Heat Treatment Furnace,Annealing & Stress Relief,28.93,natural_gas,73.39,671.5,1.0,Shift A (Morning),576.8,1.12
2026-09-03 13:00:00,Automated Wheelabrator Blast Room,Surface Preparation,44.37,none,0.0,385.8,1.0,Shift A (Morning),31.5,6.17
2026-09-03 13:00:00,Industrial Rotary Screw Air Compressor,Compressed Air Utility,58.95,none,0.0,0.0,1.0,Shift A (Morning),39.8,6.8
2026-09-03 13:00:00,Dust Collector & Fume Extraction Blower,Ventilation & Environmental,35.26,none,0.0,0.0,1.0,Shift A (Morning),29.8,0.51
2026-09-03 14:00:00,Robotic GMAW Heavy Welding Gantry,Welding & Joining,38.49,none,0.0,283.6,1.0,Shift B (Evening),118.0,1.02
2026-09-03 14:00:00,CNC High-Definition Plasma & Laser Table,Cutting & Profiling,53.54,none,0.0,432.4,1.0,Shift B (Evening),44.2,7.94
2026-09-03 14:00:00,Hydraulic Plate Bending Roll (500T),Forming & Rolling,42.52,none,0.0,347.9,1.0,Shift B (Evening),34.4,180.75
2026-09-03 14:00:00,Gas-Fired Post-Weld Heat Treatment Furnace,Annealing & Stress Relief,28.7,natural_gas,72.82,666.3,1.0,Shift B (Evening),574.6,1.08
2026-09-03 14:00:00,Automated Wheelabrator Blast Room,Surface Preparation,46.9,none,0.0,407.8,1.0,Shift B (Evening),32.3,6.07
2026-09-03 14:00:00,Industrial Rotary Screw Air Compressor,Compressed Air Utility,57.07,none,0.0,0.0,1.0,Shift B (Evening),39.9,6.93
2026-09-03 14:00:00,Dust Collector & Fume Extraction Blower,Ventilation & Environmental,34.77,none,0.0,0.0,1.0,Shift B (Evening),30.2,0.49
2026-09-03 15:00:00,Robotic GMAW Heavy Welding Gantry,Welding & Joining,36.95,none,0.0,272.3,1.0,Shift B (Evening),121.8,0.97
2026-09-03 15:00:00,CNC High-Definition Plasma & Laser Table,Cutting & Profiling,53.04,none,0.0,428.4,1.0,Shift B (Evening),45.0,7.77
2026-09-03 15:00:00,Hydraulic Plate Bending Roll (500T),Forming & Rolling,45.17,none,0.0,369.6,1.0,Shift B (Evening),35.3,184.06
2026-09-03 15:00:00,Gas-Fired Post-Weld Heat Treatment Furnace,Annealing & Stress Relief,28.12,natural_gas,71.35,652.8,1.0,Shift B (Evening),590.5,1.13
2026-09-03 15:00:00,Automated Wheelabrator Blast Room,Surface Preparation,46.01,none,0.0,400.1,1.0,Shift B (Evening),32.3,5.97
2026-09-03 15:00:00,Industrial Rotary Screw Air Compressor,Compressed Air Utility,56.41,none,0.0,0.0,1.0,Shift B (Evening),40.8,7.01
2026-09-03 15:00:00,Dust Collector & Fume Extraction Blower,Ventilation & Environmental,35.3,none,0.0,0.0,1.0,Shift B (Evening),29.6,0.49
2026-09-03 16:00:00,Robotic GMAW Heavy Welding Gantry,Welding & Joining,38.36,none,0.0,282.7,1.0,Shift B (Evening),118.7,0.98
2026-09-03 16:00:00,CNC High-Definition Plasma & Laser Table,Cutting & Profiling,53.02,none,0.0,428.3,1.0,Shift B (Evening),45.1,8.16
2026-09-03 16:00:00,Hydraulic Plate Bending Roll (500T),Forming & Rolling,45.11,none,0.0,369.1,1.0,Shift B (Evening),35.0,177.98
2026-09-03 16:00:00,Gas-Fired Post-Weld Heat Treatment Furnace,Annealing & Stress Relief,28.32,natural_gas,71.84,657.4,1.0,Shift B (Evening),590.4,1.08
2026-09-03 16:00:00,Automated Wheelabrator Blast Room,Surface Preparation,47.12,none,0.0,409.7,1.0,Shift B (Evening),32.2,5.89
2026-09-03 16:00:00,Industrial Rotary Screw Air Compressor,Compressed Air Utility,56.18,none,0.0,0.0,1.0,Shift B (Evening),39.3,7.04
2026-09-03 16:00:00,Dust Collector & Fume Extraction Blower,Ventilation & Environmental,34.94,none,0.0,0.0,1.0,Shift B (Evening),29.4,0.49
2026-09-03 17:00:00,Robotic GMAW Heavy Welding Gantry,Welding & Joining,38.13,none,0.0,280.9,1.0,Shift B (Evening),117.9,1.01
2026-09-03 17:00:00,CNC High-Definition Plasma & Laser Table,Cutting & Profiling,53.07,none,0.0,428.6,1.0,Shift B (Evening),44.7,8.02
2026-09-03 17:00:00,Hydraulic Plate Bending Roll (500T),Forming & Rolling,44.49,none,0.0,364.0,1.0,Shift B (Evening),34.3,177.51
2026-09-03 17:00:00,Gas-Fired Post-Weld Heat Treatment Furnace,Annealing & Stress Relief,29.07,natural_gas,73.75,674.8,1.0,Shift B (Evening),584.3,1.1
2026-09-03 17:00:00,Automated Wheelabrator Blast Room,Surface Preparation,47.07,none,0.0,409.3,1.0,Shift B (Evening),31.4,5.93
2026-09-03 17:00:00,Industrial Rotary Screw Air Compressor,Compressed Air Utility,60.06,none,0.0,0.0,1.0,Shift B (Evening),39.2,6.94
2026-09-03 17:00:00,Dust Collector & Fume Extraction Blower,Ventilation & Environmental,33.41,none,0.0,0.0,1.0,Shift B (Evening),29.9,0.49
2026-09-03 18:00:00,Robotic GMAW Heavy Welding Gantry,Welding & Joining,38.77,none,0.0,285.6,1.0,Shift B (Evening),121.1,1.03
2026-09-03 18:00:00,CNC High-Definition Plasma & Laser Table,Cutting & Profiling,52.84,none,0.0,426.8,1.0,Shift B (Evening),44.3,7.96
2026-09-03 18:00:00,Hydraulic Plate Bending Roll (500T),Forming & Rolling,44.85,none,0.0,367.0,1.0,Shift B (Evening),34.4,183.32
2026-09-03 18:00:00,Gas-Fired Post-Weld Heat Treatment Furnace,Annealing & Stress Relief,27.22,natural_gas,69.06,631.8,1.0,Shift B (Evening),584.9,1.09
2026-09-03 18:00:00,Automated Wheelabrator Blast Room,Surface Preparation,46.32,none,0.0,402.8,1.0,Shift B (Evening),32.5,5.92
2026-09-03 18:00:00,Industrial Rotary Screw Air Compressor,Compressed Air Utility,56.38,none,0.0,0.0,1.0,Shift B (Evening),39.9,7.16
2026-09-03 18:00:00,Dust Collector & Fume Extraction Blower,Ventilation & Environmental,32.89,none,0.0,0.0,1.0,Shift B (Evening),30.3,0.51
2026-09-03 19:00:00,Robotic GMAW Heavy Welding Gantry,Welding & Joining,38.93,none,0.0,286.9,1.0,Shift B (Evening),120.7,1.02
2026-09-03 19:00:00,CNC High-Definition Plasma & Laser Table,Cutting & Profiling,50.59,none,0.0,408.6,1.0,Shift B (Evening),45.8,8.01
2026-09-03 19:00:00,Hydraulic Plate Bending Roll (500T),Forming & Rolling,44.81,none,0.0,366.6,1.0,Shift B (Evening),35.2,184.65
2026-09-03 19:00:00,Gas-Fired Post-Weld Heat Treatment Furnace,Annealing & Stress Relief,27.64,natural_gas,70.14,641.8,1.0,Shift B (Evening),589.5,1.09
2026-09-03 19:00:00,Automated Wheelabrator Blast Room,Surface Preparation,45.49,none,0.0,395.5,1.0,Shift B (Evening),32.5,5.98
2026-09-03 19:00:00,Industrial Rotary Screw Air Compressor,Compressed Air Utility,59.81,none,0.0,0.0,1.0,Shift B (Evening),40.4,6.95
2026-09-03 19:00:00,Dust Collector & Fume Extraction Blower,Ventilation & Environmental,33.21,none,0.0,0.0,1.0,Shift B (Evening),30.1,0.49
2026-09-03 20:00:00,Robotic GMAW Heavy Welding Gantry,Welding & Joining,36.94,none,0.0,272.2,1.0,Shift B (Evening),120.6,1.0
2026-09-03 20:00:00,CNC High-Definition Plasma & Laser Table,Cutting & Profiling,53.27,none,0.0,430.2,1.0,Shift B (Evening),44.4,8.18
2026-09-03 20:00:00,Hydraulic Plate Bending Roll (500T),Forming & Rolling,44.17,none,0.0,361.4,1.0,Shift B (Evening),35.7,183.04
2026-09-03 20:00:00,Gas-Fired Post-Weld Heat Treatment Furnace,Annealing & Stress Relief,27.08,natural_gas,68.69,628.5,1.0,Shift B (Evening),573.3,1.09
2026-09-03 20:00:00,Automated Wheelabrator Blast Room,Surface Preparation,47.6,none,0.0,413.9,1.0,Shift B (Evening),31.6,5.92
2026-09-03 20:00:00,Industrial Rotary Screw Air Compressor,Compressed Air Utility,57.37,none,0.0,0.0,1.0,Shift B (Evening),39.3,6.87
2026-09-03 20:00:00,Dust Collector & Fume Extraction Blower,Ventilation & Environmental,34.74,none,0.0,0.0,1.0,Shift B (Evening),29.7,0.5
2026-09-03 21:00:00,Robotic GMAW Heavy Welding Gantry,Welding & Joining,37.26,none,0.0,274.5,1.0,Shift B (Evening),121.8,1.01
2026-09-03 21:00:00,CNC High-Definition Plasma & Laser Table,Cutting & Profiling,50.5,none,0.0,407.9,1.0,Shift B (Evening),44.3,8.03
2026-09-03 21:00:00,Hydraulic Plate Bending Roll (500T),Forming & Rolling,42.38,none,0.0,346.7,1.0,Shift B (Evening),35.5,178.93
2026-09-03 21:00:00,Gas-Fired Post-Weld Heat Treatment Furnace,Annealing & Stress Relief,28.8,natural_gas,73.07,668.6,1.0,Shift B (Evening),592.5,1.08
2026-09-03 21:00:00,Automated Wheelabrator Blast Room,Surface Preparation,45.51,none,0.0,395.7,1.0,Shift B (Evening),32.4,6.16
2026-09-03 21:00:00,Industrial Rotary Screw Air Compressor,Compressed Air Utility,57.41,none,0.0,0.0,1.0,Shift B (Evening),40.3,7.0
2026-09-03 21:00:00,Dust Collector & Fume Extraction Blower,Ventilation & Environmental,33.35,none,0.0,0.0,1.0,Shift B (Evening),30.5,0.51
2026-09-03 22:00:00,Robotic GMAW Heavy Welding Gantry,Welding & Joining,38.37,none,0.0,282.7,1.0,Shift C (Night),120.7,1.01
2026-09-03 22:00:00,CNC High-Definition Plasma & Laser Table,Cutting & Profiling,50.94,none,0.0,411.4,1.0,Shift C (Night),45.6,7.76
2026-09-03 22:00:00,Hydraulic Plate Bending Roll (500T),Forming & Rolling,45.24,none,0.0,370.2,1.0,Shift C (Night),34.7,176.31
2026-09-03 22:00:00,Gas-Fired Post-Weld Heat Treatment Furnace,Annealing & Stress Relief,27.77,natural_gas,70.46,644.8,1.0,Shift C (Night),572.8,1.09
2026-09-03 22:00:00,Automated Wheelabrator Blast Room,Surface Preparation,45.86,none,0.0,398.8,1.0,Shift C (Night),31.5,5.99
2026-09-03 22:00:00,Industrial Rotary Screw Air Compressor,Compressed Air Utility,58.66,none,0.0,0.0,1.0,Shift C (Night),40.6,6.99
2026-09-03 22:00:00,Dust Collector & Fume Extraction Blower,Ventilation & Environmental,32.87,none,0.0,0.0,1.0,Shift C (Night),30.3,0.51
2026-09-03 23:00:00,Robotic GMAW Heavy Welding Gantry,Welding & Joining,39.28,none,0.0,289.5,1.0,Shift C (Night),121.3,0.98
2026-09-03 23:00:00,CNC High-Definition Plasma & Laser Table,Cutting & Profiling,1.06,none,0.0,0.0,0.0,Shift C (Night),29.3,0.0
2026-09-03 23:00:00,Hydraulic Plate Bending Roll (500T),Forming & Rolling,2.0,none,0.0,0.0,0.0,Shift C (Night),29.9,0.0
2026-09-03 23:00:00,Gas-Fired Post-Weld Heat Treatment Furnace,Annealing & Stress Relief,28.45,natural_gas,72.19,660.5,1.0,Shift C (Night),582.2,1.09
2026-09-03 23:00:00,Automated Wheelabrator Blast Room,Surface Preparation,0.65,none,0.0,0.0,0.0,Shift C (Night),28.6,0.0
2026-09-03 23:00:00,Industrial Rotary Screw Air Compressor,Compressed Air Utility,23.88,none,0.0,0.0,0.0,Shift C (Night),32.0,5.95
2026-09-03 23:00:00,Dust Collector & Fume Extraction Blower,Ventilation & Environmental,34.38,none,0.0,0.0,1.0,Shift C (Night),29.8,0.49
2026-09-04 00:00:00,Robotic GMAW Heavy Welding Gantry,Welding & Joining,1.44,none,0.0,0.0,0.0,Shift C (Night),29.5,0.0
2026-09-04 00:00:00,CNC High-Definition Plasma & Laser Table,Cutting & Profiling,1.91,none,0.0,0.0,0.0,Shift C (Night),29.4,0.0
2026-09-04 00:00:00,Hydraulic Plate Bending Roll (500T),Forming & Rolling,1.2,none,0.0,0.0,0.0,Shift C (Night),29.9,0.0
2026-09-04 00:00:00,Gas-Fired Post-Weld Heat Treatment Furnace,Annealing & Stress Relief,0.68,natural_gas,0.0,0.0,0.0,Shift C (Night),31.5,0.0
2026-09-04 00:00:00,Automated Wheelabrator Blast Room,Surface Preparation,1.93,none,0.0,0.0,0.0,Shift C (Night),30.7,0.0
2026-09-04 00:00:00,Industrial Rotary Screw Air Compressor,Compressed Air Utility,23.08,none,0.0,0.0,0.0,Shift C (Night),32.0,5.95
2026-09-04 00:00:00,Dust Collector & Fume Extraction Blower,Ventilation & Environmental,34.37,none,0.0,0.0,1.0,Shift C (Night),29.5,0.49
2026-09-04 01:00:00,Robotic GMAW Heavy Welding Gantry,Welding & Joining,1.17,none,0.0,0.0,0.0,Shift C (Night),29.2,0.0
2026-09-04 01:00:00,CNC High-Definition Plasma & Laser Table,Cutting & Profiling,1.6,none,0.0,0.0,0.0,Shift C (Night),31.5,0.0
2026-09-04 01:00:00,Hydraulic Plate Bending Roll (500T),Forming & Rolling,1.33,none,0.0,0.0,0.0,Shift C (Night),30.7,0.0
2026-09-04 01:00:00,Gas-Fired Post-Weld Heat Treatment Furnace,Annealing & Stress Relief,0.96,natural_gas,0.0,0.0,0.0,Shift C (Night),31.3,0.0
2026-09-04 01:00:00,Automated Wheelabrator Blast Room,Surface Preparation,0.73,none,0.0,0.0,0.0,Shift C (Night),31.6,0.0
2026-09-04 01:00:00,Industrial Rotary Screw Air Compressor,Compressed Air Utility,23.37,none,0.0,0.0,0.0,Shift C (Night),32.0,5.95
2026-09-04 01:00:00,Dust Collector & Fume Extraction Blower,Ventilation & Environmental,34.69,none,0.0,0.0,1.0,Shift C (Night),29.6,0.5
2026-09-04 02:00:00,Robotic GMAW Heavy Welding Gantry,Welding & Joining,1.19,none,0.0,0.0,0.0,Shift C (Night),29.9,0.0
2026-09-04 02:00:00,CNC High-Definition Plasma & Laser Table,Cutting & Profiling,1.56,none,0.0,0.0,0.0,Shift C (Night),28.6,0.0
2026-09-04 02:00:00,Hydraulic Plate Bending Roll (500T),Forming & Rolling,1.58,none,0.0,0.0,0.0,Shift C (Night),29.4,0.0
2026-09-04 02:00:00,Gas-Fired Post-Weld Heat Treatment Furnace,Annealing & Stress Relief,1.57,natural_gas,0.0,0.0,0.0,Shift C (Night),29.6,0.0
2026-09-04 02:00:00,Automated Wheelabrator Blast Room,Surface Preparation,0.61,none,0.0,0.0,0.0,Shift C (Night),31.1,0.0
2026-09-04 02:00:00,Industrial Rotary Screw Air Compressor,Compressed Air Utility,24.39,none,0.0,0.0,0.0,Shift C (Night),32.0,5.95
2026-09-04 02:00:00,Dust Collector & Fume Extraction Blower,Ventilation & Environmental,32.85,none,0.0,0.0,1.0,Shift C (Night),30.2,0.5
2026-09-04 03:00:00,Robotic GMAW Heavy Welding Gantry,Welding & Joining,1.05,none,0.0,0.0,0.0,Shift C (Night),31.9,0.0
2026-09-04 03:00:00,CNC High-Definition Plasma & Laser Table,Cutting & Profiling,1.91,none,0.0,0.0,0.0,Shift C (Night),31.0,0.0
2026-09-04 03:00:00,Hydraulic Plate Bending Roll (500T),Forming & Rolling,1.63,none,0.0,0.0,0.0,Shift C (Night),29.3,0.0
2026-09-04 03:00:00,Gas-Fired Post-Weld Heat Treatment Furnace,Annealing & Stress Relief,0.81,natural_gas,0.0,0.0,0.0,Shift C (Night),29.8,0.0
2026-09-04 03:00:00,Automated Wheelabrator Blast Room,Surface Preparation,0.81,none,0.0,0.0,0.0,Shift C (Night),31.5,0.0
2026-09-04 03:00:00,Industrial Rotary Screw Air Compressor,Compressed Air Utility,22.45,none,0.0,0.0,0.0,Shift C (Night),32.0,5.95
2026-09-04 03:00:00,Dust Collector & Fume Extraction Blower,Ventilation & Environmental,35.28,none,0.0,0.0,1.0,Shift C (Night),29.9,0.5
2026-09-04 04:00:00,Robotic GMAW Heavy Welding Gantry,Welding & Joining,0.61,none,0.0,0.0,0.0,Shift C (Night),29.8,0.0
2026-09-04 04:00:00,CNC High-Definition Plasma & Laser Table,Cutting & Profiling,1.77,none,0.0,0.0,0.0,Shift C (Night),28.5,0.0
2026-09-04 04:00:00,Hydraulic Plate Bending Roll (500T),Forming & Rolling,1.23,none,0.0,0.0,0.0,Shift C (Night),31.9,0.0
2026-09-04 04:00:00,Gas-Fired Post-Weld Heat Treatment Furnace,Annealing & Stress Relief,0.74,natural_gas,0.0,0.0,0.0,Shift C (Night),28.9,0.0
2026-09-04 04:00:00,Automated Wheelabrator Blast Room,Surface Preparation,1.97,none,0.0,0.0,0.0,Shift C (Night),29.7,0.0
2026-09-04 04:00:00,Industrial Rotary Screw Air Compressor,Compressed Air Utility,24.18,none,0.0,0.0,0.0,Shift C (Night),32.0,5.95
2026-09-04 04:00:00,Dust Collector & Fume Extraction Blower,Ventilation & Environmental,33.09,none,0.0,0.0,1.0,Shift C (Night),29.9,0.5
2026-09-04 05:00:00,Robotic GMAW Heavy Welding Gantry,Welding & Joining,1.93,none,0.0,0.0,0.0,Shift C (Night),31.9,0.0
2026-09-04 05:00:00,CNC High-Definition Plasma & Laser Table,Cutting & Profiling,1.41,none,0.0,0.0,0.0,Shift C (Night),28.1,0.0
2026-09-04 05:00:00,Hydraulic Plate Bending Roll (500T),Forming & Rolling,1.74,none,0.0,0.0,0.0,Shift C (Night),28.1,0.0
2026-09-04 05:00:00,Gas-Fired Post-Weld Heat Treatment Furnace,Annealing & Stress Relief,1.86,natural_gas,0.0,0.0,0.0,Shift C (Night),30.0,0.0
2026-09-04 05:00:00,Automated Wheelabrator Blast Room,Surface Preparation,1.81,none,0.0,0.0,0.0,Shift C (Night),30.8,0.0
2026-09-04 05:00:00,Industrial Rotary Screw Air Compressor,Compressed Air Utility,24.6,none,0.0,0.0,0.0,Shift C (Night),32.0,5.95
2026-09-04 05:00:00,Dust Collector & Fume Extraction Blower,Ventilation & Environmental,33.88,none,0.0,0.0,1.0,Shift C (Night),29.9,0.5
2026-09-04 06:00:00,Robotic GMAW Heavy Welding Gantry,Welding & Joining,38.13,none,0.0,281.0,1.0,Shift A (Morning),120.1,1.02
2026-09-04 06:00:00,CNC High-Definition Plasma & Laser Table,Cutting & Profiling,50.39,none,0.0,407.0,1.0,Shift A (Morning),44.4,7.97
2026-09-04 06:00:00,Hydraulic Plate Bending Roll (500T),Forming & Rolling,42.86,none,0.0,350.7,1.0,Shift A (Morning),35.1,180.46
2026-09-04 06:00:00,Gas-Fired Post-Weld Heat Treatment Furnace,Annealing & Stress Relief,27.73,natural_gas,70.37,643.8,1.0,Shift A (Morning),590.9,1.11
2026-09-04 06:00:00,Automated Wheelabrator Blast Room,Surface Preparation,45.77,none,0.0,398.0,1.0,Shift A (Morning),31.7,6.04
2026-09-04 06:00:00,Industrial Rotary Screw Air Compressor,Compressed Air Utility,59.97,none,0.0,0.0,1.0,Shift A (Morning),40.6,7.21
2026-09-04 06:00:00,Dust Collector & Fume Extraction Blower,Ventilation & Environmental,34.83,none,0.0,0.0,1.0,Shift A (Morning),29.5,0.5
2026-09-04 07:00:00,Robotic GMAW Heavy Welding Gantry,Welding & Joining,38.35,none,0.0,282.6,1.0,Shift A (Morning),119.6,1.0
2026-09-04 07:00:00,CNC High-Definition Plasma & Laser Table,Cutting & Profiling,53.05,none,0.0,428.5,1.0,Shift A (Morning),45.8,7.81
2026-09-04 07:00:00,Hydraulic Plate Bending Roll (500T),Forming & Rolling,43.8,none,0.0,358.4,1.0,Shift A (Morning),35.1,174.95
2026-09-04 07:00:00,Gas-Fired Post-Weld Heat Treatment Furnace,Annealing & Stress Relief,27.53,natural_gas,69.84,639.1,1.0,Shift A (Morning),580.9,1.08
2026-09-04 07:00:00,Automated Wheelabrator Blast Room,Surface Preparation,45.83,none,0.0,398.5,1.0,Shift A (Morning),31.8,5.89
2026-09-04 07:00:00,Industrial Rotary Screw Air Compressor,Compressed Air Utility,57.86,none,0.0,0.0,1.0,Shift A (Morning),39.4,7.2
2026-09-04 07:00:00,Dust Collector & Fume Extraction Blower,Ventilation & Environmental,35.13,none,0.0,0.0,1.0,Shift A (Morning),29.9,0.51
2026-09-04 08:00:00,Robotic GMAW Heavy Welding Gantry,Welding & Joining,38.62,none,0.0,284.6,1.0,Shift A (Morning),121.2,0.97
2026-09-04 08:00:00,CNC High-Definition Plasma & Laser Table,Cutting & Profiling,51.48,none,0.0,415.8,1.0,Shift A (Morning),44.5,7.9
2026-09-04 08:00:00,Hydraulic Plate Bending Roll (500T),Forming & Rolling,45.34,none,0.0,370.9,1.0,Shift A (Morning),34.7,183.66
2026-09-04 08:00:00,Gas-Fired Post-Weld Heat Treatment Furnace,Annealing & Stress Relief,28.66,natural_gas,72.71,665.3,1.0,Shift A (Morning),580.8,1.08
2026-09-04 08:00:00,Automated Wheelabrator Blast Room,Surface Preparation,47.47,none,0.0,412.8,1.0,Shift A (Morning),31.9,5.83
2026-09-04 08:00:00,Industrial Rotary Screw Air Compressor,Compressed Air Utility,56.39,none,0.0,0.0,1.0,Shift A (Morning),39.8,7.13
2026-09-04 08:00:00,Dust Collector & Fume Extraction Blower,Ventilation & Environmental,34.87,none,0.0,0.0,1.0,Shift A (Morning),30.1,0.5
2026-09-04 09:00:00,Robotic GMAW Heavy Welding Gantry,Welding & Joining,39.4,none,0.0,290.3,1.0,Shift A (Morning),122.4,0.98
2026-09-04 09:00:00,CNC High-Definition Plasma & Laser Table,Cutting & Profiling,53.97,none,0.0,435.9,1.0,Shift A (Morning),44.4,8.07
2026-09-04 09:00:00,Hydraulic Plate Bending Roll (500T),Forming & Rolling,45.16,none,0.0,369.5,1.0,Shift A (Morning),35.4,180.84
2026-09-04 09:00:00,Gas-Fired Post-Weld Heat Treatment Furnace,Annealing & Stress Relief,27.17,natural_gas,68.92,630.7,1.0,Shift A (Morning),586.0,1.13
2026-09-04 09:00:00,Automated Wheelabrator Blast Room,Surface Preparation,44.8,none,0.0,389.6,1.0,Shift A (Morning),32.5,6.01
2026-09-04 09:00:00,Industrial Rotary Screw Air Compressor,Compressed Air Utility,57.71,none,0.0,0.0,1.0,Shift A (Morning),39.4,7.13
2026-09-04 09:00:00,Dust Collector & Fume Extraction Blower,Ventilation & Environmental,34.01,none,0.0,0.0,1.0,Shift A (Morning),30.2,0.51
2026-09-04 10:00:00,Robotic GMAW Heavy Welding Gantry,Welding & Joining,39.04,none,0.0,287.7,1.0,Shift A (Morning),120.6,0.99
2026-09-04 10:00:00,CNC High-Definition Plasma & Laser Table,Cutting & Profiling,52.22,none,0.0,421.8,1.0,Shift A (Morning),45.8,7.86
2026-09-04 10:00:00,Hydraulic Plate Bending Roll (500T),Forming & Rolling,42.57,none,0.0,348.3,1.0,Shift A (Morning),34.9,181.39
2026-09-04 10:00:00,Gas-Fired Post-Weld Heat Treatment Furnace,Annealing & Stress Relief,28.21,natural_gas,71.57,654.9,1.0,Shift A (Morning),571.8,1.11
2026-09-04 10:00:00,Automated Wheelabrator Blast Room,Surface Preparation,47.55,none,0.0,413.5,1.0,Shift A (Morning),31.5,5.96
2026-09-04 10:00:00,Industrial Rotary Screw Air Compressor,Compressed Air Utility,59.12,none,0.0,0.0,1.0,Shift A (Morning),39.4,6.98
2026-09-04 10:00:00,Dust Collector & Fume Extraction Blower,Ventilation & Environmental,34.36,none,0.0,0.0,1.0,Shift A (Morning),29.8,0.49
2026-09-04 11:00:00,Robotic GMAW Heavy Welding Gantry,Welding & Joining,39.21,none,0.0,288.9,1.0,Shift A (Morning),119.0,1.0
2026-09-04 11:00:00,CNC High-Definition Plasma & Laser Table,Cutting & Profiling,50.94,none,0.0,411.4,1.0,Shift A (Morning),45.5,8.14
2026-09-04 11:00:00,Hydraulic Plate Bending Roll (500T),Forming & Rolling,44.95,none,0.0,367.8,1.0,Shift A (Morning),35.2,177.57
2026-09-04 11:00:00,Gas-Fired Post-Weld Heat Treatment Furnace,Annealing & Stress Relief,28.97,natural_gas,73.51,672.6,1.0,Shift A (Morning),585.8,1.11
2026-09-04 11:00:00,Automated Wheelabrator Blast Room,Surface Preparation,46.29,none,0.0,402.5,1.0,Shift A (Morning),31.5,5.99
2026-09-04 11:00:00,Industrial Rotary Screw Air Compressor,Compressed Air Utility,58.44,none,0.0,0.0,1.0,Shift A (Morning),39.4,6.91
2026-09-04 11:00:00,Dust Collector & Fume Extraction Blower,Ventilation & Environmental,35.07,none,0.0,0.0,1.0,Shift A (Morning),29.5,0.5
2026-09-04 12:00:00,Robotic GMAW Heavy Welding Gantry,Welding & Joining,37.58,none,0.0,276.9,1.0,Shift A (Morning),121.6,0.99
2026-09-04 12:00:00,CNC High-Definition Plasma & Laser Table,Cutting & Profiling,51.96,none,0.0,419.7,1.0,Shift A (Morning),44.1,7.8
2026-09-04 12:00:00,Hydraulic Plate Bending Roll (500T),Forming & Rolling,45.62,none,0.0,373.2,1.0,Shift A (Morning),34.4,182.02
2026-09-04 12:00:00,Gas-Fired Post-Weld Heat Treatment Furnace,Annealing & Stress Relief,27.72,natural_gas,70.33,643.5,1.0,Shift A (Morning),578.5,1.13
2026-09-04 12:00:00,Automated Wheelabrator Blast Room,Surface Preparation,47.14,none,0.0,409.9,1.0,Shift A (Morning),31.6,5.82
2026-09-04 12:00:00,Industrial Rotary Screw Air Compressor,Compressed Air Utility,56.51,none,0.0,0.0,1.0,Shift A (Morning),40.1,7.04
2026-09-04 12:00:00,Dust Collector & Fume Extraction Blower,Ventilation & Environmental,32.73,none,0.0,0.0,1.0,Shift A (Morning),30.6,0.51
2026-09-04 13:00:00,Robotic GMAW Heavy Welding Gantry,Welding & Joining,37.95,none,0.0,279.6,1.0,Shift A (Morning),120.5,1.0
2026-09-04 13:00:00,CNC High-Definition Plasma & Laser Table,Cutting & Profiling,50.58,none,0.0,408.5,1.0,Shift A (Morning),45.4,8.2
2026-09-04 13:00:00,Hydraulic Plate Bending Roll (500T),Forming & Rolling,42.92,none,0.0,351.2,1.0,Shift A (Morning),34.3,174.85
2026-09-04 13:00:00,Gas-Fired Post-Weld Heat Treatment Furnace,Annealing & Stress Relief,28.03,natural_gas,71.11,650.6,1.0,Shift A (Morning),574.7,1.12
2026-09-04 13:00:00,Automated Wheelabrator Blast Room,Surface Preparation,44.58,none,0.0,387.7,1.0,Shift A (Morning),31.6,5.94
2026-09-04 13:00:00,Industrial Rotary Screw Air Compressor,Compressed Air Utility,56.7,none,0.0,0.0,1.0,Shift A (Morning),40.4,7.18
2026-09-04 13:00:00,Dust Collector & Fume Extraction Blower,Ventilation & Environmental,33.37,none,0.0,0.0,1.0,Shift A (Morning),30.0,0.51
2026-09-04 14:00:00,Robotic GMAW Heavy Welding Gantry,Welding & Joining,37.54,none,0.0,276.6,1.0,Shift B (Evening),120.2,0.99
2026-09-04 14:00:00,CNC High-Definition Plasma & Laser Table,Cutting & Profiling,53.02,none,0.0,428.2,1.0,Shift B (Evening),45.0,8.01
2026-09-04 14:00:00,Hydraulic Plate Bending Roll (500T),Forming & Rolling,43.65,none,0.0,357.1,1.0,Shift B (Evening),34.6,176.47
2026-09-04 14:00:00,Gas-Fired Post-Weld Heat Treatment Furnace,Annealing & Stress Relief,28.42,natural_gas,72.11,659.7,1.0,Shift B (Evening),591.8,1.09
2026-09-04 14:00:00,Automated Wheelabrator Blast Room,Surface Preparation,45.61,none,0.0,396.6,1.0,Shift B (Evening),32.1,6.1
2026-09-04 14:00:00,Industrial Rotary Screw Air Compressor,Compressed Air Utility,57.13,none,0.0,0.0,1.0,Shift B (Evening),40.5,7.19
2026-09-04 14:00:00,Dust Collector & Fume Extraction Blower,Ventilation & Environmental,33.97,none,0.0,0.0,1.0,Shift B (Evening),30.5,0.5
2026-09-04 15:00:00,Robotic GMAW Heavy Welding Gantry,Welding & Joining,38.75,none,0.0,285.5,1.0,Shift B (Evening),121.5,1.01
2026-09-04 15:00:00,CNC High-Definition Plasma & Laser Table,Cutting & Profiling,52.45,none,0.0,423.6,1.0,Shift B (Evening),44.9,8.03
2026-09-04 15:00:00,Hydraulic Plate Bending Roll (500T),Forming & Rolling,43.56,none,0.0,356.4,1.0,Shift B (Evening),35.2,175.29
2026-09-04 15:00:00,Gas-Fired Post-Weld Heat Treatment Furnace,Annealing & Stress Relief,27.25,natural_gas,69.15,632.7,1.0,Shift B (Evening),571.9,1.1
2026-09-04 15:00:00,Automated Wheelabrator Blast Room,Surface Preparation,46.32,none,0.0,402.8,1.0,Shift B (Evening),31.7,6.12
2026-09-04 15:00:00,Industrial Rotary Screw Air Compressor,Compressed Air Utility,58.67,none,0.0,0.0,1.0,Shift B (Evening),40.7,6.94
2026-09-04 15:00:00,Dust Collector & Fume Extraction Blower,Ventilation & Environmental,32.72,none,0.0,0.0,1.0,Shift B (Evening),29.6,0.49
2026-09-04 16:00:00,Robotic GMAW Heavy Welding Gantry,Welding & Joining,38.88,none,0.0,286.5,1.0,Shift B (Evening),119.3,0.97
2026-09-04 16:00:00,CNC High-Definition Plasma & Laser Table,Cutting & Profiling,52.65,none,0.0,425.3,1.0,Shift B (Evening),44.8,8.13
2026-09-04 16:00:00,Hydraulic Plate Bending Roll (500T),Forming & Rolling,42.67,none,0.0,349.1,1.0,Shift B (Evening),34.7,174.72
2026-09-04 16:00:00,Gas-Fired Post-Weld Heat Treatment Furnace,Annealing & Stress Relief,27.62,natural_gas,70.06,641.1,1.0,Shift B (Evening),582.0,1.12
2026-09-04 16:00:00,Automated Wheelabrator Blast Room,Surface Preparation,47.47,none,0.0,412.8,1.0,Shift B (Evening),32.1,5.96
2026-09-04 16:00:00,Industrial Rotary Screw Air Compressor,Compressed Air Utility,58.47,none,0.0,0.0,1.0,Shift B (Evening),40.0,6.83
2026-09-04 16:00:00,Dust Collector & Fume Extraction Blower,Ventilation & Environmental,33.4,none,0.0,0.0,1.0,Shift B (Evening),30.1,0.51
2026-09-04 17:00:00,Robotic GMAW Heavy Welding Gantry,Welding & Joining,39.09,none,0.0,288.1,1.0,Shift B (Evening),118.0,1.02
2026-09-04 17:00:00,CNC High-Definition Plasma & Laser Table,Cutting & Profiling,51.67,none,0.0,417.4,1.0,Shift B (Evening),45.5,7.91
2026-09-04 17:00:00,Hydraulic Plate Bending Roll (500T),Forming & Rolling,43.37,none,0.0,354.8,1.0,Shift B (Evening),34.6,183.27
2026-09-04 17:00:00,Gas-Fired Post-Weld Heat Treatment Furnace,Annealing & Stress Relief,28.0,natural_gas,71.03,649.9,1.0,Shift B (Evening),594.3,1.09
2026-09-04 17:00:00,Automated Wheelabrator Blast Room,Surface Preparation,44.62,none,0.0,388.0,1.0,Shift B (Evening),31.6,5.94
2026-09-04 17:00:00,Industrial Rotary Screw Air Compressor,Compressed Air Utility,57.46,none,0.0,0.0,1.0,Shift B (Evening),40.1,6.91
2026-09-04 17:00:00,Dust Collector & Fume Extraction Blower,Ventilation & Environmental,34.39,none,0.0,0.0,1.0,Shift B (Evening),30.4,0.51
2026-09-04 18:00:00,Robotic GMAW Heavy Welding Gantry,Welding & Joining,39.25,none,0.0,289.2,1.0,Shift B (Evening),119.0,1.02
2026-09-04 18:00:00,CNC High-Definition Plasma & Laser Table,Cutting & Profiling,51.6,none,0.0,416.7,1.0,Shift B (Evening),45.7,8.2
2026-09-04 18:00:00,Hydraulic Plate Bending Roll (500T),Forming & Rolling,42.38,none,0.0,346.7,1.0,Shift B (Evening),35.2,175.35
2026-09-04 18:00:00,Gas-Fired Post-Weld Heat Treatment Furnace,Annealing & Stress Relief,27.09,natural_gas,68.75,628.9,1.0,Shift B (Evening),589.9,1.11
2026-09-04 18:00:00,Automated Wheelabrator Blast Room,Surface Preparation,45.17,none,0.0,392.8,1.0,Shift B (Evening),32.3,5.96
2026-09-04 18:00:00,Industrial Rotary Screw Air Compressor,Compressed Air Utility,58.26,none,0.0,0.0,1.0,Shift B (Evening),39.7,7.05
2026-09-04 18:00:00,Dust Collector & Fume Extraction Blower,Ventilation & Environmental,33.71,none,0.0,0.0,1.0,Shift B (Evening),30.2,0.5
2026-09-04 19:00:00,Robotic GMAW Heavy Welding Gantry,Welding & Joining,39.06,none,0.0,287.8,1.0,Shift B (Evening),122.2,0.98
2026-09-04 19:00:00,CNC High-Definition Plasma & Laser Table,Cutting & Profiling,51.48,none,0.0,415.8,1.0,Shift B (Evening),45.2,7.77
2026-09-04 19:00:00,Hydraulic Plate Bending Roll (500T),Forming & Rolling,42.41,none,0.0,347.0,1.0,Shift B (Evening),34.3,175.74
2026-09-04 19:00:00,Gas-Fired Post-Weld Heat Treatment Furnace,Annealing & Stress Relief,27.6,natural_gas,70.03,640.8,1.0,Shift B (Evening),587.2,1.1
2026-09-04 19:00:00,Automated Wheelabrator Blast Room,Surface Preparation,44.79,none,0.0,389.4,1.0,Shift B (Evening),31.6,6.14
2026-09-04 19:00:00,Industrial Rotary Screw Air Compressor,Compressed Air Utility,57.39,none,0.0,0.0,1.0,Shift B (Evening),40.6,7.21
2026-09-04 19:00:00,Dust Collector & Fume Extraction Blower,Ventilation & Environmental,35.18,none,0.0,0.0,1.0,Shift B (Evening),30.4,0.49
2026-09-04 20:00:00,Robotic GMAW Heavy Welding Gantry,Welding & Joining,38.87,none,0.0,286.4,1.0,Shift B (Evening),118.1,1.03
2026-09-04 20:00:00,CNC High-Definition Plasma & Laser Table,Cutting & Profiling,50.23,none,0.0,405.7,1.0,Shift B (Evening),44.7,8.05
2026-09-04 20:00:00,Hydraulic Plate Bending Roll (500T),Forming & Rolling,45.1,none,0.0,369.0,1.0,Shift B (Evening),34.7,176.44
2026-09-04 20:00:00,Gas-Fired Post-Weld Heat Treatment Furnace,Annealing & Stress Relief,27.19,natural_gas,68.98,631.2,1.0,Shift B (Evening),581.9,1.08
2026-09-04 20:00:00,Automated Wheelabrator Blast Room,Surface Preparation,47.33,none,0.0,411.6,1.0,Shift B (Evening),32.3,6.14
2026-09-04 20:00:00,Industrial Rotary Screw Air Compressor,Compressed Air Utility,60.16,none,0.0,0.0,1.0,Shift B (Evening),39.9,6.98
2026-09-04 20:00:00,Dust Collector & Fume Extraction Blower,Ventilation & Environmental,32.97,none,0.0,0.0,1.0,Shift B (Evening),30.0,0.5
2026-09-04 21:00:00,Robotic GMAW Heavy Welding Gantry,Welding & Joining,38.49,none,0.0,283.6,1.0,Shift B (Evening),122.3,0.99
2026-09-04 21:00:00,CNC High-Definition Plasma & Laser Table,Cutting & Profiling,52.96,none,0.0,427.8,1.0,Shift B (Evening),44.5,7.89
2026-09-04 21:00:00,Hydraulic Plate Bending Roll (500T),Forming & Rolling,43.28,none,0.0,354.1,1.0,Shift B (Evening),34.4,180.63
2026-09-04 21:00:00,Gas-Fired Post-Weld Heat Treatment Furnace,Annealing & Stress Relief,28.84,natural_gas,73.16,669.4,1.0,Shift B (Evening),586.6,1.12
2026-09-04 21:00:00,Automated Wheelabrator Blast Room,Surface Preparation,44.92,none,0.0,390.6,1.0,Shift B (Evening),31.5,6.17
2026-09-04 21:00:00,Industrial Rotary Screw Air Compressor,Compressed Air Utility,55.96,none,0.0,0.0,1.0,Shift B (Evening),39.2,6.88
2026-09-04 21:00:00,Dust Collector & Fume Extraction Blower,Ventilation & Environmental,34.87,none,0.0,0.0,1.0,Shift B (Evening),29.6,0.49
2026-09-04 22:00:00,Robotic GMAW Heavy Welding Gantry,Welding & Joining,37.11,none,0.0,273.5,1.0,Shift C (Night),120.4,1.0
2026-09-04 22:00:00,CNC High-Definition Plasma & Laser Table,Cutting & Profiling,53.49,none,0.0,432.0,1.0,Shift C (Night),45.5,7.91
2026-09-04 22:00:00,Hydraulic Plate Bending Roll (500T),Forming & Rolling,43.84,none,0.0,358.7,1.0,Shift C (Night),34.5,180.05
2026-09-04 22:00:00,Gas-Fired Post-Weld Heat Treatment Furnace,Annealing & Stress Relief,28.93,natural_gas,73.39,671.5,1.0,Shift C (Night),576.2,1.09
2026-09-04 22:00:00,Automated Wheelabrator Blast Room,Surface Preparation,47.75,none,0.0,415.2,1.0,Shift C (Night),32.5,6.0
2026-09-04 22:00:00,Industrial Rotary Screw Air Compressor,Compressed Air Utility,59.3,none,0.0,0.0,1.0,Shift C (Night),39.5,6.91
2026-09-04 22:00:00,Dust Collector & Fume Extraction Blower,Ventilation & Environmental,33.09,none,0.0,0.0,1.0,Shift C (Night),29.8,0.51
2026-09-04 23:00:00,Robotic GMAW Heavy Welding Gantry,Welding & Joining,38.45,none,0.0,283.3,1.0,Shift C (Night),118.3,1.02
2026-09-04 23:00:00,CNC High-Definition Plasma & Laser Table,Cutting & Profiling,1.64,none,0.0,0.0,0.0,Shift C (Night),29.0,0.0
2026-09-04 23:00:00,Hydraulic Plate Bending Roll (500T),Forming & Rolling,1.85,none,0.0,0.0,0.0,Shift C (Night),28.7,0.0
2026-09-04 23:00:00,Gas-Fired Post-Weld Heat Treatment Furnace,Annealing & Stress Relief,26.94,natural_gas,68.36,625.5,1.0,Shift C (Night),586.6,1.1
2026-09-04 23:00:00,Automated Wheelabrator Blast Room,Surface Preparation,0.97,none,0.0,0.0,0.0,Shift C (Night),31.7,0.0
2026-09-04 23:00:00,Industrial Rotary Screw Air Compressor,Compressed Air Utility,22.34,none,0.0,0.0,0.0,Shift C (Night),32.0,5.95
2026-09-04 23:00:00,Dust Collector & Fume Extraction Blower,Ventilation & Environmental,33.81,none,0.0,0.0,1.0,Shift C (Night),29.6,0.5
2026-09-05 00:00:00,Robotic GMAW Heavy Welding Gantry,Welding & Joining,1.31,none,0.0,0.0,0.0,Shift C (Night),28.2,0.0
2026-09-05 00:00:00,CNC High-Definition Plasma & Laser Table,Cutting & Profiling,0.98,none,0.0,0.0,0.0,Shift C (Night),28.4,0.0
2026-09-05 00:00:00,Hydraulic Plate Bending Roll (500T),Forming & Rolling,1.51,none,0.0,0.0,0.0,Shift C (Night),30.9,0.0
2026-09-05 00:00:00,Gas-Fired Post-Weld Heat Treatment Furnace,Annealing & Stress Relief,1.19,natural_gas,0.0,0.0,0.0,Shift C (Night),29.2,0.0
2026-09-05 00:00:00,Automated Wheelabrator Blast Room,Surface Preparation,1.16,none,0.0,0.0,0.0,Shift C (Night),30.4,0.0
2026-09-05 00:00:00,Industrial Rotary Screw Air Compressor,Compressed Air Utility,24.12,none,0.0,0.0,0.0,Shift C (Night),32.0,5.95
2026-09-05 00:00:00,Dust Collector & Fume Extraction Blower,Ventilation & Environmental,33.98,none,0.0,0.0,1.0,Shift C (Night),29.9,0.51
2026-09-05 01:00:00,Robotic GMAW Heavy Welding Gantry,Welding & Joining,1.5,none,0.0,0.0,0.0,Shift C (Night),31.8,0.0
2026-09-05 01:00:00,CNC High-Definition Plasma & Laser Table,Cutting & Profiling,0.91,none,0.0,0.0,0.0,Shift C (Night),28.2,0.0
2026-09-05 01:00:00,Hydraulic Plate Bending Roll (500T),Forming & Rolling,0.65,none,0.0,0.0,0.0,Shift C (Night),29.1,0.0
2026-09-05 01:00:00,Gas-Fired Post-Weld Heat Treatment Furnace,Annealing & Stress Relief,0.69,natural_gas,0.0,0.0,0.0,Shift C (Night),28.4,0.0
2026-09-05 01:00:00,Automated Wheelabrator Blast Room,Surface Preparation,0.92,none,0.0,0.0,0.0,Shift C (Night),30.5,0.0
2026-09-05 01:00:00,Industrial Rotary Screw Air Compressor,Compressed Air Utility,24.86,none,0.0,0.0,0.0,Shift C (Night),32.0,5.95
2026-09-05 01:00:00,Dust Collector & Fume Extraction Blower,Ventilation & Environmental,33.71,none,0.0,0.0,1.0,Shift C (Night),29.5,0.51
2026-09-05 02:00:00,Robotic GMAW Heavy Welding Gantry,Welding & Joining,1.83,none,0.0,0.0,0.0,Shift C (Night),29.1,0.0
2026-09-05 02:00:00,CNC High-Definition Plasma & Laser Table,Cutting & Profiling,0.89,none,0.0,0.0,0.0,Shift C (Night),31.1,0.0
2026-09-05 02:00:00,Hydraulic Plate Bending Roll (500T),Forming & Rolling,1.09,none,0.0,0.0,0.0,Shift C (Night),29.2,0.0
2026-09-05 02:00:00,Gas-Fired Post-Weld Heat Treatment Furnace,Annealing & Stress Relief,1.43,natural_gas,0.0,0.0,0.0,Shift C (Night),30.9,0.0
2026-09-05 02:00:00,Automated Wheelabrator Blast Room,Surface Preparation,0.73,none,0.0,0.0,0.0,Shift C (Night),30.0,0.0
2026-09-05 02:00:00,Industrial Rotary Screw Air Compressor,Compressed Air Utility,24.8,none,0.0,0.0,0.0,Shift C (Night),32.0,5.95
2026-09-05 02:00:00,Dust Collector & Fume Extraction Blower,Ventilation & Environmental,33.94,none,0.0,0.0,1.0,Shift C (Night),29.8,0.51
2026-09-05 03:00:00,Robotic GMAW Heavy Welding Gantry,Welding & Joining,0.93,none,0.0,0.0,0.0,Shift C (Night),29.3,0.0
2026-09-05 03:00:00,CNC High-Definition Plasma & Laser Table,Cutting & Profiling,0.7,none,0.0,0.0,0.0,Shift C (Night),28.7,0.0
2026-09-05 03:00:00,Hydraulic Plate Bending Roll (500T),Forming & Rolling,1.86,none,0.0,0.0,0.0,Shift C (Night),28.6,0.0
2026-09-05 03:00:00,Gas-Fired Post-Weld Heat Treatment Furnace,Annealing & Stress Relief,0.62,natural_gas,0.0,0.0,0.0,Shift C (Night),29.9,0.0
2026-09-05 03:00:00,Automated Wheelabrator Blast Room,Surface Preparation,1.07,none,0.0,0.0,0.0,Shift C (Night),28.7,0.0
2026-09-05 03:00:00,Industrial Rotary Screw Air Compressor,Compressed Air Utility,23.06,none,0.0,0.0,0.0,Shift C (Night),32.0,5.95
2026-09-05 03:00:00,Dust Collector & Fume Extraction Blower,Ventilation & Environmental,32.85,none,0.0,0.0,1.0,Shift C (Night),30.2,0.51
2026-09-05 04:00:00,Robotic GMAW Heavy Welding Gantry,Welding & Joining,1.43,none,0.0,0.0,0.0,Shift C (Night),31.9,0.0
2026-09-05 04:00:00,CNC High-Definition Plasma & Laser Table,Cutting & Profiling,1.42,none,0.0,0.0,0.0,Shift C (Night),30.0,0.0
2026-09-05 04:00:00,Hydraulic Plate Bending Roll (500T),Forming & Rolling,0.95,none,0.0,0.0,0.0,Shift C (Night),28.4,0.0
2026-09-05 04:00:00,Gas-Fired Post-Weld Heat Treatment Furnace,Annealing & Stress Relief,1.75,natural_gas,0.0,0.0,0.0,Shift C (Night),30.3,0.0
2026-09-05 04:00:00,Automated Wheelabrator Blast Room,Surface Preparation,1.99,none,0.0,0.0,0.0,Shift C (Night),31.3,0.0
2026-09-05 04:00:00,Industrial Rotary Screw Air Compressor,Compressed Air Utility,24.1,none,0.0,0.0,0.0,Shift C (Night),32.0,5.95
2026-09-05 04:00:00,Dust Collector & Fume Extraction Blower,Ventilation & Environmental,33.1,none,0.0,0.0,1.0,Shift C (Night),29.6,0.49
2026-09-05 05:00:00,Robotic GMAW Heavy Welding Gantry,Welding & Joining,1.03,none,0.0,0.0,0.0,Shift C (Night),30.9,0.0
2026-09-05 05:00:00,CNC High-Definition Plasma & Laser Table,Cutting & Profiling,1.23,none,0.0,0.0,0.0,Shift C (Night),30.9,0.0
2026-09-05 05:00:00,Hydraulic Plate Bending Roll (500T),Forming & Rolling,1.99,none,0.0,0.0,0.0,Shift C (Night),29.0,0.0
2026-09-05 05:00:00,Gas-Fired Post-Weld Heat Treatment Furnace,Annealing & Stress Relief,1.28,natural_gas,0.0,0.0,0.0,Shift C (Night),29.5,0.0
2026-09-05 05:00:00,Automated Wheelabrator Blast Room,Surface Preparation,0.62,none,0.0,0.0,0.0,Shift C (Night),29.4,0.0
2026-09-05 05:00:00,Industrial Rotary Screw Air Compressor,Compressed Air Utility,24.84,none,0.0,0.0,0.0,Shift C (Night),32.0,5.95
2026-09-05 05:00:00,Dust Collector & Fume Extraction Blower,Ventilation & Environmental,35.06,none,0.0,0.0,1.0,Shift C (Night),30.3,0.51
2026-09-05 06:00:00,Robotic GMAW Heavy Welding Gantry,Welding & Joining,39.22,none,0.0,289.0,1.0,Shift A (Morning),120.5,0.98
2026-09-05 06:00:00,CNC High-Definition Plasma & Laser Table,Cutting & Profiling,1.56,none,0.0,0.0,0.0,Shift A (Morning),30.9,0.0
2026-09-05 06:00:00,Hydraulic Plate Bending Roll (500T),Forming & Rolling,0.63,none,0.0,0.0,0.0,Shift A (Morning),31.9,0.0
2026-09-05 06:00:00,Gas-Fired Post-Weld Heat Treatment Furnace,Annealing & Stress Relief,28.8,natural_gas,49.37,668.5,1.0,Shift A (Morning),624.0,1.08
2026-09-05 06:00:00,Automated Wheelabrator Blast Room,Surface Preparation,1.3,none,0.0,0.0,0.0,Shift A (Morning),29.0,0.0
2026-09-05 06:00:00,Industrial Rotary Screw Air Compressor,Compressed Air Utility,24.96,none,0.0,0.0,0.0,Shift A (Morning),32.0,5.95
2026-09-05 06:00:00,Dust Collector & Fume Extraction Blower,Ventilation & Environmental,35.29,none,0.0,0.0,1.0,Shift A (Morning),29.8,0.51
2026-09-05 07:00:00,Robotic GMAW Heavy Welding Gantry,Welding & Joining,37.07,none,0.0,273.1,1.0,Shift A (Morning),122.2,1.01
2026-09-05 07:00:00,CNC High-Definition Plasma & Laser Table,Cutting & Profiling,1.95,none,0.0,0.0,0.0,Shift A (Morning),31.5,0.0
2026-09-05 07:00:00,Hydraulic Plate Bending Roll (500T),Forming & Rolling,1.55,none,0.0,0.0,0.0,Shift A (Morning),31.6,0.0
2026-09-05 07:00:00,Gas-Fired Post-Weld Heat Treatment Furnace,Annealing & Stress Relief,27.89,natural_gas,47.81,647.4,1.0,Shift A (Morning),631.4,1.1
2026-09-05 07:00:00,Automated Wheelabrator Blast Room,Surface Preparation,0.97,none,0.0,0.0,0.0,Shift A (Morning),30.7,0.0
2026-09-05 07:00:00,Industrial Rotary Screw Air Compressor,Compressed Air Utility,25.55,none,0.0,0.0,0.0,Shift A (Morning),32.0,5.95
2026-09-05 07:00:00,Dust Collector & Fume Extraction Blower,Ventilation & Environmental,33.7,none,0.0,0.0,1.0,Shift A (Morning),29.9,0.51
2026-09-05 08:00:00,Robotic GMAW Heavy Welding Gantry,Welding & Joining,37.42,none,0.0,275.7,1.0,Shift A (Morning),117.8,1.0
2026-09-05 08:00:00,CNC High-Definition Plasma & Laser Table,Cutting & Profiling,1.08,none,0.0,0.0,0.0,Shift A (Morning),30.4,0.0
2026-09-05 08:00:00,Hydraulic Plate Bending Roll (500T),Forming & Rolling,1.21,none,0.0,0.0,0.0,Shift A (Morning),29.8,0.0
2026-09-05 08:00:00,Gas-Fired Post-Weld Heat Treatment Furnace,Annealing & Stress Relief,29.05,natural_gas,49.8,674.3,1.0,Shift A (Morning),627.3,1.09
2026-09-05 08:00:00,Automated Wheelabrator Blast Room,Surface Preparation,1.96,none,0.0,0.0,0.0,Shift A (Morning),30.0,0.0
2026-09-05 08:00:00,Industrial Rotary Screw Air Compressor,Compressed Air Utility,24.74,none,0.0,0.0,0.0,Shift A (Morning),32.0,5.95
2026-09-05 08:00:00,Dust Collector & Fume Extraction Blower,Ventilation & Environmental,33.91,none,0.0,0.0,1.0,Shift A (Morning),29.6,0.51
2026-09-05 09:00:00,Robotic GMAW Heavy Welding Gantry,Welding & Joining,38.38,none,0.0,282.8,1.0,Shift A (Morning),120.8,0.99
2026-09-05 09:00:00,CNC High-Definition Plasma & Laser Table,Cutting & Profiling,1.0,none,0.0,0.0,0.0,Shift A (Morning),31.2,0.0
2026-09-05 09:00:00,Hydraulic Plate Bending Roll (500T),Forming & Rolling,0.62,none,0.0,0.0,0.0,Shift A (Morning),28.2,0.0
2026-09-05 09:00:00,Gas-Fired Post-Weld Heat Treatment Furnace,Annealing & Stress Relief,27.51,natural_gas,47.17,638.7,1.0,Shift A (Morning),622.3,1.07
2026-09-05 09:00:00,Automated Wheelabrator Blast Room,Surface Preparation,1.03,none,0.0,0.0,0.0,Shift A (Morning),29.7,0.0
2026-09-05 09:00:00,Industrial Rotary Screw Air Compressor,Compressed Air Utility,24.64,none,0.0,0.0,0.0,Shift A (Morning),32.0,5.95
2026-09-05 09:00:00,Dust Collector & Fume Extraction Blower,Ventilation & Environmental,32.64,none,0.0,0.0,1.0,Shift A (Morning),29.7,0.5
2026-09-05 10:00:00,Robotic GMAW Heavy Welding Gantry,Welding & Joining,37.34,none,0.0,275.1,1.0,Shift A (Morning),121.7,1.01
2026-09-05 10:00:00,CNC High-Definition Plasma & Laser Table,Cutting & Profiling,1.68,none,0.0,0.0,0.0,Shift A (Morning),28.6,0.0
2026-09-05 10:00:00,Hydraulic Plate Bending Roll (500T),Forming & Rolling,0.72,none,0.0,0.0,0.0,Shift A (Morning),29.1,0.0
2026-09-05 10:00:00,Gas-Fired Post-Weld Heat Treatment Furnace,Annealing & Stress Relief,29.11,natural_gas,49.9,675.8,1.0,Shift A (Morning),612.5,1.11
2026-09-05 10:00:00,Automated Wheelabrator Blast Room,Surface Preparation,0.71,none,0.0,0.0,0.0,Shift A (Morning),28.9,0.0
2026-09-05 10:00:00,Industrial Rotary Screw Air Compressor,Compressed Air Utility,23.89,none,0.0,0.0,0.0,Shift A (Morning),32.0,5.95
2026-09-05 10:00:00,Dust Collector & Fume Extraction Blower,Ventilation & Environmental,33.6,none,0.0,0.0,1.0,Shift A (Morning),30.4,0.5
2026-09-05 11:00:00,Robotic GMAW Heavy Welding Gantry,Welding & Joining,37.76,none,0.0,278.3,1.0,Shift A (Morning),122.2,0.98
2026-09-05 11:00:00,CNC High-Definition Plasma & Laser Table,Cutting & Profiling,0.97,none,0.0,0.0,0.0,Shift A (Morning),29.2,0.0
2026-09-05 11:00:00,Hydraulic Plate Bending Roll (500T),Forming & Rolling,1.04,none,0.0,0.0,0.0,Shift A (Morning),30.3,0.0
2026-09-05 11:00:00,Gas-Fired Post-Weld Heat Treatment Furnace,Annealing & Stress Relief,28.4,natural_gas,48.69,659.3,1.0,Shift A (Morning),615.6,1.11
2026-09-05 11:00:00,Automated Wheelabrator Blast Room,Surface Preparation,1.56,none,0.0,0.0,0.0,Shift A (Morning),28.8,0.0
2026-09-05 11:00:00,Industrial Rotary Screw Air Compressor,Compressed Air Utility,22.54,none,0.0,0.0,0.0,Shift A (Morning),32.0,5.95
2026-09-05 11:00:00,Dust Collector & Fume Extraction Blower,Ventilation & Environmental,34.15,none,0.0,0.0,1.0,Shift A (Morning),29.8,0.49
2026-09-05 12:00:00,Robotic GMAW Heavy Welding Gantry,Welding & Joining,38.2,none,0.0,281.5,1.0,Shift A (Morning),120.6,1.0
2026-09-05 12:00:00,CNC High-Definition Plasma & Laser Table,Cutting & Profiling,1.13,none,0.0,0.0,0.0,Shift A (Morning),31.5,0.0
2026-09-05 12:00:00,Hydraulic Plate Bending Roll (500T),Forming & Rolling,1.21,none,0.0,0.0,0.0,Shift A (Morning),28.6,0.0
2026-09-05 12:00:00,Gas-Fired Post-Weld Heat Treatment Furnace,Annealing & Stress Relief,27.87,natural_gas,47.78,647.0,1.0,Shift A (Morning),615.4,1.13
2026-09-05 12:00:00,Automated Wheelabrator Blast Room,Surface Preparation,1.6,none,0.0,0.0,0.0,Shift A (Morning),29.9,0.0
2026-09-05 12:00:00,Industrial Rotary Screw Air Compressor,Compressed Air Utility,23.71,none,0.0,0.0,0.0,Shift A (Morning),32.0,5.95
2026-09-05 12:00:00,Dust Collector & Fume Extraction Blower,Ventilation & Environmental,33.78,none,0.0,0.0,1.0,Shift A (Morning),29.9,0.49
2026-09-05 13:00:00,Robotic GMAW Heavy Welding Gantry,Welding & Joining,38.18,none,0.0,281.3,1.0,Shift A (Morning),122.2,1.0
2026-09-05 13:00:00,CNC High-Definition Plasma & Laser Table,Cutting & Profiling,1.66,none,0.0,0.0,0.0,Shift A (Morning),30.5,0.0
2026-09-05 13:00:00,Hydraulic Plate Bending Roll (500T),Forming & Rolling,1.02,none,0.0,0.0,0.0,Shift A (Morning),29.0,0.0
2026-09-05 13:00:00,Gas-Fired Post-Weld Heat Treatment Furnace,Annealing & Stress Relief,28.03,natural_gas,48.05,650.6,1.0,Shift A (Morning),610.8,1.1
2026-09-05 13:00:00,Automated Wheelabrator Blast Room,Surface Preparation,1.39,none,0.0,0.0,0.0,Shift A (Morning),29.2,0.0
2026-09-05 13:00:00,Industrial Rotary Screw Air Compressor,Compressed Air Utility,25.02,none,0.0,0.0,0.0,Shift A (Morning),32.0,5.95
2026-09-05 13:00:00,Dust Collector & Fume Extraction Blower,Ventilation & Environmental,33.71,none,0.0,0.0,1.0,Shift A (Morning),29.9,0.49
2026-09-05 14:00:00,Robotic GMAW Heavy Welding Gantry,Welding & Joining,38.93,none,0.0,286.9,1.0,Shift B (Evening),121.8,1.0
2026-09-05 14:00:00,CNC High-Definition Plasma & Laser Table,Cutting & Profiling,0.68,none,0.0,0.0,0.0,Shift B (Evening),28.2,0.0
2026-09-05 14:00:00,Hydraulic Plate Bending Roll (500T),Forming & Rolling,1.76,none,0.0,0.0,0.0,Shift B (Evening),30.6,0.0
2026-09-05 14:00:00,Gas-Fired Post-Weld Heat Treatment Furnace,Annealing & Stress Relief,27.63,natural_gas,47.36,641.3,1.0,Shift B (Evening),610.0,1.09
2026-09-05 14:00:00,Automated Wheelabrator Blast Room,Surface Preparation,1.27,none,0.0,0.0,0.0,Shift B (Evening),29.3,0.0
2026-09-05 14:00:00,Industrial Rotary Screw Air Compressor,Compressed Air Utility,22.24,none,0.0,0.0,0.0,Shift B (Evening),32.0,5.95
2026-09-05 14:00:00,Dust Collector & Fume Extraction Blower,Ventilation & Environmental,34.65,none,0.0,0.0,1.0,Shift B (Evening),30.2,0.51
2026-09-05 15:00:00,Robotic GMAW Heavy Welding Gantry,Welding & Joining,36.64,none,0.0,270.0,1.0,Shift B (Evening),118.6,0.98
2026-09-05 15:00:00,CNC High-Definition Plasma & Laser Table,Cutting & Profiling,1.64,none,0.0,0.0,0.0,Shift B (Evening),30.0,0.0
2026-09-05 15:00:00,Hydraulic Plate Bending Roll (500T),Forming & Rolling,0.91,none,0.0,0.0,0.0,Shift B (Evening),30.7,0.0
2026-09-05 15:00:00,Gas-Fired Post-Weld Heat Treatment Furnace,Annealing & Stress Relief,28.79,natural_gas,49.35,668.3,1.0,Shift B (Evening),615.1,1.09
2026-09-05 15:00:00,Automated Wheelabrator Blast Room,Surface Preparation,1.98,none,0.0,0.0,0.0,Shift B (Evening),28.0,0.0
2026-09-05 15:00:00,Industrial Rotary Screw Air Compressor,Compressed Air Utility,23.94,none,0.0,0.0,0.0,Shift B (Evening),32.0,5.95
2026-09-05 15:00:00,Dust Collector & Fume Extraction Blower,Ventilation & Environmental,34.51,none,0.0,0.0,1.0,Shift B (Evening),29.5,0.49
2026-09-05 16:00:00,Robotic GMAW Heavy Welding Gantry,Welding & Joining,38.32,none,0.0,282.3,1.0,Shift B (Evening),118.2,0.98
2026-09-05 16:00:00,CNC High-Definition Plasma & Laser Table,Cutting & Profiling,0.89,none,0.0,0.0,0.0,Shift B (Evening),29.9,0.0
2026-09-05 16:00:00,Hydraulic Plate Bending Roll (500T),Forming & Rolling,1.77,none,0.0,0.0,0.0,Shift B (Evening),29.8,0.0
2026-09-05 16:00:00,Gas-Fired Post-Weld Heat Treatment Furnace,Annealing & Stress Relief,27.0,natural_gas,46.29,626.9,1.0,Shift B (Evening),610.6,1.09
2026-09-05 16:00:00,Automated Wheelabrator Blast Room,Surface Preparation,1.98,none,0.0,0.0,0.0,Shift B (Evening),31.3,0.0
2026-09-05 16:00:00,Industrial Rotary Screw Air Compressor,Compressed Air Utility,25.37,none,0.0,0.0,0.0,Shift B (Evening),32.0,5.95
2026-09-05 16:00:00,Dust Collector & Fume Extraction Blower,Ventilation & Environmental,34.13,none,0.0,0.0,1.0,Shift B (Evening),30.4,0.51
2026-09-05 17:00:00,Robotic GMAW Heavy Welding Gantry,Welding & Joining,39.09,none,0.0,288.0,1.0,Shift B (Evening),120.6,1.0
2026-09-05 17:00:00,CNC High-Definition Plasma & Laser Table,Cutting & Profiling,1.49,none,0.0,0.0,0.0,Shift B (Evening),28.7,0.0
2026-09-05 17:00:00,Hydraulic Plate Bending Roll (500T),Forming & Rolling,1.75,none,0.0,0.0,0.0,Shift B (Evening),30.6,0.0
2026-09-05 17:00:00,Gas-Fired Post-Weld Heat Treatment Furnace,Annealing & Stress Relief,27.26,natural_gas,46.74,632.9,1.0,Shift B (Evening),626.0,1.1
2026-09-05 17:00:00,Automated Wheelabrator Blast Room,Surface Preparation,1.27,none,0.0,0.0,0.0,Shift B (Evening),29.2,0.0
2026-09-05 17:00:00,Industrial Rotary Screw Air Compressor,Compressed Air Utility,24.67,none,0.0,0.0,0.0,Shift B (Evening),32.0,5.95
2026-09-05 17:00:00,Dust Collector & Fume Extraction Blower,Ventilation & Environmental,35.25,none,0.0,0.0,1.0,Shift B (Evening),30.0,0.51
2026-09-05 18:00:00,Robotic GMAW Heavy Welding Gantry,Welding & Joining,1.15,none,0.0,0.0,0.0,Shift B (Evening),30.8,0.0
2026-09-05 18:00:00,CNC High-Definition Plasma & Laser Table,Cutting & Profiling,0.75,none,0.0,0.0,0.0,Shift B (Evening),29.7,0.0
2026-09-05 18:00:00,Hydraulic Plate Bending Roll (500T),Forming & Rolling,1.19,none,0.0,0.0,0.0,Shift B (Evening),28.1,0.0
2026-09-05 18:00:00,Gas-Fired Post-Weld Heat Treatment Furnace,Annealing & Stress Relief,1.24,natural_gas,0.0,0.0,0.0,Shift B (Evening),30.3,0.0
2026-09-05 18:00:00,Automated Wheelabrator Blast Room,Surface Preparation,0.62,none,0.0,0.0,0.0,Shift B (Evening),29.2,0.0
2026-09-05 18:00:00,Industrial Rotary Screw Air Compressor,Compressed Air Utility,24.58,none,0.0,0.0,0.0,Shift B (Evening),32.0,5.95
2026-09-05 18:00:00,Dust Collector & Fume Extraction Blower,Ventilation & Environmental,35.07,none,0.0,0.0,1.0,Shift B (Evening),30.1,0.49
2026-09-05 19:00:00,Robotic GMAW Heavy Welding Gantry,Welding & Joining,1.87,none,0.0,0.0,0.0,Shift B (Evening),31.9,0.0
2026-09-05 19:00:00,CNC High-Definition Plasma & Laser Table,Cutting & Profiling,1.26,none,0.0,0.0,0.0,Shift B (Evening),30.9,0.0
2026-09-05 19:00:00,Hydraulic Plate Bending Roll (500T),Forming & Rolling,0.99,none,0.0,0.0,0.0,Shift B (Evening),31.9,0.0
2026-09-05 19:00:00,Gas-Fired Post-Weld Heat Treatment Furnace,Annealing & Stress Relief,1.1,natural_gas,0.0,0.0,0.0,Shift B (Evening),31.4,0.0
2026-09-05 19:00:00,Automated Wheelabrator Blast Room,Surface Preparation,1.3,none,0.0,0.0,0.0,Shift B (Evening),29.4,0.0
2026-09-05 19:00:00,Industrial Rotary Screw Air Compressor,Compressed Air Utility,24.82,none,0.0,0.0,0.0,Shift B (Evening),32.0,5.95
2026-09-05 19:00:00,Dust Collector & Fume Extraction Blower,Ventilation & Environmental,33.7,none,0.0,0.0,1.0,Shift B (Evening),29.5,0.5
2026-09-05 20:00:00,Robotic GMAW Heavy Welding Gantry,Welding & Joining,1.09,none,0.0,0.0,0.0,Shift B (Evening),30.9,0.0
2026-09-05 20:00:00,CNC High-Definition Plasma & Laser Table,Cutting & Profiling,1.08,none,0.0,0.0,0.0,Shift B (Evening),30.9,0.0
2026-09-05 20:00:00,Hydraulic Plate Bending Roll (500T),Forming & Rolling,1.7,none,0.0,0.0,0.0,Shift B (Evening),29.1,0.0
2026-09-05 20:00:00,Gas-Fired Post-Weld Heat Treatment Furnace,Annealing & Stress Relief,1.67,natural_gas,0.0,0.0,0.0,Shift B (Evening),29.2,0.0
2026-09-05 20:00:00,Automated Wheelabrator Blast Room,Surface Preparation,1.15,none,0.0,0.0,0.0,Shift B (Evening),31.7,0.0
2026-09-05 20:00:00,Industrial Rotary Screw Air Compressor,Compressed Air Utility,24.58,none,0.0,0.0,0.0,Shift B (Evening),32.0,5.95
2026-09-05 20:00:00,Dust Collector & Fume Extraction Blower,Ventilation & Environmental,33.66,none,0.0,0.0,1.0,Shift B (Evening),30.0,0.5
2026-09-05 21:00:00,Robotic GMAW Heavy Welding Gantry,Welding & Joining,1.41,none,0.0,0.0,0.0,Shift B (Evening),31.7,0.0
2026-09-05 21:00:00,CNC High-Definition Plasma & Laser Table,Cutting & Profiling,1.69,none,0.0,0.0,0.0,Shift B (Evening),30.1,0.0
2026-09-05 21:00:00,Hydraulic Plate Bending Roll (500T),Forming & Rolling,0.78,none,0.0,0.0,0.0,Shift B (Evening),29.3,0.0
2026-09-05 21:00:00,Gas-Fired Post-Weld Heat Treatment Furnace,Annealing & Stress Relief,1.94,natural_gas,0.0,0.0,0.0,Shift B (Evening),29.4,0.0
2026-09-05 21:00:00,Automated Wheelabrator Blast Room,Surface Preparation,1.46,none,0.0,0.0,0.0,Shift B (Evening),29.6,0.0
2026-09-05 21:00:00,Industrial Rotary Screw Air Compressor,Compressed Air Utility,22.18,none,0.0,0.0,0.0,Shift B (Evening),32.0,5.95
2026-09-05 21:00:00,Dust Collector & Fume Extraction Blower,Ventilation & Environmental,34.96,none,0.0,0.0,1.0,Shift B (Evening),29.6,0.49
2026-09-05 22:00:00,Robotic GMAW Heavy Welding Gantry,Welding & Joining,0.75,none,0.0,0.0,0.0,Shift C (Night),31.7,0.0
2026-09-05 22:00:00,CNC High-Definition Plasma & Laser Table,Cutting & Profiling,1.27,none,0.0,0.0,0.0,Shift C (Night),31.0,0.0
2026-09-05 22:00:00,Hydraulic Plate Bending Roll (500T),Forming & Rolling,1.97,none,0.0,0.0,0.0,Shift C (Night),31.2,0.0
2026-09-05 22:00:00,Gas-Fired Post-Weld Heat Treatment Furnace,Annealing & Stress Relief,1.63,natural_gas,0.0,0.0,0.0,Shift C (Night),28.9,0.0
2026-09-05 22:00:00,Automated Wheelabrator Blast Room,Surface Preparation,1.86,none,0.0,0.0,0.0,Shift C (Night),28.7,0.0
2026-09-05 22:00:00,Industrial Rotary Screw Air Compressor,Compressed Air Utility,25.57,none,0.0,0.0,0.0,Shift C (Night),32.0,5.95
2026-09-05 22:00:00,Dust Collector & Fume Extraction Blower,Ventilation & Environmental,34.7,none,0.0,0.0,1.0,Shift C (Night),29.9,0.49
2026-09-05 23:00:00,Robotic GMAW Heavy Welding Gantry,Welding & Joining,1.46,none,0.0,0.0,0.0,Shift C (Night),28.5,0.0
2026-09-05 23:00:00,CNC High-Definition Plasma & Laser Table,Cutting & Profiling,1.79,none,0.0,0.0,0.0,Shift C (Night),28.3,0.0
2026-09-05 23:00:00,Hydraulic Plate Bending Roll (500T),Forming & Rolling,1.67,none,0.0,0.0,0.0,Shift C (Night),30.4,0.0
2026-09-05 23:00:00,Gas-Fired Post-Weld Heat Treatment Furnace,Annealing & Stress Relief,1.78,natural_gas,0.0,0.0,0.0,Shift C (Night),31.7,0.0
2026-09-05 23:00:00,Automated Wheelabrator Blast Room,Surface Preparation,1.05,none,0.0,0.0,0.0,Shift C (Night),30.8,0.0
2026-09-05 23:00:00,Industrial Rotary Screw Air Compressor,Compressed Air Utility,23.51,none,0.0,0.0,0.0,Shift C (Night),32.0,5.95
2026-09-05 23:00:00,Dust Collector & Fume Extraction Blower,Ventilation & Environmental,35.33,none,0.0,0.0,1.0,Shift C (Night),30.1,0.49
2026-09-06 00:00:00,Robotic GMAW Heavy Welding Gantry,Welding & Joining,0.95,none,0.0,0.0,0.0,Shift C (Night),29.8,0.0
2026-09-06 00:00:00,CNC High-Definition Plasma & Laser Table,Cutting & Profiling,1.0,none,0.0,0.0,0.0,Shift C (Night),28.8,0.0
2026-09-06 00:00:00,Hydraulic Plate Bending Roll (500T),Forming & Rolling,0.83,none,0.0,0.0,0.0,Shift C (Night),31.3,0.0
2026-09-06 00:00:00,Gas-Fired Post-Weld Heat Treatment Furnace,Annealing & Stress Relief,1.73,natural_gas,0.0,0.0,0.0,Shift C (Night),28.8,0.0
2026-09-06 00:00:00,Automated Wheelabrator Blast Room,Surface Preparation,1.41,none,0.0,0.0,0.0,Shift C (Night),30.5,0.0
2026-09-06 00:00:00,Industrial Rotary Screw Air Compressor,Compressed Air Utility,24.67,none,0.0,0.0,0.0,Shift C (Night),32.0,5.95
2026-09-06 00:00:00,Dust Collector & Fume Extraction Blower,Ventilation & Environmental,33.19,none,0.0,0.0,1.0,Shift C (Night),30.4,0.51
2026-09-06 01:00:00,Robotic GMAW Heavy Welding Gantry,Welding & Joining,1.1,none,0.0,0.0,0.0,Shift C (Night),29.6,0.0
2026-09-06 01:00:00,CNC High-Definition Plasma & Laser Table,Cutting & Profiling,1.37,none,0.0,0.0,0.0,Shift C (Night),28.3,0.0
2026-09-06 01:00:00,Hydraulic Plate Bending Roll (500T),Forming & Rolling,0.86,none,0.0,0.0,0.0,Shift C (Night),30.9,0.0
2026-09-06 01:00:00,Gas-Fired Post-Weld Heat Treatment Furnace,Annealing & Stress Relief,1.88,natural_gas,0.0,0.0,0.0,Shift C (Night),30.6,0.0
2026-09-06 01:00:00,Automated Wheelabrator Blast Room,Surface Preparation,1.29,none,0.0,0.0,0.0,Shift C (Night),31.3,0.0
2026-09-06 01:00:00,Industrial Rotary Screw Air Compressor,Compressed Air Utility,24.28,none,0.0,0.0,0.0,Shift C (Night),32.0,5.95
2026-09-06 01:00:00,Dust Collector & Fume Extraction Blower,Ventilation & Environmental,33.93,none,0.0,0.0,1.0,Shift C (Night),29.8,0.5
2026-09-06 02:00:00,Robotic GMAW Heavy Welding Gantry,Welding & Joining,1.38,none,0.0,0.0,0.0,Shift C (Night),28.6,0.0
2026-09-06 02:00:00,CNC High-Definition Plasma & Laser Table,Cutting & Profiling,0.69,none,0.0,0.0,0.0,Shift C (Night),29.7,0.0
2026-09-06 02:00:00,Hydraulic Plate Bending Roll (500T),Forming & Rolling,1.13,none,0.0,0.0,0.0,Shift C (Night),28.3,0.0
2026-09-06 02:00:00,Gas-Fired Post-Weld Heat Treatment Furnace,Annealing & Stress Relief,0.71,natural_gas,0.0,0.0,0.0,Shift C (Night),31.1,0.0
2026-09-06 02:00:00,Automated Wheelabrator Blast Room,Surface Preparation,1.02,none,0.0,0.0,0.0,Shift C (Night),28.5,0.0
2026-09-06 02:00:00,Industrial Rotary Screw Air Compressor,Compressed Air Utility,22.92,none,0.0,0.0,0.0,Shift C (Night),32.0,5.95
2026-09-06 02:00:00,Dust Collector & Fume Extraction Blower,Ventilation & Environmental,34.28,none,0.0,0.0,1.0,Shift C (Night),29.8,0.49
2026-09-06 03:00:00,Robotic GMAW Heavy Welding Gantry,Welding & Joining,1.92,none,0.0,0.0,0.0,Shift C (Night),31.7,0.0
2026-09-06 03:00:00,CNC High-Definition Plasma & Laser Table,Cutting & Profiling,0.95,none,0.0,0.0,0.0,Shift C (Night),30.8,0.0
2026-09-06 03:00:00,Hydraulic Plate Bending Roll (500T),Forming & Rolling,0.7,none,0.0,0.0,0.0,Shift C (Night),31.5,0.0
2026-09-06 03:00:00,Gas-Fired Post-Weld Heat Treatment Furnace,Annealing & Stress Relief,1.96,natural_gas,0.0,0.0,0.0,Shift C (Night),28.3,0.0
2026-09-06 03:00:00,Automated Wheelabrator Blast Room,Surface Preparation,1.41,none,0.0,0.0,0.0,Shift C (Night),31.4,0.0
2026-09-06 03:00:00,Industrial Rotary Screw Air Compressor,Compressed Air Utility,25.73,none,0.0,0.0,0.0,Shift C (Night),32.0,5.95
2026-09-06 03:00:00,Dust Collector & Fume Extraction Blower,Ventilation & Environmental,34.0,none,0.0,0.0,1.0,Shift C (Night),29.9,0.49
2026-09-06 04:00:00,Robotic GMAW Heavy Welding Gantry,Welding & Joining,1.58,none,0.0,0.0,0.0,Shift C (Night),28.4,0.0
2026-09-06 04:00:00,CNC High-Definition Plasma & Laser Table,Cutting & Profiling,1.26,none,0.0,0.0,0.0,Shift C (Night),31.7,0.0
2026-09-06 04:00:00,Hydraulic Plate Bending Roll (500T),Forming & Rolling,0.97,none,0.0,0.0,0.0,Shift C (Night),28.1,0.0
2026-09-06 04:00:00,Gas-Fired Post-Weld Heat Treatment Furnace,Annealing & Stress Relief,1.07,natural_gas,0.0,0.0,0.0,Shift C (Night),29.0,0.0
2026-09-06 04:00:00,Automated Wheelabrator Blast Room,Surface Preparation,1.07,none,0.0,0.0,0.0,Shift C (Night),31.1,0.0
2026-09-06 04:00:00,Industrial Rotary Screw Air Compressor,Compressed Air Utility,22.56,none,0.0,0.0,0.0,Shift C (Night),32.0,5.95
2026-09-06 04:00:00,Dust Collector & Fume Extraction Blower,Ventilation & Environmental,34.13,none,0.0,0.0,1.0,Shift C (Night),30.3,0.51
2026-09-06 05:00:00,Robotic GMAW Heavy Welding Gantry,Welding & Joining,1.53,none,0.0,0.0,0.0,Shift C (Night),31.5,0.0
2026-09-06 05:00:00,CNC High-Definition Plasma & Laser Table,Cutting & Profiling,0.93,none,0.0,0.0,0.0,Shift C (Night),28.3,0.0
2026-09-06 05:00:00,Hydraulic Plate Bending Roll (500T),Forming & Rolling,1.93,none,0.0,0.0,0.0,Shift C (Night),31.6,0.0
2026-09-06 05:00:00,Gas-Fired Post-Weld Heat Treatment Furnace,Annealing & Stress Relief,1.58,natural_gas,0.0,0.0,0.0,Shift C (Night),31.1,0.0
2026-09-06 05:00:00,Automated Wheelabrator Blast Room,Surface Preparation,0.65,none,0.0,0.0,0.0,Shift C (Night),31.9,0.0
2026-09-06 05:00:00,Industrial Rotary Screw Air Compressor,Compressed Air Utility,25.8,none,0.0,0.0,0.0,Shift C (Night),32.0,5.95
2026-09-06 05:00:00,Dust Collector & Fume Extraction Blower,Ventilation & Environmental,34.27,none,0.0,0.0,1.0,Shift C (Night),30.1,0.49
2026-09-06 06:00:00,Robotic GMAW Heavy Welding Gantry,Welding & Joining,1.37,none,0.0,0.0,0.0,Shift A (Morning),31.8,0.0
2026-09-06 06:00:00,CNC High-Definition Plasma & Laser Table,Cutting & Profiling,0.98,none,0.0,0.0,0.0,Shift A (Morning),28.2,0.0
2026-09-06 06:00:00,Hydraulic Plate Bending Roll (500T),Forming & Rolling,0.65,none,0.0,0.0,0.0,Shift A (Morning),30.0,0.0
2026-09-06 06:00:00,Gas-Fired Post-Weld Heat Treatment Furnace,Annealing & Stress Relief,1.51,natural_gas,0.0,0.0,0.0,Shift A (Morning),29.7,0.0
2026-09-06 06:00:00,Automated Wheelabrator Blast Room,Surface Preparation,1.02,none,0.0,0.0,0.0,Shift A (Morning),31.4,0.0
2026-09-06 06:00:00,Industrial Rotary Screw Air Compressor,Compressed Air Utility,25.89,none,0.0,0.0,0.0,Shift A (Morning),32.0,5.95
2026-09-06 06:00:00,Dust Collector & Fume Extraction Blower,Ventilation & Environmental,32.7,none,0.0,0.0,1.0,Shift A (Morning),29.5,0.51
2026-09-06 07:00:00,Robotic GMAW Heavy Welding Gantry,Welding & Joining,1.74,none,0.0,0.0,0.0,Shift A (Morning),30.1,0.0
2026-09-06 07:00:00,CNC High-Definition Plasma & Laser Table,Cutting & Profiling,1.8,none,0.0,0.0,0.0,Shift A (Morning),30.7,0.0
2026-09-06 07:00:00,Hydraulic Plate Bending Roll (500T),Forming & Rolling,1.63,none,0.0,0.0,0.0,Shift A (Morning),30.2,0.0
2026-09-06 07:00:00,Gas-Fired Post-Weld Heat Treatment Furnace,Annealing & Stress Relief,0.67,natural_gas,0.0,0.0,0.0,Shift A (Morning),31.1,0.0
2026-09-06 07:00:00,Automated Wheelabrator Blast Room,Surface Preparation,1.57,none,0.0,0.0,0.0,Shift A (Morning),29.7,0.0
2026-09-06 07:00:00,Industrial Rotary Screw Air Compressor,Compressed Air Utility,23.71,none,0.0,0.0,0.0,Shift A (Morning),32.0,5.95
2026-09-06 07:00:00,Dust Collector & Fume Extraction Blower,Ventilation & Environmental,33.01,none,0.0,0.0,1.0,Shift A (Morning),29.9,0.51
2026-09-06 08:00:00,Robotic GMAW Heavy Welding Gantry,Welding & Joining,1.98,none,0.0,0.0,0.0,Shift A (Morning),29.5,0.0
2026-09-06 08:00:00,CNC High-Definition Plasma & Laser Table,Cutting & Profiling,0.87,none,0.0,0.0,0.0,Shift A (Morning),29.7,0.0
2026-09-06 08:00:00,Hydraulic Plate Bending Roll (500T),Forming & Rolling,0.68,none,0.0,0.0,0.0,Shift A (Morning),28.9,0.0
2026-09-06 08:00:00,Gas-Fired Post-Weld Heat Treatment Furnace,Annealing & Stress Relief,1.42,natural_gas,0.0,0.0,0.0,Shift A (Morning),28.9,0.0
2026-09-06 08:00:00,Automated Wheelabrator Blast Room,Surface Preparation,1.65,none,0.0,0.0,0.0,Shift A (Morning),31.6,0.0
2026-09-06 08:00:00,Industrial Rotary Screw Air Compressor,Compressed Air Utility,25.17,none,0.0,0.0,0.0,Shift A (Morning),32.0,5.95
2026-09-06 08:00:00,Dust Collector & Fume Extraction Blower,Ventilation & Environmental,34.19,none,0.0,0.0,1.0,Shift A (Morning),30.6,0.49
2026-09-06 09:00:00,Robotic GMAW Heavy Welding Gantry,Welding & Joining,1.61,none,0.0,0.0,0.0,Shift A (Morning),31.3,0.0
2026-09-06 09:00:00,CNC High-Definition Plasma & Laser Table,Cutting & Profiling,0.71,none,0.0,0.0,0.0,Shift A (Morning),28.5,0.0
2026-09-06 09:00:00,Hydraulic Plate Bending Roll (500T),Forming & Rolling,0.85,none,0.0,0.0,0.0,Shift A (Morning),28.2,0.0
2026-09-06 09:00:00,Gas-Fired Post-Weld Heat Treatment Furnace,Annealing & Stress Relief,1.09,natural_gas,0.0,0.0,0.0,Shift A (Morning),30.6,0.0
2026-09-06 09:00:00,Automated Wheelabrator Blast Room,Surface Preparation,0.94,none,0.0,0.0,0.0,Shift A (Morning),29.2,0.0
2026-09-06 09:00:00,Industrial Rotary Screw Air Compressor,Compressed Air Utility,24.42,none,0.0,0.0,0.0,Shift A (Morning),32.0,5.95
2026-09-06 09:00:00,Dust Collector & Fume Extraction Blower,Ventilation & Environmental,33.94,none,0.0,0.0,1.0,Shift A (Morning),29.5,0.49
2026-09-06 10:00:00,Robotic GMAW Heavy Welding Gantry,Welding & Joining,0.95,none,0.0,0.0,0.0,Shift A (Morning),30.2,0.0
2026-09-06 10:00:00,CNC High-Definition Plasma & Laser Table,Cutting & Profiling,1.29,none,0.0,0.0,0.0,Shift A (Morning),30.9,0.0
2026-09-06 10:00:00,Hydraulic Plate Bending Roll (500T),Forming & Rolling,1.1,none,0.0,0.0,0.0,Shift A (Morning),31.7,0.0
2026-09-06 10:00:00,Gas-Fired Post-Weld Heat Treatment Furnace,Annealing & Stress Relief,0.91,natural_gas,0.0,0.0,0.0,Shift A (Morning),30.9,0.0
2026-09-06 10:00:00,Automated Wheelabrator Blast Room,Surface Preparation,1.92,none,0.0,0.0,0.0,Shift A (Morning),31.1,0.0
2026-09-06 10:00:00,Industrial Rotary Screw Air Compressor,Compressed Air Utility,23.17,none,0.0,0.0,0.0,Shift A (Morning),32.0,5.95
2026-09-06 10:00:00,Dust Collector & Fume Extraction Blower,Ventilation & Environmental,34.42,none,0.0,0.0,1.0,Shift A (Morning),30.0,0.49
2026-09-06 11:00:00,Robotic GMAW Heavy Welding Gantry,Welding & Joining,1.58,none,0.0,0.0,0.0,Shift A (Morning),30.0,0.0
2026-09-06 11:00:00,CNC High-Definition Plasma & Laser Table,Cutting & Profiling,0.68,none,0.0,0.0,0.0,Shift A (Morning),31.6,0.0
2026-09-06 11:00:00,Hydraulic Plate Bending Roll (500T),Forming & Rolling,1.59,none,0.0,0.0,0.0,Shift A (Morning),30.5,0.0
2026-09-06 11:00:00,Gas-Fired Post-Weld Heat Treatment Furnace,Annealing & Stress Relief,0.99,natural_gas,0.0,0.0,0.0,Shift A (Morning),28.8,0.0
2026-09-06 11:00:00,Automated Wheelabrator Blast Room,Surface Preparation,0.79,none,0.0,0.0,0.0,Shift A (Morning),31.9,0.0
2026-09-06 11:00:00,Industrial Rotary Screw Air Compressor,Compressed Air Utility,22.92,none,0.0,0.0,0.0,Shift A (Morning),32.0,5.95
2026-09-06 11:00:00,Dust Collector & Fume Extraction Blower,Ventilation & Environmental,34.66,none,0.0,0.0,1.0,Shift A (Morning),29.7,0.5
2026-09-06 12:00:00,Robotic GMAW Heavy Welding Gantry,Welding & Joining,1.74,none,0.0,0.0,0.0,Shift A (Morning),28.6,0.0
2026-09-06 12:00:00,CNC High-Definition Plasma & Laser Table,Cutting & Profiling,1.97,none,0.0,0.0,0.0,Shift A (Morning),30.8,0.0
2026-09-06 12:00:00,Hydraulic Plate Bending Roll (500T),Forming & Rolling,1.51,none,0.0,0.0,0.0,Shift A (Morning),29.8,0.0
2026-09-06 12:00:00,Gas-Fired Post-Weld Heat Treatment Furnace,Annealing & Stress Relief,0.76,natural_gas,0.0,0.0,0.0,Shift A (Morning),30.0,0.0
2026-09-06 12:00:00,Automated Wheelabrator Blast Room,Surface Preparation,0.65,none,0.0,0.0,0.0,Shift A (Morning),29.1,0.0
2026-09-06 12:00:00,Industrial Rotary Screw Air Compressor,Compressed Air Utility,23.54,none,0.0,0.0,0.0,Shift A (Morning),32.0,5.95
2026-09-06 12:00:00,Dust Collector & Fume Extraction Blower,Ventilation & Environmental,34.89,none,0.0,0.0,1.0,Shift A (Morning),29.5,0.49
2026-09-06 13:00:00,Robotic GMAW Heavy Welding Gantry,Welding & Joining,1.45,none,0.0,0.0,0.0,Shift A (Morning),30.0,0.0
2026-09-06 13:00:00,CNC High-Definition Plasma & Laser Table,Cutting & Profiling,1.81,none,0.0,0.0,0.0,Shift A (Morning),29.5,0.0
2026-09-06 13:00:00,Hydraulic Plate Bending Roll (500T),Forming & Rolling,0.66,none,0.0,0.0,0.0,Shift A (Morning),28.8,0.0
2026-09-06 13:00:00,Gas-Fired Post-Weld Heat Treatment Furnace,Annealing & Stress Relief,0.86,natural_gas,0.0,0.0,0.0,Shift A (Morning),29.7,0.0
2026-09-06 13:00:00,Automated Wheelabrator Blast Room,Surface Preparation,0.67,none,0.0,0.0,0.0,Shift A (Morning),29.2,0.0
2026-09-06 13:00:00,Industrial Rotary Screw Air Compressor,Compressed Air Utility,24.17,none,0.0,0.0,0.0,Shift A (Morning),32.0,5.95
2026-09-06 13:00:00,Dust Collector & Fume Extraction Blower,Ventilation & Environmental,33.59,none,0.0,0.0,1.0,Shift A (Morning),29.4,0.5
2026-09-06 14:00:00,Robotic GMAW Heavy Welding Gantry,Welding & Joining,1.85,none,0.0,0.0,0.0,Shift B (Evening),31.7,0.0
2026-09-06 14:00:00,CNC High-Definition Plasma & Laser Table,Cutting & Profiling,1.87,none,0.0,0.0,0.0,Shift B (Evening),31.2,0.0
2026-09-06 14:00:00,Hydraulic Plate Bending Roll (500T),Forming & Rolling,1.43,none,0.0,0.0,0.0,Shift B (Evening),31.0,0.0
2026-09-06 14:00:00,Gas-Fired Post-Weld Heat Treatment Furnace,Annealing & Stress Relief,1.08,natural_gas,0.0,0.0,0.0,Shift B (Evening),31.3,0.0
2026-09-06 14:00:00,Automated Wheelabrator Blast Room,Surface Preparation,1.21,none,0.0,0.0,0.0,Shift B (Evening),29.7,0.0
2026-09-06 14:00:00,Industrial Rotary Screw Air Compressor,Compressed Air Utility,24.92,none,0.0,0.0,0.0,Shift B (Evening),32.0,5.95
2026-09-06 14:00:00,Dust Collector & Fume Extraction Blower,Ventilation & Environmental,34.64,none,0.0,0.0,1.0,Shift B (Evening),29.5,0.49
2026-09-06 15:00:00,Robotic GMAW Heavy Welding Gantry,Welding & Joining,1.14,none,0.0,0.0,0.0,Shift B (Evening),30.9,0.0
2026-09-06 15:00:00,CNC High-Definition Plasma & Laser Table,Cutting & Profiling,1.55,none,0.0,0.0,0.0,Shift B (Evening),31.4,0.0
2026-09-06 15:00:00,Hydraulic Plate Bending Roll (500T),Forming & Rolling,1.91,none,0.0,0.0,0.0,Shift B (Evening),29.9,0.0
2026-09-06 15:00:00,Gas-Fired Post-Weld Heat Treatment Furnace,Annealing & Stress Relief,1.4,natural_gas,0.0,0.0,0.0,Shift B (Evening),30.3,0.0
2026-09-06 15:00:00,Automated Wheelabrator Blast Room,Surface Preparation,1.33,none,0.0,0.0,0.0,Shift B (Evening),28.7,0.0
2026-09-06 15:00:00,Industrial Rotary Screw Air Compressor,Compressed Air Utility,23.53,none,0.0,0.0,0.0,Shift B (Evening),32.0,5.95
2026-09-06 15:00:00,Dust Collector & Fume Extraction Blower,Ventilation & Environmental,34.67,none,0.0,0.0,1.0,Shift B (Evening),30.5,0.49
2026-09-06 16:00:00,Robotic GMAW Heavy Welding Gantry,Welding & Joining,0.62,none,0.0,0.0,0.0,Shift B (Evening),31.2,0.0
2026-09-06 16:00:00,CNC High-Definition Plasma & Laser Table,Cutting & Profiling,1.93,none,0.0,0.0,0.0,Shift B (Evening),28.3,0.0
2026-09-06 16:00:00,Hydraulic Plate Bending Roll (500T),Forming & Rolling,0.95,none,0.0,0.0,0.0,Shift B (Evening),30.2,0.0
2026-09-06 16:00:00,Gas-Fired Post-Weld Heat Treatment Furnace,Annealing & Stress Relief,1.07,natural_gas,0.0,0.0,0.0,Shift B (Evening),29.6,0.0
2026-09-06 16:00:00,Automated Wheelabrator Blast Room,Surface Preparation,1.46,none,0.0,0.0,0.0,Shift B (Evening),29.4,0.0
2026-09-06 16:00:00,Industrial Rotary Screw Air Compressor,Compressed Air Utility,24.64,none,0.0,0.0,0.0,Shift B (Evening),32.0,5.95
2026-09-06 16:00:00,Dust Collector & Fume Extraction Blower,Ventilation & Environmental,34.77,none,0.0,0.0,1.0,Shift B (Evening),30.4,0.5
2026-09-06 17:00:00,Robotic GMAW Heavy Welding Gantry,Welding & Joining,0.77,none,0.0,0.0,0.0,Shift B (Evening),30.3,0.0
2026-09-06 17:00:00,CNC High-Definition Plasma & Laser Table,Cutting & Profiling,1.05,none,0.0,0.0,0.0,Shift B (Evening),29.1,0.0
2026-09-06 17:00:00,Hydraulic Plate Bending Roll (500T),Forming & Rolling,0.85,none,0.0,0.0,0.0,Shift B (Evening),29.9,0.0
2026-09-06 17:00:00,Gas-Fired Post-Weld Heat Treatment Furnace,Annealing & Stress Relief,1.22,natural_gas,0.0,0.0,0.0,Shift B (Evening),29.9,0.0
2026-09-06 17:00:00,Automated Wheelabrator Blast Room,Surface Preparation,1.95,none,0.0,0.0,0.0,Shift B (Evening),29.9,0.0
2026-09-06 17:00:00,Industrial Rotary Screw Air Compressor,Compressed Air Utility,25.38,none,0.0,0.0,0.0,Shift B (Evening),32.0,5.95
2026-09-06 17:00:00,Dust Collector & Fume Extraction Blower,Ventilation & Environmental,33.23,none,0.0,0.0,1.0,Shift B (Evening),29.5,0.51
2026-09-06 18:00:00,Robotic GMAW Heavy Welding Gantry,Welding & Joining,0.99,none,0.0,0.0,0.0,Shift B (Evening),30.4,0.0
2026-09-06 18:00:00,CNC High-Definition Plasma & Laser Table,Cutting & Profiling,1.04,none,0.0,0.0,0.0,Shift B (Evening),28.3,0.0
2026-09-06 18:00:00,Hydraulic Plate Bending Roll (500T),Forming & Rolling,0.85,none,0.0,0.0,0.0,Shift B (Evening),31.1,0.0
2026-09-06 18:00:00,Gas-Fired Post-Weld Heat Treatment Furnace,Annealing & Stress Relief,0.99,natural_gas,0.0,0.0,0.0,Shift B (Evening),31.5,0.0
2026-09-06 18:00:00,Automated Wheelabrator Blast Room,Surface Preparation,0.78,none,0.0,0.0,0.0,Shift B (Evening),30.5,0.0
2026-09-06 18:00:00,Industrial Rotary Screw Air Compressor,Compressed Air Utility,22.59,none,0.0,0.0,0.0,Shift B (Evening),32.0,5.95
2026-09-06 18:00:00,Dust Collector & Fume Extraction Blower,Ventilation & Environmental,34.32,none,0.0,0.0,1.0,Shift B (Evening),29.5,0.49
2026-09-06 19:00:00,Robotic GMAW Heavy Welding Gantry,Welding & Joining,0.65,none,0.0,0.0,0.0,Shift B (Evening),30.7,0.0
2026-09-06 19:00:00,CNC High-Definition Plasma & Laser Table,Cutting & Profiling,1.8,none,0.0,0.0,0.0,Shift B (Evening),30.3,0.0
2026-09-06 19:00:00,Hydraulic Plate Bending Roll (500T),Forming & Rolling,0.66,none,0.0,0.0,0.0,Shift B (Evening),30.9,0.0
2026-09-06 19:00:00,Gas-Fired Post-Weld Heat Treatment Furnace,Annealing & Stress Relief,0.69,natural_gas,0.0,0.0,0.0,Shift B (Evening),30.9,0.0
2026-09-06 19:00:00,Automated Wheelabrator Blast Room,Surface Preparation,0.96,none,0.0,0.0,0.0,Shift B (Evening),29.0,0.0
2026-09-06 19:00:00,Industrial Rotary Screw Air Compressor,Compressed Air Utility,24.71,none,0.0,0.0,0.0,Shift B (Evening),32.0,5.95
2026-09-06 19:00:00,Dust Collector & Fume Extraction Blower,Ventilation & Environmental,34.97,none,0.0,0.0,1.0,Shift B (Evening),29.8,0.51
2026-09-06 20:00:00,Robotic GMAW Heavy Welding Gantry,Welding & Joining,1.44,none,0.0,0.0,0.0,Shift B (Evening),29.4,0.0
2026-09-06 20:00:00,CNC High-Definition Plasma & Laser Table,Cutting & Profiling,0.71,none,0.0,0.0,0.0,Shift B (Evening),29.8,0.0
2026-09-06 20:00:00,Hydraulic Plate Bending Roll (500T),Forming & Rolling,1.32,none,0.0,0.0,0.0,Shift B (Evening),28.9,0.0
2026-09-06 20:00:00,Gas-Fired Post-Weld Heat Treatment Furnace,Annealing & Stress Relief,1.06,natural_gas,0.0,0.0,0.0,Shift B (Evening),29.5,0.0
2026-09-06 20:00:00,Automated Wheelabrator Blast Room,Surface Preparation,1.75,none,0.0,0.0,0.0,Shift B (Evening),29.7,0.0
2026-09-06 20:00:00,Industrial Rotary Screw Air Compressor,Compressed Air Utility,24.57,none,0.0,0.0,0.0,Shift B (Evening),32.0,5.95
2026-09-06 20:00:00,Dust Collector & Fume Extraction Blower,Ventilation & Environmental,35.02,none,0.0,0.0,1.0,Shift B (Evening),29.6,0.49
2026-09-06 21:00:00,Robotic GMAW Heavy Welding Gantry,Welding & Joining,1.7,none,0.0,0.0,0.0,Shift B (Evening),29.3,0.0
2026-09-06 21:00:00,CNC High-Definition Plasma & Laser Table,Cutting & Profiling,1.17,none,0.0,0.0,0.0,Shift B (Evening),30.6,0.0
2026-09-06 21:00:00,Hydraulic Plate Bending Roll (500T),Forming & Rolling,1.26,none,0.0,0.0,0.0,Shift B (Evening),31.9,0.0
2026-09-06 21:00:00,Gas-Fired Post-Weld Heat Treatment Furnace,Annealing & Stress Relief,1.47,natural_gas,0.0,0.0,0.0,Shift B (Evening),28.6,0.0
2026-09-06 21:00:00,Automated Wheelabrator Blast Room,Surface Preparation,0.66,none,0.0,0.0,0.0,Shift B (Evening),31.7,0.0
2026-09-06 21:00:00,Industrial Rotary Screw Air Compressor,Compressed Air Utility,25.65,none,0.0,0.0,0.0,Shift B (Evening),32.0,5.95
2026-09-06 21:00:00,Dust Collector & Fume Extraction Blower,Ventilation & Environmental,32.71,none,0.0,0.0,1.0,Shift B (Evening),30.1,0.51
2026-09-06 22:00:00,Robotic GMAW Heavy Welding Gantry,Welding & Joining,1.32,none,0.0,0.0,0.0,Shift C (Night),31.1,0.0
2026-09-06 22:00:00,CNC High-Definition Plasma & Laser Table,Cutting & Profiling,1.31,none,0.0,0.0,0.0,Shift C (Night),30.3,0.0
2026-09-06 22:00:00,Hydraulic Plate Bending Roll (500T),Forming & Rolling,1.08,none,0.0,0.0,0.0,Shift C (Night),28.9,0.0
2026-09-06 22:00:00,Gas-Fired Post-Weld Heat Treatment Furnace,Annealing & Stress Relief,1.76,natural_gas,0.0,0.0,0.0,Shift C (Night),28.1,0.0
2026-09-06 22:00:00,Automated Wheelabrator Blast Room,Surface Preparation,1.62,none,0.0,0.0,0.0,Shift C (Night),29.5,0.0
2026-09-06 22:00:00,Industrial Rotary Screw Air Compressor,Compressed Air Utility,25.99,none,0.0,0.0,0.0,Shift C (Night),32.0,5.95
2026-09-06 22:00:00,Dust Collector & Fume Extraction Blower,Ventilation & Environmental,32.85,none,0.0,0.0,1.0,Shift C (Night),29.5,0.51
2026-09-06 23:00:00,Robotic GMAW Heavy Welding Gantry,Welding & Joining,0.91,none,0.0,0.0,0.0,Shift C (Night),30.0,0.0
2026-09-06 23:00:00,CNC High-Definition Plasma & Laser Table,Cutting & Profiling,1.4,none,0.0,0.0,0.0,Shift C (Night),30.2,0.0
2026-09-06 23:00:00,Hydraulic Plate Bending Roll (500T),Forming & Rolling,1.19,none,0.0,0.0,0.0,Shift C (Night),30.9,0.0
2026-09-06 23:00:00,Gas-Fired Post-Weld Heat Treatment Furnace,Annealing & Stress Relief,1.79,natural_gas,0.0,0.0,0.0,Shift C (Night),30.1,0.0
2026-09-06 23:00:00,Automated Wheelabrator Blast Room,Surface Preparation,0.67,none,0.0,0.0,0.0,Shift C (Night),29.9,0.0
2026-09-06 23:00:00,Industrial Rotary Screw Air Compressor,Compressed Air Utility,24.1,none,0.0,0.0,0.0,Shift C (Night),32.0,5.95
2026-09-06 23:00:00,Dust Collector & Fume Extraction Blower,Ventilation & Environmental,33.84,none,0.0,0.0,1.0,Shift C (Night),29.7,0.51
2026-09-07 00:00:00,Robotic GMAW Heavy Welding Gantry,Welding & Joining,1.01,none,0.0,0.0,0.0,Shift C (Night),29.0,0.0
2026-09-07 00:00:00,CNC High-Definition Plasma & Laser Table,Cutting & Profiling,0.94,none,0.0,0.0,0.0,Shift C (Night),31.1,0.0
2026-09-07 00:00:00,Hydraulic Plate Bending Roll (500T),Forming & Rolling,1.11,none,0.0,0.0,0.0,Shift C (Night),29.8,0.0
2026-09-07 00:00:00,Gas-Fired Post-Weld Heat Treatment Furnace,Annealing & Stress Relief,1.65,natural_gas,0.0,0.0,0.0,Shift C (Night),28.5,0.0
2026-09-07 00:00:00,Automated Wheelabrator Blast Room,Surface Preparation,0.94,none,0.0,0.0,0.0,Shift C (Night),30.9,0.0
2026-09-07 00:00:00,Industrial Rotary Screw Air Compressor,Compressed Air Utility,25.52,none,0.0,0.0,0.0,Shift C (Night),32.0,5.95
2026-09-07 00:00:00,Dust Collector & Fume Extraction Blower,Ventilation & Environmental,46.4,none,0.0,0.0,1.0,Shift C (Night),29.8,0.5
2026-09-07 01:00:00,Robotic GMAW Heavy Welding Gantry,Welding & Joining,1.88,none,0.0,0.0,0.0,Shift C (Night),30.6,0.0
2026-09-07 01:00:00,CNC High-Definition Plasma & Laser Table,Cutting & Profiling,1.45,none,0.0,0.0,0.0,Shift C (Night),29.8,0.0
2026-09-07 01:00:00,Hydraulic Plate Bending Roll (500T),Forming & Rolling,1.19,none,0.0,0.0,0.0,Shift C (Night),30.3,0.0
2026-09-07 01:00:00,Gas-Fired Post-Weld Heat Treatment Furnace,Annealing & Stress Relief,1.76,natural_gas,0.0,0.0,0.0,Shift C (Night),28.5,0.0
2026-09-07 01:00:00,Automated Wheelabrator Blast Room,Surface Preparation,1.35,none,0.0,0.0,0.0,Shift C (Night),31.1,0.0
2026-09-07 01:00:00,Industrial Rotary Screw Air Compressor,Compressed Air Utility,23.63,none,0.0,0.0,0.0,Shift C (Night),32.0,5.95
2026-09-07 01:00:00,Dust Collector & Fume Extraction Blower,Ventilation & Environmental,47.24,none,0.0,0.0,1.0,Shift C (Night),29.6,0.49
2026-09-07 02:00:00,Robotic GMAW Heavy Welding Gantry,Welding & Joining,1.0,none,0.0,0.0,0.0,Shift C (Night),29.3,0.0
2026-09-07 02:00:00,CNC High-Definition Plasma & Laser Table,Cutting & Profiling,0.71,none,0.0,0.0,0.0,Shift C (Night),29.7,0.0
2026-09-07 02:00:00,Hydraulic Plate Bending Roll (500T),Forming & Rolling,1.98,none,0.0,0.0,0.0,Shift C (Night),30.3,0.0
2026-09-07 02:00:00,Gas-Fired Post-Weld Heat Treatment Furnace,Annealing & Stress Relief,1.49,natural_gas,0.0,0.0,0.0,Shift C (Night),31.1,0.0
2026-09-07 02:00:00,Automated Wheelabrator Blast Room,Surface Preparation,1.86,none,0.0,0.0,0.0,Shift C (Night),31.5,0.0
2026-09-07 02:00:00,Industrial Rotary Screw Air Compressor,Compressed Air Utility,22.06,none,0.0,0.0,0.0,Shift C (Night),32.0,5.95
2026-09-07 02:00:00,Dust Collector & Fume Extraction Blower,Ventilation & Environmental,45.5,none,0.0,0.0,1.0,Shift C (Night),29.7,0.5
2026-09-07 03:00:00,Robotic GMAW Heavy Welding Gantry,Welding & Joining,1.9,none,0.0,0.0,0.0,Shift C (Night),31.0,0.0
2026-09-07 03:00:00,CNC High-Definition Plasma & Laser Table,Cutting & Profiling,0.78,none,0.0,0.0,0.0,Shift C (Night),28.1,0.0
2026-09-07 03:00:00,Hydraulic Plate Bending Roll (500T),Forming & Rolling,1.2,none,0.0,0.0,0.0,Shift C (Night),30.8,0.0
2026-09-07 03:00:00,Gas-Fired Post-Weld Heat Treatment Furnace,Annealing & Stress Relief,1.99,natural_gas,0.0,0.0,0.0,Shift C (Night),28.5,0.0
2026-09-07 03:00:00,Automated Wheelabrator Blast Room,Surface Preparation,1.81,none,0.0,0.0,0.0,Shift C (Night),31.7,0.0
2026-09-07 03:00:00,Industrial Rotary Screw Air Compressor,Compressed Air Utility,25.62,none,0.0,0.0,0.0,Shift C (Night),32.0,5.95
2026-09-07 03:00:00,Dust Collector & Fume Extraction Blower,Ventilation & Environmental,46.37,none,0.0,0.0,1.0,Shift C (Night),29.9,0.5
2026-09-07 04:00:00,Robotic GMAW Heavy Welding Gantry,Welding & Joining,1.6,none,0.0,0.0,0.0,Shift C (Night),28.5,0.0
2026-09-07 04:00:00,CNC High-Definition Plasma & Laser Table,Cutting & Profiling,1.86,none,0.0,0.0,0.0,Shift C (Night),31.6,0.0
2026-09-07 04:00:00,Hydraulic Plate Bending Roll (500T),Forming & Rolling,1.43,none,0.0,0.0,0.0,Shift C (Night),30.5,0.0
2026-09-07 04:00:00,Gas-Fired Post-Weld Heat Treatment Furnace,Annealing & Stress Relief,1.99,natural_gas,0.0,0.0,0.0,Shift C (Night),28.2,0.0
2026-09-07 04:00:00,Automated Wheelabrator Blast Room,Surface Preparation,1.63,none,0.0,0.0,0.0,Shift C (Night),29.4,0.0
2026-09-07 04:00:00,Industrial Rotary Screw Air Compressor,Compressed Air Utility,23.8,none,0.0,0.0,0.0,Shift C (Night),32.0,5.95
2026-09-07 04:00:00,Dust Collector & Fume Extraction Blower,Ventilation & Environmental,46.57,none,0.0,0.0,1.0,Shift C (Night),29.9,0.51
2026-09-07 05:00:00,Robotic GMAW Heavy Welding Gantry,Welding & Joining,1.01,none,0.0,0.0,0.0,Shift C (Night),29.9,0.0
2026-09-07 05:00:00,CNC High-Definition Plasma & Laser Table,Cutting & Profiling,0.79,none,0.0,0.0,0.0,Shift C (Night),28.7,0.0
2026-09-07 05:00:00,Hydraulic Plate Bending Roll (500T),Forming & Rolling,1.67,none,0.0,0.0,0.0,Shift C (Night),31.7,0.0
2026-09-07 05:00:00,Gas-Fired Post-Weld Heat Treatment Furnace,Annealing & Stress Relief,1.91,natural_gas,0.0,0.0,0.0,Shift C (Night),28.3,0.0
2026-09-07 05:00:00,Automated Wheelabrator Blast Room,Surface Preparation,1.85,none,0.0,0.0,0.0,Shift C (Night),30.4,0.0
2026-09-07 05:00:00,Industrial Rotary Screw Air Compressor,Compressed Air Utility,23.48,none,0.0,0.0,0.0,Shift C (Night),32.0,5.95
2026-09-07 05:00:00,Dust Collector & Fume Extraction Blower,Ventilation & Environmental,47.49,none,0.0,0.0,1.0,Shift C (Night),29.9,0.5
2026-09-07 06:00:00,Robotic GMAW Heavy Welding Gantry,Welding & Joining,38.03,none,0.0,280.2,1.0,Shift A (Morning),120.4,1.03
2026-09-07 06:00:00,CNC High-Definition Plasma & Laser Table,Cutting & Profiling,50.32,none,0.0,406.5,1.0,Shift A (Morning),44.6,7.92
2026-09-07 06:00:00,Hydraulic Plate Bending Roll (500T),Forming & Rolling,44.23,none,0.0,361.8,1.0,Shift A (Morning),35.6,180.86
2026-09-07 06:00:00,Gas-Fired Post-Weld Heat Treatment Furnace,Annealing & Stress Relief,28.77,natural_gas,49.32,667.9,1.0,Shift A (Morning),618.2,1.09
2026-09-07 06:00:00,Automated Wheelabrator Blast Room,Surface Preparation,45.33,none,0.0,394.2,1.0,Shift A (Morning),31.6,5.87
2026-09-07 06:00:00,Industrial Rotary Screw Air Compressor,Compressed Air Utility,59.46,none,0.0,0.0,1.0,Shift A (Morning),40.4,7.21
2026-09-07 06:00:00,Dust Collector & Fume Extraction Blower,Ventilation & Environmental,45.83,none,0.0,0.0,1.0,Shift A (Morning),30.0,0.5
2026-09-07 07:00:00,Robotic GMAW Heavy Welding Gantry,Welding & Joining,38.35,none,0.0,282.6,1.0,Shift A (Morning),118.1,0.99
2026-09-07 07:00:00,CNC High-Definition Plasma & Laser Table,Cutting & Profiling,50.41,none,0.0,407.2,1.0,Shift A (Morning),44.6,7.97
2026-09-07 07:00:00,Hydraulic Plate Bending Roll (500T),Forming & Rolling,45.36,none,0.0,371.1,1.0,Shift A (Morning),34.7,184.51
2026-09-07 07:00:00,Gas-Fired Post-Weld Heat Treatment Furnace,Annealing & Stress Relief,29.09,natural_gas,49.88,675.4,1.0,Shift A (Morning),626.3,1.13
2026-09-07 07:00:00,Automated Wheelabrator Blast Room,Surface Preparation,46.61,none,0.0,405.3,1.0,Shift A (Morning),31.5,5.89
2026-09-07 07:00:00,Industrial Rotary Screw Air Compressor,Compressed Air Utility,59.57,none,0.0,0.0,1.0,Shift A (Morning),40.4,6.8
2026-09-07 07:00:00,Dust Collector & Fume Extraction Blower,Ventilation & Environmental,48.42,none,0.0,0.0,1.0,Shift A (Morning),30.6,0.5
2026-09-07 08:00:00,Robotic GMAW Heavy Welding Gantry,Welding & Joining,38.91,none,0.0,286.7,1.0,Shift A (Morning),117.6,1.02
2026-09-07 08:00:00,CNC High-Definition Plasma & Laser Table,Cutting & Profiling,50.03,none,0.0,404.1,1.0,Shift A (Morning),44.5,8.21
2026-09-07 08:00:00,Hydraulic Plate Bending Roll (500T),Forming & Rolling,44.25,none,0.0,362.0,1.0,Shift A (Morning),35.3,180.23
2026-09-07 08:00:00,Gas-Fired Post-Weld Heat Treatment Furnace,Annealing & Stress Relief,28.74,natural_gas,49.27,667.2,1.0,Shift A (Morning),614.9,1.07
2026-09-07 08:00:00,Automated Wheelabrator Blast Room,Surface Preparation,46.76,none,0.0,406.6,1.0,Shift A (Morning),32.4,5.98
2026-09-07 08:00:00,Industrial Rotary Screw Air Compressor,Compressed Air Utility,57.69,none,0.0,0.0,1.0,Shift A (Morning),39.6,7.15
2026-09-07 08:00:00,Dust Collector & Fume Extraction Blower,Ventilation & Environmental,48.77,none,0.0,0.0,1.0,Shift A (Morning),30.3,0.49
2026-09-07 09:00:00,Robotic GMAW Heavy Welding Gantry,Welding & Joining,37.56,none,0.0,276.7,1.0,Shift A (Morning),118.0,1.02
2026-09-07 09:00:00,CNC High-Definition Plasma & Laser Table,Cutting & Profiling,52.95,none,0.0,427.6,1.0,Shift A (Morning),44.7,8.0
2026-09-07 09:00:00,Hydraulic Plate Bending Roll (500T),Forming & Rolling,43.21,none,0.0,353.6,1.0,Shift A (Morning),35.2,180.14
2026-09-07 09:00:00,Gas-Fired Post-Weld Heat Treatment Furnace,Annealing & Stress Relief,28.62,natural_gas,49.06,664.4,1.0,Shift A (Morning),625.1,1.09
2026-09-07 09:00:00,Automated Wheelabrator Blast Room,Surface Preparation,47.56,none,0.0,413.6,1.0,Shift A (Morning),31.9,6.16
2026-09-07 09:00:00,Industrial Rotary Screw Air Compressor,Compressed Air Utility,59.37,none,0.0,0.0,1.0,Shift A (Morning),39.7,7.14
2026-09-07 09:00:00,Dust Collector & Fume Extraction Blower,Ventilation & Environmental,47.53,none,0.0,0.0,1.0,Shift A (Morning),30.5,0.49
2026-09-07 10:00:00,Robotic GMAW Heavy Welding Gantry,Welding & Joining,38.41,none,0.0,283.0,1.0,Shift A (Morning),117.6,0.98
2026-09-07 10:00:00,CNC High-Definition Plasma & Laser Table,Cutting & Profiling,51.49,none,0.0,415.8,1.0,Shift A (Morning),45.8,8.08
2026-09-07 10:00:00,Hydraulic Plate Bending Roll (500T),Forming & Rolling,43.17,none,0.0,353.2,1.0,Shift A (Morning),34.5,183.39
2026-09-07 10:00:00,Gas-Fired Post-Weld Heat Treatment Furnace,Annealing & Stress Relief,28.52,natural_gas,48.9,662.1,1.0,Shift A (Morning),614.6,1.08
2026-09-07 10:00:00,Automated Wheelabrator Blast Room,Surface Preparation,47.38,none,0.0,412.0,1.0,Shift A (Morning),32.6,6.13
2026-09-07 10:00:00,Industrial Rotary Screw Air Compressor,Compressed Air Utility,59.16,none,0.0,0.0,1.0,Shift A (Morning),39.2,6.82
2026-09-07 10:00:00,Dust Collector & Fume Extraction Blower,Ventilation & Environmental,47.14,none,0.0,0.0,1.0,Shift A (Morning),29.7,0.49
2026-09-07 11:00:00,Robotic GMAW Heavy Welding Gantry,Welding & Joining,37.75,none,0.0,278.2,1.0,Shift A (Morning),118.9,0.99
2026-09-07 11:00:00,CNC High-Definition Plasma & Laser Table,Cutting & Profiling,52.35,none,0.0,422.8,1.0,Shift A (Morning),45.2,7.99
2026-09-07 11:00:00,Hydraulic Plate Bending Roll (500T),Forming & Rolling,44.55,none,0.0,364.5,1.0,Shift A (Morning),34.6,177.84
2026-09-07 11:00:00,Gas-Fired Post-Weld Heat Treatment Furnace,Annealing & Stress Relief,27.4,natural_gas,46.97,636.1,1.0,Shift A (Morning),614.8,1.1
2026-09-07 11:00:00,Automated Wheelabrator Blast Room,Surface Preparation,47.09,none,0.0,409.5,1.0,Shift A (Morning),31.9,5.95
2026-09-07 11:00:00,Industrial Rotary Screw Air Compressor,Compressed Air Utility,57.91,none,0.0,0.0,1.0,Shift A (Morning),39.4,6.84
2026-09-07 11:00:00,Dust Collector & Fume Extraction Blower,Ventilation & Environmental,48.36,none,0.0,0.0,1.0,Shift A (Morning),30.3,0.49
2026-09-07 12:00:00,Robotic GMAW Heavy Welding Gantry,Welding & Joining,39.43,none,0.0,290.5,1.0,Shift A (Morning),119.2,1.01
2026-09-07 12:00:00,CNC High-Definition Plasma & Laser Table,Cutting & Profiling,50.4,none,0.0,407.1,1.0,Shift A (Morning),44.9,7.91
2026-09-07 12:00:00,Hydraulic Plate Bending Roll (500T),Forming & Rolling,42.64,none,0.0,348.9,1.0,Shift A (Morning),35.3,182.21
2026-09-07 12:00:00,Gas-Fired Post-Weld Heat Treatment Furnace,Annealing & Stress Relief,28.61,natural_gas,49.05,664.2,1.0,Shift A (Morning),619.6,1.12
2026-09-07 12:00:00,Automated Wheelabrator Blast Room,Surface Preparation,45.96,none,0.0,399.7,1.0,Shift A (Morning),31.9,5.9
2026-09-07 12:00:00,Industrial Rotary Screw Air Compressor,Compressed Air Utility,57.03,none,0.0,0.0,1.0,Shift A (Morning),40.0,7.16
2026-09-07 12:00:00,Dust Collector & Fume Extraction Blower,Ventilation & Environmental,47.98,none,0.0,0.0,1.0,Shift A (Morning),29.5,0.51
2026-09-07 13:00:00,Robotic GMAW Heavy Welding Gantry,Welding & Joining,37.28,none,0.0,274.7,1.0,Shift A (Morning),119.1,0.99
2026-09-07 13:00:00,CNC High-Definition Plasma & Laser Table,Cutting & Profiling,51.76,none,0.0,418.0,1.0,Shift A (Morning),44.8,8.2
2026-09-07 13:00:00,Hydraulic Plate Bending Roll (500T),Forming & Rolling,43.18,none,0.0,353.3,1.0,Shift A (Morning),35.3,178.27
2026-09-07 13:00:00,Gas-Fired Post-Weld Heat Treatment Furnace,Annealing & Stress Relief,28.71,natural_gas,49.22,666.6,1.0,Shift A (Morning),615.3,1.09
2026-09-07 13:00:00,Automated Wheelabrator Blast Room,Surface Preparation,46.27,none,0.0,402.3,1.0,Shift A (Morning),31.6,5.89
2026-09-07 13:00:00,Industrial Rotary Screw Air Compressor,Compressed Air Utility,58.58,none,0.0,0.0,1.0,Shift A (Morning),40.7,7.05
2026-09-07 13:00:00,Dust Collector & Fume Extraction Blower,Ventilation & Environmental,46.29,none,0.0,0.0,1.0,Shift A (Morning),30.1,0.49
2026-09-07 14:00:00,Robotic GMAW Heavy Welding Gantry,Welding & Joining,38.68,none,0.0,285.0,1.0,Shift B (Evening),121.5,0.98
2026-09-07 14:00:00,CNC High-Definition Plasma & Laser Table,Cutting & Profiling,52.85,none,0.0,426.9,1.0,Shift B (Evening),45.7,8.13
2026-09-07 14:00:00,Hydraulic Plate Bending Roll (500T),Forming & Rolling,44.19,none,0.0,361.5,1.0,Shift B (Evening),35.2,180.2
2026-09-07 14:00:00,Gas-Fired Post-Weld Heat Treatment Furnace,Annealing & Stress Relief,27.69,natural_gas,47.47,642.8,1.0,Shift B (Evening),612.5,1.08
2026-09-07 14:00:00,Automated Wheelabrator Blast Room,Surface Preparation,46.13,none,0.0,401.1,1.0,Shift B (Evening),32.5,5.9
2026-09-07 14:00:00,Industrial Rotary Screw Air Compressor,Compressed Air Utility,59.4,none,0.0,0.0,1.0,Shift B (Evening),40.7,6.93
2026-09-07 14:00:00,Dust Collector & Fume Extraction Blower,Ventilation & Environmental,45.86,none,0.0,0.0,1.0,Shift B (Evening),30.3,0.51
2026-09-07 15:00:00,Robotic GMAW Heavy Welding Gantry,Welding & Joining,36.59,none,0.0,269.6,1.0,Shift B (Evening),117.7,1.03
2026-09-07 15:00:00,CNC High-Definition Plasma & Laser Table,Cutting & Profiling,50.35,none,0.0,406.6,1.0,Shift B (Evening),44.8,7.99
2026-09-07 15:00:00,Hydraulic Plate Bending Roll (500T),Forming & Rolling,42.79,none,0.0,350.1,1.0,Shift B (Evening),34.7,177.08
2026-09-07 15:00:00,Gas-Fired Post-Weld Heat Treatment Furnace,Annealing & Stress Relief,28.61,natural_gas,49.05,664.2,1.0,Shift B (Evening),613.7,1.08
2026-09-07 15:00:00,Automated Wheelabrator Blast Room,Surface Preparation,44.62,none,0.0,388.0,1.0,Shift B (Evening),32.4,6.06
2026-09-07 15:00:00,Industrial Rotary Screw Air Compressor,Compressed Air Utility,56.29,none,0.0,0.0,1.0,Shift B (Evening),40.4,6.9
2026-09-07 15:00:00,Dust Collector & Fume Extraction Blower,Ventilation & Environmental,45.36,none,0.0,0.0,1.0,Shift B (Evening),29.5,0.51
2026-09-07 16:00:00,Robotic GMAW Heavy Welding Gantry,Welding & Joining,38.8,none,0.0,285.9,1.0,Shift B (Evening),119.6,0.97
2026-09-07 16:00:00,CNC High-Definition Plasma & Laser Table,Cutting & Profiling,53.37,none,0.0,431.1,1.0,Shift B (Evening),45.2,7.83
2026-09-07 16:00:00,Hydraulic Plate Bending Roll (500T),Forming & Rolling,44.83,none,0.0,366.8,1.0,Shift B (Evening),35.4,176.7
2026-09-07 16:00:00,Gas-Fired Post-Weld Heat Treatment Furnace,Annealing & Stress Relief,28.24,natural_gas,48.41,655.5,1.0,Shift B (Evening),615.3,1.09
2026-09-07 16:00:00,Automated Wheelabrator Blast Room,Surface Preparation,46.05,none,0.0,400.4,1.0,Shift B (Evening),31.4,5.92
2026-09-07 16:00:00,Industrial Rotary Screw Air Compressor,Compressed Air Utility,56.62,none,0.0,0.0,1.0,Shift B (Evening),39.6,7.07
2026-09-07 16:00:00,Dust Collector & Fume Extraction Blower,Ventilation & Environmental,46.81,none,0.0,0.0,1.0,Shift B (Evening),29.7,0.49
2026-09-07 17:00:00,Robotic GMAW Heavy Welding Gantry,Welding & Joining,39.42,none,0.0,290.5,1.0,Shift B (Evening),120.3,1.0
2026-09-07 17:00:00,CNC High-Definition Plasma & Laser Table,Cutting & Profiling,53.7,none,0.0,433.7,1.0,Shift B (Evening),45.1,7.88
2026-09-07 17:00:00,Hydraulic Plate Bending Roll (500T),Forming & Rolling,42.3,none,0.0,346.1,1.0,Shift B (Evening),35.0,178.85
2026-09-07 17:00:00,Gas-Fired Post-Weld Heat Treatment Furnace,Annealing & Stress Relief,27.71,natural_gas,47.51,643.4,1.0,Shift B (Evening),621.2,1.07
2026-09-07 17:00:00,Automated Wheelabrator Blast Room,Surface Preparation,44.98,none,0.0,391.2,1.0,Shift B (Evening),32.6,5.96
2026-09-07 17:00:00,Industrial Rotary Screw Air Compressor,Compressed Air Utility,56.76,none,0.0,0.0,1.0,Shift B (Evening),39.8,7.03
2026-09-07 17:00:00,Dust Collector & Fume Extraction Blower,Ventilation & Environmental,47.46,none,0.0,0.0,1.0,Shift B (Evening),29.8,0.51
2026-09-07 18:00:00,Robotic GMAW Heavy Welding Gantry,Welding & Joining,39.45,none,0.0,290.7,1.0,Shift B (Evening),118.1,0.98
2026-09-07 18:00:00,CNC High-Definition Plasma & Laser Table,Cutting & Profiling,53.52,none,0.0,432.3,1.0,Shift B (Evening),45.0,7.88
2026-09-07 18:00:00,Hydraulic Plate Bending Roll (500T),Forming & Rolling,42.74,none,0.0,349.7,1.0,Shift B (Evening),35.2,179.71
2026-09-07 18:00:00,Gas-Fired Post-Weld Heat Treatment Furnace,Annealing & Stress Relief,28.5,natural_gas,48.86,661.6,1.0,Shift B (Evening),621.7,1.08
2026-09-07 18:00:00,Automated Wheelabrator Blast Room,Surface Preparation,46.98,none,0.0,408.6,1.0,Shift B (Evening),31.7,5.93
2026-09-07 18:00:00,Industrial Rotary Screw Air Compressor,Compressed Air Utility,57.25,none,0.0,0.0,1.0,Shift B (Evening),39.4,6.93
2026-09-07 18:00:00,Dust Collector & Fume Extraction Blower,Ventilation & Environmental,47.17,none,0.0,0.0,1.0,Shift B (Evening),29.9,0.49
2026-09-07 19:00:00,Robotic GMAW Heavy Welding Gantry,Welding & Joining,38.58,none,0.0,284.3,1.0,Shift B (Evening),121.2,1.02
2026-09-07 19:00:00,CNC High-Definition Plasma & Laser Table,Cutting & Profiling,52.19,none,0.0,421.5,1.0,Shift B (Evening),44.7,8.07
2026-09-07 19:00:00,Hydraulic Plate Bending Roll (500T),Forming & Rolling,43.37,none,0.0,354.9,1.0,Shift B (Evening),35.3,180.16
2026-09-07 19:00:00,Gas-Fired Post-Weld Heat Treatment Furnace,Annealing & Stress Relief,28.8,natural_gas,49.38,668.6,1.0,Shift B (Evening),632.2,1.07
2026-09-07 19:00:00,Automated Wheelabrator Blast Room,Surface Preparation,44.55,none,0.0,387.4,1.0,Shift B (Evening),32.3,5.96
2026-09-07 19:00:00,Industrial Rotary Screw Air Compressor,Compressed Air Utility,59.19,none,0.0,0.0,1.0,Shift B (Evening),39.5,7.1
2026-09-07 19:00:00,Dust Collector & Fume Extraction Blower,Ventilation & Environmental,45.66,none,0.0,0.0,1.0,Shift B (Evening),29.9,0.51
2026-09-07 20:00:00,Robotic GMAW Heavy Welding Gantry,Welding & Joining,36.6,none,0.0,269.7,1.0,Shift B (Evening),119.6,0.98
2026-09-07 20:00:00,CNC High-Definition Plasma & Laser Table,Cutting & Profiling,53.26,none,0.0,430.2,1.0,Shift B (Evening),45.0,8.12
2026-09-07 20:00:00,Hydraulic Plate Bending Roll (500T),Forming & Rolling,44.17,none,0.0,361.4,1.0,Shift B (Evening),34.9,177.8
2026-09-07 20:00:00,Gas-Fired Post-Weld Heat Treatment Furnace,Annealing & Stress Relief,27.86,natural_gas,47.75,646.6,1.0,Shift B (Evening),614.9,1.13
2026-09-07 20:00:00,Automated Wheelabrator Blast Room,Surface Preparation,46.65,none,0.0,405.7,1.0,Shift B (Evening),32.0,6.04
2026-09-07 20:00:00,Industrial Rotary Screw Air Compressor,Compressed Air Utility,57.4,none,0.0,0.0,1.0,Shift B (Evening),40.2,6.85
2026-09-07 20:00:00,Dust Collector & Fume Extraction Blower,Ventilation & Environmental,47.0,none,0.0,0.0,1.0,Shift B (Evening),29.6,0.5
2026-09-07 21:00:00,Robotic GMAW Heavy Welding Gantry,Welding & Joining,38.65,none,0.0,284.8,1.0,Shift B (Evening),120.1,0.99
2026-09-07 21:00:00,CNC High-Definition Plasma & Laser Table,Cutting & Profiling,51.85,none,0.0,418.8,1.0,Shift B (Evening),45.8,8.2
2026-09-07 21:00:00,Hydraulic Plate Bending Roll (500T),Forming & Rolling,44.77,none,0.0,366.3,1.0,Shift B (Evening),35.5,176.06
2026-09-07 21:00:00,Gas-Fired Post-Weld Heat Treatment Furnace,Annealing & Stress Relief,28.05,natural_gas,48.09,651.3,1.0,Shift B (Evening),628.2,1.07
2026-09-07 21:00:00,Automated Wheelabrator Blast Room,Surface Preparation,45.69,none,0.0,397.3,1.0,Shift B (Evening),31.6,5.84
2026-09-07 21:00:00,Industrial Rotary Screw Air Compressor,Compressed Air Utility,60.21,none,0.0,0.0,1.0,Shift B (Evening),39.7,6.87
2026-09-07 21:00:00,Dust Collector & Fume Extraction Blower,Ventilation & Environmental,47.65,none,0.0,0.0,1.0,Shift B (Evening),30.0,0.49
2026-09-07 22:00:00,Robotic GMAW Heavy Welding Gantry,Welding & Joining,36.67,none,0.0,270.2,1.0,Shift C (Night),119.8,0.98
2026-09-07 22:00:00,CNC High-Definition Plasma & Laser Table,Cutting & Profiling,51.38,none,0.0,415.0,1.0,Shift C (Night),45.1,7.87
2026-09-07 22:00:00,Hydraulic Plate Bending Roll (500T),Forming & Rolling,44.45,none,0.0,363.7,1.0,Shift C (Night),35.6,177.57
2026-09-07 22:00:00,Gas-Fired Post-Weld Heat Treatment Furnace,Annealing & Stress Relief,28.72,natural_gas,49.23,666.7,1.0,Shift C (Night),629.1,1.11
2026-09-07 22:00:00,Automated Wheelabrator Blast Room,Surface Preparation,45.29,none,0.0,393.8,1.0,Shift C (Night),32.2,5.97
2026-09-07 22:00:00,Industrial Rotary Screw Air Compressor,Compressed Air Utility,56.86,none,0.0,0.0,1.0,Shift C (Night),40.1,7.07
2026-09-07 22:00:00,Dust Collector & Fume Extraction Blower,Ventilation & Environmental,45.33,none,0.0,0.0,1.0,Shift C (Night),29.6,0.51
2026-09-07 23:00:00,Robotic GMAW Heavy Welding Gantry,Welding & Joining,37.33,none,0.0,275.1,1.0,Shift C (Night),118.9,0.98
2026-09-07 23:00:00,CNC High-Definition Plasma & Laser Table,Cutting & Profiling,1.72,none,0.0,0.0,0.0,Shift C (Night),30.3,0.0
2026-09-07 23:00:00,Hydraulic Plate Bending Roll (500T),Forming & Rolling,1.67,none,0.0,0.0,0.0,Shift C (Night),29.3,0.0
2026-09-07 23:00:00,Gas-Fired Post-Weld Heat Treatment Furnace,Annealing & Stress Relief,28.61,natural_gas,49.04,664.1,1.0,Shift C (Night),622.3,1.09
2026-09-07 23:00:00,Automated Wheelabrator Blast Room,Surface Preparation,1.73,none,0.0,0.0,0.0,Shift C (Night),31.5,0.0
2026-09-07 23:00:00,Industrial Rotary Screw Air Compressor,Compressed Air Utility,24.67,none,0.0,0.0,0.0,Shift C (Night),32.0,5.95
2026-09-07 23:00:00,Dust Collector & Fume Extraction Blower,Ventilation & Environmental,46.82,none,0.0,0.0,1.0,Shift C (Night),29.6,0.51
2026-09-08 00:00:00,Robotic GMAW Heavy Welding Gantry,Welding & Joining,1.98,none,0.0,0.0,0.0,Shift C (Night),28.4,0.0
2026-09-08 00:00:00,CNC High-Definition Plasma & Laser Table,Cutting & Profiling,1.72,none,0.0,0.0,0.0,Shift C (Night),28.6,0.0
2026-09-08 00:00:00,Hydraulic Plate Bending Roll (500T),Forming & Rolling,0.83,none,0.0,0.0,0.0,Shift C (Night),31.5,0.0
2026-09-08 00:00:00,Gas-Fired Post-Weld Heat Treatment Furnace,Annealing & Stress Relief,1.05,natural_gas,0.0,0.0,0.0,Shift C (Night),31.6,0.0
2026-09-08 00:00:00,Automated Wheelabrator Blast Room,Surface Preparation,0.67,none,0.0,0.0,0.0,Shift C (Night),30.0,0.0
2026-09-08 00:00:00,Industrial Rotary Screw Air Compressor,Compressed Air Utility,23.76,none,0.0,0.0,0.0,Shift C (Night),32.0,5.95
2026-09-08 00:00:00,Dust Collector & Fume Extraction Blower,Ventilation & Environmental,47.54,none,0.0,0.0,1.0,Shift C (Night),29.8,0.5
2026-09-08 01:00:00,Robotic GMAW Heavy Welding Gantry,Welding & Joining,0.76,none,0.0,0.0,0.0,Shift C (Night),30.2,0.0
2026-09-08 01:00:00,CNC High-Definition Plasma & Laser Table,Cutting & Profiling,1.13,none,0.0,0.0,0.0,Shift C (Night),29.5,0.0
2026-09-08 01:00:00,Hydraulic Plate Bending Roll (500T),Forming & Rolling,1.26,none,0.0,0.0,0.0,Shift C (Night),29.2,0.0
2026-09-08 01:00:00,Gas-Fired Post-Weld Heat Treatment Furnace,Annealing & Stress Relief,1.33,natural_gas,0.0,0.0,0.0,Shift C (Night),30.1,0.0
2026-09-08 01:00:00,Automated Wheelabrator Blast Room,Surface Preparation,1.84,none,0.0,0.0,0.0,Shift C (Night),31.4,0.0
2026-09-08 01:00:00,Industrial Rotary Screw Air Compressor,Compressed Air Utility,25.82,none,0.0,0.0,0.0,Shift C (Night),32.0,5.95
2026-09-08 01:00:00,Dust Collector & Fume Extraction Blower,Ventilation & Environmental,48.59,none,0.0,0.0,1.0,Shift C (Night),30.4,0.51
2026-09-08 02:00:00,Robotic GMAW Heavy Welding Gantry,Welding & Joining,1.78,none,0.0,0.0,0.0,Shift C (Night),30.2,0.0
2026-09-08 02:00:00,CNC High-Definition Plasma & Laser Table,Cutting & Profiling,1.29,none,0.0,0.0,0.0,Shift C (Night),31.2,0.0
2026-09-08 02:00:00,Hydraulic Plate Bending Roll (500T),Forming & Rolling,1.56,none,0.0,0.0,0.0,Shift C (Night),30.2,0.0
2026-09-08 02:00:00,Gas-Fired Post-Weld Heat Treatment Furnace,Annealing & Stress Relief,1.21,natural_gas,0.0,0.0,0.0,Shift C (Night),29.4,0.0
2026-09-08 02:00:00,Automated Wheelabrator Blast Room,Surface Preparation,0.64,none,0.0,0.0,0.0,Shift C (Night),29.5,0.0
2026-09-08 02:00:00,Industrial Rotary Screw Air Compressor,Compressed Air Utility,23.86,none,0.0,0.0,0.0,Shift C (Night),32.0,5.95
2026-09-08 02:00:00,Dust Collector & Fume Extraction Blower,Ventilation & Environmental,47.55,none,0.0,0.0,1.0,Shift C (Night),30.3,0.49
2026-09-08 03:00:00,Robotic GMAW Heavy Welding Gantry,Welding & Joining,1.38,none,0.0,0.0,0.0,Shift C (Night),32.0,0.0
2026-09-08 03:00:00,CNC High-Definition Plasma & Laser Table,Cutting & Profiling,1.92,none,0.0,0.0,0.0,Shift C (Night),29.5,0.0
2026-09-08 03:00:00,Hydraulic Plate Bending Roll (500T),Forming & Rolling,0.85,none,0.0,0.0,0.0,Shift C (Night),31.0,0.0
2026-09-08 03:00:00,Gas-Fired Post-Weld Heat Treatment Furnace,Annealing & Stress Relief,0.61,natural_gas,0.0,0.0,0.0,Shift C (Night),29.8,0.0
2026-09-08 03:00:00,Automated Wheelabrator Blast Room,Surface Preparation,1.34,none,0.0,0.0,0.0,Shift C (Night),28.0,0.0
2026-09-08 03:00:00,Industrial Rotary Screw Air Compressor,Compressed Air Utility,23.24,none,0.0,0.0,0.0,Shift C (Night),32.0,5.95
2026-09-08 03:00:00,Dust Collector & Fume Extraction Blower,Ventilation & Environmental,45.4,none,0.0,0.0,1.0,Shift C (Night),29.8,0.49
2026-09-08 04:00:00,Robotic GMAW Heavy Welding Gantry,Welding & Joining,1.89,none,0.0,0.0,0.0,Shift C (Night),30.4,0.0
2026-09-08 04:00:00,CNC High-Definition Plasma & Laser Table,Cutting & Profiling,0.65,none,0.0,0.0,0.0,Shift C (Night),29.1,0.0
2026-09-08 04:00:00,Hydraulic Plate Bending Roll (500T),Forming & Rolling,1.27,none,0.0,0.0,0.0,Shift C (Night),28.2,0.0
2026-09-08 04:00:00,Gas-Fired Post-Weld Heat Treatment Furnace,Annealing & Stress Relief,1.57,natural_gas,0.0,0.0,0.0,Shift C (Night),29.0,0.0
2026-09-08 04:00:00,Automated Wheelabrator Blast Room,Surface Preparation,1.48,none,0.0,0.0,0.0,Shift C (Night),31.9,0.0
2026-09-08 04:00:00,Industrial Rotary Screw Air Compressor,Compressed Air Utility,25.29,none,0.0,0.0,0.0,Shift C (Night),32.0,5.95
2026-09-08 04:00:00,Dust Collector & Fume Extraction Blower,Ventilation & Environmental,48.29,none,0.0,0.0,1.0,Shift C (Night),30.5,0.51
2026-09-08 05:00:00,Robotic GMAW Heavy Welding Gantry,Welding & Joining,1.49,none,0.0,0.0,0.0,Shift C (Night),30.0,0.0
2026-09-08 05:00:00,CNC High-Definition Plasma & Laser Table,Cutting & Profiling,1.26,none,0.0,0.0,0.0,Shift C (Night),31.5,0.0
2026-09-08 05:00:00,Hydraulic Plate Bending Roll (500T),Forming & Rolling,1.65,none,0.0,0.0,0.0,Shift C (Night),31.2,0.0
2026-09-08 05:00:00,Gas-Fired Post-Weld Heat Treatment Furnace,Annealing & Stress Relief,0.65,natural_gas,0.0,0.0,0.0,Shift C (Night),28.1,0.0
2026-09-08 05:00:00,Automated Wheelabrator Blast Room,Surface Preparation,1.85,none,0.0,0.0,0.0,Shift C (Night),28.6,0.0
2026-09-08 05:00:00,Industrial Rotary Screw Air Compressor,Compressed Air Utility,24.94,none,0.0,0.0,0.0,Shift C (Night),32.0,5.95
2026-09-08 05:00:00,Dust Collector & Fume Extraction Blower,Ventilation & Environmental,48.31,none,0.0,0.0,1.0,Shift C (Night),29.6,0.5
2026-09-08 06:00:00,Robotic GMAW Heavy Welding Gantry,Welding & Joining,39.05,none,0.0,287.7,1.0,Shift A (Morning),117.9,1.01
2026-09-08 06:00:00,CNC High-Definition Plasma & Laser Table,Cutting & Profiling,50.18,none,0.0,405.3,1.0,Shift A (Morning),44.3,8.02
2026-09-08 06:00:00,Hydraulic Plate Bending Roll (500T),Forming & Rolling,45.7,none,0.0,373.9,1.0,Shift A (Morning),34.6,181.23
2026-09-08 06:00:00,Gas-Fired Post-Weld Heat Treatment Furnace,Annealing & Stress Relief,26.92,natural_gas,46.14,624.9,1.0,Shift A (Morning),628.4,1.12
2026-09-08 06:00:00,Automated Wheelabrator Blast Room,Surface Preparation,45.32,none,0.0,394.1,1.0,Shift A (Morning),32.3,6.15
2026-09-08 06:00:00,Industrial Rotary Screw Air Compressor,Compressed Air Utility,58.4,none,0.0,0.0,1.0,Shift A (Morning),40.7,7.01
2026-09-08 06:00:00,Dust Collector & Fume Extraction Blower,Ventilation & Environmental,48.58,none,0.0,0.0,1.0,Shift A (Morning),29.9,0.51
2026-09-08 07:00:00,Robotic GMAW Heavy Welding Gantry,Welding & Joining,38.52,none,0.0,283.8,1.0,Shift A (Morning),117.9,1.02
2026-09-08 07:00:00,CNC High-Definition Plasma & Laser Table,Cutting & Profiling,52.01,none,0.0,420.1,1.0,Shift A (Morning),45.4,7.8
2026-09-08 07:00:00,Hydraulic Plate Bending Roll (500T),Forming & Rolling,43.8,none,0.0,358.4,1.0,Shift A (Morning),34.7,176.75
2026-09-08 07:00:00,Gas-Fired Post-Weld Heat Treatment Furnace,Annealing & Stress Relief,28.01,natural_gas,48.02,650.3,1.0,Shift A (Morning),611.9,1.12
2026-09-08 07:00:00,Automated Wheelabrator Blast Room,Surface Preparation,47.24,none,0.0,410.8,1.0,Shift A (Morning),31.4,5.92
2026-09-08 07:00:00,Industrial Rotary Screw Air Compressor,Compressed Air Utility,57.31,none,0.0,0.0,1.0,Shift A (Morning),39.7,7.03
2026-09-08 07:00:00,Dust Collector & Fume Extraction Blower,Ventilation & Environmental,47.65,none,0.0,0.0,1.0,Shift A (Morning),30.1,0.5
2026-09-08 08:00:00,Robotic GMAW Heavy Welding Gantry,Welding & Joining,36.83,none,0.0,271.4,1.0,Shift A (Morning),118.0,1.01
2026-09-08 08:00:00,CNC High-Definition Plasma & Laser Table,Cutting & Profiling,50.69,none,0.0,409.4,1.0,Shift A (Morning),45.2,8.22
2026-09-08 08:00:00,Hydraulic Plate Bending Roll (500T),Forming & Rolling,44.94,none,0.0,367.7,1.0,Shift A (Morning),35.4,176.95
2026-09-08 08:00:00,Gas-Fired Post-Weld Heat Treatment Furnace,Annealing & Stress Relief,27.72,natural_gas,47.52,643.5,1.0,Shift A (Morning),609.6,1.11
2026-09-08 08:00:00,Automated Wheelabrator Blast Room,Surface Preparation,45.07,none,0.0,391.9,1.0,Shift A (Morning),32.4,6.05
2026-09-08 08:00:00,Industrial Rotary Screw Air Compressor,Compressed Air Utility,59.86,none,0.0,0.0,1.0,Shift A (Morning),39.5,7.11
2026-09-08 08:00:00,Dust Collector & Fume Extraction Blower,Ventilation & Environmental,45.54,none,0.0,0.0,1.0,Shift A (Morning),29.5,0.51
2026-09-08 09:00:00,Robotic GMAW Heavy Welding Gantry,Welding & Joining,37.02,none,0.0,272.8,1.0,Shift A (Morning),118.3,0.99
2026-09-08 09:00:00,CNC High-Definition Plasma & Laser Table,Cutting & Profiling,50.86,none,0.0,410.8,1.0,Shift A (Morning),44.4,8.18
2026-09-08 09:00:00,Hydraulic Plate Bending Roll (500T),Forming & Rolling,42.86,none,0.0,350.7,1.0,Shift A (Morning),34.7,182.13
2026-09-08 09:00:00,Gas-Fired Post-Weld Heat Treatment Furnace,Annealing & Stress Relief,27.47,natural_gas,47.1,637.8,1.0,Shift A (Morning),619.7,1.11
2026-09-08 09:00:00,Automated Wheelabrator Blast Room,Surface Preparation,45.44,none,0.0,395.2,1.0,Shift A (Morning),32.2,5.98
2026-09-08 09:00:00,Industrial Rotary Screw Air Compressor,Compressed Air Utility,58.61,none,0.0,0.0,1.0,Shift A (Morning),40.5,6.81
2026-09-08 09:00:00,Dust Collector & Fume Extraction Blower,Ventilation & Environmental,48.18,none,0.0,0.0,1.0,Shift A (Morning),29.9,0.5
2026-09-08 10:00:00,Robotic GMAW Heavy Welding Gantry,Welding & Joining,37.12,none,0.0,273.5,1.0,Shift A (Morning),121.0,0.99
2026-09-08 10:00:00,CNC High-Definition Plasma & Laser Table,Cutting & Profiling,53.29,none,0.0,430.4,1.0,Shift A (Morning),45.5,7.86
2026-09-08 10:00:00,Hydraulic Plate Bending Roll (500T),Forming & Rolling,44.7,none,0.0,365.8,1.0,Shift A (Morning),35.0,183.56
2026-09-08 10:00:00,Gas-Fired Post-Weld Heat Treatment Furnace,Annealing & Stress Relief,28.66,natural_gas,49.13,665.3,1.0,Shift A (Morning),609.9,1.12
2026-09-08 10:00:00,Automated Wheelabrator Blast Room,Surface Preparation,45.11,none,0.0,392.3,1.0,Shift A (Morning),32.0,5.83
2026-09-08 10:00:00,Industrial Rotary Screw Air Compressor,Compressed Air Utility,56.21,none,0.0,0.0,1.0,Shift A (Morning),40.3,6.87
2026-09-08 10:00:00,Dust Collector & Fume Extraction Blower,Ventilation & Environmental,45.57,none,0.0,0.0,1.0,Shift A (Morning),30.1,0.5
2026-09-08 11:00:00,Robotic GMAW Heavy Welding Gantry,Welding & Joining,37.63,none,0.0,277.3,1.0,Shift A (Morning),120.4,0.97
2026-09-08 11:00:00,CNC High-Definition Plasma & Laser Table,Cutting & Profiling,52.84,none,0.0,426.8,1.0,Shift A (Morning),45.2,8.18
2026-09-08 11:00:00,Hydraulic Plate Bending Roll (500T),Forming & Rolling,42.27,none,0.0,345.8,1.0,Shift A (Morning),34.9,178.21
2026-09-08 11:00:00,Gas-Fired Post-Weld Heat Treatment Furnace,Annealing & Stress Relief,28.33,natural_gas,48.57,657.7,1.0,Shift A (Morning),610.1,1.13
2026-09-08 11:00:00,Automated Wheelabrator Blast Room,Surface Preparation,45.29,none,0.0,393.8,1.0,Shift A (Morning),32.0,5.89
2026-09-08 11:00:00,Industrial Rotary Screw Air Compressor,Compressed Air Utility,55.78,none,0.0,0.0,1.0,Shift A (Morning),40.5,6.98
2026-09-08 11:00:00,Dust Collector & Fume Extraction Blower,Ventilation & Environmental,47.21,none,0.0,0.0,1.0,Shift A (Morning),29.9,0.5
2026-09-08 12:00:00,Robotic GMAW Heavy Welding Gantry,Welding & Joining,39.02,none,0.0,287.5,1.0,Shift A (Morning),118.8,0.99
2026-09-08 12:00:00,CNC High-Definition Plasma & Laser Table,Cutting & Profiling,51.33,none,0.0,414.6,1.0,Shift A (Morning),45.3,7.9
2026-09-08 12:00:00,Hydraulic Plate Bending Roll (500T),Forming & Rolling,45.66,none,0.0,373.6,1.0,Shift A (Morning),35.5,182.84
2026-09-08 12:00:00,Gas-Fired Post-Weld Heat Treatment Furnace,Annealing & Stress Relief,28.9,natural_gas,49.54,670.8,1.0,Shift A (Morning),620.2,1.09
2026-09-08 12:00:00,Automated Wheelabrator Blast Room,Surface Preparation,47.01,none,0.0,408.8,1.0,Shift A (Morning),32.6,5.96
2026-09-08 12:00:00,Industrial Rotary Screw Air Compressor,Compressed Air Utility,55.81,none,0.0,0.0,1.0,Shift A (Morning),40.0,7.18
2026-09-08 12:00:00,Dust Collector & Fume Extraction Blower,Ventilation & Environmental,48.37,none,0.0,0.0,1.0,Shift A (Morning),30.6,0.51
2026-09-08 13:00:00,Robotic GMAW Heavy Welding Gantry,Welding & Joining,37.08,none,0.0,273.2,1.0,Shift A (Morning),122.3,1.02
2026-09-08 13:00:00,CNC High-Definition Plasma & Laser Table,Cutting & Profiling,50.46,none,0.0,407.6,1.0,Shift A (Morning),44.7,8.22
2026-09-08 13:00:00,Hydraulic Plate Bending Roll (500T),Forming & Rolling,45.66,none,0.0,373.5,1.0,Shift A (Morning),34.7,182.87
2026-09-08 13:00:00,Gas-Fired Post-Weld Heat Treatment Furnace,Annealing & Stress Relief,28.68,natural_gas,49.16,665.7,1.0,Shift A (Morning),619.0,1.08
2026-09-08 13:00:00,Automated Wheelabrator Blast Room,Surface Preparation,44.16,none,0.0,384.0,1.0,Shift A (Morning),31.5,6.14
2026-09-08 13:00:00,Industrial Rotary Screw Air Compressor,Compressed Air Utility,57.08,none,0.0,0.0,1.0,Shift A (Morning),39.3,6.89
2026-09-08 13:00:00,Dust Collector & Fume Extraction Blower,Ventilation & Environmental,45.8,none,0.0,0.0,1.0,Shift A (Morning),29.5,0.49
2026-09-08 14:00:00,Robotic GMAW Heavy Welding Gantry,Welding & Joining,38.56,none,0.0,284.1,1.0,Shift B (Evening),121.7,0.99
2026-09-08 14:00:00,CNC High-Definition Plasma & Laser Table,Cutting & Profiling,51.91,none,0.0,419.2,1.0,Shift B (Evening),44.7,7.99
2026-09-08 14:00:00,Hydraulic Plate Bending Roll (500T),Forming & Rolling,44.66,none,0.0,365.4,1.0,Shift B (Evening),35.3,184.46
2026-09-08 14:00:00,Gas-Fired Post-Weld Heat Treatment Furnace,Annealing & Stress Relief,28.38,natural_gas,48.65,658.8,1.0,Shift B (Evening),628.2,1.11
2026-09-08 14:00:00,Automated Wheelabrator Blast Room,Surface Preparation,46.97,none,0.0,408.4,1.0,Shift B (Evening),31.5,5.87
2026-09-08 14:00:00,Industrial Rotary Screw Air Compressor,Compressed Air Utility,59.22,none,0.0,0.0,1.0,Shift B (Evening),39.4,7.11
2026-09-08 14:00:00,Dust Collector & Fume Extraction Blower,Ventilation & Environmental,48.41,none,0.0,0.0,1.0,Shift B (Evening),30.4,0.51
2026-09-08 15:00:00,Robotic GMAW Heavy Welding Gantry,Welding & Joining,37.77,none,0.0,278.3,1.0,Shift B (Evening),119.5,0.97
2026-09-08 15:00:00,CNC High-Definition Plasma & Laser Table,Cutting & Profiling,51.95,none,0.0,419.6,1.0,Shift B (Evening),45.4,8.04
2026-09-08 15:00:00,Hydraulic Plate Bending Roll (500T),Forming & Rolling,43.02,none,0.0,352.0,1.0,Shift B (Evening),35.2,182.89
2026-09-08 15:00:00,Gas-Fired Post-Weld Heat Treatment Furnace,Annealing & Stress Relief,27.71,natural_gas,47.5,643.2,1.0,Shift B (Evening),616.0,1.12
2026-09-08 15:00:00,Automated Wheelabrator Blast Room,Surface Preparation,46.41,none,0.0,403.5,1.0,Shift B (Evening),32.3,6.15
2026-09-08 15:00:00,Industrial Rotary Screw Air Compressor,Compressed Air Utility,58.68,none,0.0,0.0,1.0,Shift B (Evening),39.4,6.87
2026-09-08 15:00:00,Dust Collector & Fume Extraction Blower,Ventilation & Environmental,45.83,none,0.0,0.0,1.0,Shift B (Evening),29.9,0.5
2026-09-08 16:00:00,Robotic GMAW Heavy Welding Gantry,Welding & Joining,38.47,none,0.0,283.5,1.0,Shift B (Evening),119.6,0.99
2026-09-08 16:00:00,CNC High-Definition Plasma & Laser Table,Cutting & Profiling,51.53,none,0.0,416.2,1.0,Shift B (Evening),45.6,7.78
2026-09-08 16:00:00,Hydraulic Plate Bending Roll (500T),Forming & Rolling,45.61,none,0.0,373.2,1.0,Shift B (Evening),34.9,176.37
2026-09-08 16:00:00,Gas-Fired Post-Weld Heat Treatment Furnace,Annealing & Stress Relief,28.41,natural_gas,48.7,659.5,1.0,Shift B (Evening),628.3,1.1
2026-09-08 16:00:00,Automated Wheelabrator Blast Room,Surface Preparation,44.46,none,0.0,386.6,1.0,Shift B (Evening),32.2,5.86
2026-09-08 16:00:00,Industrial Rotary Screw Air Compressor,Compressed Air Utility,59.68,none,0.0,0.0,1.0,Shift B (Evening),40.5,6.8
2026-09-08 16:00:00,Dust Collector & Fume Extraction Blower,Ventilation & Environmental,46.24,none,0.0,0.0,1.0,Shift B (Evening),30.1,0.5
2026-09-08 17:00:00,Robotic GMAW Heavy Welding Gantry,Welding & Joining,37.86,none,0.0,279.0,1.0,Shift B (Evening),119.9,1.03
2026-09-08 17:00:00,CNC High-Definition Plasma & Laser Table,Cutting & Profiling,51.59,none,0.0,416.7,1.0,Shift B (Evening),45.5,7.91
2026-09-08 17:00:00,Hydraulic Plate Bending Roll (500T),Forming & Rolling,43.15,none,0.0,353.0,1.0,Shift B (Evening),35.2,181.12
2026-09-08 17:00:00,Gas-Fired Post-Weld Heat Treatment Furnace,Annealing & Stress Relief,28.68,natural_gas,49.16,665.7,1.0,Shift B (Evening),618.8,1.09
2026-09-08 17:00:00,Automated Wheelabrator Blast Room,Surface Preparation,45.9,none,0.0,399.2,1.0,Shift B (Evening),31.8,6.01
2026-09-08 17:00:00,Industrial Rotary Screw Air Compressor,Compressed Air Utility,57.37,none,0.0,0.0,1.0,Shift B (Evening),40.5,7.2
2026-09-08 17:00:00,Dust Collector & Fume Extraction Blower,Ventilation & Environmental,47.04,none,0.0,0.0,1.0,Shift B (Evening),29.9,0.51
2026-09-08 18:00:00,Robotic GMAW Heavy Welding Gantry,Welding & Joining,36.94,none,0.0,272.2,1.0,Shift B (Evening),119.2,1.03
2026-09-08 18:00:00,CNC High-Definition Plasma & Laser Table,Cutting & Profiling,52.38,none,0.0,423.0,1.0,Shift B (Evening),44.5,8.15
2026-09-08 18:00:00,Hydraulic Plate Bending Roll (500T),Forming & Rolling,44.8,none,0.0,366.6,1.0,Shift B (Evening),34.9,175.12
2026-09-08 18:00:00,Gas-Fired Post-Weld Heat Treatment Furnace,Annealing & Stress Relief,27.51,natural_gas,47.16,638.6,1.0,Shift B (Evening),610.6,1.1
2026-09-08 18:00:00,Automated Wheelabrator Blast Room,Surface Preparation,45.51,none,0.0,395.7,1.0,Shift B (Evening),32.5,6.07
2026-09-08 18:00:00,Industrial Rotary Screw Air Compressor,Compressed Air Utility,56.85,none,0.0,0.0,1.0,Shift B (Evening),39.7,6.91
2026-09-08 18:00:00,Dust Collector & Fume Extraction Blower,Ventilation & Environmental,48.12,none,0.0,0.0,1.0,Shift B (Evening),30.1,0.49
2026-09-08 19:00:00,Robotic GMAW Heavy Welding Gantry,Welding & Joining,37.56,none,0.0,276.8,1.0,Shift B (Evening),117.7,0.99
2026-09-08 19:00:00,CNC High-Definition Plasma & Laser Table,Cutting & Profiling,52.57,none,0.0,424.6,1.0,Shift B (Evening),45.2,7.93
2026-09-08 19:00:00,Hydraulic Plate Bending Roll (500T),Forming & Rolling,42.37,none,0.0,346.7,1.0,Shift B (Evening),35.3,177.29
2026-09-08 19:00:00,Gas-Fired Post-Weld Heat Treatment Furnace,Annealing & Stress Relief,27.07,natural_gas,46.4,628.4,1.0,Shift B (Evening),609.9,1.11
2026-09-08 19:00:00,Automated Wheelabrator Blast Room,Surface Preparation,46.49,none,0.0,404.3,1.0,Shift B (Evening),31.9,5.92
2026-09-08 19:00:00,Industrial Rotary Screw Air Compressor,Compressed Air Utility,60.19,none,0.0,0.0,1.0,Shift B (Evening),40.3,6.89
2026-09-08 19:00:00,Dust Collector & Fume Extraction Blower,Ventilation & Environmental,48.15,none,0.0,0.0,1.0,Shift B (Evening),30.4,0.51
2026-09-08 20:00:00,Robotic GMAW Heavy Welding Gantry,Welding & Joining,38.07,none,0.0,280.5,1.0,Shift B (Evening),119.8,0.97
2026-09-08 20:00:00,CNC High-Definition Plasma & Laser Table,Cutting & Profiling,51.47,none,0.0,415.7,1.0,Shift B (Evening),44.4,8.23
2026-09-08 20:00:00,Hydraulic Plate Bending Roll (500T),Forming & Rolling,44.49,none,0.0,364.0,1.0,Shift B (Evening),35.5,178.72
2026-09-08 20:00:00,Gas-Fired Post-Weld Heat Treatment Furnace,Annealing & Stress Relief,29.08,natural_gas,49.84,675.0,1.0,Shift B (Evening),609.6,1.13
2026-09-08 20:00:00,Automated Wheelabrator Blast Room,Surface Preparation,46.92,none,0.0,408.0,1.0,Shift B (Evening),31.9,5.83
2026-09-08 20:00:00,Industrial Rotary Screw Air Compressor,Compressed Air Utility,60.09,none,0.0,0.0,1.0,Shift B (Evening),39.6,7.06
2026-09-08 20:00:00,Dust Collector & Fume Extraction Blower,Ventilation & Environmental,48.36,none,0.0,0.0,1.0,Shift B (Evening),30.4,0.5
2026-09-08 21:00:00,Robotic GMAW Heavy Welding Gantry,Welding & Joining,36.83,none,0.0,271.4,1.0,Shift B (Evening),118.5,0.99
2026-09-08 21:00:00,CNC High-Definition Plasma & Laser Table,Cutting & Profiling,51.18,none,0.0,413.4,1.0,Shift B (Evening),45.0,8.17
2026-09-08 21:00:00,Hydraulic Plate Bending Roll (500T),Forming & Rolling,43.1,none,0.0,352.6,1.0,Shift B (Evening),35.4,178.64
2026-09-08 21:00:00,Gas-Fired Post-Weld Heat Treatment Furnace,Annealing & Stress Relief,27.94,natural_gas,47.9,648.6,1.0,Shift B (Evening),626.5,1.1
2026-09-08 21:00:00,Automated Wheelabrator Blast Room,Surface Preparation,46.91,none,0.0,407.9,1.0,Shift B (Evening),32.4,5.92
2026-09-08 21:00:00,Industrial Rotary Screw Air Compressor,Compressed Air Utility,58.8,none,0.0,0.0,1.0,Shift B (Evening),40.2,7.17
2026-09-08 21:00:00,Dust Collector & Fume Extraction Blower,Ventilation & Environmental,47.58,none,0.0,0.0,1.0,Shift B (Evening),29.7,0.5
2026-09-08 22:00:00,Robotic GMAW Heavy Welding Gantry,Welding & Joining,36.54,none,0.0,269.2,1.0,Shift C (Night),119.6,0.98
2026-09-08 22:00:00,CNC High-Definition Plasma & Laser Table,Cutting & Profiling,51.03,none,0.0,412.2,1.0,Shift C (Night),45.2,8.23
2026-09-08 22:00:00,Hydraulic Plate Bending Roll (500T),Forming & Rolling,43.36,none,0.0,354.8,1.0,Shift C (Night),34.6,174.8
2026-09-08 22:00:00,Gas-Fired Post-Weld Heat Treatment Furnace,Annealing & Stress Relief,27.61,natural_gas,47.33,640.9,1.0,Shift C (Night),609.2,1.09
2026-09-08 22:00:00,Automated Wheelabrator Blast Room,Surface Preparation,46.78,none,0.0,406.8,1.0,Shift C (Night),32.4,6.03
2026-09-08 22:00:00,Industrial Rotary Screw Air Compressor,Compressed Air Utility,58.63,none,0.0,0.0,1.0,Shift C (Night),39.7,6.95
2026-09-08 22:00:00,Dust Collector & Fume Extraction Blower,Ventilation & Environmental,48.53,none,0.0,0.0,1.0,Shift C (Night),29.4,0.5
2026-09-08 23:00:00,Robotic GMAW Heavy Welding Gantry,Welding & Joining,37.53,none,0.0,276.6,1.0,Shift C (Night),119.7,1.0
2026-09-08 23:00:00,CNC High-Definition Plasma & Laser Table,Cutting & Profiling,1.64,none,0.0,0.0,0.0,Shift C (Night),28.8,0.0
2026-09-08 23:00:00,Hydraulic Plate Bending Roll (500T),Forming & Rolling,1.58,none,0.0,0.0,0.0,Shift C (Night),30.7,0.0
2026-09-08 23:00:00,Gas-Fired Post-Weld Heat Treatment Furnace,Annealing & Stress Relief,27.45,natural_gas,47.06,637.3,1.0,Shift C (Night),608.4,1.12
2026-09-08 23:00:00,Automated Wheelabrator Blast Room,Surface Preparation,1.95,none,0.0,0.0,0.0,Shift C (Night),30.5,0.0
2026-09-08 23:00:00,Industrial Rotary Screw Air Compressor,Compressed Air Utility,24.25,none,0.0,0.0,0.0,Shift C (Night),32.0,5.95
2026-09-08 23:00:00,Dust Collector & Fume Extraction Blower,Ventilation & Environmental,46.34,none,0.0,0.0,1.0,Shift C (Night),29.6,0.51
2026-09-09 00:00:00,Robotic GMAW Heavy Welding Gantry,Welding & Joining,1.12,none,0.0,0.0,0.0,Shift C (Night),29.2,0.0
2026-09-09 00:00:00,CNC High-Definition Plasma & Laser Table,Cutting & Profiling,1.04,none,0.0,0.0,0.0,Shift C (Night),30.7,0.0
2026-09-09 00:00:00,Hydraulic Plate Bending Roll (500T),Forming & Rolling,0.64,none,0.0,0.0,0.0,Shift C (Night),30.5,0.0
2026-09-09 00:00:00,Gas-Fired Post-Weld Heat Treatment Furnace,Annealing & Stress Relief,0.83,natural_gas,0.0,0.0,0.0,Shift C (Night),29.4,0.0
2026-09-09 00:00:00,Automated Wheelabrator Blast Room,Surface Preparation,1.2,none,0.0,0.0,0.0,Shift C (Night),32.0,0.0
2026-09-09 00:00:00,Industrial Rotary Screw Air Compressor,Compressed Air Utility,22.09,none,0.0,0.0,0.0,Shift C (Night),32.0,5.95
2026-09-09 00:00:00,Dust Collector & Fume Extraction Blower,Ventilation & Environmental,35.29,none,0.0,0.0,1.0,Shift C (Night),30.1,0.5
2026-09-09 01:00:00,Robotic GMAW Heavy Welding Gantry,Welding & Joining,0.93,none,0.0,0.0,0.0,Shift C (Night),31.7,0.0
2026-09-09 01:00:00,CNC High-Definition Plasma & Laser Table,Cutting & Profiling,0.78,none,0.0,0.0,0.0,Shift C (Night),30.4,0.0
2026-09-09 01:00:00,Hydraulic Plate Bending Roll (500T),Forming & Rolling,1.79,none,0.0,0.0,0.0,Shift C (Night),28.4,0.0
2026-09-09 01:00:00,Gas-Fired Post-Weld Heat Treatment Furnace,Annealing & Stress Relief,0.91,natural_gas,0.0,0.0,0.0,Shift C (Night),32.0,0.0
2026-09-09 01:00:00,Automated Wheelabrator Blast Room,Surface Preparation,1.4,none,0.0,0.0,0.0,Shift C (Night),28.7,0.0
2026-09-09 01:00:00,Industrial Rotary Screw Air Compressor,Compressed Air Utility,22.64,none,0.0,0.0,0.0,Shift C (Night),32.0,5.95
2026-09-09 01:00:00,Dust Collector & Fume Extraction Blower,Ventilation & Environmental,34.75,none,0.0,0.0,1.0,Shift C (Night),30.3,0.5
2026-09-09 02:00:00,Robotic GMAW Heavy Welding Gantry,Welding & Joining,1.17,none,0.0,0.0,0.0,Shift C (Night),31.0,0.0
2026-09-09 02:00:00,CNC High-Definition Plasma & Laser Table,Cutting & Profiling,1.19,none,0.0,0.0,0.0,Shift C (Night),30.4,0.0
2026-09-09 02:00:00,Hydraulic Plate Bending Roll (500T),Forming & Rolling,1.05,none,0.0,0.0,0.0,Shift C (Night),29.5,0.0
2026-09-09 02:00:00,Gas-Fired Post-Weld Heat Treatment Furnace,Annealing & Stress Relief,0.75,natural_gas,0.0,0.0,0.0,Shift C (Night),31.5,0.0
2026-09-09 02:00:00,Automated Wheelabrator Blast Room,Surface Preparation,1.94,none,0.0,0.0,0.0,Shift C (Night),31.0,0.0
2026-09-09 02:00:00,Industrial Rotary Screw Air Compressor,Compressed Air Utility,23.27,none,0.0,0.0,0.0,Shift C (Night),32.0,5.95
2026-09-09 02:00:00,Dust Collector & Fume Extraction Blower,Ventilation & Environmental,34.1,none,0.0,0.0,1.0,Shift C (Night),29.9,0.51
2026-09-09 03:00:00,Robotic GMAW Heavy Welding Gantry,Welding & Joining,1.29,none,0.0,0.0,0.0,Shift C (Night),29.9,0.0
2026-09-09 03:00:00,CNC High-Definition Plasma & Laser Table,Cutting & Profiling,1.76,none,0.0,0.0,0.0,Shift C (Night),29.8,0.0
2026-09-09 03:00:00,Hydraulic Plate Bending Roll (500T),Forming & Rolling,1.89,none,0.0,0.0,0.0,Shift C (Night),28.7,0.0
2026-09-09 03:00:00,Gas-Fired Post-Weld Heat Treatment Furnace,Annealing & Stress Relief,1.0,natural_gas,0.0,0.0,0.0,Shift C (Night),30.1,0.0
2026-09-09 03:00:00,Automated Wheelabrator Blast Room,Surface Preparation,1.07,none,0.0,0.0,0.0,Shift C (Night),29.9,0.0
2026-09-09 03:00:00,Industrial Rotary Screw Air Compressor,Compressed Air Utility,22.69,none,0.0,0.0,0.0,Shift C (Night),32.0,5.95
2026-09-09 03:00:00,Dust Collector & Fume Extraction Blower,Ventilation & Environmental,35.11,none,0.0,0.0,1.0,Shift C (Night),29.9,0.5
2026-09-09 04:00:00,Robotic GMAW Heavy Welding Gantry,Welding & Joining,1.96,none,0.0,0.0,0.0,Shift C (Night),29.6,0.0
2026-09-09 04:00:00,CNC High-Definition Plasma & Laser Table,Cutting & Profiling,1.49,none,0.0,0.0,0.0,Shift C (Night),30.5,0.0
2026-09-09 04:00:00,Hydraulic Plate Bending Roll (500T),Forming & Rolling,0.79,none,0.0,0.0,0.0,Shift C (Night),30.5,0.0
2026-09-09 04:00:00,Gas-Fired Post-Weld Heat Treatment Furnace,Annealing & Stress Relief,2.0,natural_gas,0.0,0.0,0.0,Shift C (Night),30.4,0.0
2026-09-09 04:00:00,Automated Wheelabrator Blast Room,Surface Preparation,1.63,none,0.0,0.0,0.0,Shift C (Night),31.8,0.0
2026-09-09 04:00:00,Industrial Rotary Screw Air Compressor,Compressed Air Utility,23.3,none,0.0,0.0,0.0,Shift C (Night),32.0,5.95
2026-09-09 04:00:00,Dust Collector & Fume Extraction Blower,Ventilation & Environmental,33.32,none,0.0,0.0,1.0,Shift C (Night),30.1,0.5
2026-09-09 05:00:00,Robotic GMAW Heavy Welding Gantry,Welding & Joining,0.73,none,0.0,0.0,0.0,Shift C (Night),29.5,0.0
2026-09-09 05:00:00,CNC High-Definition Plasma & Laser Table,Cutting & Profiling,1.64,none,0.0,0.0,0.0,Shift C (Night),31.5,0.0
2026-09-09 05:00:00,Hydraulic Plate Bending Roll (500T),Forming & Rolling,1.52,none,0.0,0.0,0.0,Shift C (Night),30.2,0.0
2026-09-09 05:00:00,Gas-Fired Post-Weld Heat Treatment Furnace,Annealing & Stress Relief,1.81,natural_gas,0.0,0.0,0.0,Shift C (Night),31.4,0.0
2026-09-09 05:00:00,Automated Wheelabrator Blast Room,Surface Preparation,0.83,none,0.0,0.0,0.0,Shift C (Night),29.5,0.0
2026-09-09 05:00:00,Industrial Rotary Screw Air Compressor,Compressed Air Utility,25.5,none,0.0,0.0,0.0,Shift C (Night),32.0,5.95
2026-09-09 05:00:00,Dust Collector & Fume Extraction Blower,Ventilation & Environmental,33.12,none,0.0,0.0,1.0,Shift C (Night),30.5,0.51
2026-09-09 06:00:00,Robotic GMAW Heavy Welding Gantry,Welding & Joining,37.46,none,0.0,276.0,1.0,Shift A (Morning),119.0,1.02
2026-09-09 06:00:00,CNC High-Definition Plasma & Laser Table,Cutting & Profiling,50.78,none,0.0,410.2,1.0,Shift A (Morning),44.9,7.88
2026-09-09 06:00:00,Hydraulic Plate Bending Roll (500T),Forming & Rolling,44.36,none,0.0,363.0,1.0,Shift A (Morning),35.7,183.2
2026-09-09 06:00:00,Gas-Fired Post-Weld Heat Treatment Furnace,Annealing & Stress Relief,29.06,natural_gas,49.82,674.6,1.0,Shift A (Morning),620.0,1.07
2026-09-09 06:00:00,Automated Wheelabrator Blast Room,Surface Preparation,46.38,none,0.0,403.3,1.0,Shift A (Morning),31.8,6.15
2026-09-09 06:00:00,Industrial Rotary Screw Air Compressor,Compressed Air Utility,56.42,none,0.0,0.0,1.0,Shift A (Morning),39.9,7.19
2026-09-09 06:00:00,Dust Collector & Fume Extraction Blower,Ventilation & Environmental,32.66,none,0.0,0.0,1.0,Shift A (Morning),29.4,0.51
2026-09-09 07:00:00,Robotic GMAW Heavy Welding Gantry,Welding & Joining,39.12,none,0.0,288.2,1.0,Shift A (Morning),122.4,1.02
2026-09-09 07:00:00,CNC High-Definition Plasma & Laser Table,Cutting & Profiling,50.21,none,0.0,405.6,1.0,Shift A (Morning),44.9,7.88
2026-09-09 07:00:00,Hydraulic Plate Bending Roll (500T),Forming & Rolling,44.76,none,0.0,366.2,1.0,Shift A (Morning),34.5,182.99
2026-09-09 07:00:00,Gas-Fired Post-Weld Heat Treatment Furnace,Annealing & Stress Relief,28.33,natural_gas,48.56,657.6,1.0,Shift A (Morning),620.8,1.07
2026-09-09 07:00:00,Automated Wheelabrator Blast Room,Surface Preparation,45.93,none,0.0,399.4,1.0,Shift A (Morning),32.3,5.93
2026-09-09 07:00:00,Industrial Rotary Screw Air Compressor,Compressed Air Utility,57.53,none,0.0,0.0,1.0,Shift A (Morning),40.5,7.11
2026-09-09 07:00:00,Dust Collector & Fume Extraction Blower,Ventilation & Environmental,33.63,none,0.0,0.0,1.0,Shift A (Morning),30.3,0.5
2026-09-09 08:00:00,Robotic GMAW Heavy Welding Gantry,Welding & Joining,38.45,none,0.0,283.4,1.0,Shift A (Morning),119.7,0.98
2026-09-09 08:00:00,CNC High-Definition Plasma & Laser Table,Cutting & Profiling,50.53,none,0.0,408.1,1.0,Shift A (Morning),44.6,8.16
2026-09-09 08:00:00,Hydraulic Plate Bending Roll (500T),Forming & Rolling,44.89,none,0.0,367.3,1.0,Shift A (Morning),34.5,176.42
2026-09-09 08:00:00,Gas-Fired Post-Weld Heat Treatment Furnace,Annealing & Stress Relief,27.8,natural_gas,47.67,645.5,1.0,Shift A (Morning),616.0,1.13
2026-09-09 08:00:00,Automated Wheelabrator Blast Room,Surface Preparation,47.09,none,0.0,409.5,1.0,Shift A (Morning),31.6,5.85
2026-09-09 08:00:00,Industrial Rotary Screw Air Compressor,Compressed Air Utility,58.66,none,0.0,0.0,1.0,Shift A (Morning),39.3,7.17
2026-09-09 08:00:00,Dust Collector & Fume Extraction Blower,Ventilation & Environmental,33.98,none,0.0,0.0,1.0,Shift A (Morning),29.7,0.49
2026-09-09 09:00:00,Robotic GMAW Heavy Welding Gantry,Welding & Joining,37.38,none,0.0,275.4,1.0,Shift A (Morning),119.7,1.02
2026-09-09 09:00:00,CNC High-Definition Plasma & Laser Table,Cutting & Profiling,52.83,none,0.0,426.7,1.0,Shift A (Morning),45.1,8.05
2026-09-09 09:00:00,Hydraulic Plate Bending Roll (500T),Forming & Rolling,44.92,none,0.0,367.5,1.0,Shift A (Morning),34.5,177.72
2026-09-09 09:00:00,Gas-Fired Post-Weld Heat Treatment Furnace,Annealing & Stress Relief,27.38,natural_gas,46.93,635.5,1.0,Shift A (Morning),616.8,1.09
2026-09-09 09:00:00,Automated Wheelabrator Blast Room,Surface Preparation,45.23,none,0.0,393.3,1.0,Shift A (Morning),32.6,5.88
2026-09-09 09:00:00,Industrial Rotary Screw Air Compressor,Compressed Air Utility,58.62,none,0.0,0.0,1.0,Shift A (Morning),40.0,6.97
2026-09-09 09:00:00,Dust Collector & Fume Extraction Blower,Ventilation & Environmental,33.44,none,0.0,0.0,1.0,Shift A (Morning),30.3,0.51
2026-09-09 10:00:00,Robotic GMAW Heavy Welding Gantry,Welding & Joining,36.93,none,0.0,272.1,1.0,Shift A (Morning),119.0,0.99
2026-09-09 10:00:00,CNC High-Definition Plasma & Laser Table,Cutting & Profiling,52.57,none,0.0,424.6,1.0,Shift A (Morning),44.2,7.86
2026-09-09 10:00:00,Hydraulic Plate Bending Roll (500T),Forming & Rolling,43.31,none,0.0,354.3,1.0,Shift A (Morning),35.1,177.4
2026-09-09 10:00:00,Gas-Fired Post-Weld Heat Treatment Furnace,Annealing & Stress Relief,28.5,natural_gas,48.85,661.5,1.0,Shift A (Morning),626.1,1.13
2026-09-09 10:00:00,Automated Wheelabrator Blast Room,Surface Preparation,45.65,none,0.0,397.0,1.0,Shift A (Morning),32.2,5.88
2026-09-09 10:00:00,Industrial Rotary Screw Air Compressor,Compressed Air Utility,57.28,none,0.0,0.0,1.0,Shift A (Morning),39.4,7.15
2026-09-09 10:00:00,Dust Collector & Fume Extraction Blower,Ventilation & Environmental,33.49,none,0.0,0.0,1.0,Shift A (Morning),29.8,0.51
2026-09-09 11:00:00,Robotic GMAW Heavy Welding Gantry,Welding & Joining,37.96,none,0.0,279.7,1.0,Shift A (Morning),118.4,1.0
2026-09-09 11:00:00,CNC High-Definition Plasma & Laser Table,Cutting & Profiling,50.65,none,0.0,409.1,1.0,Shift A (Morning),45.7,7.77
2026-09-09 11:00:00,Hydraulic Plate Bending Roll (500T),Forming & Rolling,45.57,none,0.0,372.9,1.0,Shift A (Morning),34.8,177.94
2026-09-09 11:00:00,Gas-Fired Post-Weld Heat Treatment Furnace,Annealing & Stress Relief,27.38,natural_gas,46.94,635.7,1.0,Shift A (Morning),614.5,1.12
2026-09-09 11:00:00,Automated Wheelabrator Blast Room,Surface Preparation,47.06,none,0.0,409.3,1.0,Shift A (Morning),32.2,5.95
2026-09-09 11:00:00,Industrial Rotary Screw Air Compressor,Compressed Air Utility,57.81,none,0.0,0.0,1.0,Shift A (Morning),40.7,7.17
2026-09-09 11:00:00,Dust Collector & Fume Extraction Blower,Ventilation & Environmental,34.92,none,0.0,0.0,1.0,Shift A (Morning),30.4,0.51
2026-09-09 12:00:00,Robotic GMAW Heavy Welding Gantry,Welding & Joining,38.07,none,0.0,280.5,1.0,Shift A (Morning),118.7,0.98
2026-09-09 12:00:00,CNC High-Definition Plasma & Laser Table,Cutting & Profiling,52.68,none,0.0,425.5,1.0,Shift A (Morning),44.8,7.81
2026-09-09 12:00:00,Hydraulic Plate Bending Roll (500T),Forming & Rolling,43.4,none,0.0,355.1,1.0,Shift A (Morning),34.4,180.58
2026-09-09 12:00:00,Gas-Fired Post-Weld Heat Treatment Furnace,Annealing & Stress Relief,28.08,natural_gas,48.13,651.8,1.0,Shift A (Morning),626.0,1.12
2026-09-09 12:00:00,Automated Wheelabrator Blast Room,Surface Preparation,47.73,none,0.0,415.1,1.0,Shift A (Morning),31.4,6.02
2026-09-09 12:00:00,Industrial Rotary Screw Air Compressor,Compressed Air Utility,56.83,none,0.0,0.0,1.0,Shift A (Morning),39.6,7.1
2026-09-09 12:00:00,Dust Collector & Fume Extraction Blower,Ventilation & Environmental,34.52,none,0.0,0.0,1.0,Shift A (Morning),30.2,0.49
2026-09-09 13:00:00,Robotic GMAW Heavy Welding Gantry,Welding & Joining,38.58,none,0.0,284.2,1.0,Shift A (Morning),119.8,0.97
2026-09-09 13:00:00,CNC High-Definition Plasma & Laser Table,Cutting & Profiling,52.45,none,0.0,423.7,1.0,Shift A (Morning),45.1,7.8
2026-09-09 13:00:00,Hydraulic Plate Bending Roll (500T),Forming & Rolling,42.91,none,0.0,351.1,1.0,Shift A (Morning),35.5,175.29
2026-09-09 13:00:00,Gas-Fired Post-Weld Heat Treatment Furnace,Annealing & Stress Relief,28.9,natural_gas,49.55,671.0,1.0,Shift A (Morning),620.6,1.07
2026-09-09 13:00:00,Automated Wheelabrator Blast Room,Surface Preparation,45.0,none,0.0,391.3,1.0,Shift A (Morning),32.1,6.03
2026-09-09 13:00:00,Industrial Rotary Screw Air Compressor,Compressed Air Utility,57.83,none,0.0,0.0,1.0,Shift A (Morning),40.1,7.12
2026-09-09 13:00:00,Dust Collector & Fume Extraction Blower,Ventilation & Environmental,33.51,none,0.0,0.0,1.0,Shift A (Morning),30.2,0.49
2026-09-09 14:00:00,Robotic GMAW Heavy Welding Gantry,Welding & Joining,36.83,none,0.0,271.4,1.0,Shift B (Evening),118.0,0.98
2026-09-09 14:00:00,CNC High-Definition Plasma & Laser Table,Cutting & Profiling,52.18,none,0.0,421.4,1.0,Shift B (Evening),44.5,7.99
2026-09-09 14:00:00,Hydraulic Plate Bending Roll (500T),Forming & Rolling,44.24,none,0.0,362.0,1.0,Shift B (Evening),35.1,183.9
2026-09-09 14:00:00,Gas-Fired Post-Weld Heat Treatment Furnace,Annealing & Stress Relief,27.13,natural_gas,46.51,629.8,1.0,Shift B (Evening),629.6,1.12
2026-09-09 14:00:00,Automated Wheelabrator Blast Room,Surface Preparation,44.88,none,0.0,390.2,1.0,Shift B (Evening),32.4,6.04
2026-09-09 14:00:00,Industrial Rotary Screw Air Compressor,Compressed Air Utility,57.8,none,0.0,0.0,1.0,Shift B (Evening),39.2,7.11
2026-09-09 14:00:00,Dust Collector & Fume Extraction Blower,Ventilation & Environmental,34.28,none,0.0,0.0,1.0,Shift B (Evening),30.0,0.49
2026-09-09 15:00:00,Robotic GMAW Heavy Welding Gantry,Welding & Joining,38.02,none,0.0,280.2,1.0,Shift B (Evening),120.1,1.03
2026-09-09 15:00:00,CNC High-Definition Plasma & Laser Table,Cutting & Profiling,51.17,none,0.0,413.3,1.0,Shift B (Evening),45.7,7.88
2026-09-09 15:00:00,Hydraulic Plate Bending Roll (500T),Forming & Rolling,43.21,none,0.0,353.5,1.0,Shift B (Evening),35.1,177.94
2026-09-09 15:00:00,Gas-Fired Post-Weld Heat Treatment Furnace,Annealing & Stress Relief,27.87,natural_gas,47.77,646.9,1.0,Shift B (Evening),631.8,1.13
2026-09-09 15:00:00,Automated Wheelabrator Blast Room,Surface Preparation,45.95,none,0.0,399.6,1.0,Shift B (Evening),31.8,6.17
2026-09-09 15:00:00,Industrial Rotary Screw Air Compressor,Compressed Air Utility,57.86,none,0.0,0.0,1.0,Shift B (Evening),39.5,6.82
2026-09-09 15:00:00,Dust Collector & Fume Extraction Blower,Ventilation & Environmental,33.82,none,0.0,0.0,1.0,Shift B (Evening),29.8,0.51
2026-09-09 16:00:00,Robotic GMAW Heavy Welding Gantry,Welding & Joining,37.83,none,0.0,278.7,1.0,Shift B (Evening),120.7,1.0
2026-09-09 16:00:00,CNC High-Definition Plasma & Laser Table,Cutting & Profiling,50.68,none,0.0,409.3,1.0,Shift B (Evening),45.5,8.13
2026-09-09 16:00:00,Hydraulic Plate Bending Roll (500T),Forming & Rolling,42.99,none,0.0,351.7,1.0,Shift B (Evening),35.0,178.06
2026-09-09 16:00:00,Gas-Fired Post-Weld Heat Treatment Furnace,Annealing & Stress Relief,28.07,natural_gas,48.12,651.6,1.0,Shift B (Evening),610.2,1.09
2026-09-09 16:00:00,Automated Wheelabrator Blast Room,Surface Preparation,46.4,none,0.0,403.5,1.0,Shift B (Evening),32.1,5.88
2026-09-09 16:00:00,Industrial Rotary Screw Air Compressor,Compressed Air Utility,56.41,none,0.0,0.0,1.0,Shift B (Evening),40.4,7.12
2026-09-09 16:00:00,Dust Collector & Fume Extraction Blower,Ventilation & Environmental,34.96,none,0.0,0.0,1.0,Shift B (Evening),30.1,0.49
2026-09-09 17:00:00,Robotic GMAW Heavy Welding Gantry,Welding & Joining,39.39,none,0.0,290.2,1.0,Shift B (Evening),122.3,1.01
2026-09-09 17:00:00,CNC High-Definition Plasma & Laser Table,Cutting & Profiling,53.2,none,0.0,429.7,1.0,Shift B (Evening),45.5,7.89
2026-09-09 17:00:00,Hydraulic Plate Bending Roll (500T),Forming & Rolling,45.52,none,0.0,372.5,1.0,Shift B (Evening),35.0,183.85
2026-09-09 17:00:00,Gas-Fired Post-Weld Heat Treatment Furnace,Annealing & Stress Relief,27.56,natural_gas,47.25,639.8,1.0,Shift B (Evening),611.2,1.09
2026-09-09 17:00:00,Automated Wheelabrator Blast Room,Surface Preparation,45.46,none,0.0,395.3,1.0,Shift B (Evening),32.3,5.98
2026-09-09 17:00:00,Industrial Rotary Screw Air Compressor,Compressed Air Utility,57.65,none,0.0,0.0,1.0,Shift B (Evening),39.8,6.97
2026-09-09 17:00:00,Dust Collector & Fume Extraction Blower,Ventilation & Environmental,34.71,none,0.0,0.0,1.0,Shift B (Evening),29.9,0.51
2026-09-09 18:00:00,Robotic GMAW Heavy Welding Gantry,Welding & Joining,37.55,none,0.0,276.7,1.0,Shift B (Evening),121.5,1.03
2026-09-09 18:00:00,CNC High-Definition Plasma & Laser Table,Cutting & Profiling,53.11,none,0.0,429.0,1.0,Shift B (Evening),44.1,8.1
2026-09-09 18:00:00,Hydraulic Plate Bending Roll (500T),Forming & Rolling,42.97,none,0.0,351.6,1.0,Shift B (Evening),35.3,177.78
2026-09-09 18:00:00,Gas-Fired Post-Weld Heat Treatment Furnace,Annealing & Stress Relief,27.72,natural_gas,47.51,643.4,1.0,Shift B (Evening),615.6,1.12
2026-09-09 18:00:00,Automated Wheelabrator Blast Room,Surface Preparation,45.36,none,0.0,394.4,1.0,Shift B (Evening),32.1,5.89
2026-09-09 18:00:00,Industrial Rotary Screw Air Compressor,Compressed Air Utility,56.68,none,0.0,0.0,1.0,Shift B (Evening),40.0,7.15
2026-09-09 18:00:00,Dust Collector & Fume Extraction Blower,Ventilation & Environmental,32.93,none,0.0,0.0,1.0,Shift B (Evening),29.7,0.49
2026-09-09 19:00:00,Robotic GMAW Heavy Welding Gantry,Welding & Joining,37.94,none,0.0,279.5,1.0,Shift B (Evening),121.1,1.0
2026-09-09 19:00:00,CNC High-Definition Plasma & Laser Table,Cutting & Profiling,53.96,none,0.0,435.8,1.0,Shift B (Evening),44.2,8.08
2026-09-09 19:00:00,Hydraulic Plate Bending Roll (500T),Forming & Rolling,44.66,none,0.0,365.4,1.0,Shift B (Evening),35.6,179.86
2026-09-09 19:00:00,Gas-Fired Post-Weld Heat Treatment Furnace,Annealing & Stress Relief,27.51,natural_gas,47.16,638.6,1.0,Shift B (Evening),622.6,1.09
2026-09-09 19:00:00,Automated Wheelabrator Blast Room,Surface Preparation,44.53,none,0.0,387.2,1.0,Shift B (Evening),32.2,5.92
2026-09-09 19:00:00,Industrial Rotary Screw Air Compressor,Compressed Air Utility,57.39,none,0.0,0.0,1.0,Shift B (Evening),40.7,6.84
2026-09-09 19:00:00,Dust Collector & Fume Extraction Blower,Ventilation & Environmental,33.01,none,0.0,0.0,1.0,Shift B (Evening),30.3,0.49
2026-09-09 20:00:00,Robotic GMAW Heavy Welding Gantry,Welding & Joining,38.84,none,0.0,286.2,1.0,Shift B (Evening),119.6,0.98
2026-09-09 20:00:00,CNC High-Definition Plasma & Laser Table,Cutting & Profiling,50.55,none,0.0,408.3,1.0,Shift B (Evening),44.6,7.86
2026-09-09 20:00:00,Hydraulic Plate Bending Roll (500T),Forming & Rolling,42.55,none,0.0,348.1,1.0,Shift B (Evening),34.6,180.79
2026-09-09 20:00:00,Gas-Fired Post-Weld Heat Treatment Furnace,Annealing & Stress Relief,28.59,natural_gas,49.01,663.7,1.0,Shift B (Evening),614.1,1.1
2026-09-09 20:00:00,Automated Wheelabrator Blast Room,Surface Preparation,45.23,none,0.0,393.3,1.0,Shift B (Evening),31.4,6.1
2026-09-09 20:00:00,Industrial Rotary Screw Air Compressor,Compressed Air Utility,56.0,none,0.0,0.0,1.0,Shift B (Evening),40.5,7.09
2026-09-09 20:00:00,Dust Collector & Fume Extraction Blower,Ventilation & Environmental,33.49,none,0.0,0.0,1.0,Shift B (Evening),30.4,0.51
2026-09-09 21:00:00,Robotic GMAW Heavy Welding Gantry,Welding & Joining,37.84,none,0.0,278.8,1.0,Shift B (Evening),121.8,0.98
2026-09-09 21:00:00,CNC High-Definition Plasma & Laser Table,Cutting & Profiling,51.87,none,0.0,418.9,1.0,Shift B (Evening),44.9,7.92
2026-09-09 21:00:00,Hydraulic Plate Bending Roll (500T),Forming & Rolling,44.63,none,0.0,365.1,1.0,Shift B (Evening),35.3,177.36
2026-09-09 21:00:00,Gas-Fired Post-Weld Heat Treatment Furnace,Annealing & Stress Relief,28.55,natural_gas,48.95,662.9,1.0,Shift B (Evening),608.2,1.07
2026-09-09 21:00:00,Automated Wheelabrator Blast Room,Surface Preparation,45.67,none,0.0,397.1,1.0,Shift B (Evening),31.9,6.0
2026-09-09 21:00:00,Industrial Rotary Screw Air Compressor,Compressed Air Utility,55.9,none,0.0,0.0,1.0,Shift B (Evening),40.0,7.17
2026-09-09 21:00:00,Dust Collector & Fume Extraction Blower,Ventilation & Environmental,34.03,none,0.0,0.0,1.0,Shift B (Evening),29.4,0.5
2026-09-09 22:00:00,Robotic GMAW Heavy Welding Gantry,Welding & Joining,36.58,none,0.0,269.5,1.0,Shift C (Night),120.0,1.02
2026-09-09 22:00:00,CNC High-Definition Plasma & Laser Table,Cutting & Profiling,53.21,none,0.0,429.7,1.0,Shift C (Night),45.0,8.04
2026-09-09 22:00:00,Hydraulic Plate Bending Roll (500T),Forming & Rolling,44.47,none,0.0,363.9,1.0,Shift C (Night),35.3,180.71
2026-09-09 22:00:00,Gas-Fired Post-Weld Heat Treatment Furnace,Annealing & Stress Relief,29.06,natural_gas,49.82,674.7,1.0,Shift C (Night),627.0,1.1
2026-09-09 22:00:00,Automated Wheelabrator Blast Room,Surface Preparation,47.1,none,0.0,409.6,1.0,Shift C (Night),32.4,5.85
2026-09-09 22:00:00,Industrial Rotary Screw Air Compressor,Compressed Air Utility,59.96,none,0.0,0.0,1.0,Shift C (Night),40.2,7.21
2026-09-09 22:00:00,Dust Collector & Fume Extraction Blower,Ventilation & Environmental,34.69,none,0.0,0.0,1.0,Shift C (Night),30.3,0.5
2026-09-09 23:00:00,Robotic GMAW Heavy Welding Gantry,Welding & Joining,37.32,none,0.0,275.0,1.0,Shift C (Night),119.8,1.02
2026-09-09 23:00:00,CNC High-Definition Plasma & Laser Table,Cutting & Profiling,1.63,none,0.0,0.0,0.0,Shift C (Night),30.6,0.0
2026-09-09 23:00:00,Hydraulic Plate Bending Roll (500T),Forming & Rolling,0.7,none,0.0,0.0,0.0,Shift C (Night),30.6,0.0
2026-09-09 23:00:00,Gas-Fired Post-Weld Heat Treatment Furnace,Annealing & Stress Relief,27.64,natural_gas,47.38,641.7,1.0,Shift C (Night),620.7,1.11
2026-09-09 23:00:00,Automated Wheelabrator Blast Room,Surface Preparation,1.75,none,0.0,0.0,0.0,Shift C (Night),29.7,0.0
2026-09-09 23:00:00,Industrial Rotary Screw Air Compressor,Compressed Air Utility,22.09,none,0.0,0.0,0.0,Shift C (Night),32.0,5.95
2026-09-09 23:00:00,Dust Collector & Fume Extraction Blower,Ventilation & Environmental,34.2,none,0.0,0.0,1.0,Shift C (Night),29.4,0.51
2026-09-10 00:00:00,Robotic GMAW Heavy Welding Gantry,Welding & Joining,0.63,none,0.0,0.0,0.0,Shift C (Night),28.9,0.0
2026-09-10 00:00:00,CNC High-Definition Plasma & Laser Table,Cutting & Profiling,1.2,none,0.0,0.0,0.0,Shift C (Night),29.0,0.0
2026-09-10 00:00:00,Hydraulic Plate Bending Roll (500T),Forming & Rolling,0.91,none,0.0,0.0,0.0,Shift C (Night),30.7,0.0
2026-09-10 00:00:00,Gas-Fired Post-Weld Heat Treatment Furnace,Annealing & Stress Relief,1.06,natural_gas,0.0,0.0,0.0,Shift C (Night),29.8,0.0
2026-09-10 00:00:00,Automated Wheelabrator Blast Room,Surface Preparation,1.53,none,0.0,0.0,0.0,Shift C (Night),31.1,0.0
2026-09-10 00:00:00,Industrial Rotary Screw Air Compressor,Compressed Air Utility,24.3,none,0.0,0.0,0.0,Shift C (Night),32.0,5.95
2026-09-10 00:00:00,Dust Collector & Fume Extraction Blower,Ventilation & Environmental,33.6,none,0.0,0.0,1.0,Shift C (Night),30.5,0.51
2026-09-10 01:00:00,Robotic GMAW Heavy Welding Gantry,Welding & Joining,0.81,none,0.0,0.0,0.0,Shift C (Night),31.1,0.0
2026-09-10 01:00:00,CNC High-Definition Plasma & Laser Table,Cutting & Profiling,0.89,none,0.0,0.0,0.0,Shift C (Night),28.7,0.0
2026-09-10 01:00:00,Hydraulic Plate Bending Roll (500T),Forming & Rolling,0.64,none,0.0,0.0,0.0,Shift C (Night),30.4,0.0
2026-09-10 01:00:00,Gas-Fired Post-Weld Heat Treatment Furnace,Annealing & Stress Relief,1.78,natural_gas,0.0,0.0,0.0,Shift C (Night),31.1,0.0
2026-09-10 01:00:00,Automated Wheelabrator Blast Room,Surface Preparation,1.36,none,0.0,0.0,0.0,Shift C (Night),31.8,0.0
2026-09-10 01:00:00,Industrial Rotary Screw Air Compressor,Compressed Air Utility,23.31,none,0.0,0.0,0.0,Shift C (Night),32.0,5.95
2026-09-10 01:00:00,Dust Collector & Fume Extraction Blower,Ventilation & Environmental,33.5,none,0.0,0.0,1.0,Shift C (Night),29.7,0.49
2026-09-10 02:00:00,Robotic GMAW Heavy Welding Gantry,Welding & Joining,1.02,none,0.0,0.0,0.0,Shift C (Night),29.7,0.0
2026-09-10 02:00:00,CNC High-Definition Plasma & Laser Table,Cutting & Profiling,0.98,none,0.0,0.0,0.0,Shift C (Night),31.7,0.0
2026-09-10 02:00:00,Hydraulic Plate Bending Roll (500T),Forming & Rolling,0.9,none,0.0,0.0,0.0,Shift C (Night),29.4,0.0
2026-09-10 02:00:00,Gas-Fired Post-Weld Heat Treatment Furnace,Annealing & Stress Relief,0.79,natural_gas,0.0,0.0,0.0,Shift C (Night),31.6,0.0
2026-09-10 02:00:00,Automated Wheelabrator Blast Room,Surface Preparation,1.22,none,0.0,0.0,0.0,Shift C (Night),31.3,0.0
2026-09-10 02:00:00,Industrial Rotary Screw Air Compressor,Compressed Air Utility,23.5,none,0.0,0.0,0.0,Shift C (Night),32.0,5.95
2026-09-10 02:00:00,Dust Collector & Fume Extraction Blower,Ventilation & Environmental,33.85,none,0.0,0.0,1.0,Shift C (Night),30.3,0.51
2026-09-10 03:00:00,Robotic GMAW Heavy Welding Gantry,Welding & Joining,1.13,none,0.0,0.0,0.0,Shift C (Night),29.8,0.0
2026-09-10 03:00:00,CNC High-Definition Plasma & Laser Table,Cutting & Profiling,1.16,none,0.0,0.0,0.0,Shift C (Night),28.8,0.0
2026-09-10 03:00:00,Hydraulic Plate Bending Roll (500T),Forming & Rolling,1.13,none,0.0,0.0,0.0,Shift C (Night),31.3,0.0
2026-09-10 03:00:00,Gas-Fired Post-Weld Heat Treatment Furnace,Annealing & Stress Relief,0.73,natural_gas,0.0,0.0,0.0,Shift C (Night),28.7,0.0
2026-09-10 03:00:00,Automated Wheelabrator Blast Room,Surface Preparation,1.88,none,0.0,0.0,0.0,Shift C (Night),30.9,0.0
2026-09-10 03:00:00,Industrial Rotary Screw Air Compressor,Compressed Air Utility,22.49,none,0.0,0.0,0.0,Shift C (Night),32.0,5.95
2026-09-10 03:00:00,Dust Collector & Fume Extraction Blower,Ventilation & Environmental,34.7,none,0.0,0.0,1.0,Shift C (Night),29.5,0.5
2026-09-10 04:00:00,Robotic GMAW Heavy Welding Gantry,Welding & Joining,1.45,none,0.0,0.0,0.0,Shift C (Night),31.0,0.0
2026-09-10 04:00:00,CNC High-Definition Plasma & Laser Table,Cutting & Profiling,1.04,none,0.0,0.0,0.0,Shift C (Night),28.8,0.0
2026-09-10 04:00:00,Hydraulic Plate Bending Roll (500T),Forming & Rolling,1.98,none,0.0,0.0,0.0,Shift C (Night),31.2,0.0
2026-09-10 04:00:00,Gas-Fired Post-Weld Heat Treatment Furnace,Annealing & Stress Relief,1.1,natural_gas,0.0,0.0,0.0,Shift C (Night),29.0,0.0
2026-09-10 04:00:00,Automated Wheelabrator Blast Room,Surface Preparation,0.76,none,0.0,0.0,0.0,Shift C (Night),29.8,0.0
2026-09-10 04:00:00,Industrial Rotary Screw Air Compressor,Compressed Air Utility,22.03,none,0.0,0.0,0.0,Shift C (Night),32.0,5.95
2026-09-10 04:00:00,Dust Collector & Fume Extraction Blower,Ventilation & Environmental,34.83,none,0.0,0.0,1.0,Shift C (Night),29.9,0.51
2026-09-10 05:00:00,Robotic GMAW Heavy Welding Gantry,Welding & Joining,1.1,none,0.0,0.0,0.0,Shift C (Night),31.8,0.0
2026-09-10 05:00:00,CNC High-Definition Plasma & Laser Table,Cutting & Profiling,1.77,none,0.0,0.0,0.0,Shift C (Night),29.7,0.0
2026-09-10 05:00:00,Hydraulic Plate Bending Roll (500T),Forming & Rolling,1.79,none,0.0,0.0,0.0,Shift C (Night),29.2,0.0
2026-09-10 05:00:00,Gas-Fired Post-Weld Heat Treatment Furnace,Annealing & Stress Relief,2.0,natural_gas,0.0,0.0,0.0,Shift C (Night),28.3,0.0
2026-09-10 05:00:00,Automated Wheelabrator Blast Room,Surface Preparation,1.5,none,0.0,0.0,0.0,Shift C (Night),29.6,0.0
2026-09-10 05:00:00,Industrial Rotary Screw Air Compressor,Compressed Air Utility,23.89,none,0.0,0.0,0.0,Shift C (Night),32.0,5.95
2026-09-10 05:00:00,Dust Collector & Fume Extraction Blower,Ventilation & Environmental,35.23,none,0.0,0.0,1.0,Shift C (Night),29.7,0.5
2026-09-10 06:00:00,Robotic GMAW Heavy Welding Gantry,Welding & Joining,37.46,none,0.0,276.0,1.0,Shift A (Morning),118.3,0.98
2026-09-10 06:00:00,CNC High-Definition Plasma & Laser Table,Cutting & Profiling,52.27,none,0.0,422.2,1.0,Shift A (Morning),44.3,7.83
2026-09-10 06:00:00,Hydraulic Plate Bending Roll (500T),Forming & Rolling,44.69,none,0.0,365.6,1.0,Shift A (Morning),35.4,175.26
2026-09-10 06:00:00,Gas-Fired Post-Weld Heat Treatment Furnace,Annealing & Stress Relief,28.68,natural_gas,49.16,665.7,1.0,Shift A (Morning),629.1,1.11
2026-09-10 06:00:00,Automated Wheelabrator Blast Room,Surface Preparation,45.53,none,0.0,395.9,1.0,Shift A (Morning),31.9,5.88
2026-09-10 06:00:00,Industrial Rotary Screw Air Compressor,Compressed Air Utility,56.48,none,0.0,0.0,1.0,Shift A (Morning),40.7,7.2
2026-09-10 06:00:00,Dust Collector & Fume Extraction Blower,Ventilation & Environmental,34.66,none,0.0,0.0,1.0,Shift A (Morning),30.4,0.49
2026-09-10 07:00:00,Robotic GMAW Heavy Welding Gantry,Welding & Joining,39.15,none,0.0,288.5,1.0,Shift A (Morning),118.1,0.98
2026-09-10 07:00:00,CNC High-Definition Plasma & Laser Table,Cutting & Profiling,51.99,none,0.0,419.9,1.0,Shift A (Morning),44.7,8.06
2026-09-10 07:00:00,Hydraulic Plate Bending Roll (500T),Forming & Rolling,45.44,none,0.0,371.8,1.0,Shift A (Morning),34.7,178.07
2026-09-10 07:00:00,Gas-Fired Post-Weld Heat Treatment Furnace,Annealing & Stress Relief,28.63,natural_gas,49.09,664.7,1.0,Shift A (Morning),615.8,1.13
2026-09-10 07:00:00,Automated Wheelabrator Blast Room,Surface Preparation,44.29,none,0.0,385.1,1.0,Shift A (Morning),32.5,6.15
2026-09-10 07:00:00,Industrial Rotary Screw Air Compressor,Compressed Air Utility,55.9,none,0.0,0.0,1.0,Shift A (Morning),39.8,7.04
2026-09-10 07:00:00,Dust Collector & Fume Extraction Blower,Ventilation & Environmental,34.07,none,0.0,0.0,1.0,Shift A (Morning),29.6,0.49
2026-09-10 08:00:00,Robotic GMAW Heavy Welding Gantry,Welding & Joining,39.21,none,0.0,288.9,1.0,Shift A (Morning),118.0,1.03
2026-09-10 08:00:00,CNC High-Definition Plasma & Laser Table,Cutting & Profiling,50.39,none,0.0,407.0,1.0,Shift A (Morning),45.0,8.23
2026-09-10 08:00:00,Hydraulic Plate Bending Roll (500T),Forming & Rolling,45.25,none,0.0,370.3,1.0,Shift A (Morning),35.1,176.05
2026-09-10 08:00:00,Gas-Fired Post-Weld Heat Treatment Furnace,Annealing & Stress Relief,28.23,natural_gas,48.4,655.4,1.0,Shift A (Morning),623.4,1.09
2026-09-10 08:00:00,Automated Wheelabrator Blast Room,Surface Preparation,45.89,none,0.0,399.0,1.0,Shift A (Morning),32.5,5.87
2026-09-10 08:00:00,Industrial Rotary Screw Air Compressor,Compressed Air Utility,58.73,none,0.0,0.0,1.0,Shift A (Morning),39.8,7.05
2026-09-10 08:00:00,Dust Collector & Fume Extraction Blower,Ventilation & Environmental,34.59,none,0.0,0.0,1.0,Shift A (Morning),30.0,0.51
2026-09-10 09:00:00,Robotic GMAW Heavy Welding Gantry,Welding & Joining,39.07,none,0.0,287.9,1.0,Shift A (Morning),118.5,0.98
2026-09-10 09:00:00,CNC High-Definition Plasma & Laser Table,Cutting & Profiling,50.46,none,0.0,407.6,1.0,Shift A (Morning),45.8,7.87
2026-09-10 09:00:00,Hydraulic Plate Bending Roll (500T),Forming & Rolling,42.53,none,0.0,348.0,1.0,Shift A (Morning),34.4,178.96
2026-09-10 09:00:00,Gas-Fired Post-Weld Heat Treatment Furnace,Annealing & Stress Relief,28.87,natural_gas,49.49,670.1,1.0,Shift A (Morning),610.2,1.08
2026-09-10 09:00:00,Automated Wheelabrator Blast Room,Surface Preparation,44.84,none,0.0,389.9,1.0,Shift A (Morning),32.2,5.94
2026-09-10 09:00:00,Industrial Rotary Screw Air Compressor,Compressed Air Utility,60.2,none,0.0,0.0,1.0,Shift A (Morning),40.3,7.01
2026-09-10 09:00:00,Dust Collector & Fume Extraction Blower,Ventilation & Environmental,34.21,none,0.0,0.0,1.0,Shift A (Morning),30.5,0.51
2026-09-10 10:00:00,Robotic GMAW Heavy Welding Gantry,Welding & Joining,36.88,none,0.0,271.8,1.0,Shift A (Morning),119.6,1.01
2026-09-10 10:00:00,CNC High-Definition Plasma & Laser Table,Cutting & Profiling,52.33,none,0.0,422.7,1.0,Shift A (Morning),45.8,7.78
2026-09-10 10:00:00,Hydraulic Plate Bending Roll (500T),Forming & Rolling,45.43,none,0.0,371.7,1.0,Shift A (Morning),34.8,175.12
2026-09-10 10:00:00,Gas-Fired Post-Weld Heat Treatment Furnace,Annealing & Stress Relief,27.32,natural_gas,46.84,634.3,1.0,Shift A (Morning),612.1,1.08
2026-09-10 10:00:00,Automated Wheelabrator Blast Room,Surface Preparation,44.29,none,0.0,385.1,1.0,Shift A (Morning),32.4,5.88
2026-09-10 10:00:00,Industrial Rotary Screw Air Compressor,Compressed Air Utility,57.18,none,0.0,0.0,1.0,Shift A (Morning),40.1,6.99
2026-09-10 10:00:00,Dust Collector & Fume Extraction Blower,Ventilation & Environmental,33.58,none,0.0,0.0,1.0,Shift A (Morning),30.2,0.51
2026-09-10 11:00:00,Robotic GMAW Heavy Welding Gantry,Welding & Joining,38.23,none,0.0,281.7,1.0,Shift A (Morning),119.8,0.98
2026-09-10 11:00:00,CNC High-Definition Plasma & Laser Table,Cutting & Profiling,52.5,none,0.0,424.1,1.0,Shift A (Morning),45.1,7.82
2026-09-10 11:00:00,Hydraulic Plate Bending Roll (500T),Forming & Rolling,43.22,none,0.0,353.6,1.0,Shift A (Morning),35.4,184.58
2026-09-10 11:00:00,Gas-Fired Post-Weld Heat Treatment Furnace,Annealing & Stress Relief,27.64,natural_gas,47.38,641.5,1.0,Shift A (Morning),629.7,1.08
2026-09-10 11:00:00,Automated Wheelabrator Blast Room,Surface Preparation,47.13,none,0.0,409.8,1.0,Shift A (Morning),32.0,6.02
2026-09-10 11:00:00,Industrial Rotary Screw Air Compressor,Compressed Air Utility,58.76,none,0.0,0.0,1.0,Shift A (Morning),40.3,6.93
2026-09-10 11:00:00,Dust Collector & Fume Extraction Blower,Ventilation & Environmental,34.05,none,0.0,0.0,1.0,Shift A (Morning),29.5,0.5
2026-09-10 12:00:00,Robotic GMAW Heavy Welding Gantry,Welding & Joining,38.43,none,0.0,283.2,1.0,Shift A (Morning),122.2,0.98
2026-09-10 12:00:00,CNC High-Definition Plasma & Laser Table,Cutting & Profiling,50.86,none,0.0,410.8,1.0,Shift A (Morning),44.9,7.81
2026-09-10 12:00:00,Hydraulic Plate Bending Roll (500T),Forming & Rolling,44.18,none,0.0,361.5,1.0,Shift A (Morning),34.7,184.03
2026-09-10 12:00:00,Gas-Fired Post-Weld Heat Treatment Furnace,Annealing & Stress Relief,27.57,natural_gas,47.26,640.0,1.0,Shift A (Morning),618.4,1.13
2026-09-10 12:00:00,Automated Wheelabrator Blast Room,Surface Preparation,44.47,none,0.0,386.7,1.0,Shift A (Morning),32.5,6.0
2026-09-10 12:00:00,Industrial Rotary Screw Air Compressor,Compressed Air Utility,57.52,none,0.0,0.0,1.0,Shift A (Morning),40.7,7.21
2026-09-10 12:00:00,Dust Collector & Fume Extraction Blower,Ventilation & Environmental,33.17,none,0.0,0.0,1.0,Shift A (Morning),30.4,0.49
2026-09-10 13:00:00,Robotic GMAW Heavy Welding Gantry,Welding & Joining,36.53,none,0.0,269.2,1.0,Shift A (Morning),121.1,0.99
2026-09-10 13:00:00,CNC High-Definition Plasma & Laser Table,Cutting & Profiling,52.42,none,0.0,423.4,1.0,Shift A (Morning),44.4,8.17
2026-09-10 13:00:00,Hydraulic Plate Bending Roll (500T),Forming & Rolling,44.09,none,0.0,360.7,1.0,Shift A (Morning),35.4,178.52
2026-09-10 13:00:00,Gas-Fired Post-Weld Heat Treatment Furnace,Annealing & Stress Relief,27.4,natural_gas,46.96,636.0,1.0,Shift A (Morning),631.1,1.1
2026-09-10 13:00:00,Automated Wheelabrator Blast Room,Surface Preparation,45.54,none,0.0,396.0,1.0,Shift A (Morning),31.5,5.88
2026-09-10 13:00:00,Industrial Rotary Screw Air Compressor,Compressed Air Utility,58.62,none,0.0,0.0,1.0,Shift A (Morning),40.2,7.14
2026-09-10 13:00:00,Dust Collector & Fume Extraction Blower,Ventilation & Environmental,34.68,none,0.0,0.0,1.0,Shift A (Morning),29.6,0.51
2026-09-10 14:00:00,Robotic GMAW Heavy Welding Gantry,Welding & Joining,38.33,none,0.0,282.5,1.0,Shift B (Evening),121.7,0.99
2026-09-10 14:00:00,CNC High-Definition Plasma & Laser Table,Cutting & Profiling,53.91,none,0.0,435.4,1.0,Shift B (Evening),45.8,7.9
2026-09-10 14:00:00,Hydraulic Plate Bending Roll (500T),Forming & Rolling,45.41,none,0.0,371.5,1.0,Shift B (Evening),35.7,184.25
2026-09-10 14:00:00,Gas-Fired Post-Weld Heat Treatment Furnace,Annealing & Stress Relief,27.93,natural_gas,47.88,648.3,1.0,Shift B (Evening),611.0,1.13
2026-09-10 14:00:00,Automated Wheelabrator Blast Room,Surface Preparation,44.16,none,0.0,384.0,1.0,Shift B (Evening),31.7,6.02
2026-09-10 14:00:00,Industrial Rotary Screw Air Compressor,Compressed Air Utility,57.13,none,0.0,0.0,1.0,Shift B (Evening),40.7,7.05
2026-09-10 14:00:00,Dust Collector & Fume Extraction Blower,Ventilation & Environmental,35.25,none,0.0,0.0,1.0,Shift B (Evening),29.5,0.5
2026-09-10 15:00:00,Robotic GMAW Heavy Welding Gantry,Welding & Joining,36.92,none,0.0,272.0,1.0,Shift B (Evening),121.5,1.02
2026-09-10 15:00:00,CNC High-Definition Plasma & Laser Table,Cutting & Profiling,53.28,none,0.0,430.3,1.0,Shift B (Evening),45.8,7.88
2026-09-10 15:00:00,Hydraulic Plate Bending Roll (500T),Forming & Rolling,45.01,none,0.0,368.2,1.0,Shift B (Evening),35.2,178.82
2026-09-10 15:00:00,Gas-Fired Post-Weld Heat Treatment Furnace,Annealing & Stress Relief,27.31,natural_gas,46.82,634.1,1.0,Shift B (Evening),628.3,1.07
2026-09-10 15:00:00,Automated Wheelabrator Blast Room,Surface Preparation,47.71,none,0.0,414.8,1.0,Shift B (Evening),31.7,6.14
2026-09-10 15:00:00,Industrial Rotary Screw Air Compressor,Compressed Air Utility,56.25,none,0.0,0.0,1.0,Shift B (Evening),40.4,7.19
2026-09-10 15:00:00,Dust Collector & Fume Extraction Blower,Ventilation & Environmental,33.05,none,0.0,0.0,1.0,Shift B (Evening),29.9,0.51
2026-09-10 16:00:00,Robotic GMAW Heavy Welding Gantry,Welding & Joining,38.79,none,0.0,285.8,1.0,Shift B (Evening),117.7,0.98
2026-09-10 16:00:00,CNC High-Definition Plasma & Laser Table,Cutting & Profiling,51.21,none,0.0,413.7,1.0,Shift B (Evening),44.3,8.06
2026-09-10 16:00:00,Hydraulic Plate Bending Roll (500T),Forming & Rolling,43.9,none,0.0,359.2,1.0,Shift B (Evening),35.2,177.83
2026-09-10 16:00:00,Gas-Fired Post-Weld Heat Treatment Furnace,Annealing & Stress Relief,27.16,natural_gas,46.56,630.5,1.0,Shift B (Evening),626.0,1.1
2026-09-10 16:00:00,Automated Wheelabrator Blast Room,Surface Preparation,44.42,none,0.0,386.3,1.0,Shift B (Evening),32.6,6.15
2026-09-10 16:00:00,Industrial Rotary Screw Air Compressor,Compressed Air Utility,57.26,none,0.0,0.0,1.0,Shift B (Evening),39.6,7.2
2026-09-10 16:00:00,Dust Collector & Fume Extraction Blower,Ventilation & Environmental,33.68,none,0.0,0.0,1.0,Shift B (Evening),30.5,0.49
2026-09-10 17:00:00,Robotic GMAW Heavy Welding Gantry,Welding & Joining,37.9,none,0.0,279.3,1.0,Shift B (Evening),120.4,1.02
2026-09-10 17:00:00,CNC High-Definition Plasma & Laser Table,Cutting & Profiling,52.8,none,0.0,426.4,1.0,Shift B (Evening),45.5,8.12
2026-09-10 17:00:00,Hydraulic Plate Bending Roll (500T),Forming & Rolling,43.03,none,0.0,352.1,1.0,Shift B (Evening),34.4,185.37
2026-09-10 17:00:00,Gas-Fired Post-Weld Heat Treatment Furnace,Annealing & Stress Relief,28.23,natural_gas,48.4,655.4,1.0,Shift B (Evening),622.5,1.09
2026-09-10 17:00:00,Automated Wheelabrator Blast Room,Surface Preparation,47.36,none,0.0,411.8,1.0,Shift B (Evening),32.2,6.12
2026-09-10 17:00:00,Industrial Rotary Screw Air Compressor,Compressed Air Utility,60.15,none,0.0,0.0,1.0,Shift B (Evening),39.9,7.06
2026-09-10 17:00:00,Dust Collector & Fume Extraction Blower,Ventilation & Environmental,34.99,none,0.0,0.0,1.0,Shift B (Evening),29.7,0.51
2026-09-10 18:00:00,Robotic GMAW Heavy Welding Gantry,Welding & Joining,37.32,none,0.0,275.0,1.0,Shift B (Evening),118.8,1.0
2026-09-10 18:00:00,CNC High-Definition Plasma & Laser Table,Cutting & Profiling,51.67,none,0.0,417.3,1.0,Shift B (Evening),45.6,8.23
2026-09-10 18:00:00,Hydraulic Plate Bending Roll (500T),Forming & Rolling,42.53,none,0.0,348.0,1.0,Shift B (Evening),34.4,183.3
2026-09-10 18:00:00,Gas-Fired Post-Weld Heat Treatment Furnace,Annealing & Stress Relief,27.42,natural_gas,47.01,636.6,1.0,Shift B (Evening),619.9,1.11
2026-09-10 18:00:00,Automated Wheelabrator Blast Room,Surface Preparation,46.61,none,0.0,405.3,1.0,Shift B (Evening),31.5,6.1
2026-09-10 18:00:00,Industrial Rotary Screw Air Compressor,Compressed Air Utility,58.97,none,0.0,0.0,1.0,Shift B (Evening),40.1,7.14
2026-09-10 18:00:00,Dust Collector & Fume Extraction Blower,Ventilation & Environmental,33.66,none,0.0,0.0,1.0,Shift B (Evening),30.0,0.51
2026-09-10 19:00:00,Robotic GMAW Heavy Welding Gantry,Welding & Joining,37.64,none,0.0,277.4,1.0,Shift B (Evening),120.5,1.01
2026-09-10 19:00:00,CNC High-Definition Plasma & Laser Table,Cutting & Profiling,53.22,none,0.0,429.9,1.0,Shift B (Evening),45.8,8.04
2026-09-10 19:00:00,Hydraulic Plate Bending Roll (500T),Forming & Rolling,42.65,none,0.0,349.0,1.0,Shift B (Evening),35.4,178.5
2026-09-10 19:00:00,Gas-Fired Post-Weld Heat Treatment Furnace,Annealing & Stress Relief,28.39,natural_gas,48.66,659.0,1.0,Shift B (Evening),630.0,1.09
2026-09-10 19:00:00,Automated Wheelabrator Blast Room,Surface Preparation,45.61,none,0.0,396.6,1.0,Shift B (Evening),32.3,5.95
2026-09-10 19:00:00,Industrial Rotary Screw Air Compressor,Compressed Air Utility,59.34,none,0.0,0.0,1.0,Shift B (Evening),40.6,7.03
2026-09-10 19:00:00,Dust Collector & Fume Extraction Blower,Ventilation & Environmental,34.06,none,0.0,0.0,1.0,Shift B (Evening),30.5,0.51
2026-09-10 20:00:00,Robotic GMAW Heavy Welding Gantry,Welding & Joining,38.39,none,0.0,282.9,1.0,Shift B (Evening),121.3,1.01
2026-09-10 20:00:00,CNC High-Definition Plasma & Laser Table,Cutting & Profiling,50.03,none,0.0,404.1,1.0,Shift B (Evening),45.1,7.77
2026-09-10 20:00:00,Hydraulic Plate Bending Roll (500T),Forming & Rolling,45.57,none,0.0,372.8,1.0,Shift B (Evening),34.4,184.54
2026-09-10 20:00:00,Gas-Fired Post-Weld Heat Treatment Furnace,Annealing & Stress Relief,28.68,natural_gas,49.16,665.7,1.0,Shift B (Evening),625.7,1.12
2026-09-10 20:00:00,Automated Wheelabrator Blast Room,Surface Preparation,45.09,none,0.0,392.1,1.0,Shift B (Evening),32.4,5.94
2026-09-10 20:00:00,Industrial Rotary Screw Air Compressor,Compressed Air Utility,60.2,none,0.0,0.0,1.0,Shift B (Evening),39.6,6.98
2026-09-10 20:00:00,Dust Collector & Fume Extraction Blower,Ventilation & Environmental,32.77,none,0.0,0.0,1.0,Shift B (Evening),29.9,0.51
2026-09-10 21:00:00,Robotic GMAW Heavy Welding Gantry,Welding & Joining,37.28,none,0.0,274.7,1.0,Shift B (Evening),121.4,0.98
2026-09-10 21:00:00,CNC High-Definition Plasma & Laser Table,Cutting & Profiling,53.13,none,0.0,429.1,1.0,Shift B (Evening),45.1,7.91
2026-09-10 21:00:00,Hydraulic Plate Bending Roll (500T),Forming & Rolling,43.65,none,0.0,357.2,1.0,Shift B (Evening),34.8,183.41
2026-09-10 21:00:00,Gas-Fired Post-Weld Heat Treatment Furnace,Annealing & Stress Relief,28.77,natural_gas,49.32,667.9,1.0,Shift B (Evening),628.8,1.09
2026-09-10 21:00:00,Automated Wheelabrator Blast Room,Surface Preparation,46.43,none,0.0,403.7,1.0,Shift B (Evening),32.3,6.12
2026-09-10 21:00:00,Industrial Rotary Screw Air Compressor,Compressed Air Utility,56.74,none,0.0,0.0,1.0,Shift B (Evening),40.5,6.83
2026-09-10 21:00:00,Dust Collector & Fume Extraction Blower,Ventilation & Environmental,34.6,none,0.0,0.0,1.0,Shift B (Evening),30.2,0.49
2026-09-10 22:00:00,Robotic GMAW Heavy Welding Gantry,Welding & Joining,37.99,none,0.0,279.9,1.0,Shift C (Night),118.5,0.99
2026-09-10 22:00:00,CNC High-Definition Plasma & Laser Table,Cutting & Profiling,51.02,none,0.0,412.1,1.0,Shift C (Night),45.4,7.93
2026-09-10 22:00:00,Hydraulic Plate Bending Roll (500T),Forming & Rolling,45.08,none,0.0,368.8,1.0,Shift C (Night),35.6,182.75
2026-09-10 22:00:00,Gas-Fired Post-Weld Heat Treatment Furnace,Annealing & Stress Relief,29.03,natural_gas,49.76,673.9,1.0,Shift C (Night),615.6,1.07
2026-09-10 22:00:00,Automated Wheelabrator Blast Room,Surface Preparation,46.3,none,0.0,402.6,1.0,Shift C (Night),32.5,6.07
2026-09-10 22:00:00,Industrial Rotary Screw Air Compressor,Compressed Air Utility,58.28,none,0.0,0.0,1.0,Shift C (Night),40.4,7.02
2026-09-10 22:00:00,Dust Collector & Fume Extraction Blower,Ventilation & Environmental,33.72,none,0.0,0.0,1.0,Shift C (Night),30.2,0.49
2026-09-10 23:00:00,Robotic GMAW Heavy Welding Gantry,Welding & Joining,36.76,none,0.0,270.8,1.0,Shift C (Night),120.5,1.02
2026-09-10 23:00:00,CNC High-Definition Plasma & Laser Table,Cutting & Profiling,1.17,none,0.0,0.0,0.0,Shift C (Night),29.1,0.0
2026-09-10 23:00:00,Hydraulic Plate Bending Roll (500T),Forming & Rolling,1.6,none,0.0,0.0,0.0,Shift C (Night),30.1,0.0
2026-09-10 23:00:00,Gas-Fired Post-Weld Heat Treatment Furnace,Annealing & Stress Relief,27.77,natural_gas,47.6,644.6,1.0,Shift C (Night),630.4,1.07
2026-09-10 23:00:00,Automated Wheelabrator Blast Room,Surface Preparation,1.94,none,0.0,0.0,0.0,Shift C (Night),31.3,0.0
2026-09-10 23:00:00,Industrial Rotary Screw Air Compressor,Compressed Air Utility,25.55,none,0.0,0.0,0.0,Shift C (Night),32.0,5.95
2026-09-10 23:00:00,Dust Collector & Fume Extraction Blower,Ventilation & Environmental,33.44,none,0.0,0.0,1.0,Shift C (Night),30.1,0.49
