timestamp,equipment,process,electricity_kwh,fuel_type,fuel_quantity,production_volume,operating_hours,shift,temperature,pressure
2026-08-28 00:00:00,HPDC Die Casting Cell #01 (800T),High Pressure Die Casting,1.5,none,0.0,0.0,0.0,Shift C (Night),28.1,0.0
2026-08-28 00:00:00,Aluminum Induction Melting Furnace,Melting & Holding,181.67,none,0.0,608.8,1.0,Shift C (Night),712.0,1.01
2026-08-28 00:00:00,Continuous Shot Blasting Machine,Surface Finishing & Cleaning,1.55,none,0.0,0.0,0.0,Shift C (Night),31.6,0.0
2026-08-28 00:00:00,CNC 5-Axis Machining Center,Machining & Milling,0.72,none,0.0,0.0,0.0,Shift C (Night),29.7,0.0
2026-08-28 00:00:00,Solution & Aging Heat Treatment Furnace,Heat Treatment & Quenching,0.64,natural_gas,0.0,0.0,0.0,Shift C (Night),28.9,0.0
2026-08-28 00:00:00,Screw Air Compressor (100 HP),Compressed Air Utility,26.77,none,0.0,0.0,0.0,Shift C (Night),33.6,6.38
2026-08-28 00:00:00,Die Cooling Water Circulation System,Cooling Utility,34.64,none,0.0,0.0,1.0,Shift C (Night),25.7,4.04
2026-08-28 01:00:00,HPDC Die Casting Cell #01 (800T),High Pressure Die Casting,1.36,none,0.0,0.0,0.0,Shift C (Night),28.9,0.0
2026-08-28 01:00:00,Aluminum Induction Melting Furnace,Melting & Holding,186.32,none,0.0,624.4,1.0,Shift C (Night),728.9,0.97
2026-08-28 01:00:00,Continuous Shot Blasting Machine,Surface Finishing & Cleaning,1.73,none,0.0,0.0,0.0,Shift C (Night),30.8,0.0
2026-08-28 01:00:00,CNC 5-Axis Machining Center,Machining & Milling,1.08,none,0.0,0.0,0.0,Shift C (Night),28.6,0.0
2026-08-28 01:00:00,Solution & Aging Heat Treatment Furnace,Heat Treatment & Quenching,1.94,natural_gas,0.0,0.0,0.0,Shift C (Night),29.3,0.0
2026-08-28 01:00:00,Screw Air Compressor (100 HP),Compressed Air Utility,25.32,none,0.0,0.0,0.0,Shift C (Night),33.6,6.38
2026-08-28 01:00:00,Die Cooling Water Circulation System,Cooling Utility,34.84,none,0.0,0.0,1.0,Shift C (Night),26.4,4.02
2026-08-28 02:00:00,HPDC Die Casting Cell #01 (800T),High Pressure Die Casting,1.73,none,0.0,0.0,0.0,Shift C (Night),30.9,0.0
2026-08-28 02:00:00,Aluminum Induction Melting Furnace,Melting & Holding,185.54,none,0.0,621.8,1.0,Shift C (Night),733.6,0.99
2026-08-28 02:00:00,Continuous Shot Blasting Machine,Surface Finishing & Cleaning,1.37,none,0.0,0.0,0.0,Shift C (Night),31.3,0.0
2026-08-28 02:00:00,CNC 5-Axis Machining Center,Machining & Milling,1.47,none,0.0,0.0,0.0,Shift C (Night),31.4,0.0
2026-08-28 02:00:00,Solution & Aging Heat Treatment Furnace,Heat Treatment & Quenching,1.41,natural_gas,0.0,0.0,0.0,Shift C (Night),30.8,0.0
2026-08-28 02:00:00,Screw Air Compressor (100 HP),Compressed Air Utility,25.16,none,0.0,0.0,0.0,Shift C (Night),33.6,6.38
2026-08-28 02:00:00,Die Cooling Water Circulation System,Cooling Utility,35.22,none,0.0,0.0,1.0,Shift C (Night),25.8,3.9
2026-08-28 03:00:00,HPDC Die Casting Cell #01 (800T),High Pressure Die Casting,0.93,none,0.0,0.0,0.0,Shift C (Night),28.4,0.0
2026-08-28 03:00:00,Aluminum Induction Melting Furnace,Melting & Holding,181.71,none,0.0,609.0,1.0,Shift C (Night),723.9,0.99
2026-08-28 03:00:00,Continuous Shot Blasting Machine,Surface Finishing & Cleaning,1.12,none,0.0,0.0,0.0,Shift C (Night),28.8,0.0
2026-08-28 03:00:00,CNC 5-Axis Machining Center,Machining & Milling,0.97,none,0.0,0.0,0.0,Shift C (Night),31.7,0.0
2026-08-28 03:00:00,Solution & Aging Heat Treatment Furnace,Heat Treatment & Quenching,1.51,natural_gas,0.0,0.0,0.0,Shift C (Night),30.4,0.0
2026-08-28 03:00:00,Screw Air Compressor (100 HP),Compressed Air Utility,25.6,none,0.0,0.0,0.0,Shift C (Night),33.6,6.38
2026-08-28 03:00:00,Die Cooling Water Circulation System,Cooling Utility,36.66,none,0.0,0.0,1.0,Shift C (Night),25.6,3.97
2026-08-28 04:00:00,HPDC Die Casting Cell #01 (800T),High Pressure Die Casting,1.99,none,0.0,0.0,0.0,Shift C (Night),30.6,0.0
2026-08-28 04:00:00,Aluminum Induction Melting Furnace,Melting & Holding,185.84,none,0.0,622.8,1.0,Shift C (Night),725.3,1.02
2026-08-28 04:00:00,Continuous Shot Blasting Machine,Surface Finishing & Cleaning,1.69,none,0.0,0.0,0.0,Shift C (Night),28.9,0.0
2026-08-28 04:00:00,CNC 5-Axis Machining Center,Machining & Milling,0.64,none,0.0,0.0,0.0,Shift C (Night),29.3,0.0
2026-08-28 04:00:00,Solution & Aging Heat Treatment Furnace,Heat Treatment & Quenching,0.97,natural_gas,0.0,0.0,0.0,Shift C (Night),28.8,0.0
2026-08-28 04:00:00,Screw Air Compressor (100 HP),Compressed Air Utility,28.3,none,0.0,0.0,0.0,Shift C (Night),33.6,6.38
2026-08-28 04:00:00,Die Cooling Water Circulation System,Cooling Utility,37.08,none,0.0,0.0,1.0,Shift C (Night),25.8,4.04
2026-08-28 05:00:00,HPDC Die Casting Cell #01 (800T),High Pressure Die Casting,1.15,none,0.0,0.0,0.0,Shift C (Night),31.7,0.0
2026-08-28 05:00:00,Aluminum Induction Melting Furnace,Melting & Holding,184.39,none,0.0,618.0,1.0,Shift C (Night),713.2,0.98
2026-08-28 05:00:00,Continuous Shot Blasting Machine,Surface Finishing & Cleaning,1.39,none,0.0,0.0,0.0,Shift C (Night),29.1,0.0
2026-08-28 05:00:00,CNC 5-Axis Machining Center,Machining & Milling,1.42,none,0.0,0.0,0.0,Shift C (Night),31.6,0.0
2026-08-28 05:00:00,Solution & Aging Heat Treatment Furnace,Heat Treatment & Quenching,1.16,natural_gas,0.0,0.0,0.0,Shift C (Night),28.9,0.0
2026-08-28 05:00:00,Screw Air Compressor (100 HP),Compressed Air Utility,28.49,none,0.0,0.0,0.0,Shift C (Night),33.6,6.38
2026-08-28 05:00:00,Die Cooling Water Circulation System,Cooling Utility,36.03,none,0.0,0.0,1.0,Shift C (Night),25.6,3.89
2026-08-28 06:00:00,HPDC Die Casting Cell #01 (800T),High Pressure Die Casting,46.5,none,0.0,368.1,1.0,Shift A (Morning),683.5,122.1
2026-08-28 06:00:00,Aluminum Induction Melting Furnace,Melting & Holding,183.85,none,0.0,616.1,1.0,Shift A (Morning),707.4,0.99
2026-08-28 06:00:00,Continuous Shot Blasting Machine,Surface Finishing & Cleaning,39.51,none,0.0,467.9,1.0,Shift A (Morning),35.0,6.68
2026-08-28 06:00:00,CNC 5-Axis Machining Center,Machining & Milling,32.92,none,0.0,349.8,1.0,Shift A (Morning),27.5,2.53
2026-08-28 06:00:00,Solution & Aging Heat Treatment Furnace,Heat Treatment & Quenching,55.8,natural_gas,32.47,507.3,1.0,Shift A (Morning),520.8,1.18
2026-08-28 06:00:00,Screw Air Compressor (100 HP),Compressed Air Utility,65.73,none,0.0,0.0,1.0,Shift A (Morning),41.3,7.47
2026-08-28 06:00:00,Die Cooling Water Circulation System,Cooling Utility,35.87,none,0.0,0.0,1.0,Shift A (Morning),26.5,4.09
2026-08-28 07:00:00,HPDC Die Casting Cell #01 (800T),High Pressure Die Casting,47.09,none,0.0,372.8,1.0,Shift A (Morning),680.0,117.69
2026-08-28 07:00:00,Aluminum Induction Melting Furnace,Melting & Holding,191.11,none,0.0,640.5,1.0,Shift A (Morning),730.7,0.99
2026-08-28 07:00:00,Continuous Shot Blasting Machine,Surface Finishing & Cleaning,38.42,none,0.0,455.0,1.0,Shift A (Morning),35.2,6.36
2026-08-28 07:00:00,CNC 5-Axis Machining Center,Machining & Milling,32.67,none,0.0,347.1,1.0,Shift A (Morning),28.0,2.54
2026-08-28 07:00:00,Solution & Aging Heat Treatment Furnace,Heat Treatment & Quenching,55.13,natural_gas,32.08,501.2,1.0,Shift A (Morning),509.6,1.19
2026-08-28 07:00:00,Screw Air Compressor (100 HP),Compressed Air Utility,62.5,none,0.0,0.0,1.0,Shift A (Morning),42.7,7.67
2026-08-28 07:00:00,Die Cooling Water Circulation System,Cooling Utility,36.96,none,0.0,0.0,1.0,Shift A (Morning),25.8,3.89
2026-08-28 08:00:00,HPDC Die Casting Cell #01 (800T),High Pressure Die Casting,49.45,none,0.0,391.5,1.0,Shift A (Morning),692.2,117.02
2026-08-28 08:00:00,Aluminum Induction Melting Furnace,Melting & Holding,184.79,none,0.0,619.3,1.0,Shift A (Morning),707.6,1.02
2026-08-28 08:00:00,Continuous Shot Blasting Machine,Surface Finishing & Cleaning,38.81,none,0.0,459.6,1.0,Shift A (Morning),34.5,6.49
2026-08-28 08:00:00,CNC 5-Axis Machining Center,Machining & Milling,32.13,none,0.0,341.4,1.0,Shift A (Morning),27.7,2.56
2026-08-28 08:00:00,Solution & Aging Heat Treatment Furnace,Heat Treatment & Quenching,54.66,natural_gas,31.8,496.9,1.0,Shift A (Morning),514.0,1.2
2026-08-28 08:00:00,Screw Air Compressor (100 HP),Compressed Air Utility,66.2,none,0.0,0.0,1.0,Shift A (Morning),41.5,7.42
2026-08-28 08:00:00,Die Cooling Water Circulation System,Cooling Utility,37.43,none,0.0,0.0,1.0,Shift A (Morning),26.2,3.99
2026-08-28 09:00:00,HPDC Die Casting Cell #01 (800T),High Pressure Die Casting,48.07,none,0.0,380.5,1.0,Shift A (Morning),669.7,118.02
2026-08-28 09:00:00,Aluminum Induction Melting Furnace,Melting & Holding,182.6,none,0.0,612.0,1.0,Shift A (Morning),722.5,0.98
2026-08-28 09:00:00,Continuous Shot Blasting Machine,Surface Finishing & Cleaning,37.15,none,0.0,439.9,1.0,Shift A (Morning),34.4,6.55
2026-08-28 09:00:00,CNC 5-Axis Machining Center,Machining & Milling,31.31,none,0.0,332.6,1.0,Shift A (Morning),28.5,2.55
2026-08-28 09:00:00,Solution & Aging Heat Treatment Furnace,Heat Treatment & Quenching,53.11,natural_gas,30.9,482.8,1.0,Shift A (Morning),514.6,1.21
2026-08-28 09:00:00,Screw Air Compressor (100 HP),Compressed Air Utility,63.51,none,0.0,0.0,1.0,Shift A (Morning),41.4,7.7
2026-08-28 09:00:00,Die Cooling Water Circulation System,Cooling Utility,36.2,none,0.0,0.0,1.0,Shift A (Morning),26.0,4.07
2026-08-28 10:00:00,HPDC Die Casting Cell #01 (800T),High Pressure Die Casting,49.18,none,0.0,389.3,1.0,Shift A (Morning),671.6,117.1
2026-08-28 10:00:00,Aluminum Induction Melting Furnace,Melting & Holding,183.98,none,0.0,616.6,1.0,Shift A (Morning),717.8,1.0
2026-08-28 10:00:00,Continuous Shot Blasting Machine,Surface Finishing & Cleaning,38.7,none,0.0,458.2,1.0,Shift A (Morning),35.2,6.69
2026-08-28 10:00:00,CNC 5-Axis Machining Center,Machining & Milling,30.97,none,0.0,329.1,1.0,Shift A (Morning),27.9,2.48
2026-08-28 10:00:00,Solution & Aging Heat Treatment Furnace,Heat Treatment & Quenching,56.59,natural_gas,32.93,514.5,1.0,Shift A (Morning),514.8,1.18
2026-08-28 10:00:00,Screw Air Compressor (100 HP),Compressed Air Utility,64.73,none,0.0,0.0,1.0,Shift A (Morning),41.9,7.4
2026-08-28 10:00:00,Die Cooling Water Circulation System,Cooling Utility,35.28,none,0.0,0.0,1.0,Shift A (Morning),26.4,3.99
2026-08-28 11:00:00,HPDC Die Casting Cell #01 (800T),High Pressure Die Casting,49.39,none,0.0,391.0,1.0,Shift A (Morning),681.4,116.76
2026-08-28 11:00:00,Aluminum Induction Melting Furnace,Melting & Holding,192.39,none,0.0,644.8,1.0,Shift A (Morning),729.7,1.03
2026-08-28 11:00:00,Continuous Shot Blasting Machine,Surface Finishing & Cleaning,39.3,none,0.0,465.3,1.0,Shift A (Morning),35.5,6.37
2026-08-28 11:00:00,CNC 5-Axis Machining Center,Machining & Milling,31.96,none,0.0,339.6,1.0,Shift A (Morning),27.7,2.49
2026-08-28 11:00:00,Solution & Aging Heat Treatment Furnace,Heat Treatment & Quenching,53.06,natural_gas,30.87,482.3,1.0,Shift A (Morning),517.5,1.23
2026-08-28 11:00:00,Screw Air Compressor (100 HP),Compressed Air Utility,63.78,none,0.0,0.0,1.0,Shift A (Morning),42.5,7.48
2026-08-28 11:00:00,Die Cooling Water Circulation System,Cooling Utility,35.78,none,0.0,0.0,1.0,Shift A (Morning),26.5,4.12
2026-08-28 12:00:00,HPDC Die Casting Cell #01 (800T),High Pressure Die Casting,48.21,none,0.0,381.7,1.0,Shift A (Morning),685.9,117.51
2026-08-28 12:00:00,Aluminum Induction Melting Furnace,Melting & Holding,181.99,none,0.0,609.9,1.0,Shift A (Morning),733.5,1.0
2026-08-28 12:00:00,Continuous Shot Blasting Machine,Surface Finishing & Cleaning,38.13,none,0.0,451.5,1.0,Shift A (Morning),35.3,6.33
2026-08-28 12:00:00,CNC 5-Axis Machining Center,Machining & Milling,32.22,none,0.0,342.3,1.0,Shift A (Morning),28.0,2.55
2026-08-28 12:00:00,Solution & Aging Heat Treatment Furnace,Heat Treatment & Quenching,53.49,natural_gas,31.12,486.3,1.0,Shift A (Morning),529.6,1.17
2026-08-28 12:00:00,Screw Air Compressor (100 HP),Compressed Air Utility,63.37,none,0.0,0.0,1.0,Shift A (Morning),42.2,7.58
2026-08-28 12:00:00,Die Cooling Water Circulation System,Cooling Utility,35.24,none,0.0,0.0,1.0,Shift A (Morning),25.6,4.09
2026-08-28 13:00:00,HPDC Die Casting Cell #01 (800T),High Pressure Die Casting,47.03,none,0.0,372.3,1.0,Shift A (Morning),682.6,120.86
2026-08-28 13:00:00,Aluminum Induction Melting Furnace,Melting & Holding,183.8,none,0.0,616.0,1.0,Shift A (Morning),722.4,1.0
2026-08-28 13:00:00,Continuous Shot Blasting Machine,Surface Finishing & Cleaning,39.32,none,0.0,465.6,1.0,Shift A (Morning),34.6,6.58
2026-08-28 13:00:00,CNC 5-Axis Machining Center,Machining & Milling,31.33,none,0.0,332.9,1.0,Shift A (Morning),27.9,2.53
2026-08-28 13:00:00,Solution & Aging Heat Treatment Furnace,Heat Treatment & Quenching,54.12,natural_gas,31.49,492.0,1.0,Shift A (Morning),516.2,1.22
2026-08-28 13:00:00,Screw Air Compressor (100 HP),Compressed Air Utility,62.78,none,0.0,0.0,1.0,Shift A (Morning),41.9,7.72
2026-08-28 13:00:00,Die Cooling Water Circulation System,Cooling Utility,37.43,none,0.0,0.0,1.0,Shift A (Morning),25.6,3.93
2026-08-28 14:00:00,HPDC Die Casting Cell #01 (800T),High Pressure Die Casting,47.1,none,0.0,372.9,1.0,Shift B (Evening),691.8,122.74
2026-08-28 14:00:00,Aluminum Induction Melting Furnace,Melting & Holding,190.61,none,0.0,638.8,1.0,Shift B (Evening),716.2,0.98
2026-08-28 14:00:00,Continuous Shot Blasting Machine,Surface Finishing & Cleaning,39.01,none,0.0,462.0,1.0,Shift B (Evening),35.3,6.54
2026-08-28 14:00:00,CNC 5-Axis Machining Center,Machining & Milling,33.25,none,0.0,353.3,1.0,Shift B (Evening),28.2,2.43
2026-08-28 14:00:00,Solution & Aging Heat Treatment Furnace,Heat Treatment & Quenching,56.4,natural_gas,32.81,512.7,1.0,Shift B (Evening),515.8,1.21
2026-08-28 14:00:00,Screw Air Compressor (100 HP),Compressed Air Utility,67.28,none,0.0,0.0,1.0,Shift B (Evening),41.4,7.33
2026-08-28 14:00:00,Die Cooling Water Circulation System,Cooling Utility,34.87,none,0.0,0.0,1.0,Shift B (Evening),26.1,3.95
2026-08-28 15:00:00,HPDC Die Casting Cell #01 (800T),High Pressure Die Casting,48.4,none,0.0,383.2,1.0,Shift B (Evening),685.9,117.87
2026-08-28 15:00:00,Aluminum Induction Melting Furnace,Melting & Holding,186.99,none,0.0,626.7,1.0,Shift B (Evening),713.2,1.0
2026-08-28 15:00:00,Continuous Shot Blasting Machine,Surface Finishing & Cleaning,39.23,none,0.0,464.6,1.0,Shift B (Evening),35.5,6.34
2026-08-28 15:00:00,CNC 5-Axis Machining Center,Machining & Milling,31.8,none,0.0,337.9,1.0,Shift B (Evening),27.7,2.43
2026-08-28 15:00:00,Solution & Aging Heat Treatment Furnace,Heat Treatment & Quenching,56.19,natural_gas,32.69,510.8,1.0,Shift B (Evening),522.9,1.18
2026-08-28 15:00:00,Screw Air Compressor (100 HP),Compressed Air Utility,66.25,none,0.0,0.0,1.0,Shift B (Evening),42.1,7.47
2026-08-28 15:00:00,Die Cooling Water Circulation System,Cooling Utility,34.59,none,0.0,0.0,1.0,Shift B (Evening),25.6,4.09
2026-08-28 16:00:00,HPDC Die Casting Cell #01 (800T),High Pressure Die Casting,49.55,none,0.0,392.3,1.0,Shift B (Evening),681.2,122.41
2026-08-28 16:00:00,Aluminum Induction Melting Furnace,Melting & Holding,186.22,none,0.0,624.1,1.0,Shift B (Evening),709.9,0.98
2026-08-28 16:00:00,Continuous Shot Blasting Machine,Surface Finishing & Cleaning,37.42,none,0.0,443.1,1.0,Shift B (Evening),35.6,6.62
2026-08-28 16:00:00,CNC 5-Axis Machining Center,Machining & Milling,32.92,none,0.0,349.8,1.0,Shift B (Evening),28.4,2.46
2026-08-28 16:00:00,Solution & Aging Heat Treatment Furnace,Heat Treatment & Quenching,53.9,natural_gas,31.36,490.0,1.0,Shift B (Evening),511.7,1.22
2026-08-28 16:00:00,Screw Air Compressor (100 HP),Compressed Air Utility,67.0,none,0.0,0.0,1.0,Shift B (Evening),41.8,7.55
2026-08-28 16:00:00,Die Cooling Water Circulation System,Cooling Utility,35.01,none,0.0,0.0,1.0,Shift B (Evening),26.4,4.09
2026-08-28 17:00:00,HPDC Die Casting Cell #01 (800T),High Pressure Die Casting,49.83,none,0.0,394.5,1.0,Shift B (Evening),688.5,122.75
2026-08-28 17:00:00,Aluminum Induction Melting Furnace,Melting & Holding,177.97,none,0.0,596.4,1.0,Shift B (Evening),726.8,0.99
2026-08-28 17:00:00,Continuous Shot Blasting Machine,Surface Finishing & Cleaning,39.31,none,0.0,465.5,1.0,Shift B (Evening),35.4,6.64
2026-08-28 17:00:00,CNC 5-Axis Machining Center,Machining & Milling,32.8,none,0.0,348.5,1.0,Shift B (Evening),27.7,2.54
2026-08-28 17:00:00,Solution & Aging Heat Treatment Furnace,Heat Treatment & Quenching,53.28,natural_gas,31.0,484.3,1.0,Shift B (Evening),527.7,1.23
2026-08-28 17:00:00,Screw Air Compressor (100 HP),Compressed Air Utility,63.56,none,0.0,0.0,1.0,Shift B (Evening),42.5,7.48
2026-08-28 17:00:00,Die Cooling Water Circulation System,Cooling Utility,35.44,none,0.0,0.0,1.0,Shift B (Evening),26.3,3.93
2026-08-28 18:00:00,HPDC Die Casting Cell #01 (800T),High Pressure Die Casting,46.17,none,0.0,365.5,1.0,Shift B (Evening),671.7,118.76
2026-08-28 18:00:00,Aluminum Induction Melting Furnace,Melting & Holding,190.39,none,0.0,638.1,1.0,Shift B (Evening),733.4,0.99
2026-08-28 18:00:00,Continuous Shot Blasting Machine,Surface Finishing & Cleaning,38.43,none,0.0,455.1,1.0,Shift B (Evening),34.9,6.69
2026-08-28 18:00:00,CNC 5-Axis Machining Center,Machining & Milling,32.09,none,0.0,341.0,1.0,Shift B (Evening),28.5,2.44
2026-08-28 18:00:00,Solution & Aging Heat Treatment Furnace,Heat Treatment & Quenching,57.07,natural_gas,33.2,518.8,1.0,Shift B (Evening),513.3,1.23
2026-08-28 18:00:00,Screw Air Compressor (100 HP),Compressed Air Utility,63.78,none,0.0,0.0,1.0,Shift B (Evening),41.3,7.47
2026-08-28 18:00:00,Die Cooling Water Circulation System,Cooling Utility,36.66,none,0.0,0.0,1.0,Shift B (Evening),25.8,4.03
2026-08-28 19:00:00,HPDC Die Casting Cell #01 (800T),High Pressure Die Casting,48.04,none,0.0,380.3,1.0,Shift B (Evening),676.9,120.55
2026-08-28 19:00:00,Aluminum Induction Melting Furnace,Melting & Holding,181.37,none,0.0,607.8,1.0,Shift B (Evening),726.0,0.97
2026-08-28 19:00:00,Continuous Shot Blasting Machine,Surface Finishing & Cleaning,39.29,none,0.0,465.3,1.0,Shift B (Evening),35.1,6.59
2026-08-28 19:00:00,CNC 5-Axis Machining Center,Machining & Milling,32.62,none,0.0,346.6,1.0,Shift B (Evening),28.2,2.48
2026-08-28 19:00:00,Solution & Aging Heat Treatment Furnace,Heat Treatment & Quenching,53.11,natural_gas,30.9,482.8,1.0,Shift B (Evening),523.4,1.19
2026-08-28 19:00:00,Screw Air Compressor (100 HP),Compressed Air Utility,64.03,none,0.0,0.0,1.0,Shift B (Evening),42.6,7.6
2026-08-28 19:00:00,Die Cooling Water Circulation System,Cooling Utility,35.42,none,0.0,0.0,1.0,Shift B (Evening),25.8,3.98
2026-08-28 20:00:00,HPDC Die Casting Cell #01 (800T),High Pressure Die Casting,47.63,none,0.0,377.0,1.0,Shift B (Evening),674.4,117.32
2026-08-28 20:00:00,Aluminum Induction Melting Furnace,Melting & Holding,183.82,none,0.0,616.1,1.0,Shift B (Evening),732.7,1.01
2026-08-28 20:00:00,Continuous Shot Blasting Machine,Surface Finishing & Cleaning,39.22,none,0.0,464.5,1.0,Shift B (Evening),35.2,6.42
2026-08-28 20:00:00,CNC 5-Axis Machining Center,Machining & Milling,32.12,none,0.0,341.3,1.0,Shift B (Evening),27.4,2.47
2026-08-28 20:00:00,Solution & Aging Heat Treatment Furnace,Heat Treatment & Quenching,54.69,natural_gas,31.82,497.2,1.0,Shift B (Evening),521.7,1.21
2026-08-28 20:00:00,Screw Air Compressor (100 HP),Compressed Air Utility,64.82,none,0.0,0.0,1.0,Shift B (Evening),41.9,7.37
2026-08-28 20:00:00,Die Cooling Water Circulation System,Cooling Utility,35.92,none,0.0,0.0,1.0,Shift B (Evening),26.4,4.07
2026-08-28 21:00:00,HPDC Die Casting Cell #01 (800T),High Pressure Die Casting,46.73,none,0.0,370.0,1.0,Shift B (Evening),668.7,120.11
2026-08-28 21:00:00,Aluminum Induction Melting Furnace,Melting & Holding,186.97,none,0.0,626.6,1.0,Shift B (Evening),715.3,1.02
2026-08-28 21:00:00,Continuous Shot Blasting Machine,Surface Finishing & Cleaning,38.76,none,0.0,459.0,1.0,Shift B (Evening),35.2,6.39
2026-08-28 21:00:00,CNC 5-Axis Machining Center,Machining & Milling,31.23,none,0.0,331.8,1.0,Shift B (Evening),27.5,2.46
2026-08-28 21:00:00,Solution & Aging Heat Treatment Furnace,Heat Treatment & Quenching,54.89,natural_gas,31.94,499.0,1.0,Shift B (Evening),527.3,1.17
2026-08-28 21:00:00,Screw Air Compressor (100 HP),Compressed Air Utility,64.56,none,0.0,0.0,1.0,Shift B (Evening),42.2,7.36
2026-08-28 21:00:00,Die Cooling Water Circulation System,Cooling Utility,36.57,none,0.0,0.0,1.0,Shift B (Evening),26.0,3.94
2026-08-28 22:00:00,HPDC Die Casting Cell #01 (800T),High Pressure Die Casting,48.6,none,0.0,384.7,1.0,Shift C (Night),666.6,121.81
2026-08-28 22:00:00,Aluminum Induction Melting Furnace,Melting & Holding,189.0,none,0.0,633.4,1.0,Shift C (Night),708.7,1.0
2026-08-28 22:00:00,Continuous Shot Blasting Machine,Surface Finishing & Cleaning,37.01,none,0.0,438.3,1.0,Shift C (Night),35.6,6.51
2026-08-28 22:00:00,CNC 5-Axis Machining Center,Machining & Milling,30.85,none,0.0,327.8,1.0,Shift C (Night),27.7,2.55
2026-08-28 22:00:00,Solution & Aging Heat Treatment Furnace,Heat Treatment & Quenching,54.81,natural_gas,31.89,498.3,1.0,Shift C (Night),526.3,1.21
2026-08-28 22:00:00,Screw Air Compressor (100 HP),Compressed Air Utility,67.54,none,0.0,0.0,1.0,Shift C (Night),42.2,7.7
2026-08-28 22:00:00,Die Cooling Water Circulation System,Cooling Utility,37.13,none,0.0,0.0,1.0,Shift C (Night),26.1,4.05
2026-08-28 23:00:00,HPDC Die Casting Cell #01 (800T),High Pressure Die Casting,48.02,none,0.0,380.1,1.0,Shift C (Night),689.0,120.34
2026-08-28 23:00:00,Aluminum Induction Melting Furnace,Melting & Holding,190.88,none,0.0,639.7,1.0,Shift C (Night),727.0,1.0
2026-08-28 23:00:00,Continuous Shot Blasting Machine,Surface Finishing & Cleaning,0.96,none,0.0,0.0,0.0,Shift C (Night),29.0,0.0
2026-08-28 23:00:00,CNC 5-Axis Machining Center,Machining & Milling,1.49,none,0.0,0.0,0.0,Shift C (Night),31.1,0.0
2026-08-28 23:00:00,Solution & Aging Heat Treatment Furnace,Heat Treatment & Quenching,55.09,natural_gas,32.05,500.9,1.0,Shift C (Night),522.6,1.18
2026-08-28 23:00:00,Screw Air Compressor (100 HP),Compressed Air Utility,25.27,none,0.0,0.0,0.0,Shift C (Night),33.6,6.38
2026-08-28 23:00:00,Die Cooling Water Circulation System,Cooling Utility,35.38,none,0.0,0.0,1.0,Shift C (Night),25.8,3.96
2026-08-29 00:00:00,HPDC Die Casting Cell #01 (800T),High Pressure Die Casting,1.36,none,0.0,0.0,0.0,Shift C (Night),28.6,0.0
2026-08-29 00:00:00,Aluminum Induction Melting Furnace,Melting & Holding,181.02,none,0.0,606.7,1.0,Shift C (Night),725.6,1.01
2026-08-29 00:00:00,Continuous Shot Blasting Machine,Surface Finishing & Cleaning,0.69,none,0.0,0.0,0.0,Shift C (Night),29.6,0.0
2026-08-29 00:00:00,CNC 5-Axis Machining Center,Machining & Milling,1.36,none,0.0,0.0,0.0,Shift C (Night),29.7,0.0
2026-08-29 00:00:00,Solution & Aging Heat Treatment Furnace,Heat Treatment & Quenching,0.89,natural_gas,0.0,0.0,0.0,Shift C (Night),29.7,0.0
2026-08-29 00:00:00,Screw Air Compressor (100 HP),Compressed Air Utility,28.17,none,0.0,0.0,0.0,Shift C (Night),33.6,6.38
2026-08-29 00:00:00,Die Cooling Water Circulation System,Cooling Utility,36.24,none,0.0,0.0,1.0,Shift C (Night),26.2,4.09
2026-08-29 01:00:00,HPDC Die Casting Cell #01 (800T),High Pressure Die Casting,1.67,none,0.0,0.0,0.0,Shift C (Night),29.5,0.0
2026-08-29 01:00:00,Aluminum Induction Melting Furnace,Melting & Holding,177.69,none,0.0,595.5,1.0,Shift C (Night),715.7,1.02
2026-08-29 01:00:00,Continuous Shot Blasting Machine,Surface Finishing & Cleaning,1.79,none,0.0,0.0,0.0,Shift C (Night),31.8,0.0
2026-08-29 01:00:00,CNC 5-Axis Machining Center,Machining & Milling,1.19,none,0.0,0.0,0.0,Shift C (Night),31.0,0.0
2026-08-29 01:00:00,Solution & Aging Heat Treatment Furnace,Heat Treatment & Quenching,1.36,natural_gas,0.0,0.0,0.0,Shift C (Night),30.4,0.0
2026-08-29 01:00:00,Screw Air Compressor (100 HP),Compressed Air Utility,25.77,none,0.0,0.0,0.0,Shift C (Night),33.6,6.38
2026-08-29 01:00:00,Die Cooling Water Circulation System,Cooling Utility,35.19,none,0.0,0.0,1.0,Shift C (Night),25.9,3.89
2026-08-29 02:00:00,HPDC Die Casting Cell #01 (800T),High Pressure Die Casting,1.07,none,0.0,0.0,0.0,Shift C (Night),30.7,0.0
2026-08-29 02:00:00,Aluminum Induction Melting Furnace,Melting & Holding,183.58,none,0.0,615.3,1.0,Shift C (Night),710.4,1.0
2026-08-29 02:00:00,Continuous Shot Blasting Machine,Surface Finishing & Cleaning,0.78,none,0.0,0.0,0.0,Shift C (Night),30.5,0.0
2026-08-29 02:00:00,CNC 5-Axis Machining Center,Machining & Milling,0.64,none,0.0,0.0,0.0,Shift C (Night),29.6,0.0
2026-08-29 02:00:00,Solution & Aging Heat Treatment Furnace,Heat Treatment & Quenching,1.39,natural_gas,0.0,0.0,0.0,Shift C (Night),28.1,0.0
2026-08-29 02:00:00,Screw Air Compressor (100 HP),Compressed Air Utility,27.25,none,0.0,0.0,0.0,Shift C (Night),33.6,6.38
2026-08-29 02:00:00,Die Cooling Water Circulation System,Cooling Utility,34.95,none,0.0,0.0,1.0,Shift C (Night),26.0,3.89
2026-08-29 03:00:00,HPDC Die Casting Cell #01 (800T),High Pressure Die Casting,1.13,none,0.0,0.0,0.0,Shift C (Night),28.8,0.0
2026-08-29 03:00:00,Aluminum Induction Melting Furnace,Melting & Holding,182.44,none,0.0,611.4,1.0,Shift C (Night),727.5,0.99
2026-08-29 03:00:00,Continuous Shot Blasting Machine,Surface Finishing & Cleaning,1.65,none,0.0,0.0,0.0,Shift C (Night),31.3,0.0
2026-08-29 03:00:00,CNC 5-Axis Machining Center,Machining & Milling,0.95,none,0.0,0.0,0.0,Shift C (Night),28.3,0.0
2026-08-29 03:00:00,Solution & Aging Heat Treatment Furnace,Heat Treatment & Quenching,0.63,natural_gas,0.0,0.0,0.0,Shift C (Night),30.2,0.0
2026-08-29 03:00:00,Screw Air Compressor (100 HP),Compressed Air Utility,28.5,none,0.0,0.0,0.0,Shift C (Night),33.6,6.38
2026-08-29 03:00:00,Die Cooling Water Circulation System,Cooling Utility,35.57,none,0.0,0.0,1.0,Shift C (Night),26.2,4.07
2026-08-29 04:00:00,HPDC Die Casting Cell #01 (800T),High Pressure Die Casting,1.51,none,0.0,0.0,0.0,Shift C (Night),31.0,0.0
2026-08-29 04:00:00,Aluminum Induction Melting Furnace,Melting & Holding,191.65,none,0.0,642.3,1.0,Shift C (Night),711.3,0.97
2026-08-29 04:00:00,Continuous Shot Blasting Machine,Surface Finishing & Cleaning,0.81,none,0.0,0.0,0.0,Shift C (Night),28.5,0.0
2026-08-29 04:00:00,CNC 5-Axis Machining Center,Machining & Milling,1.54,none,0.0,0.0,0.0,Shift C (Night),30.3,0.0
2026-08-29 04:00:00,Solution & Aging Heat Treatment Furnace,Heat Treatment & Quenching,0.91,natural_gas,0.0,0.0,0.0,Shift C (Night),30.8,0.0
2026-08-29 04:00:00,Screw Air Compressor (100 HP),Compressed Air Utility,27.68,none,0.0,0.0,0.0,Shift C (Night),33.6,6.38
2026-08-29 04:00:00,Die Cooling Water Circulation System,Cooling Utility,35.04,none,0.0,0.0,1.0,Shift C (Night),26.1,4.06
2026-08-29 05:00:00,HPDC Die Casting Cell #01 (800T),High Pressure Die Casting,0.76,none,0.0,0.0,0.0,Shift C (Night),31.3,0.0
2026-08-29 05:00:00,Aluminum Induction Melting Furnace,Melting & Holding,191.88,none,0.0,643.1,1.0,Shift C (Night),708.7,0.97
2026-08-29 05:00:00,Continuous Shot Blasting Machine,Surface Finishing & Cleaning,1.04,none,0.0,0.0,0.0,Shift C (Night),30.7,0.0
2026-08-29 05:00:00,CNC 5-Axis Machining Center,Machining & Milling,1.94,none,0.0,0.0,0.0,Shift C (Night),29.6,0.0
2026-08-29 05:00:00,Solution & Aging Heat Treatment Furnace,Heat Treatment & Quenching,1.6,natural_gas,0.0,0.0,0.0,Shift C (Night),28.3,0.0
2026-08-29 05:00:00,Screw Air Compressor (100 HP),Compressed Air Utility,27.42,none,0.0,0.0,0.0,Shift C (Night),33.6,6.38
2026-08-29 05:00:00,Die Cooling Water Circulation System,Cooling Utility,36.37,none,0.0,0.0,1.0,Shift C (Night),25.6,4.07
2026-08-29 06:00:00,HPDC Die Casting Cell #01 (800T),High Pressure Die Casting,49.35,none,0.0,390.6,1.0,Shift A (Morning),682.7,117.27
2026-08-29 06:00:00,Aluminum Induction Melting Furnace,Melting & Holding,192.16,none,0.0,644.0,1.0,Shift A (Morning),728.1,0.99
2026-08-29 06:00:00,Continuous Shot Blasting Machine,Surface Finishing & Cleaning,1.2,none,0.0,0.0,0.0,Shift A (Morning),29.5,0.0
2026-08-29 06:00:00,CNC 5-Axis Machining Center,Machining & Milling,1.31,none,0.0,0.0,0.0,Shift A (Morning),29.4,0.0
2026-08-29 06:00:00,Solution & Aging Heat Treatment Furnace,Heat Treatment & Quenching,56.54,natural_gas,32.89,514.0,1.0,Shift A (Morning),526.7,1.17
2026-08-29 06:00:00,Screw Air Compressor (100 HP),Compressed Air Utility,28.36,none,0.0,0.0,0.0,Shift A (Morning),33.6,6.38
2026-08-29 06:00:00,Die Cooling Water Circulation System,Cooling Utility,36.39,none,0.0,0.0,1.0,Shift A (Morning),26.3,4.05
2026-08-29 07:00:00,HPDC Die Casting Cell #01 (800T),High Pressure Die Casting,47.75,none,0.0,378.0,1.0,Shift A (Morning),686.4,123.35
2026-08-29 07:00:00,Aluminum Induction Melting Furnace,Melting & Holding,181.6,none,0.0,608.6,1.0,Shift A (Morning),728.9,1.0
2026-08-29 07:00:00,Continuous Shot Blasting Machine,Surface Finishing & Cleaning,1.28,none,0.0,0.0,0.0,Shift A (Morning),29.7,0.0
2026-08-29 07:00:00,CNC 5-Axis Machining Center,Machining & Milling,1.62,none,0.0,0.0,0.0,Shift A (Morning),29.1,0.0
2026-08-29 07:00:00,Solution & Aging Heat Treatment Furnace,Heat Treatment & Quenching,56.55,natural_gas,32.9,514.1,1.0,Shift A (Morning),526.9,1.17
2026-08-29 07:00:00,Screw Air Compressor (100 HP),Compressed Air Utility,28.09,none,0.0,0.0,0.0,Shift A (Morning),33.6,6.38
2026-08-29 07:00:00,Die Cooling Water Circulation System,Cooling Utility,35.26,none,0.0,0.0,1.0,Shift A (Morning),26.0,4.03
2026-08-29 08:00:00,HPDC Die Casting Cell #01 (800T),High Pressure Die Casting,47.54,none,0.0,376.3,1.0,Shift A (Morning),667.2,122.53
2026-08-29 08:00:00,Aluminum Induction Melting Furnace,Melting & Holding,180.29,none,0.0,604.2,1.0,Shift A (Morning),711.7,1.02
2026-08-29 08:00:00,Continuous Shot Blasting Machine,Surface Finishing & Cleaning,1.08,none,0.0,0.0,0.0,Shift A (Morning),31.5,0.0
2026-08-29 08:00:00,CNC 5-Axis Machining Center,Machining & Milling,1.58,none,0.0,0.0,0.0,Shift A (Morning),29.1,0.0
2026-08-29 08:00:00,Solution & Aging Heat Treatment Furnace,Heat Treatment & Quenching,52.84,natural_gas,30.75,480.4,1.0,Shift A (Morning),529.3,1.17
2026-08-29 08:00:00,Screw Air Compressor (100 HP),Compressed Air Utility,27.52,none,0.0,0.0,0.0,Shift A (Morning),33.6,6.38
2026-08-29 08:00:00,Die Cooling Water Circulation System,Cooling Utility,35.97,none,0.0,0.0,1.0,Shift A (Morning),26.3,4.05
2026-08-29 09:00:00,HPDC Die Casting Cell #01 (800T),High Pressure Die Casting,48.56,none,0.0,384.4,1.0,Shift A (Morning),679.8,122.11
2026-08-29 09:00:00,Aluminum Induction Melting Furnace,Melting & Holding,178.98,none,0.0,599.8,1.0,Shift A (Morning),712.0,1.01
2026-08-29 09:00:00,Continuous Shot Blasting Machine,Surface Finishing & Cleaning,1.03,none,0.0,0.0,0.0,Shift A (Morning),30.3,0.0
2026-08-29 09:00:00,CNC 5-Axis Machining Center,Machining & Milling,1.26,none,0.0,0.0,0.0,Shift A (Morning),30.1,0.0
2026-08-29 09:00:00,Solution & Aging Heat Treatment Furnace,Heat Treatment & Quenching,54.67,natural_gas,31.81,497.0,1.0,Shift A (Morning),525.1,1.19
2026-08-29 09:00:00,Screw Air Compressor (100 HP),Compressed Air Utility,27.46,none,0.0,0.0,0.0,Shift A (Morning),33.6,6.38
2026-08-29 09:00:00,Die Cooling Water Circulation System,Cooling Utility,35.34,none,0.0,0.0,1.0,Shift A (Morning),25.7,3.91
2026-08-29 10:00:00,HPDC Die Casting Cell #01 (800T),High Pressure Die Casting,46.82,none,0.0,370.7,1.0,Shift A (Morning),669.7,120.26
2026-08-29 10:00:00,Aluminum Induction Melting Furnace,Melting & Holding,188.88,none,0.0,633.0,1.0,Shift A (Morning),710.9,0.98
2026-08-29 10:00:00,Continuous Shot Blasting Machine,Surface Finishing & Cleaning,1.28,none,0.0,0.0,0.0,Shift A (Morning),30.9,0.0
2026-08-29 10:00:00,CNC 5-Axis Machining Center,Machining & Milling,1.97,none,0.0,0.0,0.0,Shift A (Morning),30.1,0.0
2026-08-29 10:00:00,Solution & Aging Heat Treatment Furnace,Heat Treatment & Quenching,54.05,natural_gas,31.44,491.3,1.0,Shift A (Morning),511.7,1.18
2026-08-29 10:00:00,Screw Air Compressor (100 HP),Compressed Air Utility,25.8,none,0.0,0.0,0.0,Shift A (Morning),33.6,6.38
2026-08-29 10:00:00,Die Cooling Water Circulation System,Cooling Utility,35.08,none,0.0,0.0,1.0,Shift A (Morning),25.5,4.01
2026-08-29 11:00:00,HPDC Die Casting Cell #01 (800T),High Pressure Die Casting,47.13,none,0.0,373.1,1.0,Shift A (Morning),692.9,120.38
2026-08-29 11:00:00,Aluminum Induction Melting Furnace,Melting & Holding,187.92,none,0.0,629.8,1.0,Shift A (Morning),709.2,1.02
2026-08-29 11:00:00,Continuous Shot Blasting Machine,Surface Finishing & Cleaning,1.29,none,0.0,0.0,0.0,Shift A (Morning),31.5,0.0
2026-08-29 11:00:00,CNC 5-Axis Machining Center,Machining & Milling,1.4,none,0.0,0.0,0.0,Shift A (Morning),29.9,0.0
2026-08-29 11:00:00,Solution & Aging Heat Treatment Furnace,Heat Treatment & Quenching,54.74,natural_gas,31.85,497.6,1.0,Shift A (Morning),513.4,1.17
2026-08-29 11:00:00,Screw Air Compressor (100 HP),Compressed Air Utility,28.29,none,0.0,0.0,0.0,Shift A (Morning),33.6,6.38
2026-08-29 11:00:00,Die Cooling Water Circulation System,Cooling Utility,35.94,none,0.0,0.0,1.0,Shift A (Morning),26.3,3.98
2026-08-29 12:00:00,HPDC Die Casting Cell #01 (800T),High Pressure Die Casting,46.36,none,0.0,367.1,1.0,Shift A (Morning),683.5,116.79
2026-08-29 12:00:00,Aluminum Induction Melting Furnace,Melting & Holding,179.81,none,0.0,602.6,1.0,Shift A (Morning),721.8,0.99
2026-08-29 12:00:00,Continuous Shot Blasting Machine,Surface Finishing & Cleaning,1.99,none,0.0,0.0,0.0,Shift A (Morning),28.5,0.0
2026-08-29 12:00:00,CNC 5-Axis Machining Center,Machining & Milling,1.67,none,0.0,0.0,0.0,Shift A (Morning),30.4,0.0
2026-08-29 12:00:00,Solution & Aging Heat Treatment Furnace,Heat Treatment & Quenching,56.28,natural_gas,32.74,511.6,1.0,Shift A (Morning),514.3,1.2
2026-08-29 12:00:00,Screw Air Compressor (100 HP),Compressed Air Utility,26.58,none,0.0,0.0,0.0,Shift A (Morning),33.6,6.38
2026-08-29 12:00:00,Die Cooling Water Circulation System,Cooling Utility,35.84,none,0.0,0.0,1.0,Shift A (Morning),26.4,4.12
2026-08-29 13:00:00,HPDC Die Casting Cell #01 (800T),High Pressure Die Casting,47.25,none,0.0,374.1,1.0,Shift A (Morning),683.3,120.79
2026-08-29 13:00:00,Aluminum Induction Melting Furnace,Melting & Holding,188.55,none,0.0,631.9,1.0,Shift A (Morning),732.9,0.98
2026-08-29 13:00:00,Continuous Shot Blasting Machine,Surface Finishing & Cleaning,0.9,none,0.0,0.0,0.0,Shift A (Morning),30.6,0.0
2026-08-29 13:00:00,CNC 5-Axis Machining Center,Machining & Milling,0.82,none,0.0,0.0,0.0,Shift A (Morning),28.7,0.0
2026-08-29 13:00:00,Solution & Aging Heat Treatment Furnace,Heat Treatment & Quenching,53.13,natural_gas,30.91,483.0,1.0,Shift A (Morning),509.7,1.2
2026-08-29 13:00:00,Screw Air Compressor (100 HP),Compressed Air Utility,27.08,none,0.0,0.0,0.0,Shift A (Morning),33.6,6.38
2026-08-29 13:00:00,Die Cooling Water Circulation System,Cooling Utility,35.4,none,0.0,0.0,1.0,Shift A (Morning),25.7,4.05
2026-08-29 14:00:00,HPDC Die Casting Cell #01 (800T),High Pressure Die Casting,48.78,none,0.0,386.2,1.0,Shift B (Evening),678.7,121.35
2026-08-29 14:00:00,Aluminum Induction Melting Furnace,Melting & Holding,191.27,none,0.0,641.0,1.0,Shift B (Evening),728.3,1.01
2026-08-29 14:00:00,Continuous Shot Blasting Machine,Surface Finishing & Cleaning,1.53,none,0.0,0.0,0.0,Shift B (Evening),31.7,0.0
2026-08-29 14:00:00,CNC 5-Axis Machining Center,Machining & Milling,1.2,none,0.0,0.0,0.0,Shift B (Evening),30.2,0.0
2026-08-29 14:00:00,Solution & Aging Heat Treatment Furnace,Heat Treatment & Quenching,55.65,natural_gas,32.38,505.9,1.0,Shift B (Evening),528.5,1.22
2026-08-29 14:00:00,Screw Air Compressor (100 HP),Compressed Air Utility,25.25,none,0.0,0.0,0.0,Shift B (Evening),33.6,6.38
2026-08-29 14:00:00,Die Cooling Water Circulation System,Cooling Utility,35.04,none,0.0,0.0,1.0,Shift B (Evening),25.8,4.06
2026-08-29 15:00:00,HPDC Die Casting Cell #01 (800T),High Pressure Die Casting,48.27,none,0.0,382.1,1.0,Shift B (Evening),674.3,117.3
2026-08-29 15:00:00,Aluminum Induction Melting Furnace,Melting & Holding,187.79,none,0.0,629.4,1.0,Shift B (Evening),725.8,1.03
2026-08-29 15:00:00,Continuous Shot Blasting Machine,Surface Finishing & Cleaning,1.3,none,0.0,0.0,0.0,Shift B (Evening),30.0,0.0
2026-08-29 15:00:00,CNC 5-Axis Machining Center,Machining & Milling,0.71,none,0.0,0.0,0.0,Shift B (Evening),28.2,0.0
2026-08-29 15:00:00,Solution & Aging Heat Treatment Furnace,Heat Treatment & Quenching,54.7,natural_gas,31.83,497.3,1.0,Shift B (Evening),516.3,1.18
2026-08-29 15:00:00,Screw Air Compressor (100 HP),Compressed Air Utility,25.32,none,0.0,0.0,0.0,Shift B (Evening),33.6,6.38
2026-08-29 15:00:00,Die Cooling Water Circulation System,Cooling Utility,37.33,none,0.0,0.0,1.0,Shift B (Evening),26.3,4.02
2026-08-29 16:00:00,HPDC Die Casting Cell #01 (800T),High Pressure Die Casting,49.73,none,0.0,393.7,1.0,Shift B (Evening),693.6,121.24
2026-08-29 16:00:00,Aluminum Induction Melting Furnace,Melting & Holding,181.59,none,0.0,608.6,1.0,Shift B (Evening),706.8,1.02
2026-08-29 16:00:00,Continuous Shot Blasting Machine,Surface Finishing & Cleaning,1.26,none,0.0,0.0,0.0,Shift B (Evening),30.6,0.0
2026-08-29 16:00:00,CNC 5-Axis Machining Center,Machining & Milling,1.88,none,0.0,0.0,0.0,Shift B (Evening),28.7,0.0
2026-08-29 16:00:00,Solution & Aging Heat Treatment Furnace,Heat Treatment & Quenching,55.38,natural_gas,32.22,503.4,1.0,Shift B (Evening),522.8,1.2
2026-08-29 16:00:00,Screw Air Compressor (100 HP),Compressed Air Utility,25.32,none,0.0,0.0,0.0,Shift B (Evening),33.6,6.38
2026-08-29 16:00:00,Die Cooling Water Circulation System,Cooling Utility,35.56,none,0.0,0.0,1.0,Shift B (Evening),25.8,4.04
2026-08-29 17:00:00,HPDC Die Casting Cell #01 (800T),High Pressure Die Casting,49.37,none,0.0,390.9,1.0,Shift B (Evening),675.4,121.39
2026-08-29 17:00:00,Aluminum Induction Melting Furnace,Melting & Holding,181.87,none,0.0,609.5,1.0,Shift B (Evening),732.8,1.02
2026-08-29 17:00:00,Continuous Shot Blasting Machine,Surface Finishing & Cleaning,1.37,none,0.0,0.0,0.0,Shift B (Evening),29.8,0.0
2026-08-29 17:00:00,CNC 5-Axis Machining Center,Machining & Milling,1.04,none,0.0,0.0,0.0,Shift B (Evening),29.3,0.0
2026-08-29 17:00:00,Solution & Aging Heat Treatment Furnace,Heat Treatment & Quenching,57.07,natural_gas,33.2,518.8,1.0,Shift B (Evening),518.0,1.2
2026-08-29 17:00:00,Screw Air Compressor (100 HP),Compressed Air Utility,28.46,none,0.0,0.0,0.0,Shift B (Evening),33.6,6.38
2026-08-29 17:00:00,Die Cooling Water Circulation System,Cooling Utility,36.45,none,0.0,0.0,1.0,Shift B (Evening),26.0,3.98
2026-08-29 18:00:00,HPDC Die Casting Cell #01 (800T),High Pressure Die Casting,0.86,none,0.0,0.0,0.0,Shift B (Evening),29.4,0.0
2026-08-29 18:00:00,Aluminum Induction Melting Furnace,Melting & Holding,188.8,none,0.0,632.7,1.0,Shift B (Evening),723.6,1.02
2026-08-29 18:00:00,Continuous Shot Blasting Machine,Surface Finishing & Cleaning,0.88,none,0.0,0.0,0.0,Shift B (Evening),30.2,0.0
2026-08-29 18:00:00,CNC 5-Axis Machining Center,Machining & Milling,1.9,none,0.0,0.0,0.0,Shift B (Evening),29.8,0.0
2026-08-29 18:00:00,Solution & Aging Heat Treatment Furnace,Heat Treatment & Quenching,1.58,natural_gas,0.0,0.0,0.0,Shift B (Evening),28.5,0.0
2026-08-29 18:00:00,Screw Air Compressor (100 HP),Compressed Air Utility,28.41,none,0.0,0.0,0.0,Shift B (Evening),33.6,6.38
2026-08-29 18:00:00,Die Cooling Water Circulation System,Cooling Utility,36.31,none,0.0,0.0,1.0,Shift B (Evening),25.7,3.92
2026-08-29 19:00:00,HPDC Die Casting Cell #01 (800T),High Pressure Die Casting,1.37,none,0.0,0.0,0.0,Shift B (Evening),30.2,0.0
2026-08-29 19:00:00,Aluminum Induction Melting Furnace,Melting & Holding,178.98,none,0.0,599.8,1.0,Shift B (Evening),734.2,1.02
2026-08-29 19:00:00,Continuous Shot Blasting Machine,Surface Finishing & Cleaning,1.25,none,0.0,0.0,0.0,Shift B (Evening),28.5,0.0
2026-08-29 19:00:00,CNC 5-Axis Machining Center,Machining & Milling,1.77,none,0.0,0.0,0.0,Shift B (Evening),30.0,0.0
2026-08-29 19:00:00,Solution & Aging Heat Treatment Furnace,Heat Treatment & Quenching,1.6,natural_gas,0.0,0.0,0.0,Shift B (Evening),30.0,0.0
2026-08-29 19:00:00,Screw Air Compressor (100 HP),Compressed Air Utility,25.96,none,0.0,0.0,0.0,Shift B (Evening),33.6,6.38
2026-08-29 19:00:00,Die Cooling Water Circulation System,Cooling Utility,36.96,none,0.0,0.0,1.0,Shift B (Evening),26.5,3.94
2026-08-29 20:00:00,HPDC Die Casting Cell #01 (800T),High Pressure Die Casting,1.37,none,0.0,0.0,0.0,Shift B (Evening),29.5,0.0
2026-08-29 20:00:00,Aluminum Induction Melting Furnace,Melting & Holding,191.24,none,0.0,640.9,1.0,Shift B (Evening),720.2,1.02
2026-08-29 20:00:00,Continuous Shot Blasting Machine,Surface Finishing & Cleaning,1.81,none,0.0,0.0,0.0,Shift B (Evening),29.1,0.0
2026-08-29 20:00:00,CNC 5-Axis Machining Center,Machining & Milling,1.71,none,0.0,0.0,0.0,Shift B (Evening),29.7,0.0
2026-08-29 20:00:00,Solution & Aging Heat Treatment Furnace,Heat Treatment & Quenching,1.91,natural_gas,0.0,0.0,0.0,Shift B (Evening),30.0,0.0
2026-08-29 20:00:00,Screw Air Compressor (100 HP),Compressed Air Utility,27.87,none,0.0,0.0,0.0,Shift B (Evening),33.6,6.38
2026-08-29 20:00:00,Die Cooling Water Circulation System,Cooling Utility,35.37,none,0.0,0.0,1.0,Shift B (Evening),25.8,4.02
2026-08-29 21:00:00,HPDC Die Casting Cell #01 (800T),High Pressure Die Casting,2.0,none,0.0,0.0,0.0,Shift B (Evening),30.0,0.0
2026-08-29 21:00:00,Aluminum Induction Melting Furnace,Melting & Holding,179.8,none,0.0,602.6,1.0,Shift B (Evening),721.1,0.99
2026-08-29 21:00:00,Continuous Shot Blasting Machine,Surface Finishing & Cleaning,1.37,none,0.0,0.0,0.0,Shift B (Evening),30.2,0.0
2026-08-29 21:00:00,CNC 5-Axis Machining Center,Machining & Milling,1.24,none,0.0,0.0,0.0,Shift B (Evening),29.3,0.0
2026-08-29 21:00:00,Solution & Aging Heat Treatment Furnace,Heat Treatment & Quenching,0.86,natural_gas,0.0,0.0,0.0,Shift B (Evening),30.8,0.0
2026-08-29 21:00:00,Screw Air Compressor (100 HP),Compressed Air Utility,27.0,none,0.0,0.0,0.0,Shift B (Evening),33.6,6.38
2026-08-29 21:00:00,Die Cooling Water Circulation System,Cooling Utility,35.23,none,0.0,0.0,1.0,Shift B (Evening),26.3,3.89
2026-08-29 22:00:00,HPDC Die Casting Cell #01 (800T),High Pressure Die Casting,1.64,none,0.0,0.0,0.0,Shift C (Night),30.8,0.0
2026-08-29 22:00:00,Aluminum Induction Melting Furnace,Melting & Holding,189.61,none,0.0,635.4,1.0,Shift C (Night),716.7,1.01
2026-08-29 22:00:00,Continuous Shot Blasting Machine,Surface Finishing & Cleaning,1.75,none,0.0,0.0,0.0,Shift C (Night),31.9,0.0
2026-08-29 22:00:00,CNC 5-Axis Machining Center,Machining & Milling,1.29,none,0.0,0.0,0.0,Shift C (Night),28.1,0.0
2026-08-29 22:00:00,Solution & Aging Heat Treatment Furnace,Heat Treatment & Quenching,1.3,natural_gas,0.0,0.0,0.0,Shift C (Night),30.4,0.0
2026-08-29 22:00:00,Screw Air Compressor (100 HP),Compressed Air Utility,28.04,none,0.0,0.0,0.0,Shift C (Night),33.6,6.38
2026-08-29 22:00:00,Die Cooling Water Circulation System,Cooling Utility,37.08,none,0.0,0.0,1.0,Shift C (Night),25.9,4.01
2026-08-29 23:00:00,HPDC Die Casting Cell #01 (800T),High Pressure Die Casting,1.24,none,0.0,0.0,0.0,Shift C (Night),30.9,0.0
2026-08-29 23:00:00,Aluminum Induction Melting Furnace,Melting & Holding,183.67,none,0.0,615.5,1.0,Shift C (Night),724.5,0.98
2026-08-29 23:00:00,Continuous Shot Blasting Machine,Surface Finishing & Cleaning,1.26,none,0.0,0.0,0.0,Shift C (Night),31.9,0.0
2026-08-29 23:00:00,CNC 5-Axis Machining Center,Machining & Milling,1.07,none,0.0,0.0,0.0,Shift C (Night),30.8,0.0
2026-08-29 23:00:00,Solution & Aging Heat Treatment Furnace,Heat Treatment & Quenching,1.51,natural_gas,0.0,0.0,0.0,Shift C (Night),31.4,0.0
2026-08-29 23:00:00,Screw Air Compressor (100 HP),Compressed Air Utility,27.98,none,0.0,0.0,0.0,Shift C (Night),33.6,6.38
2026-08-29 23:00:00,Die Cooling Water Circulation System,Cooling Utility,37.03,none,0.0,0.0,1.0,Shift C (Night),25.9,3.96
2026-08-30 00:00:00,HPDC Die Casting Cell #01 (800T),High Pressure Die Casting,1.61,none,0.0,0.0,0.0,Shift C (Night),31.0,0.0
2026-08-30 00:00:00,Aluminum Induction Melting Furnace,Melting & Holding,190.51,none,0.0,638.5,1.0,Shift C (Night),706.6,0.97
2026-08-30 00:00:00,Continuous Shot Blasting Machine,Surface Finishing & Cleaning,1.48,none,0.0,0.0,0.0,Shift C (Night),31.7,0.0
2026-08-30 00:00:00,CNC 5-Axis Machining Center,Machining & Milling,2.0,none,0.0,0.0,0.0,Shift C (Night),31.0,0.0
2026-08-30 00:00:00,Solution & Aging Heat Treatment Furnace,Heat Treatment & Quenching,1.21,natural_gas,0.0,0.0,0.0,Shift C (Night),28.4,0.0
2026-08-30 00:00:00,Screw Air Compressor (100 HP),Compressed Air Utility,27.22,none,0.0,0.0,0.0,Shift C (Night),33.6,6.38
2026-08-30 00:00:00,Die Cooling Water Circulation System,Cooling Utility,37.07,none,0.0,0.0,1.0,Shift C (Night),25.9,4.05
2026-08-30 01:00:00,HPDC Die Casting Cell #01 (800T),High Pressure Die Casting,1.86,none,0.0,0.0,0.0,Shift C (Night),28.2,0.0
2026-08-30 01:00:00,Aluminum Induction Melting Furnace,Melting & Holding,189.38,none,0.0,634.7,1.0,Shift C (Night),714.0,0.99
2026-08-30 01:00:00,Continuous Shot Blasting Machine,Surface Finishing & Cleaning,0.8,none,0.0,0.0,0.0,Shift C (Night),30.1,0.0
2026-08-30 01:00:00,CNC 5-Axis Machining Center,Machining & Milling,1.39,none,0.0,0.0,0.0,Shift C (Night),31.2,0.0
2026-08-30 01:00:00,Solution & Aging Heat Treatment Furnace,Heat Treatment & Quenching,0.84,natural_gas,0.0,0.0,0.0,Shift C (Night),28.3,0.0
2026-08-30 01:00:00,Screw Air Compressor (100 HP),Compressed Air Utility,28.05,none,0.0,0.0,0.0,Shift C (Night),33.6,6.38
2026-08-30 01:00:00,Die Cooling Water Circulation System,Cooling Utility,36.34,none,0.0,0.0,1.0,Shift C (Night),25.7,4.1
2026-08-30 02:00:00,HPDC Die Casting Cell #01 (800T),High Pressure Die Casting,0.8,none,0.0,0.0,0.0,Shift C (Night),29.8,0.0
2026-08-30 02:00:00,Aluminum Induction Melting Furnace,Melting & Holding,181.36,none,0.0,607.8,1.0,Shift C (Night),713.0,0.97
2026-08-30 02:00:00,Continuous Shot Blasting Machine,Surface Finishing & Cleaning,1.73,none,0.0,0.0,0.0,Shift C (Night),31.6,0.0
2026-08-30 02:00:00,CNC 5-Axis Machining Center,Machining & Milling,1.55,none,0.0,0.0,0.0,Shift C (Night),28.6,0.0
2026-08-30 02:00:00,Solution & Aging Heat Treatment Furnace,Heat Treatment & Quenching,1.22,natural_gas,0.0,0.0,0.0,Shift C (Night),29.4,0.0
2026-08-30 02:00:00,Screw Air Compressor (100 HP),Compressed Air Utility,27.06,none,0.0,0.0,0.0,Shift C (Night),33.6,6.38
2026-08-30 02:00:00,Die Cooling Water Circulation System,Cooling Utility,36.4,none,0.0,0.0,1.0,Shift C (Night),25.9,3.94
2026-08-30 03:00:00,HPDC Die Casting Cell #01 (800T),High Pressure Die Casting,1.78,none,0.0,0.0,0.0,Shift C (Night),28.8,0.0
2026-08-30 03:00:00,Aluminum Induction Melting Furnace,Melting & Holding,183.29,none,0.0,614.3,1.0,Shift C (Night),719.5,0.98
2026-08-30 03:00:00,Continuous Shot Blasting Machine,Surface Finishing & Cleaning,1.4,none,0.0,0.0,0.0,Shift C (Night),30.3,0.0
2026-08-30 03:00:00,CNC 5-Axis Machining Center,Machining & Milling,1.99,none,0.0,0.0,0.0,Shift C (Night),29.2,0.0
2026-08-30 03:00:00,Solution & Aging Heat Treatment Furnace,Heat Treatment & Quenching,1.97,natural_gas,0.0,0.0,0.0,Shift C (Night),30.6,0.0
2026-08-30 03:00:00,Screw Air Compressor (100 HP),Compressed Air Utility,25.96,none,0.0,0.0,0.0,Shift C (Night),33.6,6.38
2026-08-30 03:00:00,Die Cooling Water Circulation System,Cooling Utility,36.19,none,0.0,0.0,1.0,Shift C (Night),26.2,4.06
2026-08-30 04:00:00,HPDC Die Casting Cell #01 (800T),High Pressure Die Casting,0.67,none,0.0,0.0,0.0,Shift C (Night),30.4,0.0
2026-08-30 04:00:00,Aluminum Induction Melting Furnace,Melting & Holding,184.95,none,0.0,619.8,1.0,Shift C (Night),731.6,0.99
2026-08-30 04:00:00,Continuous Shot Blasting Machine,Surface Finishing & Cleaning,1.72,none,0.0,0.0,0.0,Shift C (Night),30.4,0.0
2026-08-30 04:00:00,CNC 5-Axis Machining Center,Machining & Milling,1.09,none,0.0,0.0,0.0,Shift C (Night),30.5,0.0
2026-08-30 04:00:00,Solution & Aging Heat Treatment Furnace,Heat Treatment & Quenching,1.47,natural_gas,0.0,0.0,0.0,Shift C (Night),30.7,0.0
2026-08-30 04:00:00,Screw Air Compressor (100 HP),Compressed Air Utility,27.52,none,0.0,0.0,0.0,Shift C (Night),33.6,6.38
2026-08-30 04:00:00,Die Cooling Water Circulation System,Cooling Utility,36.46,none,0.0,0.0,1.0,Shift C (Night),26.4,4.03
2026-08-30 05:00:00,HPDC Die Casting Cell #01 (800T),High Pressure Die Casting,1.86,none,0.0,0.0,0.0,Shift C (Night),30.6,0.0
2026-08-30 05:00:00,Aluminum Induction Melting Furnace,Melting & Holding,182.17,none,0.0,610.5,1.0,Shift C (Night),718.3,1.0
2026-08-30 05:00:00,Continuous Shot Blasting Machine,Surface Finishing & Cleaning,1.63,none,0.0,0.0,0.0,Shift C (Night),28.4,0.0
2026-08-30 05:00:00,CNC 5-Axis Machining Center,Machining & Milling,1.01,none,0.0,0.0,0.0,Shift C (Night),31.0,0.0
2026-08-30 05:00:00,Solution & Aging Heat Treatment Furnace,Heat Treatment & Quenching,0.85,natural_gas,0.0,0.0,0.0,Shift C (Night),28.5,0.0
2026-08-30 05:00:00,Screw Air Compressor (100 HP),Compressed Air Utility,26.89,none,0.0,0.0,0.0,Shift C (Night),33.6,6.38
2026-08-30 05:00:00,Die Cooling Water Circulation System,Cooling Utility,37.36,none,0.0,0.0,1.0,Shift C (Night),26.0,4.1
2026-08-30 06:00:00,HPDC Die Casting Cell #01 (800T),High Pressure Die Casting,1.76,none,0.0,0.0,0.0,Shift A (Morning),29.0,0.0
2026-08-30 06:00:00,Aluminum Induction Melting Furnace,Melting & Holding,189.81,none,0.0,636.1,1.0,Shift A (Morning),719.5,1.02
2026-08-30 06:00:00,Continuous Shot Blasting Machine,Surface Finishing & Cleaning,1.65,none,0.0,0.0,0.0,Shift A (Morning),29.4,0.0
2026-08-30 06:00:00,CNC 5-Axis Machining Center,Machining & Milling,0.76,none,0.0,0.0,0.0,Shift A (Morning),31.9,0.0
2026-08-30 06:00:00,Solution & Aging Heat Treatment Furnace,Heat Treatment & Quenching,0.8,natural_gas,0.0,0.0,0.0,Shift A (Morning),31.9,0.0
2026-08-30 06:00:00,Screw Air Compressor (100 HP),Compressed Air Utility,28.01,none,0.0,0.0,0.0,Shift A (Morning),33.6,6.38
2026-08-30 06:00:00,Die Cooling Water Circulation System,Cooling Utility,36.65,none,0.0,0.0,1.0,Shift A (Morning),26.5,4.11
2026-08-30 07:00:00,HPDC Die Casting Cell #01 (800T),High Pressure Die Casting,1.73,none,0.0,0.0,0.0,Shift A (Morning),29.5,0.0
2026-08-30 07:00:00,Aluminum Induction Melting Furnace,Melting & Holding,189.3,none,0.0,634.4,1.0,Shift A (Morning),706.0,1.0
2026-08-30 07:00:00,Continuous Shot Blasting Machine,Surface Finishing & Cleaning,1.24,none,0.0,0.0,0.0,Shift A (Morning),30.7,0.0
2026-08-30 07:00:00,CNC 5-Axis Machining Center,Machining & Milling,1.54,none,0.0,0.0,0.0,Shift A (Morning),30.3,0.0
2026-08-30 07:00:00,Solution & Aging Heat Treatment Furnace,Heat Treatment & Quenching,1.75,natural_gas,0.0,0.0,0.0,Shift A (Morning),31.8,0.0
2026-08-30 07:00:00,Screw Air Compressor (100 HP),Compressed Air Utility,25.38,none,0.0,0.0,0.0,Shift A (Morning),33.6,6.38
2026-08-30 07:00:00,Die Cooling Water Circulation System,Cooling Utility,35.23,none,0.0,0.0,1.0,Shift A (Morning),25.5,4.09
2026-08-30 08:00:00,HPDC Die Casting Cell #01 (800T),High Pressure Die Casting,1.39,none,0.0,0.0,0.0,Shift A (Morning),31.7,0.0
2026-08-30 08:00:00,Aluminum Induction Melting Furnace,Melting & Holding,180.88,none,0.0,606.2,1.0,Shift A (Morning),707.4,1.02
2026-08-30 08:00:00,Continuous Shot Blasting Machine,Surface Finishing & Cleaning,1.87,none,0.0,0.0,0.0,Shift A (Morning),29.2,0.0
2026-08-30 08:00:00,CNC 5-Axis Machining Center,Machining & Milling,1.17,none,0.0,0.0,0.0,Shift A (Morning),28.6,0.0
2026-08-30 08:00:00,Solution & Aging Heat Treatment Furnace,Heat Treatment & Quenching,1.92,natural_gas,0.0,0.0,0.0,Shift A (Morning),29.2,0.0
2026-08-30 08:00:00,Screw Air Compressor (100 HP),Compressed Air Utility,26.72,none,0.0,0.0,0.0,Shift A (Morning),33.6,6.38
2026-08-30 08:00:00,Die Cooling Water Circulation System,Cooling Utility,34.84,none,0.0,0.0,1.0,Shift A (Morning),26.4,3.91
2026-08-30 09:00:00,HPDC Die Casting Cell #01 (800T),High Pressure Die Casting,1.24,none,0.0,0.0,0.0,Shift A (Morning),30.7,0.0
2026-08-30 09:00:00,Aluminum Induction Melting Furnace,Melting & Holding,188.6,none,0.0,632.1,1.0,Shift A (Morning),732.8,1.0
2026-08-30 09:00:00,Continuous Shot Blasting Machine,Surface Finishing & Cleaning,1.64,none,0.0,0.0,0.0,Shift A (Morning),28.6,0.0
2026-08-30 09:00:00,CNC 5-Axis Machining Center,Machining & Milling,1.18,none,0.0,0.0,0.0,Shift A (Morning),28.4,0.0
2026-08-30 09:00:00,Solution & Aging Heat Treatment Furnace,Heat Treatment & Quenching,1.29,natural_gas,0.0,0.0,0.0,Shift A (Morning),29.6,0.0
2026-08-30 09:00:00,Screw Air Compressor (100 HP),Compressed Air Utility,28.33,none,0.0,0.0,0.0,Shift A (Morning),33.6,6.38
2026-08-30 09:00:00,Die Cooling Water Circulation System,Cooling Utility,34.65,none,0.0,0.0,1.0,Shift A (Morning),25.9,3.99
2026-08-30 10:00:00,HPDC Die Casting Cell #01 (800T),High Pressure Die Casting,1.93,none,0.0,0.0,0.0,Shift A (Morning),31.4,0.0
2026-08-30 10:00:00,Aluminum Induction Melting Furnace,Melting & Holding,179.07,none,0.0,600.1,1.0,Shift A (Morning),725.3,1.0
2026-08-30 10:00:00,Continuous Shot Blasting Machine,Surface Finishing & Cleaning,1.97,none,0.0,0.0,0.0,Shift A (Morning),29.4,0.0
2026-08-30 10:00:00,CNC 5-Axis Machining Center,Machining & Milling,1.16,none,0.0,0.0,0.0,Shift A (Morning),28.8,0.0
2026-08-30 10:00:00,Solution & Aging Heat Treatment Furnace,Heat Treatment & Quenching,0.77,natural_gas,0.0,0.0,0.0,Shift A (Morning),31.4,0.0
2026-08-30 10:00:00,Screw Air Compressor (100 HP),Compressed Air Utility,26.59,none,0.0,0.0,0.0,Shift A (Morning),33.6,6.38
2026-08-30 10:00:00,Die Cooling Water Circulation System,Cooling Utility,36.47,none,0.0,0.0,1.0,Shift A (Morning),26.1,4.02
2026-08-30 11:00:00,HPDC Die Casting Cell #01 (800T),High Pressure Die Casting,0.63,none,0.0,0.0,0.0,Shift A (Morning),31.1,0.0
2026-08-30 11:00:00,Aluminum Induction Melting Furnace,Melting & Holding,181.2,none,0.0,607.3,1.0,Shift A (Morning),709.2,1.0
2026-08-30 11:00:00,Continuous Shot Blasting Machine,Surface Finishing & Cleaning,0.7,none,0.0,0.0,0.0,Shift A (Morning),31.1,0.0
2026-08-30 11:00:00,CNC 5-Axis Machining Center,Machining & Milling,0.89,none,0.0,0.0,0.0,Shift A (Morning),28.9,0.0
2026-08-30 11:00:00,Solution & Aging Heat Treatment Furnace,Heat Treatment & Quenching,1.82,natural_gas,0.0,0.0,0.0,Shift A (Morning),29.3,0.0
2026-08-30 11:00:00,Screw Air Compressor (100 HP),Compressed Air Utility,25.52,none,0.0,0.0,0.0,Shift A (Morning),33.6,6.38
2026-08-30 11:00:00,Die Cooling Water Circulation System,Cooling Utility,37.15,none,0.0,0.0,1.0,Shift A (Morning),25.5,4.09
2026-08-30 12:00:00,HPDC Die Casting Cell #01 (800T),High Pressure Die Casting,0.8,none,0.0,0.0,0.0,Shift A (Morning),28.5,0.0
2026-08-30 12:00:00,Aluminum Induction Melting Furnace,Melting & Holding,181.31,none,0.0,607.6,1.0,Shift A (Morning),710.6,1.01
2026-08-30 12:00:00,Continuous Shot Blasting Machine,Surface Finishing & Cleaning,0.64,none,0.0,0.0,0.0,Shift A (Morning),28.1,0.0
2026-08-30 12:00:00,CNC 5-Axis Machining Center,Machining & Milling,1.71,none,0.0,0.0,0.0,Shift A (Morning),29.0,0.0
2026-08-30 12:00:00,Solution & Aging Heat Treatment Furnace,Heat Treatment & Quenching,1.05,natural_gas,0.0,0.0,0.0,Shift A (Morning),28.7,0.0
2026-08-30 12:00:00,Screw Air Compressor (100 HP),Compressed Air Utility,25.18,none,0.0,0.0,0.0,Shift A (Morning),33.6,6.38
2026-08-30 12:00:00,Die Cooling Water Circulation System,Cooling Utility,36.7,none,0.0,0.0,1.0,Shift A (Morning),26.0,4.06
2026-08-30 13:00:00,HPDC Die Casting Cell #01 (800T),High Pressure Die Casting,1.27,none,0.0,0.0,0.0,Shift A (Morning),31.1,0.0
2026-08-30 13:00:00,Aluminum Induction Melting Furnace,Melting & Holding,185.2,none,0.0,620.7,1.0,Shift A (Morning),708.7,1.0
2026-08-30 13:00:00,Continuous Shot Blasting Machine,Surface Finishing & Cleaning,1.92,none,0.0,0.0,0.0,Shift A (Morning),28.2,0.0
2026-08-30 13:00:00,CNC 5-Axis Machining Center,Machining & Milling,1.7,none,0.0,0.0,0.0,Shift A (Morning),31.5,0.0
2026-08-30 13:00:00,Solution & Aging Heat Treatment Furnace,Heat Treatment & Quenching,1.33,natural_gas,0.0,0.0,0.0,Shift A (Morning),29.8,0.0
2026-08-30 13:00:00,Screw Air Compressor (100 HP),Compressed Air Utility,28.37,none,0.0,0.0,0.0,Shift A (Morning),33.6,6.38
2026-08-30 13:00:00,Die Cooling Water Circulation System,Cooling Utility,34.74,none,0.0,0.0,1.0,Shift A (Morning),26.0,3.98
2026-08-30 14:00:00,HPDC Die Casting Cell #01 (800T),High Pressure Die Casting,1.56,none,0.0,0.0,0.0,Shift B (Evening),30.0,0.0
2026-08-30 14:00:00,Aluminum Induction Melting Furnace,Melting & Holding,191.06,none,0.0,640.3,1.0,Shift B (Evening),707.7,0.97
2026-08-30 14:00:00,Continuous Shot Blasting Machine,Surface Finishing & Cleaning,1.45,none,0.0,0.0,0.0,Shift B (Evening),28.3,0.0
2026-08-30 14:00:00,CNC 5-Axis Machining Center,Machining & Milling,0.99,none,0.0,0.0,0.0,Shift B (Evening),30.5,0.0
2026-08-30 14:00:00,Solution & Aging Heat Treatment Furnace,Heat Treatment & Quenching,1.37,natural_gas,0.0,0.0,0.0,Shift B (Evening),29.3,0.0
2026-08-30 14:00:00,Screw Air Compressor (100 HP),Compressed Air Utility,28.48,none,0.0,0.0,0.0,Shift B (Evening),33.6,6.38
2026-08-30 14:00:00,Die Cooling Water Circulation System,Cooling Utility,36.09,none,0.0,0.0,1.0,Shift B (Evening),26.0,4.03
2026-08-30 15:00:00,HPDC Die Casting Cell #01 (800T),High Pressure Die Casting,0.74,none,0.0,0.0,0.0,Shift B (Evening),30.8,0.0
2026-08-30 15:00:00,Aluminum Induction Melting Furnace,Melting & Holding,190.22,none,0.0,637.5,1.0,Shift B (Evening),724.3,1.02
2026-08-30 15:00:00,Continuous Shot Blasting Machine,Surface Finishing & Cleaning,1.61,none,0.0,0.0,0.0,Shift B (Evening),28.9,0.0
2026-08-30 15:00:00,CNC 5-Axis Machining Center,Machining & Milling,1.23,none,0.0,0.0,0.0,Shift B (Evening),28.9,0.0
2026-08-30 15:00:00,Solution & Aging Heat Treatment Furnace,Heat Treatment & Quenching,1.07,natural_gas,0.0,0.0,0.0,Shift B (Evening),29.8,0.0
2026-08-30 15:00:00,Screw Air Compressor (100 HP),Compressed Air Utility,26.46,none,0.0,0.0,0.0,Shift B (Evening),33.6,6.38
2026-08-30 15:00:00,Die Cooling Water Circulation System,Cooling Utility,34.83,none,0.0,0.0,1.0,Shift B (Evening),25.9,4.04
2026-08-30 16:00:00,HPDC Die Casting Cell #01 (800T),High Pressure Die Casting,1.12,none,0.0,0.0,0.0,Shift B (Evening),28.6,0.0
2026-08-30 16:00:00,Aluminum Induction Melting Furnace,Melting & Holding,191.26,none,0.0,641.0,1.0,Shift B (Evening),707.5,1.02
2026-08-30 16:00:00,Continuous Shot Blasting Machine,Surface Finishing & Cleaning,0.73,none,0.0,0.0,0.0,Shift B (Evening),28.4,0.0
2026-08-30 16:00:00,CNC 5-Axis Machining Center,Machining & Milling,1.63,none,0.0,0.0,0.0,Shift B (Evening),31.2,0.0
2026-08-30 16:00:00,Solution & Aging Heat Treatment Furnace,Heat Treatment & Quenching,1.38,natural_gas,0.0,0.0,0.0,Shift B (Evening),30.3,0.0
2026-08-30 16:00:00,Screw Air Compressor (100 HP),Compressed Air Utility,26.97,none,0.0,0.0,0.0,Shift B (Evening),33.6,6.38
2026-08-30 16:00:00,Die Cooling Water Circulation System,Cooling Utility,35.51,none,0.0,0.0,1.0,Shift B (Evening),25.6,3.96
2026-08-30 17:00:00,HPDC Die Casting Cell #01 (800T),High Pressure Die Casting,1.53,none,0.0,0.0,0.0,Shift B (Evening),31.0,0.0
2026-08-30 17:00:00,Aluminum Induction Melting Furnace,Melting & Holding,190.45,none,0.0,638.3,1.0,Shift B (Evening),726.4,1.03
2026-08-30 17:00:00,Continuous Shot Blasting Machine,Surface Finishing & Cleaning,1.44,none,0.0,0.0,0.0,Shift B (Evening),29.4,0.0
2026-08-30 17:00:00,CNC 5-Axis Machining Center,Machining & Milling,1.41,none,0.0,0.0,0.0,Shift B (Evening),28.9,0.0
2026-08-30 17:00:00,Solution & Aging Heat Treatment Furnace,Heat Treatment & Quenching,1.52,natural_gas,0.0,0.0,0.0,Shift B (Evening),28.9,0.0
2026-08-30 17:00:00,Screw Air Compressor (100 HP),Compressed Air Utility,25.38,none,0.0,0.0,0.0,Shift B (Evening),33.6,6.38
2026-08-30 17:00:00,Die Cooling Water Circulation System,Cooling Utility,36.99,none,0.0,0.0,1.0,Shift B (Evening),25.9,4.06
2026-08-30 18:00:00,HPDC Die Casting Cell #01 (800T),High Pressure Die Casting,1.4,none,0.0,0.0,0.0,Shift B (Evening),31.2,0.0
2026-08-30 18:00:00,Aluminum Induction Melting Furnace,Melting & Holding,190.11,none,0.0,637.1,1.0,Shift B (Evening),733.7,1.02
2026-08-30 18:00:00,Continuous Shot Blasting Machine,Surface Finishing & Cleaning,1.46,none,0.0,0.0,0.0,Shift B (Evening),30.6,0.0
2026-08-30 18:00:00,CNC 5-Axis Machining Center,Machining & Milling,0.64,none,0.0,0.0,0.0,Shift B (Evening),31.7,0.0
2026-08-30 18:00:00,Solution & Aging Heat Treatment Furnace,Heat Treatment & Quenching,1.76,natural_gas,0.0,0.0,0.0,Shift B (Evening),29.1,0.0
2026-08-30 18:00:00,Screw Air Compressor (100 HP),Compressed Air Utility,25.63,none,0.0,0.0,0.0,Shift B (Evening),33.6,6.38
2026-08-30 18:00:00,Die Cooling Water Circulation System,Cooling Utility,36.58,none,0.0,0.0,1.0,Shift B (Evening),25.8,3.96
2026-08-30 19:00:00,HPDC Die Casting Cell #01 (800T),High Pressure Die Casting,0.61,none,0.0,0.0,0.0,Shift B (Evening),31.5,0.0
2026-08-30 19:00:00,Aluminum Induction Melting Furnace,Melting & Holding,185.98,none,0.0,623.3,1.0,Shift B (Evening),717.1,0.98
2026-08-30 19:00:00,Continuous Shot Blasting Machine,Surface Finishing & Cleaning,1.49,none,0.0,0.0,0.0,Shift B (Evening),28.1,0.0
2026-08-30 19:00:00,CNC 5-Axis Machining Center,Machining & Milling,1.64,none,0.0,0.0,0.0,Shift B (Evening),28.9,0.0
2026-08-30 19:00:00,Solution & Aging Heat Treatment Furnace,Heat Treatment & Quenching,1.19,natural_gas,0.0,0.0,0.0,Shift B (Evening),29.4,0.0
2026-08-30 19:00:00,Screw Air Compressor (100 HP),Compressed Air Utility,26.3,none,0.0,0.0,0.0,Shift B (Evening),33.6,6.38
2026-08-30 19:00:00,Die Cooling Water Circulation System,Cooling Utility,36.64,none,0.0,0.0,1.0,Shift B (Evening),26.3,4.02
2026-08-30 20:00:00,HPDC Die Casting Cell #01 (800T),High Pressure Die Casting,0.72,none,0.0,0.0,0.0,Shift B (Evening),28.2,0.0
2026-08-30 20:00:00,Aluminum Induction Melting Furnace,Melting & Holding,179.93,none,0.0,603.0,1.0,Shift B (Evening),723.4,1.01
2026-08-30 20:00:00,Continuous Shot Blasting Machine,Surface Finishing & Cleaning,0.98,none,0.0,0.0,0.0,Shift B (Evening),30.6,0.0
2026-08-30 20:00:00,CNC 5-Axis Machining Center,Machining & Milling,1.28,none,0.0,0.0,0.0,Shift B (Evening),29.8,0.0
2026-08-30 20:00:00,Solution & Aging Heat Treatment Furnace,Heat Treatment & Quenching,0.98,natural_gas,0.0,0.0,0.0,Shift B (Evening),31.0,0.0
2026-08-30 20:00:00,Screw Air Compressor (100 HP),Compressed Air Utility,25.4,none,0.0,0.0,0.0,Shift B (Evening),33.6,6.38
2026-08-30 20:00:00,Die Cooling Water Circulation System,Cooling Utility,35.8,none,0.0,0.0,1.0,Shift B (Evening),25.8,4.04
2026-08-30 21:00:00,HPDC Die Casting Cell #01 (800T),High Pressure Die Casting,1.28,none,0.0,0.0,0.0,Shift B (Evening),30.7,0.0
2026-08-30 21:00:00,Aluminum Induction Melting Furnace,Melting & Holding,178.27,none,0.0,597.5,1.0,Shift B (Evening),717.0,1.01
2026-08-30 21:00:00,Continuous Shot Blasting Machine,Surface Finishing & Cleaning,0.61,none,0.0,0.0,0.0,Shift B (Evening),29.2,0.0
2026-08-30 21:00:00,CNC 5-Axis Machining Center,Machining & Milling,0.9,none,0.0,0.0,0.0,Shift B (Evening),28.5,0.0
2026-08-30 21:00:00,Solution & Aging Heat Treatment Furnace,Heat Treatment & Quenching,0.96,natural_gas,0.0,0.0,0.0,Shift B (Evening),29.3,0.0
2026-08-30 21:00:00,Screw Air Compressor (100 HP),Compressed Air Utility,25.03,none,0.0,0.0,0.0,Shift B (Evening),33.6,6.38
2026-08-30 21:00:00,Die Cooling Water Circulation System,Cooling Utility,36.71,none,0.0,0.0,1.0,Shift B (Evening),25.7,3.97
2026-08-30 22:00:00,HPDC Die Casting Cell #01 (800T),High Pressure Die Casting,1.59,none,0.0,0.0,0.0,Shift C (Night),30.0,0.0
2026-08-30 22:00:00,Aluminum Induction Melting Furnace,Melting & Holding,189.93,none,0.0,636.5,1.0,Shift C (Night),728.8,0.97
2026-08-30 22:00:00,Continuous Shot Blasting Machine,Surface Finishing & Cleaning,1.81,none,0.0,0.0,0.0,Shift C (Night),28.2,0.0
2026-08-30 22:00:00,CNC 5-Axis Machining Center,Machining & Milling,0.63,none,0.0,0.0,0.0,Shift C (Night),31.7,0.0
2026-08-30 22:00:00,Solution & Aging Heat Treatment Furnace,Heat Treatment & Quenching,1.81,natural_gas,0.0,0.0,0.0,Shift C (Night),30.3,0.0
2026-08-30 22:00:00,Screw Air Compressor (100 HP),Compressed Air Utility,27.01,none,0.0,0.0,0.0,Shift C (Night),33.6,6.38
2026-08-30 22:00:00,Die Cooling Water Circulation System,Cooling Utility,36.6,none,0.0,0.0,1.0,Shift C (Night),25.9,3.91
2026-08-30 23:00:00,HPDC Die Casting Cell #01 (800T),High Pressure Die Casting,0.63,none,0.0,0.0,0.0,Shift C (Night),29.3,0.0
2026-08-30 23:00:00,Aluminum Induction Melting Furnace,Melting & Holding,189.46,none,0.0,634.9,1.0,Shift C (Night),723.4,1.02
2026-08-30 23:00:00,Continuous Shot Blasting Machine,Surface Finishing & Cleaning,1.89,none,0.0,0.0,0.0,Shift C (Night),28.4,0.0
2026-08-30 23:00:00,CNC 5-Axis Machining Center,Machining & Milling,1.78,none,0.0,0.0,0.0,Shift C (Night),29.0,0.0
2026-08-30 23:00:00,Solution & Aging Heat Treatment Furnace,Heat Treatment & Quenching,1.42,natural_gas,0.0,0.0,0.0,Shift C (Night),30.1,0.0
2026-08-30 23:00:00,Screw Air Compressor (100 HP),Compressed Air Utility,26.39,none,0.0,0.0,0.0,Shift C (Night),33.6,6.38
2026-08-30 23:00:00,Die Cooling Water Circulation System,Cooling Utility,35.45,none,0.0,0.0,1.0,Shift C (Night),25.8,3.96
2026-08-31 00:00:00,HPDC Die Casting Cell #01 (800T),High Pressure Die Casting,0.84,none,0.0,0.0,0.0,Shift C (Night),30.0,0.0
2026-08-31 00:00:00,Aluminum Induction Melting Furnace,Melting & Holding,179.29,none,0.0,600.9,1.0,Shift C (Night),720.3,1.02
2026-08-31 00:00:00,Continuous Shot Blasting Machine,Surface Finishing & Cleaning,1.09,none,0.0,0.0,0.0,Shift C (Night),30.9,0.0
2026-08-31 00:00:00,CNC 5-Axis Machining Center,Machining & Milling,1.75,none,0.0,0.0,0.0,Shift C (Night),31.3,0.0
2026-08-31 00:00:00,Solution & Aging Heat Treatment Furnace,Heat Treatment & Quenching,0.93,natural_gas,0.0,0.0,0.0,Shift C (Night),28.6,0.0
2026-08-31 00:00:00,Screw Air Compressor (100 HP),Compressed Air Utility,25.69,none,0.0,0.0,0.0,Shift C (Night),33.6,6.38
2026-08-31 00:00:00,Die Cooling Water Circulation System,Cooling Utility,36.29,none,0.0,0.0,1.0,Shift C (Night),26.3,4.04
2026-08-31 01:00:00,HPDC Die Casting Cell #01 (800T),High Pressure Die Casting,0.85,none,0.0,0.0,0.0,Shift C (Night),31.1,0.0
2026-08-31 01:00:00,Aluminum Induction Melting Furnace,Melting & Holding,184.91,none,0.0,619.7,1.0,Shift C (Night),727.3,1.02
2026-08-31 01:00:00,Continuous Shot Blasting Machine,Surface Finishing & Cleaning,1.23,none,0.0,0.0,0.0,Shift C (Night),31.7,0.0
2026-08-31 01:00:00,CNC 5-Axis Machining Center,Machining & Milling,1.39,none,0.0,0.0,0.0,Shift C (Night),30.5,0.0
2026-08-31 01:00:00,Solution & Aging Heat Treatment Furnace,Heat Treatment & Quenching,1.47,natural_gas,0.0,0.0,0.0,Shift C (Night),31.5,0.0
2026-08-31 01:00:00,Screw Air Compressor (100 HP),Compressed Air Utility,27.2,none,0.0,0.0,0.0,Shift C (Night),33.6,6.38
2026-08-31 01:00:00,Die Cooling Water Circulation System,Cooling Utility,34.99,none,0.0,0.0,1.0,Shift C (Night),25.6,3.99
2026-08-31 02:00:00,HPDC Die Casting Cell #01 (800T),High Pressure Die Casting,1.02,none,0.0,0.0,0.0,Shift C (Night),29.1,0.0
2026-08-31 02:00:00,Aluminum Induction Melting Furnace,Melting & Holding,178.43,none,0.0,598.0,1.0,Shift C (Night),720.2,0.99
2026-08-31 02:00:00,Continuous Shot Blasting Machine,Surface Finishing & Cleaning,1.23,none,0.0,0.0,0.0,Shift C (Night),28.2,0.0
2026-08-31 02:00:00,CNC 5-Axis Machining Center,Machining & Milling,1.76,none,0.0,0.0,0.0,Shift C (Night),28.3,0.0
2026-08-31 02:00:00,Solution & Aging Heat Treatment Furnace,Heat Treatment & Quenching,1.81,natural_gas,0.0,0.0,0.0,Shift C (Night),31.4,0.0
2026-08-31 02:00:00,Screw Air Compressor (100 HP),Compressed Air Utility,27.15,none,0.0,0.0,0.0,Shift C (Night),33.6,6.38
2026-08-31 02:00:00,Die Cooling Water Circulation System,Cooling Utility,36.02,none,0.0,0.0,1.0,Shift C (Night),26.0,4.01
2026-08-31 03:00:00,HPDC Die Casting Cell #01 (800T),High Pressure Die Casting,1.71,none,0.0,0.0,0.0,Shift C (Night),31.6,0.0
2026-08-31 03:00:00,Aluminum Induction Melting Furnace,Melting & Holding,184.26,none,0.0,617.5,1.0,Shift C (Night),728.9,1.01
2026-08-31 03:00:00,Continuous Shot Blasting Machine,Surface Finishing & Cleaning,1.05,none,0.0,0.0,0.0,Shift C (Night),29.9,0.0
2026-08-31 03:00:00,CNC 5-Axis Machining Center,Machining & Milling,0.81,none,0.0,0.0,0.0,Shift C (Night),28.2,0.0
2026-08-31 03:00:00,Solution & Aging Heat Treatment Furnace,Heat Treatment & Quenching,0.74,natural_gas,0.0,0.0,0.0,Shift C (Night),31.6,0.0
2026-08-31 03:00:00,Screw Air Compressor (100 HP),Compressed Air Utility,26.2,none,0.0,0.0,0.0,Shift C (Night),33.6,6.38
2026-08-31 03:00:00,Die Cooling Water Circulation System,Cooling Utility,36.62,none,0.0,0.0,1.0,Shift C (Night),26.0,3.92
2026-08-31 04:00:00,HPDC Die Casting Cell #01 (800T),High Pressure Die Casting,0.95,none,0.0,0.0,0.0,Shift C (Night),29.8,0.0
2026-08-31 04:00:00,Aluminum Induction Melting Furnace,Melting & Holding,184.1,none,0.0,617.0,1.0,Shift C (Night),720.7,0.98
2026-08-31 04:00:00,Continuous Shot Blasting Machine,Surface Finishing & Cleaning,1.12,none,0.0,0.0,0.0,Shift C (Night),29.1,0.0
2026-08-31 04:00:00,CNC 5-Axis Machining Center,Machining & Milling,1.17,none,0.0,0.0,0.0,Shift C (Night),29.4,0.0
2026-08-31 04:00:00,Solution & Aging Heat Treatment Furnace,Heat Treatment & Quenching,1.44,natural_gas,0.0,0.0,0.0,Shift C (Night),31.2,0.0
2026-08-31 04:00:00,Screw Air Compressor (100 HP),Compressed Air Utility,27.27,none,0.0,0.0,0.0,Shift C (Night),33.6,6.38
2026-08-31 04:00:00,Die Cooling Water Circulation System,Cooling Utility,34.75,none,0.0,0.0,1.0,Shift C (Night),25.6,4.04
2026-08-31 05:00:00,HPDC Die Casting Cell #01 (800T),High Pressure Die Casting,1.0,none,0.0,0.0,0.0,Shift C (Night),30.9,0.0
2026-08-31 05:00:00,Aluminum Induction Melting Furnace,Melting & Holding,187.32,none,0.0,627.8,1.0,Shift C (Night),731.7,1.02
2026-08-31 05:00:00,Continuous Shot Blasting Machine,Surface Finishing & Cleaning,1.07,none,0.0,0.0,0.0,Shift C (Night),30.3,0.0
2026-08-31 05:00:00,CNC 5-Axis Machining Center,Machining & Milling,0.8,none,0.0,0.0,0.0,Shift C (Night),29.4,0.0
2026-08-31 05:00:00,Solution & Aging Heat Treatment Furnace,Heat Treatment & Quenching,1.95,natural_gas,0.0,0.0,0.0,Shift C (Night),30.8,0.0
2026-08-31 05:00:00,Screw Air Compressor (100 HP),Compressed Air Utility,26.37,none,0.0,0.0,0.0,Shift C (Night),33.6,6.38
2026-08-31 05:00:00,Die Cooling Water Circulation System,Cooling Utility,36.27,none,0.0,0.0,1.0,Shift C (Night),26.5,3.95
2026-08-31 06:00:00,HPDC Die Casting Cell #01 (800T),High Pressure Die Casting,47.53,none,0.0,376.3,1.0,Shift A (Morning),687.9,122.25
2026-08-31 06:00:00,Aluminum Induction Melting Furnace,Melting & Holding,187.52,none,0.0,628.4,1.0,Shift A (Morning),729.5,1.01
2026-08-31 06:00:00,Continuous Shot Blasting Machine,Surface Finishing & Cleaning,38.56,none,0.0,456.7,1.0,Shift A (Morning),35.0,6.56
2026-08-31 06:00:00,CNC 5-Axis Machining Center,Machining & Milling,31.8,none,0.0,337.9,1.0,Shift A (Morning),27.8,2.48
2026-08-31 06:00:00,Solution & Aging Heat Treatment Furnace,Heat Treatment & Quenching,53.59,natural_gas,31.18,487.2,1.0,Shift A (Morning),514.1,1.23
2026-08-31 06:00:00,Screw Air Compressor (100 HP),Compressed Air Utility,64.93,none,0.0,0.0,1.0,Shift A (Morning),41.5,7.34
2026-08-31 06:00:00,Die Cooling Water Circulation System,Cooling Utility,34.78,none,0.0,0.0,1.0,Shift A (Morning),26.4,3.9
2026-08-31 07:00:00,HPDC Die Casting Cell #01 (800T),High Pressure Die Casting,49.04,none,0.0,388.2,1.0,Shift A (Morning),689.1,122.76
2026-08-31 07:00:00,Aluminum Induction Melting Furnace,Melting & Holding,178.16,none,0.0,597.1,1.0,Shift A (Morning),715.3,1.02
2026-08-31 07:00:00,Continuous Shot Blasting Machine,Surface Finishing & Cleaning,36.88,none,0.0,436.7,1.0,Shift A (Morning),34.8,6.37
2026-08-31 07:00:00,CNC 5-Axis Machining Center,Machining & Milling,32.85,none,0.0,349.0,1.0,Shift A (Morning),28.3,2.55
2026-08-31 07:00:00,Solution & Aging Heat Treatment Furnace,Heat Treatment & Quenching,53.53,natural_gas,31.14,486.6,1.0,Shift A (Morning),518.7,1.19
2026-08-31 07:00:00,Screw Air Compressor (100 HP),Compressed Air Utility,65.92,none,0.0,0.0,1.0,Shift A (Morning),41.6,7.47
2026-08-31 07:00:00,Die Cooling Water Circulation System,Cooling Utility,35.38,none,0.0,0.0,1.0,Shift A (Morning),26.3,3.99
2026-08-31 08:00:00,HPDC Die Casting Cell #01 (800T),High Pressure Die Casting,48.13,none,0.0,381.0,1.0,Shift A (Morning),674.8,122.22
2026-08-31 08:00:00,Aluminum Induction Melting Furnace,Melting & Holding,184.54,none,0.0,618.5,1.0,Shift A (Morning),729.7,0.99
2026-08-31 08:00:00,Continuous Shot Blasting Machine,Surface Finishing & Cleaning,39.36,none,0.0,466.1,1.0,Shift A (Morning),35.7,6.49
2026-08-31 08:00:00,CNC 5-Axis Machining Center,Machining & Milling,31.44,none,0.0,334.1,1.0,Shift A (Morning),27.9,2.5
2026-08-31 08:00:00,Solution & Aging Heat Treatment Furnace,Heat Treatment & Quenching,57.05,natural_gas,33.19,518.7,1.0,Shift A (Morning),526.6,1.22
2026-08-31 08:00:00,Screw Air Compressor (100 HP),Compressed Air Utility,63.12,none,0.0,0.0,1.0,Shift A (Morning),41.6,7.56
2026-08-31 08:00:00,Die Cooling Water Circulation System,Cooling Utility,37.08,none,0.0,0.0,1.0,Shift A (Morning),26.1,3.9
2026-08-31 09:00:00,HPDC Die Casting Cell #01 (800T),High Pressure Die Casting,49.33,none,0.0,390.5,1.0,Shift A (Morning),689.6,118.45
2026-08-31 09:00:00,Aluminum Induction Melting Furnace,Melting & Holding,188.89,none,0.0,633.1,1.0,Shift A (Morning),713.5,1.02
2026-08-31 09:00:00,Continuous Shot Blasting Machine,Surface Finishing & Cleaning,36.93,none,0.0,437.3,1.0,Shift A (Morning),34.9,6.67
2026-08-31 09:00:00,CNC 5-Axis Machining Center,Machining & Milling,31.29,none,0.0,332.4,1.0,Shift A (Morning),27.9,2.48
2026-08-31 09:00:00,Solution & Aging Heat Treatment Furnace,Heat Treatment & Quenching,52.92,natural_gas,30.79,481.1,1.0,Shift A (Morning),510.7,1.2
2026-08-31 09:00:00,Screw Air Compressor (100 HP),Compressed Air Utility,63.63,none,0.0,0.0,1.0,Shift A (Morning),42.8,7.44
2026-08-31 09:00:00,Die Cooling Water Circulation System,Cooling Utility,34.64,none,0.0,0.0,1.0,Shift A (Morning),26.4,4.08
2026-08-31 10:00:00,HPDC Die Casting Cell #01 (800T),High Pressure Die Casting,48.58,none,0.0,384.6,1.0,Shift A (Morning),687.9,117.39
2026-08-31 10:00:00,Aluminum Induction Melting Furnace,Melting & Holding,181.85,none,0.0,609.4,1.0,Shift A (Morning),729.5,1.01
2026-08-31 10:00:00,Continuous Shot Blasting Machine,Surface Finishing & Cleaning,36.9,none,0.0,437.0,1.0,Shift A (Morning),35.3,6.48
2026-08-31 10:00:00,CNC 5-Axis Machining Center,Machining & Milling,30.73,none,0.0,326.5,1.0,Shift A (Morning),27.5,2.46
2026-08-31 10:00:00,Solution & Aging Heat Treatment Furnace,Heat Treatment & Quenching,56.47,natural_gas,32.86,513.4,1.0,Shift A (Morning),521.0,1.22
2026-08-31 10:00:00,Screw Air Compressor (100 HP),Compressed Air Utility,65.14,none,0.0,0.0,1.0,Shift A (Morning),41.3,7.4
2026-08-31 10:00:00,Die Cooling Water Circulation System,Cooling Utility,35.43,none,0.0,0.0,1.0,Shift A (Morning),25.5,3.98
2026-08-31 11:00:00,HPDC Die Casting Cell #01 (800T),High Pressure Die Casting,49.13,none,0.0,388.9,1.0,Shift A (Morning),678.8,117.2
2026-08-31 11:00:00,Aluminum Induction Melting Furnace,Melting & Holding,191.0,none,0.0,640.1,1.0,Shift A (Morning),722.8,0.97
2026-08-31 11:00:00,Continuous Shot Blasting Machine,Surface Finishing & Cleaning,38.05,none,0.0,450.6,1.0,Shift A (Morning),34.6,6.36
2026-08-31 11:00:00,CNC 5-Axis Machining Center,Machining & Milling,31.82,none,0.0,338.1,1.0,Shift A (Morning),28.1,2.46
2026-08-31 11:00:00,Solution & Aging Heat Treatment Furnace,Heat Treatment & Quenching,54.63,natural_gas,31.79,496.7,1.0,Shift A (Morning),523.4,1.17
2026-08-31 11:00:00,Screw Air Compressor (100 HP),Compressed Air Utility,67.47,none,0.0,0.0,1.0,Shift A (Morning),41.3,7.51
2026-08-31 11:00:00,Die Cooling Water Circulation System,Cooling Utility,36.02,none,0.0,0.0,1.0,Shift A (Morning),26.5,4.01
2026-08-31 12:00:00,HPDC Die Casting Cell #01 (800T),High Pressure Die Casting,47.58,none,0.0,376.7,1.0,Shift A (Morning),679.2,120.98
2026-08-31 12:00:00,Aluminum Induction Melting Furnace,Melting & Holding,192.12,none,0.0,643.9,1.0,Shift A (Morning),712.9,0.97
2026-08-31 12:00:00,Continuous Shot Blasting Machine,Surface Finishing & Cleaning,38.88,none,0.0,460.4,1.0,Shift A (Morning),34.8,6.59
2026-08-31 12:00:00,CNC 5-Axis Machining Center,Machining & Milling,32.33,none,0.0,343.5,1.0,Shift A (Morning),28.3,2.54
2026-08-31 12:00:00,Solution & Aging Heat Treatment Furnace,Heat Treatment & Quenching,54.26,natural_gas,31.57,493.3,1.0,Shift A (Morning),510.5,1.2
2026-08-31 12:00:00,Screw Air Compressor (100 HP),Compressed Air Utility,66.63,none,0.0,0.0,1.0,Shift A (Morning),41.5,7.63
2026-08-31 12:00:00,Die Cooling Water Circulation System,Cooling Utility,35.9,none,0.0,0.0,1.0,Shift A (Morning),26.2,4.03
2026-08-31 13:00:00,HPDC Die Casting Cell #01 (800T),High Pressure Die Casting,49.2,none,0.0,389.5,1.0,Shift A (Morning),668.1,121.99
2026-08-31 13:00:00,Aluminum Induction Melting Furnace,Melting & Holding,184.37,none,0.0,617.9,1.0,Shift A (Morning),714.1,0.97
2026-08-31 13:00:00,Continuous Shot Blasting Machine,Surface Finishing & Cleaning,37.09,none,0.0,439.2,1.0,Shift A (Morning),34.4,6.67
2026-08-31 13:00:00,CNC 5-Axis Machining Center,Machining & Milling,32.04,none,0.0,340.4,1.0,Shift A (Morning),28.5,2.51
2026-08-31 13:00:00,Solution & Aging Heat Treatment Furnace,Heat Treatment & Quenching,53.91,natural_gas,31.37,490.1,1.0,Shift A (Morning),525.3,1.18
2026-08-31 13:00:00,Screw Air Compressor (100 HP),Compressed Air Utility,64.26,none,0.0,0.0,1.0,Shift A (Morning),42.5,7.66
2026-08-31 13:00:00,Die Cooling Water Circulation System,Cooling Utility,35.52,none,0.0,0.0,1.0,Shift A (Morning),25.6,3.97
2026-08-31 14:00:00,HPDC Die Casting Cell #01 (800T),High Pressure Die Casting,49.5,none,0.0,391.8,1.0,Shift B (Evening),686.6,122.84
2026-08-31 14:00:00,Aluminum Induction Melting Furnace,Melting & Holding,183.32,none,0.0,614.4,1.0,Shift B (Evening),733.6,1.0
2026-08-31 14:00:00,Continuous Shot Blasting Machine,Surface Finishing & Cleaning,37.99,none,0.0,449.9,1.0,Shift B (Evening),35.6,6.51
2026-08-31 14:00:00,CNC 5-Axis Machining Center,Machining & Milling,32.77,none,0.0,348.2,1.0,Shift B (Evening),28.3,2.44
2026-08-31 14:00:00,Solution & Aging Heat Treatment Furnace,Heat Treatment & Quenching,55.45,natural_gas,32.26,504.1,1.0,Shift B (Evening),526.7,1.2
2026-08-31 14:00:00,Screw Air Compressor (100 HP),Compressed Air Utility,64.07,none,0.0,0.0,1.0,Shift B (Evening),41.3,7.57
2026-08-31 14:00:00,Die Cooling Water Circulation System,Cooling Utility,35.44,none,0.0,0.0,1.0,Shift B (Evening),26.1,3.98
2026-08-31 15:00:00,HPDC Die Casting Cell #01 (800T),High Pressure Die Casting,48.73,none,0.0,385.8,1.0,Shift B (Evening),676.0,116.7
2026-08-31 15:00:00,Aluminum Induction Melting Furnace,Melting & Holding,190.48,none,0.0,638.4,1.0,Shift B (Evening),715.8,1.03
2026-08-31 15:00:00,Continuous Shot Blasting Machine,Surface Finishing & Cleaning,37.31,none,0.0,441.9,1.0,Shift B (Evening),35.7,6.67
2026-08-31 15:00:00,CNC 5-Axis Machining Center,Machining & Milling,30.91,none,0.0,328.4,1.0,Shift B (Evening),28.2,2.48
2026-08-31 15:00:00,Solution & Aging Heat Treatment Furnace,Heat Treatment & Quenching,56.32,natural_gas,32.77,512.0,1.0,Shift B (Evening),523.7,1.23
2026-08-31 15:00:00,Screw Air Compressor (100 HP),Compressed Air Utility,63.14,none,0.0,0.0,1.0,Shift B (Evening),42.2,7.63
2026-08-31 15:00:00,Die Cooling Water Circulation System,Cooling Utility,34.66,none,0.0,0.0,1.0,Shift B (Evening),25.5,4.07
2026-08-31 16:00:00,HPDC Die Casting Cell #01 (800T),High Pressure Die Casting,47.49,none,0.0,375.9,1.0,Shift B (Evening),676.8,120.48
2026-08-31 16:00:00,Aluminum Induction Melting Furnace,Melting & Holding,186.56,none,0.0,625.2,1.0,Shift B (Evening),725.2,1.03
2026-08-31 16:00:00,Continuous Shot Blasting Machine,Surface Finishing & Cleaning,37.61,none,0.0,445.4,1.0,Shift B (Evening),35.4,6.53
2026-08-31 16:00:00,CNC 5-Axis Machining Center,Machining & Milling,32.08,none,0.0,340.8,1.0,Shift B (Evening),27.9,2.52
2026-08-31 16:00:00,Solution & Aging Heat Treatment Furnace,Heat Treatment & Quenching,53.9,natural_gas,31.36,490.0,1.0,Shift B (Evening),512.0,1.22
2026-08-31 16:00:00,Screw Air Compressor (100 HP),Compressed Air Utility,65.0,none,0.0,0.0,1.0,Shift B (Evening),41.8,7.53
2026-08-31 16:00:00,Die Cooling Water Circulation System,Cooling Utility,35.31,none,0.0,0.0,1.0,Shift B (Evening),25.8,3.99
2026-08-31 17:00:00,HPDC Die Casting Cell #01 (800T),High Pressure Die Casting,49.91,none,0.0,395.1,1.0,Shift B (Evening),674.2,123.0
2026-08-31 17:00:00,Aluminum Induction Melting Furnace,Melting & Holding,184.87,none,0.0,619.6,1.0,Shift B (Evening),709.1,1.02
2026-08-31 17:00:00,Continuous Shot Blasting Machine,Surface Finishing & Cleaning,37.85,none,0.0,448.3,1.0,Shift B (Evening),35.6,6.48
2026-08-31 17:00:00,CNC 5-Axis Machining Center,Machining & Milling,30.94,none,0.0,328.8,1.0,Shift B (Evening),28.2,2.55
2026-08-31 17:00:00,Solution & Aging Heat Treatment Furnace,Heat Treatment & Quenching,54.21,natural_gas,31.54,492.8,1.0,Shift B (Evening),516.8,1.17
2026-08-31 17:00:00,Screw Air Compressor (100 HP),Compressed Air Utility,65.22,none,0.0,0.0,1.0,Shift B (Evening),42.7,7.66
2026-08-31 17:00:00,Die Cooling Water Circulation System,Cooling Utility,36.61,none,0.0,0.0,1.0,Shift B (Evening),26.4,4.03
2026-08-31 18:00:00,HPDC Die Casting Cell #01 (800T),High Pressure Die Casting,49.13,none,0.0,388.9,1.0,Shift B (Evening),680.2,117.27
2026-08-31 18:00:00,Aluminum Induction Melting Furnace,Melting & Holding,180.57,none,0.0,605.2,1.0,Shift B (Evening),709.6,1.02
2026-08-31 18:00:00,Continuous Shot Blasting Machine,Surface Finishing & Cleaning,36.56,none,0.0,432.9,1.0,Shift B (Evening),35.1,6.45
2026-08-31 18:00:00,CNC 5-Axis Machining Center,Machining & Milling,32.78,none,0.0,348.3,1.0,Shift B (Evening),28.1,2.52
2026-08-31 18:00:00,Solution & Aging Heat Treatment Furnace,Heat Treatment & Quenching,53.18,natural_gas,30.94,483.4,1.0,Shift B (Evening),516.0,1.24
2026-08-31 18:00:00,Screw Air Compressor (100 HP),Compressed Air Utility,66.14,none,0.0,0.0,1.0,Shift B (Evening),42.0,7.62
2026-08-31 18:00:00,Die Cooling Water Circulation System,Cooling Utility,36.93,none,0.0,0.0,1.0,Shift B (Evening),25.6,4.11
2026-08-31 19:00:00,HPDC Die Casting Cell #01 (800T),High Pressure Die Casting,48.55,none,0.0,384.3,1.0,Shift B (Evening),678.6,121.3
2026-08-31 19:00:00,Aluminum Induction Melting Furnace,Melting & Holding,182.7,none,0.0,612.3,1.0,Shift B (Evening),730.9,1.02
2026-08-31 19:00:00,Continuous Shot Blasting Machine,Surface Finishing & Cleaning,38.42,none,0.0,455.0,1.0,Shift B (Evening),34.6,6.68
2026-08-31 19:00:00,CNC 5-Axis Machining Center,Machining & Milling,31.83,none,0.0,338.2,1.0,Shift B (Evening),28.5,2.43
2026-08-31 19:00:00,Solution & Aging Heat Treatment Furnace,Heat Treatment & Quenching,53.35,natural_gas,31.04,485.0,1.0,Shift B (Evening),512.8,1.18
2026-08-31 19:00:00,Screw Air Compressor (100 HP),Compressed Air Utility,64.08,none,0.0,0.0,1.0,Shift B (Evening),42.4,7.43
2026-08-31 19:00:00,Die Cooling Water Circulation System,Cooling Utility,37.27,none,0.0,0.0,1.0,Shift B (Evening),26.4,4.08
2026-08-31 20:00:00,HPDC Die Casting Cell #01 (800T),High Pressure Die Casting,47.04,none,0.0,372.4,1.0,Shift B (Evening),683.7,120.37
2026-08-31 20:00:00,Aluminum Induction Melting Furnace,Melting & Holding,179.45,none,0.0,601.4,1.0,Shift B (Evening),714.3,1.0
2026-08-31 20:00:00,Continuous Shot Blasting Machine,Surface Finishing & Cleaning,38.01,none,0.0,450.1,1.0,Shift B (Evening),34.5,6.67
2026-08-31 20:00:00,CNC 5-Axis Machining Center,Machining & Milling,31.11,none,0.0,330.6,1.0,Shift B (Evening),28.2,2.53
2026-08-31 20:00:00,Solution & Aging Heat Treatment Furnace,Heat Treatment & Quenching,55.46,natural_gas,32.27,504.2,1.0,Shift B (Evening),527.1,1.2
2026-08-31 20:00:00,Screw Air Compressor (100 HP),Compressed Air Utility,66.69,none,0.0,0.0,1.0,Shift B (Evening),41.2,7.3
2026-08-31 20:00:00,Die Cooling Water Circulation System,Cooling Utility,36.41,none,0.0,0.0,1.0,Shift B (Evening),26.1,4.04
2026-08-31 21:00:00,HPDC Die Casting Cell #01 (800T),High Pressure Die Casting,49.03,none,0.0,388.1,1.0,Shift B (Evening),677.7,121.0
2026-08-31 21:00:00,Aluminum Induction Melting Furnace,Melting & Holding,184.97,none,0.0,619.9,1.0,Shift B (Evening),723.7,0.99
2026-08-31 21:00:00,Continuous Shot Blasting Machine,Surface Finishing & Cleaning,39.39,none,0.0,466.4,1.0,Shift B (Evening),35.0,6.62
2026-08-31 21:00:00,CNC 5-Axis Machining Center,Machining & Milling,32.47,none,0.0,345.0,1.0,Shift B (Evening),27.8,2.44
2026-08-31 21:00:00,Solution & Aging Heat Treatment Furnace,Heat Treatment & Quenching,53.06,natural_gas,30.87,482.4,1.0,Shift B (Evening),518.7,1.2
2026-08-31 21:00:00,Screw Air Compressor (100 HP),Compressed Air Utility,63.46,none,0.0,0.0,1.0,Shift B (Evening),42.2,7.42
2026-08-31 21:00:00,Die Cooling Water Circulation System,Cooling Utility,36.63,none,0.0,0.0,1.0,Shift B (Evening),26.2,4.09
2026-08-31 22:00:00,HPDC Die Casting Cell #01 (800T),High Pressure Die Casting,49.83,none,0.0,394.5,1.0,Shift C (Night),670.0,119.07
2026-08-31 22:00:00,Aluminum Induction Melting Furnace,Melting & Holding,185.91,none,0.0,623.1,1.0,Shift C (Night),714.8,1.0
2026-08-31 22:00:00,Continuous Shot Blasting Machine,Surface Finishing & Cleaning,37.29,none,0.0,441.6,1.0,Shift C (Night),34.6,6.34
2026-08-31 22:00:00,CNC 5-Axis Machining Center,Machining & Milling,31.46,none,0.0,334.3,1.0,Shift C (Night),27.9,2.52
2026-08-31 22:00:00,Solution & Aging Heat Treatment Furnace,Heat Treatment & Quenching,53.89,natural_gas,31.36,489.9,1.0,Shift C (Night),527.6,1.18
2026-08-31 22:00:00,Screw Air Compressor (100 HP),Compressed Air Utility,64.1,none,0.0,0.0,1.0,Shift C (Night),42.1,7.42
2026-08-31 22:00:00,Die Cooling Water Circulation System,Cooling Utility,36.76,none,0.0,0.0,1.0,Shift C (Night),26.0,4.0
2026-08-31 23:00:00,HPDC Die Casting Cell #01 (800T),High Pressure Die Casting,48.0,none,0.0,380.0,1.0,Shift C (Night),674.8,116.57
2026-08-31 23:00:00,Aluminum Induction Melting Furnace,Melting & Holding,191.59,none,0.0,642.1,1.0,Shift C (Night),720.2,1.03
2026-08-31 23:00:00,Continuous Shot Blasting Machine,Surface Finishing & Cleaning,0.9,none,0.0,0.0,0.0,Shift C (Night),29.4,0.0
2026-08-31 23:00:00,CNC 5-Axis Machining Center,Machining & Milling,0.67,none,0.0,0.0,0.0,Shift C (Night),30.0,0.0
2026-08-31 23:00:00,Solution & Aging Heat Treatment Furnace,Heat Treatment & Quenching,56.68,natural_gas,32.98,515.3,1.0,Shift C (Night),523.2,1.2
2026-08-31 23:00:00,Screw Air Compressor (100 HP),Compressed Air Utility,26.88,none,0.0,0.0,0.0,Shift C (Night),33.6,6.38
2026-08-31 23:00:00,Die Cooling Water Circulation System,Cooling Utility,37.0,none,0.0,0.0,1.0,Shift C (Night),25.9,4.09
2026-09-01 00:00:00,HPDC Die Casting Cell #01 (800T),High Pressure Die Casting,1.62,none,0.0,0.0,0.0,Shift C (Night),31.1,0.0
2026-09-01 00:00:00,Aluminum Induction Melting Furnace,Melting & Holding,265.38,none,0.0,552.1,1.0,Shift C (Night),717.1,1.0
2026-09-01 00:00:00,Continuous Shot Blasting Machine,Surface Finishing & Cleaning,0.87,none,0.0,0.0,0.0,Shift C (Night),30.2,0.0
2026-09-01 00:00:00,CNC 5-Axis Machining Center,Machining & Milling,0.7,none,0.0,0.0,0.0,Shift C (Night),30.0,0.0
2026-09-01 00:00:00,Solution & Aging Heat Treatment Furnace,Heat Treatment & Quenching,1.67,natural_gas,0.0,0.0,0.0,Shift C (Night),29.1,0.0
2026-09-01 00:00:00,Screw Air Compressor (100 HP),Compressed Air Utility,28.46,none,0.0,0.0,0.0,Shift C (Night),33.6,6.38
2026-09-01 00:00:00,Die Cooling Water Circulation System,Cooling Utility,36.52,none,0.0,0.0,1.0,Shift C (Night),25.6,4.11
2026-09-01 01:00:00,HPDC Die Casting Cell #01 (800T),High Pressure Die Casting,1.15,none,0.0,0.0,0.0,Shift C (Night),31.2,0.0
2026-09-01 01:00:00,Aluminum Induction Melting Furnace,Melting & Holding,264.8,none,0.0,550.8,1.0,Shift C (Night),732.6,1.02
2026-09-01 01:00:00,Continuous Shot Blasting Machine,Surface Finishing & Cleaning,0.88,none,0.0,0.0,0.0,Shift C (Night),30.0,0.0
2026-09-01 01:00:00,CNC 5-Axis Machining Center,Machining & Milling,1.3,none,0.0,0.0,0.0,Shift C (Night),28.2,0.0
2026-09-01 01:00:00,Solution & Aging Heat Treatment Furnace,Heat Treatment & Quenching,0.79,natural_gas,0.0,0.0,0.0,Shift C (Night),29.3,0.0
2026-09-01 01:00:00,Screw Air Compressor (100 HP),Compressed Air Utility,26.66,none,0.0,0.0,0.0,Shift C (Night),33.6,6.38
2026-09-01 01:00:00,Die Cooling Water Circulation System,Cooling Utility,35.88,none,0.0,0.0,1.0,Shift C (Night),26.1,4.0
2026-09-01 02:00:00,HPDC Die Casting Cell #01 (800T),High Pressure Die Casting,1.06,none,0.0,0.0,0.0,Shift C (Night),30.5,0.0
2026-09-01 02:00:00,Aluminum Induction Melting Furnace,Melting & Holding,261.01,none,0.0,543.0,1.0,Shift C (Night),734.1,1.01
2026-09-01 02:00:00,Continuous Shot Blasting Machine,Surface Finishing & Cleaning,1.02,none,0.0,0.0,0.0,Shift C (Night),29.3,0.0
2026-09-01 02:00:00,CNC 5-Axis Machining Center,Machining & Milling,1.76,none,0.0,0.0,0.0,Shift C (Night),30.1,0.0
2026-09-01 02:00:00,Solution & Aging Heat Treatment Furnace,Heat Treatment & Quenching,1.59,natural_gas,0.0,0.0,0.0,Shift C (Night),29.2,0.0
2026-09-01 02:00:00,Screw Air Compressor (100 HP),Compressed Air Utility,27.86,none,0.0,0.0,0.0,Shift C (Night),33.6,6.38
2026-09-01 02:00:00,Die Cooling Water Circulation System,Cooling Utility,35.62,none,0.0,0.0,1.0,Shift C (Night),26.2,4.12
2026-09-01 03:00:00,HPDC Die Casting Cell #01 (800T),High Pressure Die Casting,1.42,none,0.0,0.0,0.0,Shift C (Night),31.2,0.0
2026-09-01 03:00:00,Aluminum Induction Melting Furnace,Melting & Holding,273.08,none,0.0,568.1,1.0,Shift C (Night),725.4,0.97
2026-09-01 03:00:00,Continuous Shot Blasting Machine,Surface Finishing & Cleaning,1.26,none,0.0,0.0,0.0,Shift C (Night),31.9,0.0
2026-09-01 03:00:00,CNC 5-Axis Machining Center,Machining & Milling,1.7,none,0.0,0.0,0.0,Shift C (Night),31.1,0.0
2026-09-01 03:00:00,Solution & Aging Heat Treatment Furnace,Heat Treatment & Quenching,1.41,natural_gas,0.0,0.0,0.0,Shift C (Night),30.9,0.0
2026-09-01 03:00:00,Screw Air Compressor (100 HP),Compressed Air Utility,27.04,none,0.0,0.0,0.0,Shift C (Night),33.6,6.38
2026-09-01 03:00:00,Die Cooling Water Circulation System,Cooling Utility,35.05,none,0.0,0.0,1.0,Shift C (Night),26.1,4.03
2026-09-01 04:00:00,HPDC Die Casting Cell #01 (800T),High Pressure Die Casting,1.78,none,0.0,0.0,0.0,Shift C (Night),28.6,0.0
2026-09-01 04:00:00,Aluminum Induction Melting Furnace,Melting & Holding,272.12,none,0.0,566.1,1.0,Shift C (Night),706.5,1.03
2026-09-01 04:00:00,Continuous Shot Blasting Machine,Surface Finishing & Cleaning,0.75,none,0.0,0.0,0.0,Shift C (Night),28.1,0.0
2026-09-01 04:00:00,CNC 5-Axis Machining Center,Machining & Milling,1.04,none,0.0,0.0,0.0,Shift C (Night),28.6,0.0
2026-09-01 04:00:00,Solution & Aging Heat Treatment Furnace,Heat Treatment & Quenching,1.57,natural_gas,0.0,0.0,0.0,Shift C (Night),29.6,0.0
2026-09-01 04:00:00,Screw Air Compressor (100 HP),Compressed Air Utility,27.71,none,0.0,0.0,0.0,Shift C (Night),33.6,6.38
2026-09-01 04:00:00,Die Cooling Water Circulation System,Cooling Utility,37.21,none,0.0,0.0,1.0,Shift C (Night),26.4,4.06
2026-09-01 05:00:00,HPDC Die Casting Cell #01 (800T),High Pressure Die Casting,0.69,none,0.0,0.0,0.0,Shift C (Night),28.6,0.0
2026-09-01 05:00:00,Aluminum Induction Melting Furnace,Melting & Holding,261.97,none,0.0,545.0,1.0,Shift C (Night),715.0,1.01
2026-09-01 05:00:00,Continuous Shot Blasting Machine,Surface Finishing & Cleaning,1.34,none,0.0,0.0,0.0,Shift C (Night),29.3,0.0
2026-09-01 05:00:00,CNC 5-Axis Machining Center,Machining & Milling,0.84,none,0.0,0.0,0.0,Shift C (Night),31.6,0.0
2026-09-01 05:00:00,Solution & Aging Heat Treatment Furnace,Heat Treatment & Quenching,1.08,natural_gas,0.0,0.0,0.0,Shift C (Night),29.4,0.0
2026-09-01 05:00:00,Screw Air Compressor (100 HP),Compressed Air Utility,27.7,none,0.0,0.0,0.0,Shift C (Night),33.6,6.38
2026-09-01 05:00:00,Die Cooling Water Circulation System,Cooling Utility,36.64,none,0.0,0.0,1.0,Shift C (Night),26.1,4.05
2026-09-01 06:00:00,HPDC Die Casting Cell #01 (800T),High Pressure Die Casting,48.42,none,0.0,383.3,1.0,Shift A (Morning),671.6,118.17
2026-09-01 06:00:00,Aluminum Induction Melting Furnace,Melting & Holding,269.5,none,0.0,560.6,1.0,Shift A (Morning),712.1,1.03
2026-09-01 06:00:00,Continuous Shot Blasting Machine,Surface Finishing & Cleaning,37.38,none,0.0,442.7,1.0,Shift A (Morning),34.7,6.39
2026-09-01 06:00:00,CNC 5-Axis Machining Center,Machining & Milling,32.52,none,0.0,345.6,1.0,Shift A (Morning),27.8,2.48
2026-09-01 06:00:00,Solution & Aging Heat Treatment Furnace,Heat Treatment & Quenching,56.91,natural_gas,33.11,517.3,1.0,Shift A (Morning),526.1,1.18
2026-09-01 06:00:00,Screw Air Compressor (100 HP),Compressed Air Utility,63.03,none,0.0,0.0,1.0,Shift A (Morning),42.3,7.45
2026-09-01 06:00:00,Die Cooling Water Circulation System,Cooling Utility,37.38,none,0.0,0.0,1.0,Shift A (Morning),26.3,4.11
2026-09-01 07:00:00,HPDC Die Casting Cell #01 (800T),High Pressure Die Casting,49.17,none,0.0,389.3,1.0,Shift A (Morning),674.3,118.47
2026-09-01 07:00:00,Aluminum Induction Melting Furnace,Melting & Holding,272.85,none,0.0,567.5,1.0,Shift A (Morning),715.6,1.0
2026-09-01 07:00:00,Continuous Shot Blasting Machine,Surface Finishing & Cleaning,37.26,none,0.0,441.2,1.0,Shift A (Morning),35.0,6.38
2026-09-01 07:00:00,CNC 5-Axis Machining Center,Machining & Milling,32.1,none,0.0,341.0,1.0,Shift A (Morning),28.5,2.53
2026-09-01 07:00:00,Solution & Aging Heat Treatment Furnace,Heat Treatment & Quenching,53.4,natural_gas,31.07,485.5,1.0,Shift A (Morning),522.4,1.21
2026-09-01 07:00:00,Screw Air Compressor (100 HP),Compressed Air Utility,63.66,none,0.0,0.0,1.0,Shift A (Morning),42.3,7.51
2026-09-01 07:00:00,Die Cooling Water Circulation System,Cooling Utility,36.4,none,0.0,0.0,1.0,Shift A (Morning),25.5,3.98
2026-09-01 08:00:00,HPDC Die Casting Cell #01 (800T),High Pressure Die Casting,48.83,none,0.0,386.6,1.0,Shift A (Morning),669.1,121.95
2026-09-01 08:00:00,Aluminum Induction Melting Furnace,Melting & Holding,257.64,none,0.0,536.0,1.0,Shift A (Morning),721.5,1.03
2026-09-01 08:00:00,Continuous Shot Blasting Machine,Surface Finishing & Cleaning,37.72,none,0.0,446.6,1.0,Shift A (Morning),35.6,6.65
2026-09-01 08:00:00,CNC 5-Axis Machining Center,Machining & Milling,31.94,none,0.0,339.4,1.0,Shift A (Morning),27.7,2.57
2026-09-01 08:00:00,Solution & Aging Heat Treatment Furnace,Heat Treatment & Quenching,54.21,natural_gas,31.54,492.8,1.0,Shift A (Morning),523.0,1.23
2026-09-01 08:00:00,Screw Air Compressor (100 HP),Compressed Air Utility,62.87,none,0.0,0.0,1.0,Shift A (Morning),42.1,7.52
2026-09-01 08:00:00,Die Cooling Water Circulation System,Cooling Utility,36.64,none,0.0,0.0,1.0,Shift A (Morning),26.5,4.1
2026-09-01 09:00:00,HPDC Die Casting Cell #01 (800T),High Pressure Die Casting,46.75,none,0.0,370.1,1.0,Shift A (Morning),690.4,117.67
2026-09-01 09:00:00,Aluminum Induction Melting Furnace,Melting & Holding,277.25,none,0.0,576.7,1.0,Shift A (Morning),734.3,0.99
2026-09-01 09:00:00,Continuous Shot Blasting Machine,Surface Finishing & Cleaning,37.99,none,0.0,449.8,1.0,Shift A (Morning),35.6,6.68
2026-09-01 09:00:00,CNC 5-Axis Machining Center,Machining & Milling,33.09,none,0.0,351.6,1.0,Shift A (Morning),28.4,2.43
2026-09-01 09:00:00,Solution & Aging Heat Treatment Furnace,Heat Treatment & Quenching,55.3,natural_gas,32.17,502.7,1.0,Shift A (Morning),511.8,1.23
2026-09-01 09:00:00,Screw Air Compressor (100 HP),Compressed Air Utility,63.88,none,0.0,0.0,1.0,Shift A (Morning),42.8,7.52
2026-09-01 09:00:00,Die Cooling Water Circulation System,Cooling Utility,35.98,none,0.0,0.0,1.0,Shift A (Morning),26.5,4.08
2026-09-01 10:00:00,HPDC Die Casting Cell #01 (800T),High Pressure Die Casting,47.88,none,0.0,379.0,1.0,Shift A (Morning),671.6,117.21
2026-09-01 10:00:00,Aluminum Induction Melting Furnace,Melting & Holding,261.0,none,0.0,543.0,1.0,Shift A (Morning),718.8,0.99
2026-09-01 10:00:00,Continuous Shot Blasting Machine,Surface Finishing & Cleaning,37.05,none,0.0,438.7,1.0,Shift A (Morning),35.3,6.61
2026-09-01 10:00:00,CNC 5-Axis Machining Center,Machining & Milling,32.17,none,0.0,341.8,1.0,Shift A (Morning),28.3,2.45
2026-09-01 10:00:00,Solution & Aging Heat Treatment Furnace,Heat Treatment & Quenching,56.57,natural_gas,32.91,514.2,1.0,Shift A (Morning),528.3,1.22
2026-09-01 10:00:00,Screw Air Compressor (100 HP),Compressed Air Utility,65.08,none,0.0,0.0,1.0,Shift A (Morning),41.3,7.58
2026-09-01 10:00:00,Die Cooling Water Circulation System,Cooling Utility,35.09,none,0.0,0.0,1.0,Shift A (Morning),25.6,3.96
2026-09-01 11:00:00,HPDC Die Casting Cell #01 (800T),High Pressure Die Casting,47.03,none,0.0,372.3,1.0,Shift A (Morning),673.5,118.1
2026-09-01 11:00:00,Aluminum Induction Melting Furnace,Melting & Holding,273.7,none,0.0,569.3,1.0,Shift A (Morning),733.1,0.99
2026-09-01 11:00:00,Continuous Shot Blasting Machine,Surface Finishing & Cleaning,38.68,none,0.0,458.0,1.0,Shift A (Morning),34.3,6.56
2026-09-01 11:00:00,CNC 5-Axis Machining Center,Machining & Milling,32.49,none,0.0,345.2,1.0,Shift A (Morning),27.5,2.44
2026-09-01 11:00:00,Solution & Aging Heat Treatment Furnace,Heat Treatment & Quenching,54.15,natural_gas,31.51,492.3,1.0,Shift A (Morning),518.0,1.2
2026-09-01 11:00:00,Screw Air Compressor (100 HP),Compressed Air Utility,67.05,none,0.0,0.0,1.0,Shift A (Morning),42.3,7.41
2026-09-01 11:00:00,Die Cooling Water Circulation System,Cooling Utility,34.9,none,0.0,0.0,1.0,Shift A (Morning),26.4,3.95
2026-09-01 12:00:00,HPDC Die Casting Cell #01 (800T),High Pressure Die Casting,48.44,none,0.0,383.5,1.0,Shift A (Morning),672.4,117.36
2026-09-01 12:00:00,Aluminum Induction Melting Furnace,Melting & Holding,260.81,none,0.0,542.5,1.0,Shift A (Morning),727.1,1.01
2026-09-01 12:00:00,Continuous Shot Blasting Machine,Surface Finishing & Cleaning,37.74,none,0.0,447.0,1.0,Shift A (Morning),35.1,6.49
2026-09-01 12:00:00,CNC 5-Axis Machining Center,Machining & Milling,32.1,none,0.0,341.0,1.0,Shift A (Morning),28.2,2.46
2026-09-01 12:00:00,Solution & Aging Heat Treatment Furnace,Heat Treatment & Quenching,53.89,natural_gas,31.35,489.9,1.0,Shift A (Morning),525.3,1.23
2026-09-01 12:00:00,Screw Air Compressor (100 HP),Compressed Air Utility,62.83,none,0.0,0.0,1.0,Shift A (Morning),41.9,7.59
2026-09-01 12:00:00,Die Cooling Water Circulation System,Cooling Utility,34.78,none,0.0,0.0,1.0,Shift A (Morning),26.1,3.89
2026-09-01 13:00:00,HPDC Die Casting Cell #01 (800T),High Pressure Die Casting,48.18,none,0.0,381.4,1.0,Shift A (Morning),680.1,120.52
2026-09-01 13:00:00,Aluminum Induction Melting Furnace,Melting & Holding,260.74,none,0.0,542.3,1.0,Shift A (Morning),715.0,1.0
2026-09-01 13:00:00,Continuous Shot Blasting Machine,Surface Finishing & Cleaning,36.83,none,0.0,436.2,1.0,Shift A (Morning),34.6,6.53
2026-09-01 13:00:00,CNC 5-Axis Machining Center,Machining & Milling,30.95,none,0.0,328.9,1.0,Shift A (Morning),28.0,2.55
2026-09-01 13:00:00,Solution & Aging Heat Treatment Furnace,Heat Treatment & Quenching,54.8,natural_gas,31.88,498.1,1.0,Shift A (Morning),520.3,1.2
2026-09-01 13:00:00,Screw Air Compressor (100 HP),Compressed Air Utility,62.7,none,0.0,0.0,1.0,Shift A (Morning),41.9,7.64
2026-09-01 13:00:00,Die Cooling Water Circulation System,Cooling Utility,36.64,none,0.0,0.0,1.0,Shift A (Morning),25.9,4.08
2026-09-01 14:00:00,HPDC Die Casting Cell #01 (800T),High Pressure Die Casting,48.94,none,0.0,387.5,1.0,Shift B (Evening),682.1,116.73
2026-09-01 14:00:00,Aluminum Induction Melting Furnace,Melting & Holding,264.91,none,0.0,551.1,1.0,Shift B (Evening),707.4,1.03
2026-09-01 14:00:00,Continuous Shot Blasting Machine,Surface Finishing & Cleaning,39.32,none,0.0,465.6,1.0,Shift B (Evening),34.4,6.67
2026-09-01 14:00:00,CNC 5-Axis Machining Center,Machining & Milling,30.8,none,0.0,327.3,1.0,Shift B (Evening),27.9,2.54
2026-09-01 14:00:00,Solution & Aging Heat Treatment Furnace,Heat Treatment & Quenching,56.17,natural_gas,32.68,510.6,1.0,Shift B (Evening),529.9,1.21
2026-09-01 14:00:00,Screw Air Compressor (100 HP),Compressed Air Utility,64.59,none,0.0,0.0,1.0,Shift B (Evening),42.8,7.45
2026-09-01 14:00:00,Die Cooling Water Circulation System,Cooling Utility,37.06,none,0.0,0.0,1.0,Shift B (Evening),26.4,3.97
2026-09-01 15:00:00,HPDC Die Casting Cell #01 (800T),High Pressure Die Casting,48.7,none,0.0,385.6,1.0,Shift B (Evening),684.4,120.28
2026-09-01 15:00:00,Aluminum Induction Melting Furnace,Melting & Holding,271.54,none,0.0,564.8,1.0,Shift B (Evening),715.6,0.98
2026-09-01 15:00:00,Continuous Shot Blasting Machine,Surface Finishing & Cleaning,38.11,none,0.0,451.3,1.0,Shift B (Evening),35.0,6.59
2026-09-01 15:00:00,CNC 5-Axis Machining Center,Machining & Milling,31.29,none,0.0,332.5,1.0,Shift B (Evening),27.4,2.43
2026-09-01 15:00:00,Solution & Aging Heat Treatment Furnace,Heat Treatment & Quenching,54.11,natural_gas,31.48,491.9,1.0,Shift B (Evening),523.6,1.2
2026-09-01 15:00:00,Screw Air Compressor (100 HP),Compressed Air Utility,65.17,none,0.0,0.0,1.0,Shift B (Evening),42.5,7.39
2026-09-01 15:00:00,Die Cooling Water Circulation System,Cooling Utility,35.56,none,0.0,0.0,1.0,Shift B (Evening),25.8,4.1
2026-09-01 16:00:00,HPDC Die Casting Cell #01 (800T),High Pressure Die Casting,48.86,none,0.0,386.8,1.0,Shift B (Evening),669.5,122.23
2026-09-01 16:00:00,Aluminum Induction Melting Furnace,Melting & Holding,266.51,none,0.0,554.4,1.0,Shift B (Evening),727.7,1.02
2026-09-01 16:00:00,Continuous Shot Blasting Machine,Surface Finishing & Cleaning,36.53,none,0.0,432.6,1.0,Shift B (Evening),34.6,6.34
2026-09-01 16:00:00,CNC 5-Axis Machining Center,Machining & Milling,30.81,none,0.0,327.3,1.0,Shift B (Evening),28.1,2.53
2026-09-01 16:00:00,Solution & Aging Heat Treatment Furnace,Heat Treatment & Quenching,53.01,natural_gas,30.84,481.9,1.0,Shift B (Evening),525.0,1.19
2026-09-01 16:00:00,Screw Air Compressor (100 HP),Compressed Air Utility,63.62,none,0.0,0.0,1.0,Shift B (Evening),41.5,7.66
2026-09-01 16:00:00,Die Cooling Water Circulation System,Cooling Utility,34.72,none,0.0,0.0,1.0,Shift B (Evening),26.0,3.95
2026-09-01 17:00:00,HPDC Die Casting Cell #01 (800T),High Pressure Die Casting,49.21,none,0.0,389.6,1.0,Shift B (Evening),686.3,118.7
2026-09-01 17:00:00,Aluminum Induction Melting Furnace,Melting & Holding,270.35,none,0.0,562.4,1.0,Shift B (Evening),725.0,0.99
2026-09-01 17:00:00,Continuous Shot Blasting Machine,Surface Finishing & Cleaning,37.4,none,0.0,442.9,1.0,Shift B (Evening),34.5,6.56
2026-09-01 17:00:00,CNC 5-Axis Machining Center,Machining & Milling,31.29,none,0.0,332.4,1.0,Shift B (Evening),27.8,2.43
2026-09-01 17:00:00,Solution & Aging Heat Treatment Furnace,Heat Treatment & Quenching,56.97,natural_gas,33.15,517.9,1.0,Shift B (Evening),527.9,1.23
2026-09-01 17:00:00,Screw Air Compressor (100 HP),Compressed Air Utility,65.66,none,0.0,0.0,1.0,Shift B (Evening),41.9,7.5
2026-09-01 17:00:00,Die Cooling Water Circulation System,Cooling Utility,37.36,none,0.0,0.0,1.0,Shift B (Evening),26.5,4.04
2026-09-01 18:00:00,HPDC Die Casting Cell #01 (800T),High Pressure Die Casting,49.1,none,0.0,388.7,1.0,Shift B (Evening),675.1,119.4
2026-09-01 18:00:00,Aluminum Induction Melting Furnace,Melting & Holding,260.72,none,0.0,542.3,1.0,Shift B (Evening),716.4,1.02
2026-09-01 18:00:00,Continuous Shot Blasting Machine,Surface Finishing & Cleaning,37.92,none,0.0,449.0,1.0,Shift B (Evening),35.5,6.42
2026-09-01 18:00:00,CNC 5-Axis Machining Center,Machining & Milling,32.53,none,0.0,345.6,1.0,Shift B (Evening),28.3,2.56
2026-09-01 18:00:00,Solution & Aging Heat Treatment Furnace,Heat Treatment & Quenching,55.27,natural_gas,32.16,502.5,1.0,Shift B (Evening),529.7,1.2
2026-09-01 18:00:00,Screw Air Compressor (100 HP),Compressed Air Utility,63.1,none,0.0,0.0,1.0,Shift B (Evening),41.6,7.37
2026-09-01 18:00:00,Die Cooling Water Circulation System,Cooling Utility,36.42,none,0.0,0.0,1.0,Shift B (Evening),26.4,4.08
2026-09-01 19:00:00,HPDC Die Casting Cell #01 (800T),High Pressure Die Casting,46.44,none,0.0,367.6,1.0,Shift B (Evening),686.1,117.77
2026-09-01 19:00:00,Aluminum Induction Melting Furnace,Melting & Holding,263.28,none,0.0,547.6,1.0,Shift B (Evening),725.0,1.01
2026-09-01 19:00:00,Continuous Shot Blasting Machine,Surface Finishing & Cleaning,39.14,none,0.0,463.5,1.0,Shift B (Evening),34.6,6.6
2026-09-01 19:00:00,CNC 5-Axis Machining Center,Machining & Milling,32.57,none,0.0,346.1,1.0,Shift B (Evening),28.1,2.5
2026-09-01 19:00:00,Solution & Aging Heat Treatment Furnace,Heat Treatment & Quenching,56.63,natural_gas,32.95,514.8,1.0,Shift B (Evening),516.5,1.23
2026-09-01 19:00:00,Screw Air Compressor (100 HP),Compressed Air Utility,62.48,none,0.0,0.0,1.0,Shift B (Evening),42.7,7.71
2026-09-01 19:00:00,Die Cooling Water Circulation System,Cooling Utility,34.9,none,0.0,0.0,1.0,Shift B (Evening),26.5,3.99
2026-09-01 20:00:00,HPDC Die Casting Cell #01 (800T),High Pressure Die Casting,47.01,none,0.0,372.2,1.0,Shift B (Evening),682.8,117.87
2026-09-01 20:00:00,Aluminum Induction Melting Furnace,Melting & Holding,277.15,none,0.0,576.5,1.0,Shift B (Evening),721.5,1.02
2026-09-01 20:00:00,Continuous Shot Blasting Machine,Surface Finishing & Cleaning,37.64,none,0.0,445.7,1.0,Shift B (Evening),35.0,6.45
2026-09-01 20:00:00,CNC 5-Axis Machining Center,Machining & Milling,31.39,none,0.0,333.5,1.0,Shift B (Evening),28.0,2.5
2026-09-01 20:00:00,Solution & Aging Heat Treatment Furnace,Heat Treatment & Quenching,53.23,natural_gas,30.97,483.9,1.0,Shift B (Evening),530.0,1.2
2026-09-01 20:00:00,Screw Air Compressor (100 HP),Compressed Air Utility,66.77,none,0.0,0.0,1.0,Shift B (Evening),42.7,7.44
2026-09-01 20:00:00,Die Cooling Water Circulation System,Cooling Utility,35.75,none,0.0,0.0,1.0,Shift B (Evening),26.1,3.93
2026-09-01 21:00:00,HPDC Die Casting Cell #01 (800T),High Pressure Die Casting,46.64,none,0.0,369.2,1.0,Shift B (Evening),673.5,123.13
2026-09-01 21:00:00,Aluminum Induction Melting Furnace,Melting & Holding,269.95,none,0.0,561.5,1.0,Shift B (Evening),717.6,0.98
2026-09-01 21:00:00,Continuous Shot Blasting Machine,Surface Finishing & Cleaning,37.48,none,0.0,443.9,1.0,Shift B (Evening),34.8,6.63
2026-09-01 21:00:00,CNC 5-Axis Machining Center,Machining & Milling,32.0,none,0.0,340.0,1.0,Shift B (Evening),28.2,2.53
2026-09-01 21:00:00,Solution & Aging Heat Treatment Furnace,Heat Treatment & Quenching,53.93,natural_gas,31.38,490.3,1.0,Shift B (Evening),526.7,1.23
2026-09-01 21:00:00,Screw Air Compressor (100 HP),Compressed Air Utility,65.74,none,0.0,0.0,1.0,Shift B (Evening),42.0,7.35
2026-09-01 21:00:00,Die Cooling Water Circulation System,Cooling Utility,36.85,none,0.0,0.0,1.0,Shift B (Evening),25.7,4.05
2026-09-01 22:00:00,HPDC Die Casting Cell #01 (800T),High Pressure Die Casting,47.96,none,0.0,379.6,1.0,Shift C (Night),691.3,120.3
2026-09-01 22:00:00,Aluminum Induction Melting Furnace,Melting & Holding,271.29,none,0.0,564.3,1.0,Shift C (Night),707.3,0.97
2026-09-01 22:00:00,Continuous Shot Blasting Machine,Surface Finishing & Cleaning,39.05,none,0.0,462.5,1.0,Shift C (Night),35.6,6.57
2026-09-01 22:00:00,CNC 5-Axis Machining Center,Machining & Milling,32.68,none,0.0,347.2,1.0,Shift C (Night),27.9,2.55
2026-09-01 22:00:00,Solution & Aging Heat Treatment Furnace,Heat Treatment & Quenching,53.82,natural_gas,31.31,489.3,1.0,Shift C (Night),524.3,1.16
2026-09-01 22:00:00,Screw Air Compressor (100 HP),Compressed Air Utility,65.03,none,0.0,0.0,1.0,Shift C (Night),41.8,7.55
2026-09-01 22:00:00,Die Cooling Water Circulation System,Cooling Utility,36.48,none,0.0,0.0,1.0,Shift C (Night),26.1,4.0
2026-09-01 23:00:00,HPDC Die Casting Cell #01 (800T),High Pressure Die Casting,47.95,none,0.0,379.6,1.0,Shift C (Night),666.6,120.37
2026-09-01 23:00:00,Aluminum Induction Melting Furnace,Melting & Holding,257.78,none,0.0,536.2,1.0,Shift C (Night),720.8,0.99
2026-09-01 23:00:00,Continuous Shot Blasting Machine,Surface Finishing & Cleaning,1.97,none,0.0,0.0,0.0,Shift C (Night),28.1,0.0
2026-09-01 23:00:00,CNC 5-Axis Machining Center,Machining & Milling,1.74,none,0.0,0.0,0.0,Shift C (Night),30.7,0.0
2026-09-01 23:00:00,Solution & Aging Heat Treatment Furnace,Heat Treatment & Quenching,56.35,natural_gas,32.78,512.2,1.0,Shift C (Night),528.5,1.17
2026-09-01 23:00:00,Screw Air Compressor (100 HP),Compressed Air Utility,25.34,none,0.0,0.0,0.0,Shift C (Night),33.6,6.38
2026-09-01 23:00:00,Die Cooling Water Circulation System,Cooling Utility,34.99,none,0.0,0.0,1.0,Shift C (Night),25.7,4.01
2026-09-02 00:00:00,HPDC Die Casting Cell #01 (800T),High Pressure Die Casting,1.74,none,0.0,0.0,0.0,Shift C (Night),29.1,0.0
2026-09-02 00:00:00,Aluminum Induction Melting Furnace,Melting & Holding,266.03,none,0.0,553.4,1.0,Shift C (Night),716.3,0.99
2026-09-02 00:00:00,Continuous Shot Blasting Machine,Surface Finishing & Cleaning,1.39,none,0.0,0.0,0.0,Shift C (Night),32.0,0.0
2026-09-02 00:00:00,CNC 5-Axis Machining Center,Machining & Milling,0.92,none,0.0,0.0,0.0,Shift C (Night),30.7,0.0
2026-09-02 00:00:00,Solution & Aging Heat Treatment Furnace,Heat Treatment & Quenching,1.79,natural_gas,0.0,0.0,0.0,Shift C (Night),30.6,0.0
2026-09-02 00:00:00,Screw Air Compressor (100 HP),Compressed Air Utility,28.0,none,0.0,0.0,0.0,Shift C (Night),33.6,6.38
2026-09-02 00:00:00,Die Cooling Water Circulation System,Cooling Utility,36.75,none,0.0,0.0,1.0,Shift C (Night),25.6,3.97
2026-09-02 01:00:00,HPDC Die Casting Cell #01 (800T),High Pressure Die Casting,1.37,none,0.0,0.0,0.0,Shift C (Night),28.2,0.0
2026-09-02 01:00:00,Aluminum Induction Melting Furnace,Melting & Holding,257.72,none,0.0,536.1,1.0,Shift C (Night),710.5,1.0
2026-09-02 01:00:00,Continuous Shot Blasting Machine,Surface Finishing & Cleaning,1.21,none,0.0,0.0,0.0,Shift C (Night),31.1,0.0
2026-09-02 01:00:00,CNC 5-Axis Machining Center,Machining & Milling,1.39,none,0.0,0.0,0.0,Shift C (Night),31.4,0.0
2026-09-02 01:00:00,Solution & Aging Heat Treatment Furnace,Heat Treatment & Quenching,0.73,natural_gas,0.0,0.0,0.0,Shift C (Night),30.1,0.0
2026-09-02 01:00:00,Screw Air Compressor (100 HP),Compressed Air Utility,25.15,none,0.0,0.0,0.0,Shift C (Night),33.6,6.38
2026-09-02 01:00:00,Die Cooling Water Circulation System,Cooling Utility,35.17,none,0.0,0.0,1.0,Shift C (Night),26.4,4.09
2026-09-02 02:00:00,HPDC Die Casting Cell #01 (800T),High Pressure Die Casting,1.27,none,0.0,0.0,0.0,Shift C (Night),28.2,0.0
2026-09-02 02:00:00,Aluminum Induction Melting Furnace,Melting & Holding,259.11,none,0.0,539.0,1.0,Shift C (Night),732.3,1.02
2026-09-02 02:00:00,Continuous Shot Blasting Machine,Surface Finishing & Cleaning,1.39,none,0.0,0.0,0.0,Shift C (Night),28.1,0.0
2026-09-02 02:00:00,CNC 5-Axis Machining Center,Machining & Milling,1.9,none,0.0,0.0,0.0,Shift C (Night),29.3,0.0
2026-09-02 02:00:00,Solution & Aging Heat Treatment Furnace,Heat Treatment & Quenching,1.95,natural_gas,0.0,0.0,0.0,Shift C (Night),30.3,0.0
2026-09-02 02:00:00,Screw Air Compressor (100 HP),Compressed Air Utility,27.63,none,0.0,0.0,0.0,Shift C (Night),33.6,6.38
2026-09-02 02:00:00,Die Cooling Water Circulation System,Cooling Utility,36.61,none,0.0,0.0,1.0,Shift C (Night),25.9,3.9
2026-09-02 03:00:00,HPDC Die Casting Cell #01 (800T),High Pressure Die Casting,0.83,none,0.0,0.0,0.0,Shift C (Night),29.0,0.0
2026-09-02 03:00:00,Aluminum Induction Melting Furnace,Melting & Holding,275.43,none,0.0,572.9,1.0,Shift C (Night),716.8,1.02
2026-09-02 03:00:00,Continuous Shot Blasting Machine,Surface Finishing & Cleaning,1.06,none,0.0,0.0,0.0,Shift C (Night),31.0,0.0
2026-09-02 03:00:00,CNC 5-Axis Machining Center,Machining & Milling,0.8,none,0.0,0.0,0.0,Shift C (Night),32.0,0.0
2026-09-02 03:00:00,Solution & Aging Heat Treatment Furnace,Heat Treatment & Quenching,1.61,natural_gas,0.0,0.0,0.0,Shift C (Night),30.0,0.0
2026-09-02 03:00:00,Screw Air Compressor (100 HP),Compressed Air Utility,28.41,none,0.0,0.0,0.0,Shift C (Night),33.6,6.38
2026-09-02 03:00:00,Die Cooling Water Circulation System,Cooling Utility,34.71,none,0.0,0.0,1.0,Shift C (Night),25.9,4.08
2026-09-02 04:00:00,HPDC Die Casting Cell #01 (800T),High Pressure Die Casting,1.08,none,0.0,0.0,0.0,Shift C (Night),31.1,0.0
2026-09-02 04:00:00,Aluminum Induction Melting Furnace,Melting & Holding,278.01,none,0.0,578.3,1.0,Shift C (Night),717.0,1.02
2026-09-02 04:00:00,Continuous Shot Blasting Machine,Surface Finishing & Cleaning,0.64,none,0.0,0.0,0.0,Shift C (Night),29.1,0.0
2026-09-02 04:00:00,CNC 5-Axis Machining Center,Machining & Milling,1.99,none,0.0,0.0,0.0,Shift C (Night),30.0,0.0
2026-09-02 04:00:00,Solution & Aging Heat Treatment Furnace,Heat Treatment & Quenching,1.1,natural_gas,0.0,0.0,0.0,Shift C (Night),31.8,0.0
2026-09-02 04:00:00,Screw Air Compressor (100 HP),Compressed Air Utility,26.51,none,0.0,0.0,0.0,Shift C (Night),33.6,6.38
2026-09-02 04:00:00,Die Cooling Water Circulation System,Cooling Utility,36.52,none,0.0,0.0,1.0,Shift C (Night),26.2,3.9
2026-09-02 05:00:00,HPDC Die Casting Cell #01 (800T),High Pressure Die Casting,1.47,none,0.0,0.0,0.0,Shift C (Night),31.2,0.0
2026-09-02 05:00:00,Aluminum Induction Melting Furnace,Melting & Holding,272.82,none,0.0,567.5,1.0,Shift C (Night),708.0,0.98
2026-09-02 05:00:00,Continuous Shot Blasting Machine,Surface Finishing & Cleaning,1.6,none,0.0,0.0,0.0,Shift C (Night),30.5,0.0
2026-09-02 05:00:00,CNC 5-Axis Machining Center,Machining & Milling,1.64,none,0.0,0.0,0.0,Shift C (Night),29.3,0.0
2026-09-02 05:00:00,Solution & Aging Heat Treatment Furnace,Heat Treatment & Quenching,0.75,natural_gas,0.0,0.0,0.0,Shift C (Night),28.0,0.0
2026-09-02 05:00:00,Screw Air Compressor (100 HP),Compressed Air Utility,26.08,none,0.0,0.0,0.0,Shift C (Night),33.6,6.38
2026-09-02 05:00:00,Die Cooling Water Circulation System,Cooling Utility,35.6,none,0.0,0.0,1.0,Shift C (Night),25.8,3.91
2026-09-02 06:00:00,HPDC Die Casting Cell #01 (800T),High Pressure Die Casting,46.8,none,0.0,370.5,1.0,Shift A (Morning),678.6,120.39
2026-09-02 06:00:00,Aluminum Induction Melting Furnace,Melting & Holding,266.28,none,0.0,553.9,1.0,Shift A (Morning),706.4,0.99
2026-09-02 06:00:00,Continuous Shot Blasting Machine,Surface Finishing & Cleaning,36.76,none,0.0,435.4,1.0,Shift A (Morning),35.1,6.43
2026-09-02 06:00:00,CNC 5-Axis Machining Center,Machining & Milling,31.71,none,0.0,336.9,1.0,Shift A (Morning),27.8,2.48
2026-09-02 06:00:00,Solution & Aging Heat Treatment Furnace,Heat Treatment & Quenching,53.17,natural_gas,30.94,483.4,1.0,Shift A (Morning),528.3,1.23
2026-09-02 06:00:00,Screw Air Compressor (100 HP),Compressed Air Utility,67.49,none,0.0,0.0,1.0,Shift A (Morning),42.1,7.35
2026-09-02 06:00:00,Die Cooling Water Circulation System,Cooling Utility,35.66,none,0.0,0.0,1.0,Shift A (Morning),25.6,3.95
2026-09-02 07:00:00,HPDC Die Casting Cell #01 (800T),High Pressure Die Casting,47.97,none,0.0,379.8,1.0,Shift A (Morning),668.1,119.53
2026-09-02 07:00:00,Aluminum Induction Melting Furnace,Melting & Holding,266.55,none,0.0,554.5,1.0,Shift A (Morning),719.5,0.97
2026-09-02 07:00:00,Continuous Shot Blasting Machine,Surface Finishing & Cleaning,37.25,none,0.0,441.1,1.0,Shift A (Morning),34.6,6.55
2026-09-02 07:00:00,CNC 5-Axis Machining Center,Machining & Milling,32.24,none,0.0,342.6,1.0,Shift A (Morning),27.7,2.44
2026-09-02 07:00:00,Solution & Aging Heat Treatment Furnace,Heat Treatment & Quenching,54.14,natural_gas,31.5,492.2,1.0,Shift A (Morning),529.3,1.19
2026-09-02 07:00:00,Screw Air Compressor (100 HP),Compressed Air Utility,65.62,none,0.0,0.0,1.0,Shift A (Morning),42.5,7.42
2026-09-02 07:00:00,Die Cooling Water Circulation System,Cooling Utility,35.52,none,0.0,0.0,1.0,Shift A (Morning),26.3,4.09
2026-09-02 08:00:00,HPDC Die Casting Cell #01 (800T),High Pressure Die Casting,49.82,none,0.0,394.4,1.0,Shift A (Morning),670.1,118.71
2026-09-02 08:00:00,Aluminum Induction Melting Furnace,Melting & Holding,277.85,none,0.0,578.0,1.0,Shift A (Morning),711.4,0.99
2026-09-02 08:00:00,Continuous Shot Blasting Machine,Surface Finishing & Cleaning,39.41,none,0.0,466.7,1.0,Shift A (Morning),35.7,6.42
2026-09-02 08:00:00,CNC 5-Axis Machining Center,Machining & Milling,32.5,none,0.0,345.3,1.0,Shift A (Morning),28.0,2.51
2026-09-02 08:00:00,Solution & Aging Heat Treatment Furnace,Heat Treatment & Quenching,53.87,natural_gas,31.34,489.7,1.0,Shift A (Morning),517.4,1.22
2026-09-02 08:00:00,Screw Air Compressor (100 HP),Compressed Air Utility,64.44,none,0.0,0.0,1.0,Shift A (Morning),41.4,7.53
2026-09-02 08:00:00,Die Cooling Water Circulation System,Cooling Utility,36.27,none,0.0,0.0,1.0,Shift A (Morning),26.0,4.04
2026-09-02 09:00:00,HPDC Die Casting Cell #01 (800T),High Pressure Die Casting,48.19,none,0.0,381.5,1.0,Shift A (Morning),692.3,119.72
2026-09-02 09:00:00,Aluminum Induction Melting Furnace,Melting & Holding,272.72,none,0.0,567.3,1.0,Shift A (Morning),718.2,0.99
2026-09-02 09:00:00,Continuous Shot Blasting Machine,Surface Finishing & Cleaning,38.59,none,0.0,456.9,1.0,Shift A (Morning),35.4,6.62
2026-09-02 09:00:00,CNC 5-Axis Machining Center,Machining & Milling,31.77,none,0.0,337.5,1.0,Shift A (Morning),28.0,2.52
2026-09-02 09:00:00,Solution & Aging Heat Treatment Furnace,Heat Treatment & Quenching,53.86,natural_gas,31.34,489.7,1.0,Shift A (Morning),523.3,1.22
2026-09-02 09:00:00,Screw Air Compressor (100 HP),Compressed Air Utility,66.5,none,0.0,0.0,1.0,Shift A (Morning),41.3,7.72
2026-09-02 09:00:00,Die Cooling Water Circulation System,Cooling Utility,35.94,none,0.0,0.0,1.0,Shift A (Morning),25.9,4.0
2026-09-02 10:00:00,HPDC Die Casting Cell #01 (800T),High Pressure Die Casting,49.61,none,0.0,392.8,1.0,Shift A (Morning),685.2,120.31
2026-09-02 10:00:00,Aluminum Induction Melting Furnace,Melting & Holding,274.49,none,0.0,571.0,1.0,Shift A (Morning),716.0,1.02
2026-09-02 10:00:00,Continuous Shot Blasting Machine,Surface Finishing & Cleaning,38.11,none,0.0,451.3,1.0,Shift A (Morning),35.2,6.34
2026-09-02 10:00:00,CNC 5-Axis Machining Center,Machining & Milling,32.69,none,0.0,347.3,1.0,Shift A (Morning),28.2,2.48
2026-09-02 10:00:00,Solution & Aging Heat Treatment Furnace,Heat Treatment & Quenching,55.65,natural_gas,32.38,505.9,1.0,Shift A (Morning),510.5,1.23
2026-09-02 10:00:00,Screw Air Compressor (100 HP),Compressed Air Utility,65.92,none,0.0,0.0,1.0,Shift A (Morning),41.8,7.61
2026-09-02 10:00:00,Die Cooling Water Circulation System,Cooling Utility,37.34,none,0.0,0.0,1.0,Shift A (Morning),25.9,3.88
2026-09-02 11:00:00,HPDC Die Casting Cell #01 (800T),High Pressure Die Casting,47.07,none,0.0,372.7,1.0,Shift A (Morning),680.3,120.14
2026-09-02 11:00:00,Aluminum Induction Melting Furnace,Melting & Holding,269.98,none,0.0,561.6,1.0,Shift A (Morning),722.2,1.0
2026-09-02 11:00:00,Continuous Shot Blasting Machine,Surface Finishing & Cleaning,37.67,none,0.0,446.1,1.0,Shift A (Morning),35.4,6.53
2026-09-02 11:00:00,CNC 5-Axis Machining Center,Machining & Milling,32.0,none,0.0,340.0,1.0,Shift A (Morning),27.8,2.43
2026-09-02 11:00:00,Solution & Aging Heat Treatment Furnace,Heat Treatment & Quenching,53.26,natural_gas,30.99,484.2,1.0,Shift A (Morning),518.3,1.23
2026-09-02 11:00:00,Screw Air Compressor (100 HP),Compressed Air Utility,63.0,none,0.0,0.0,1.0,Shift A (Morning),42.7,7.34
2026-09-02 11:00:00,Die Cooling Water Circulation System,Cooling Utility,35.46,none,0.0,0.0,1.0,Shift A (Morning),26.0,3.93
2026-09-02 12:00:00,HPDC Die Casting Cell #01 (800T),High Pressure Die Casting,47.93,none,0.0,379.5,1.0,Shift A (Morning),679.4,119.55
2026-09-02 12:00:00,Aluminum Induction Melting Furnace,Melting & Holding,272.47,none,0.0,566.8,1.0,Shift A (Morning),714.8,0.99
2026-09-02 12:00:00,Continuous Shot Blasting Machine,Surface Finishing & Cleaning,38.94,none,0.0,461.2,1.0,Shift A (Morning),34.5,6.64
2026-09-02 12:00:00,CNC 5-Axis Machining Center,Machining & Milling,32.38,none,0.0,344.0,1.0,Shift A (Morning),28.2,2.45
2026-09-02 12:00:00,Solution & Aging Heat Treatment Furnace,Heat Treatment & Quenching,57.13,natural_gas,33.24,519.4,1.0,Shift A (Morning),514.7,1.18
2026-09-02 12:00:00,Screw Air Compressor (100 HP),Compressed Air Utility,63.23,none,0.0,0.0,1.0,Shift A (Morning),42.1,7.71
2026-09-02 12:00:00,Die Cooling Water Circulation System,Cooling Utility,35.23,none,0.0,0.0,1.0,Shift A (Morning),25.9,3.92
2026-09-02 13:00:00,HPDC Die Casting Cell #01 (800T),High Pressure Die Casting,48.54,none,0.0,384.3,1.0,Shift A (Morning),678.2,116.61
2026-09-02 13:00:00,Aluminum Induction Melting Furnace,Melting & Holding,270.7,none,0.0,563.1,1.0,Shift A (Morning),711.3,1.01
2026-09-02 13:00:00,Continuous Shot Blasting Machine,Surface Finishing & Cleaning,37.66,none,0.0,446.0,1.0,Shift A (Morning),35.3,6.39
2026-09-02 13:00:00,CNC 5-Axis Machining Center,Machining & Milling,32.65,none,0.0,346.9,1.0,Shift A (Morning),28.3,2.43
2026-09-02 13:00:00,Solution & Aging Heat Treatment Furnace,Heat Treatment & Quenching,53.25,natural_gas,30.98,484.1,1.0,Shift A (Morning),527.7,1.18
2026-09-02 13:00:00,Screw Air Compressor (100 HP),Compressed Air Utility,64.1,none,0.0,0.0,1.0,Shift A (Morning),41.9,7.39
2026-09-02 13:00:00,Die Cooling Water Circulation System,Cooling Utility,37.04,none,0.0,0.0,1.0,Shift A (Morning),26.0,4.03
2026-09-02 14:00:00,HPDC Die Casting Cell #01 (800T),High Pressure Die Casting,48.37,none,0.0,382.9,1.0,Shift B (Evening),683.0,120.63
2026-09-02 14:00:00,Aluminum Induction Melting Furnace,Melting & Holding,264.99,none,0.0,551.2,1.0,Shift B (Evening),730.0,1.01
2026-09-02 14:00:00,Continuous Shot Blasting Machine,Surface Finishing & Cleaning,38.95,none,0.0,461.3,1.0,Shift B (Evening),35.3,6.42
2026-09-02 14:00:00,CNC 5-Axis Machining Center,Machining & Milling,32.29,none,0.0,343.1,1.0,Shift B (Evening),27.5,2.45
2026-09-02 14:00:00,Solution & Aging Heat Treatment Furnace,Heat Treatment & Quenching,53.32,natural_gas,31.02,484.7,1.0,Shift B (Evening),516.0,1.18
2026-09-02 14:00:00,Screw Air Compressor (100 HP),Compressed Air Utility,66.01,none,0.0,0.0,1.0,Shift B (Evening),42.0,7.46
2026-09-02 14:00:00,Die Cooling Water Circulation System,Cooling Utility,34.96,none,0.0,0.0,1.0,Shift B (Evening),25.9,3.92
2026-09-02 15:00:00,HPDC Die Casting Cell #01 (800T),High Pressure Die Casting,48.52,none,0.0,384.1,1.0,Shift B (Evening),685.3,121.05
2026-09-02 15:00:00,Aluminum Induction Melting Furnace,Melting & Holding,278.98,none,0.0,580.3,1.0,Shift B (Evening),721.6,1.0
2026-09-02 15:00:00,Continuous Shot Blasting Machine,Surface Finishing & Cleaning,36.91,none,0.0,437.1,1.0,Shift B (Evening),34.7,6.48
2026-09-02 15:00:00,CNC 5-Axis Machining Center,Machining & Milling,30.86,none,0.0,327.9,1.0,Shift B (Evening),27.8,2.43
2026-09-02 15:00:00,Solution & Aging Heat Treatment Furnace,Heat Treatment & Quenching,53.4,natural_gas,31.07,485.5,1.0,Shift B (Evening),526.6,1.23
2026-09-02 15:00:00,Screw Air Compressor (100 HP),Compressed Air Utility,65.03,none,0.0,0.0,1.0,Shift B (Evening),42.0,7.58
2026-09-02 15:00:00,Die Cooling Water Circulation System,Cooling Utility,35.76,none,0.0,0.0,1.0,Shift B (Evening),26.4,4.0
2026-09-02 16:00:00,HPDC Die Casting Cell #01 (800T),High Pressure Die Casting,46.4,none,0.0,367.3,1.0,Shift B (Evening),667.2,121.88
2026-09-02 16:00:00,Aluminum Induction Melting Furnace,Melting & Holding,263.78,none,0.0,548.7,1.0,Shift B (Evening),713.5,1.0
2026-09-02 16:00:00,Continuous Shot Blasting Machine,Surface Finishing & Cleaning,36.99,none,0.0,438.1,1.0,Shift B (Evening),34.9,6.59
2026-09-02 16:00:00,CNC 5-Axis Machining Center,Machining & Milling,32.68,none,0.0,347.2,1.0,Shift B (Evening),28.1,2.44
2026-09-02 16:00:00,Solution & Aging Heat Treatment Furnace,Heat Treatment & Quenching,53.3,natural_gas,31.01,484.6,1.0,Shift B (Evening),525.7,1.22
2026-09-02 16:00:00,Screw Air Compressor (100 HP),Compressed Air Utility,64.31,none,0.0,0.0,1.0,Shift B (Evening),42.5,7.29
2026-09-02 16:00:00,Die Cooling Water Circulation System,Cooling Utility,36.63,none,0.0,0.0,1.0,Shift B (Evening),26.0,4.12
2026-09-02 17:00:00,HPDC Die Casting Cell #01 (800T),High Pressure Die Casting,46.47,none,0.0,367.9,1.0,Shift B (Evening),689.0,121.81
2026-09-02 17:00:00,Aluminum Induction Melting Furnace,Melting & Holding,263.91,none,0.0,549.0,1.0,Shift B (Evening),734.4,1.0
2026-09-02 17:00:00,Continuous Shot Blasting Machine,Surface Finishing & Cleaning,37.54,none,0.0,444.5,1.0,Shift B (Evening),35.4,6.48
2026-09-02 17:00:00,CNC 5-Axis Machining Center,Machining & Milling,33.26,none,0.0,353.4,1.0,Shift B (Evening),28.3,2.46
2026-09-02 17:00:00,Solution & Aging Heat Treatment Furnace,Heat Treatment & Quenching,56.37,natural_gas,32.8,512.4,1.0,Shift B (Evening),521.8,1.19
2026-09-02 17:00:00,Screw Air Compressor (100 HP),Compressed Air Utility,66.1,none,0.0,0.0,1.0,Shift B (Evening),42.2,7.35
2026-09-02 17:00:00,Die Cooling Water Circulation System,Cooling Utility,34.96,none,0.0,0.0,1.0,Shift B (Evening),25.7,3.93
2026-09-02 18:00:00,HPDC Die Casting Cell #01 (800T),High Pressure Die Casting,46.31,none,0.0,366.6,1.0,Shift B (Evening),675.9,118.42
2026-09-02 18:00:00,Aluminum Induction Melting Furnace,Melting & Holding,269.08,none,0.0,559.7,1.0,Shift B (Evening),714.9,1.01
2026-09-02 18:00:00,Continuous Shot Blasting Machine,Surface Finishing & Cleaning,37.36,none,0.0,442.4,1.0,Shift B (Evening),34.7,6.64
2026-09-02 18:00:00,CNC 5-Axis Machining Center,Machining & Milling,33.24,none,0.0,353.2,1.0,Shift B (Evening),28.2,2.44
2026-09-02 18:00:00,Solution & Aging Heat Treatment Furnace,Heat Treatment & Quenching,57.04,natural_gas,33.18,518.5,1.0,Shift B (Evening),525.9,1.23
2026-09-02 18:00:00,Screw Air Compressor (100 HP),Compressed Air Utility,67.56,none,0.0,0.0,1.0,Shift B (Evening),42.6,7.33
2026-09-02 18:00:00,Die Cooling Water Circulation System,Cooling Utility,37.05,none,0.0,0.0,1.0,Shift B (Evening),25.7,4.05
2026-09-02 19:00:00,HPDC Die Casting Cell #01 (800T),High Pressure Die Casting,49.26,none,0.0,390.0,1.0,Shift B (Evening),687.1,121.27
2026-09-02 19:00:00,Aluminum Induction Melting Furnace,Melting & Holding,268.02,none,0.0,557.6,1.0,Shift B (Evening),722.2,0.99
2026-09-02 19:00:00,Continuous Shot Blasting Machine,Surface Finishing & Cleaning,37.74,none,0.0,446.9,1.0,Shift B (Evening),34.9,6.55
2026-09-02 19:00:00,CNC 5-Axis Machining Center,Machining & Milling,32.97,none,0.0,350.3,1.0,Shift B (Evening),27.5,2.5
2026-09-02 19:00:00,Solution & Aging Heat Treatment Furnace,Heat Treatment & Quenching,54.02,natural_gas,31.43,491.1,1.0,Shift B (Evening),529.1,1.19
2026-09-02 19:00:00,Screw Air Compressor (100 HP),Compressed Air Utility,67.34,none,0.0,0.0,1.0,Shift B (Evening),41.7,7.28
2026-09-02 19:00:00,Die Cooling Water Circulation System,Cooling Utility,36.79,none,0.0,0.0,1.0,Shift B (Evening),26.2,4.06
2026-09-02 20:00:00,HPDC Die Casting Cell #01 (800T),High Pressure Die Casting,47.84,none,0.0,378.7,1.0,Shift B (Evening),684.5,118.98
2026-09-02 20:00:00,Aluminum Induction Melting Furnace,Melting & Holding,258.88,none,0.0,538.5,1.0,Shift B (Evening),721.0,0.98
2026-09-02 20:00:00,Continuous Shot Blasting Machine,Surface Finishing & Cleaning,37.79,none,0.0,447.5,1.0,Shift B (Evening),34.6,6.41
2026-09-02 20:00:00,CNC 5-Axis Machining Center,Machining & Milling,32.84,none,0.0,348.9,1.0,Shift B (Evening),27.8,2.51
2026-09-02 20:00:00,Solution & Aging Heat Treatment Furnace,Heat Treatment & Quenching,55.29,natural_gas,32.17,502.6,1.0,Shift B (Evening),519.7,1.19
2026-09-02 20:00:00,Screw Air Compressor (100 HP),Compressed Air Utility,65.95,none,0.0,0.0,1.0,Shift B (Evening),41.2,7.32
2026-09-02 20:00:00,Die Cooling Water Circulation System,Cooling Utility,36.82,none,0.0,0.0,1.0,Shift B (Evening),26.0,3.91
2026-09-02 21:00:00,HPDC Die Casting Cell #01 (800T),High Pressure Die Casting,49.37,none,0.0,390.9,1.0,Shift B (Evening),678.4,116.4
2026-09-02 21:00:00,Aluminum Induction Melting Furnace,Melting & Holding,278.08,none,0.0,578.4,1.0,Shift B (Evening),711.4,1.01
2026-09-02 21:00:00,Continuous Shot Blasting Machine,Surface Finishing & Cleaning,36.88,none,0.0,436.7,1.0,Shift B (Evening),35.2,6.37
2026-09-02 21:00:00,CNC 5-Axis Machining Center,Machining & Milling,33.11,none,0.0,351.8,1.0,Shift B (Evening),27.7,2.52
2026-09-02 21:00:00,Solution & Aging Heat Treatment Furnace,Heat Treatment & Quenching,53.9,natural_gas,31.36,490.0,1.0,Shift B (Evening),517.3,1.23
2026-09-02 21:00:00,Screw Air Compressor (100 HP),Compressed Air Utility,63.26,none,0.0,0.0,1.0,Shift B (Evening),41.8,7.41
2026-09-02 21:00:00,Die Cooling Water Circulation System,Cooling Utility,36.57,none,0.0,0.0,1.0,Shift B (Evening),25.7,4.04
2026-09-02 22:00:00,HPDC Die Casting Cell #01 (800T),High Pressure Die Casting,48.78,none,0.0,386.2,1.0,Shift C (Night),666.4,119.83
2026-09-02 22:00:00,Aluminum Induction Melting Furnace,Melting & Holding,260.36,none,0.0,541.6,1.0,Shift C (Night),712.1,1.01
2026-09-02 22:00:00,Continuous Shot Blasting Machine,Surface Finishing & Cleaning,36.51,none,0.0,432.3,1.0,Shift C (Night),35.3,6.62
2026-09-02 22:00:00,CNC 5-Axis Machining Center,Machining & Milling,33.25,none,0.0,353.3,1.0,Shift C (Night),27.9,2.44
2026-09-02 22:00:00,Solution & Aging Heat Treatment Furnace,Heat Treatment & Quenching,53.11,natural_gas,30.9,482.8,1.0,Shift C (Night),517.6,1.22
2026-09-02 22:00:00,Screw Air Compressor (100 HP),Compressed Air Utility,62.93,none,0.0,0.0,1.0,Shift C (Night),41.7,7.67
2026-09-02 22:00:00,Die Cooling Water Circulation System,Cooling Utility,34.95,none,0.0,0.0,1.0,Shift C (Night),26.3,4.06
2026-09-02 23:00:00,HPDC Die Casting Cell #01 (800T),High Pressure Die Casting,46.59,none,0.0,368.8,1.0,Shift C (Night),693.4,117.43
2026-09-02 23:00:00,Aluminum Induction Melting Furnace,Melting & Holding,268.9,none,0.0,559.4,1.0,Shift C (Night),705.8,1.01
2026-09-02 23:00:00,Continuous Shot Blasting Machine,Surface Finishing & Cleaning,1.22,none,0.0,0.0,0.0,Shift C (Night),30.9,0.0
2026-09-02 23:00:00,CNC 5-Axis Machining Center,Machining & Milling,1.48,none,0.0,0.0,0.0,Shift C (Night),28.6,0.0
2026-09-02 23:00:00,Solution & Aging Heat Treatment Furnace,Heat Treatment & Quenching,54.61,natural_gas,31.77,496.5,1.0,Shift C (Night),523.9,1.23
2026-09-02 23:00:00,Screw Air Compressor (100 HP),Compressed Air Utility,25.3,none,0.0,0.0,0.0,Shift C (Night),33.6,6.38
2026-09-02 23:00:00,Die Cooling Water Circulation System,Cooling Utility,34.85,none,0.0,0.0,1.0,Shift C (Night),26.3,4.02
2026-09-03 00:00:00,HPDC Die Casting Cell #01 (800T),High Pressure Die Casting,1.14,none,0.0,0.0,0.0,Shift C (Night),31.9,0.0
2026-09-03 00:00:00,Aluminum Induction Melting Furnace,Melting & Holding,182.25,none,0.0,610.8,1.0,Shift C (Night),709.6,0.99
2026-09-03 00:00:00,Continuous Shot Blasting Machine,Surface Finishing & Cleaning,0.72,none,0.0,0.0,0.0,Shift C (Night),30.2,0.0
2026-09-03 00:00:00,CNC 5-Axis Machining Center,Machining & Milling,1.44,none,0.0,0.0,0.0,Shift C (Night),30.4,0.0
2026-09-03 00:00:00,Solution & Aging Heat Treatment Furnace,Heat Treatment & Quenching,1.69,natural_gas,0.0,0.0,0.0,Shift C (Night),30.8,0.0
2026-09-03 00:00:00,Screw Air Compressor (100 HP),Compressed Air Utility,27.97,none,0.0,0.0,0.0,Shift C (Night),33.6,6.38
2026-09-03 00:00:00,Die Cooling Water Circulation System,Cooling Utility,36.46,none,0.0,0.0,1.0,Shift C (Night),25.8,4.0
2026-09-03 01:00:00,HPDC Die Casting Cell #01 (800T),High Pressure Die Casting,1.31,none,0.0,0.0,0.0,Shift C (Night),31.0,0.0
2026-09-03 01:00:00,Aluminum Induction Melting Furnace,Melting & Holding,181.97,none,0.0,609.9,1.0,Shift C (Night),707.2,1.02
2026-09-03 01:00:00,Continuous Shot Blasting Machine,Surface Finishing & Cleaning,1.94,none,0.0,0.0,0.0,Shift C (Night),30.0,0.0
2026-09-03 01:00:00,CNC 5-Axis Machining Center,Machining & Milling,0.76,none,0.0,0.0,0.0,Shift C (Night),30.0,0.0
2026-09-03 01:00:00,Solution & Aging Heat Treatment Furnace,Heat Treatment & Quenching,1.43,natural_gas,0.0,0.0,0.0,Shift C (Night),30.1,0.0
2026-09-03 01:00:00,Screw Air Compressor (100 HP),Compressed Air Utility,28.42,none,0.0,0.0,0.0,Shift C (Night),33.6,6.38
2026-09-03 01:00:00,Die Cooling Water Circulation System,Cooling Utility,37.4,none,0.0,0.0,1.0,Shift C (Night),26.5,3.91
2026-09-03 02:00:00,HPDC Die Casting Cell #01 (800T),High Pressure Die Casting,1.81,none,0.0,0.0,0.0,Shift C (Night),30.3,0.0
2026-09-03 02:00:00,Aluminum Induction Melting Furnace,Melting & Holding,183.01,none,0.0,613.3,1.0,Shift C (Night),725.3,1.02
2026-09-03 02:00:00,Continuous Shot Blasting Machine,Surface Finishing & Cleaning,1.94,none,0.0,0.0,0.0,Shift C (Night),31.1,0.0
2026-09-03 02:00:00,CNC 5-Axis Machining Center,Machining & Milling,0.62,none,0.0,0.0,0.0,Shift C (Night),28.3,0.0
2026-09-03 02:00:00,Solution & Aging Heat Treatment Furnace,Heat Treatment & Quenching,0.97,natural_gas,0.0,0.0,0.0,Shift C (Night),28.2,0.0
2026-09-03 02:00:00,Screw Air Compressor (100 HP),Compressed Air Utility,25.21,none,0.0,0.0,0.0,Shift C (Night),33.6,6.38
2026-09-03 02:00:00,Die Cooling Water Circulation System,Cooling Utility,36.83,none,0.0,0.0,1.0,Shift C (Night),26.0,4.03
2026-09-03 03:00:00,HPDC Die Casting Cell #01 (800T),High Pressure Die Casting,1.3,none,0.0,0.0,0.0,Shift C (Night),29.7,0.0
2026-09-03 03:00:00,Aluminum Induction Melting Furnace,Melting & Holding,187.99,none,0.0,630.0,1.0,Shift C (Night),708.0,1.0
2026-09-03 03:00:00,Continuous Shot Blasting Machine,Surface Finishing & Cleaning,1.46,none,0.0,0.0,0.0,Shift C (Night),29.1,0.0
2026-09-03 03:00:00,CNC 5-Axis Machining Center,Machining & Milling,1.03,none,0.0,0.0,0.0,Shift C (Night),30.0,0.0
2026-09-03 03:00:00,Solution & Aging Heat Treatment Furnace,Heat Treatment & Quenching,0.88,natural_gas,0.0,0.0,0.0,Shift C (Night),31.2,0.0
2026-09-03 03:00:00,Screw Air Compressor (100 HP),Compressed Air Utility,26.88,none,0.0,0.0,0.0,Shift C (Night),33.6,6.38
2026-09-03 03:00:00,Die Cooling Water Circulation System,Cooling Utility,35.69,none,0.0,0.0,1.0,Shift C (Night),26.1,4.08
2026-09-03 04:00:00,HPDC Die Casting Cell #01 (800T),High Pressure Die Casting,1.55,none,0.0,0.0,0.0,Shift C (Night),28.3,0.0
2026-09-03 04:00:00,Aluminum Induction Melting Furnace,Melting & Holding,187.94,none,0.0,629.9,1.0,Shift C (Night),726.6,1.02
2026-09-03 04:00:00,Continuous Shot Blasting Machine,Surface Finishing & Cleaning,0.68,none,0.0,0.0,0.0,Shift C (Night),28.3,0.0
2026-09-03 04:00:00,CNC 5-Axis Machining Center,Machining & Milling,1.21,none,0.0,0.0,0.0,Shift C (Night),29.8,0.0
2026-09-03 04:00:00,Solution & Aging Heat Treatment Furnace,Heat Treatment & Quenching,1.45,natural_gas,0.0,0.0,0.0,Shift C (Night),29.2,0.0
2026-09-03 04:00:00,Screw Air Compressor (100 HP),Compressed Air Utility,27.6,none,0.0,0.0,0.0,Shift C (Night),33.6,6.38
2026-09-03 04:00:00,Die Cooling Water Circulation System,Cooling Utility,36.69,none,0.0,0.0,1.0,Shift C (Night),25.6,4.05
2026-09-03 05:00:00,HPDC Die Casting Cell #01 (800T),High Pressure Die Casting,1.58,none,0.0,0.0,0.0,Shift C (Night),28.7,0.0
2026-09-03 05:00:00,Aluminum Induction Melting Furnace,Melting & Holding,191.7,none,0.0,642.5,1.0,Shift C (Night),720.7,1.02
2026-09-03 05:00:00,Continuous Shot Blasting Machine,Surface Finishing & Cleaning,1.61,none,0.0,0.0,0.0,Shift C (Night),28.7,0.0
2026-09-03 05:00:00,CNC 5-Axis Machining Center,Machining & Milling,0.78,none,0.0,0.0,0.0,Shift C (Night),31.1,0.0
2026-09-03 05:00:00,Solution & Aging Heat Treatment Furnace,Heat Treatment & Quenching,0.98,natural_gas,0.0,0.0,0.0,Shift C (Night),31.5,0.0
2026-09-03 05:00:00,Screw Air Compressor (100 HP),Compressed Air Utility,27.7,none,0.0,0.0,0.0,Shift C (Night),33.6,6.38
2026-09-03 05:00:00,Die Cooling Water Circulation System,Cooling Utility,34.64,none,0.0,0.0,1.0,Shift C (Night),26.3,3.95
2026-09-03 06:00:00,HPDC Die Casting Cell #01 (800T),High Pressure Die Casting,46.33,none,0.0,366.7,1.0,Shift A (Morning),685.8,120.55
2026-09-03 06:00:00,Aluminum Induction Melting Furnace,Melting & Holding,178.74,none,0.0,599.0,1.0,Shift A (Morning),718.7,0.99
2026-09-03 06:00:00,Continuous Shot Blasting Machine,Surface Finishing & Cleaning,38.0,none,0.0,450.0,1.0,Shift A (Morning),35.1,6.45
2026-09-03 06:00:00,CNC 5-Axis Machining Center,Machining & Milling,31.37,none,0.0,333.3,1.0,Shift A (Morning),27.6,2.51
2026-09-03 06:00:00,Solution & Aging Heat Treatment Furnace,Heat Treatment & Quenching,55.98,natural_gas,32.57,508.9,1.0,Shift A (Morning),514.4,1.2
2026-09-03 06:00:00,Screw Air Compressor (100 HP),Compressed Air Utility,62.63,none,0.0,0.0,1.0,Shift A (Morning),42.6,7.39
2026-09-03 06:00:00,Die Cooling Water Circulation System,Cooling Utility,35.92,none,0.0,0.0,1.0,Shift A (Morning),25.9,3.92
2026-09-03 07:00:00,HPDC Die Casting Cell #01 (800T),High Pressure Die Casting,49.66,none,0.0,393.1,1.0,Shift A (Morning),689.7,120.38
2026-09-03 07:00:00,Aluminum Induction Melting Furnace,Melting & Holding,191.13,none,0.0,640.5,1.0,Shift A (Morning),726.9,1.0
2026-09-03 07:00:00,Continuous Shot Blasting Machine,Surface Finishing & Cleaning,37.46,none,0.0,443.6,1.0,Shift A (Morning),34.9,6.59
2026-09-03 07:00:00,CNC 5-Axis Machining Center,Machining & Milling,31.41,none,0.0,333.8,1.0,Shift A (Morning),27.5,2.48
2026-09-03 07:00:00,Solution & Aging Heat Treatment Furnace,Heat Treatment & Quenching,55.01,natural_gas,32.01,500.1,1.0,Shift A (Morning),528.4,1.18
2026-09-03 07:00:00,Screw Air Compressor (100 HP),Compressed Air Utility,66.58,none,0.0,0.0,1.0,Shift A (Morning),42.8,7.7
2026-09-03 07:00:00,Die Cooling Water Circulation System,Cooling Utility,34.76,none,0.0,0.0,1.0,Shift A (Morning),26.0,3.95
2026-09-03 08:00:00,HPDC Die Casting Cell #01 (800T),High Pressure Die Casting,49.32,none,0.0,390.5,1.0,Shift A (Morning),675.3,120.38
2026-09-03 08:00:00,Aluminum Induction Melting Furnace,Melting & Holding,177.72,none,0.0,595.6,1.0,Shift A (Morning),711.4,1.0
2026-09-03 08:00:00,Continuous Shot Blasting Machine,Surface Finishing & Cleaning,37.4,none,0.0,442.9,1.0,Shift A (Morning),35.2,6.49
2026-09-03 08:00:00,CNC 5-Axis Machining Center,Machining & Milling,32.23,none,0.0,342.5,1.0,Shift A (Morning),28.0,2.54
2026-09-03 08:00:00,Solution & Aging Heat Treatment Furnace,Heat Treatment & Quenching,53.66,natural_gas,31.22,487.8,1.0,Shift A (Morning),528.3,1.22
2026-09-03 08:00:00,Screw Air Compressor (100 HP),Compressed Air Utility,63.67,none,0.0,0.0,1.0,Shift A (Morning),41.2,7.46
2026-09-03 08:00:00,Die Cooling Water Circulation System,Cooling Utility,35.23,none,0.0,0.0,1.0,Shift A (Morning),25.8,4.08
2026-09-03 09:00:00,HPDC Die Casting Cell #01 (800T),High Pressure Die Casting,49.45,none,0.0,391.5,1.0,Shift A (Morning),692.3,116.41
2026-09-03 09:00:00,Aluminum Induction Melting Furnace,Melting & Holding,187.33,none,0.0,627.8,1.0,Shift A (Morning),730.1,1.01
2026-09-03 09:00:00,Continuous Shot Blasting Machine,Surface Finishing & Cleaning,36.8,none,0.0,435.7,1.0,Shift A (Morning),35.0,6.4
2026-09-03 09:00:00,CNC 5-Axis Machining Center,Machining & Milling,31.98,none,0.0,339.8,1.0,Shift A (Morning),27.5,2.57
2026-09-03 09:00:00,Solution & Aging Heat Treatment Furnace,Heat Treatment & Quenching,55.93,natural_gas,32.54,508.5,1.0,Shift A (Morning),511.5,1.23
2026-09-03 09:00:00,Screw Air Compressor (100 HP),Compressed Air Utility,67.07,none,0.0,0.0,1.0,Shift A (Morning),42.0,7.59
2026-09-03 09:00:00,Die Cooling Water Circulation System,Cooling Utility,35.63,none,0.0,0.0,1.0,Shift A (Morning),26.5,3.9
2026-09-03 10:00:00,HPDC Die Casting Cell #01 (800T),High Pressure Die Casting,46.45,none,0.0,367.7,1.0,Shift A (Morning),670.0,122.3
2026-09-03 10:00:00,Aluminum Induction Melting Furnace,Melting & Holding,178.71,none,0.0,598.9,1.0,Shift A (Morning),722.0,1.0
2026-09-03 10:00:00,Continuous Shot Blasting Machine,Surface Finishing & Cleaning,39.41,none,0.0,466.7,1.0,Shift A (Morning),34.6,6.41
2026-09-03 10:00:00,CNC 5-Axis Machining Center,Machining & Milling,31.53,none,0.0,335.0,1.0,Shift A (Morning),28.3,2.53
2026-09-03 10:00:00,Solution & Aging Heat Treatment Furnace,Heat Treatment & Quenching,56.04,natural_gas,32.6,509.4,1.0,Shift A (Morning),516.2,1.18
2026-09-03 10:00:00,Screw Air Compressor (100 HP),Compressed Air Utility,62.79,none,0.0,0.0,1.0,Shift A (Morning),41.5,7.63
2026-09-03 10:00:00,Die Cooling Water Circulation System,Cooling Utility,36.24,none,0.0,0.0,1.0,Shift A (Morning),25.6,3.92
2026-09-03 11:00:00,HPDC Die Casting Cell #01 (800T),High Pressure Die Casting,47.87,none,0.0,379.0,1.0,Shift A (Morning),677.5,120.26
2026-09-03 11:00:00,Aluminum Induction Melting Furnace,Melting & Holding,191.88,none,0.0,643.0,1.0,Shift A (Morning),711.6,0.99
2026-09-03 11:00:00,Continuous Shot Blasting Machine,Surface Finishing & Cleaning,37.29,none,0.0,441.5,1.0,Shift A (Morning),34.5,6.37
2026-09-03 11:00:00,CNC 5-Axis Machining Center,Machining & Milling,32.48,none,0.0,345.1,1.0,Shift A (Morning),28.4,2.53
2026-09-03 11:00:00,Solution & Aging Heat Treatment Furnace,Heat Treatment & Quenching,52.98,natural_gas,30.82,481.6,1.0,Shift A (Morning),527.0,1.19
2026-09-03 11:00:00,Screw Air Compressor (100 HP),Compressed Air Utility,62.87,none,0.0,0.0,1.0,Shift A (Morning),41.6,7.44
2026-09-03 11:00:00,Die Cooling Water Circulation System,Cooling Utility,36.04,none,0.0,0.0,1.0,Shift A (Morning),26.2,3.94
2026-09-03 12:00:00,HPDC Die Casting Cell #01 (800T),High Pressure Die Casting,49.88,none,0.0,394.9,1.0,Shift A (Morning),667.2,119.31
2026-09-03 12:00:00,Aluminum Induction Melting Furnace,Melting & Holding,184.29,none,0.0,617.6,1.0,Shift A (Morning),727.1,0.98
2026-09-03 12:00:00,Continuous Shot Blasting Machine,Surface Finishing & Cleaning,37.88,none,0.0,448.6,1.0,Shift A (Morning),35.4,6.36
2026-09-03 12:00:00,CNC 5-Axis Machining Center,Machining & Milling,30.75,none,0.0,326.7,1.0,Shift A (Morning),28.4,2.57
2026-09-03 12:00:00,Solution & Aging Heat Treatment Furnace,Heat Treatment & Quenching,53.38,natural_gas,31.05,485.2,1.0,Shift A (Morning),526.7,1.19
2026-09-03 12:00:00,Screw Air Compressor (100 HP),Compressed Air Utility,65.68,none,0.0,0.0,1.0,Shift A (Morning),42.2,7.54
2026-09-03 12:00:00,Die Cooling Water Circulation System,Cooling Utility,35.31,none,0.0,0.0,1.0,Shift A (Morning),26.3,3.89
2026-09-03 13:00:00,HPDC Die Casting Cell #01 (800T),High Pressure Die Casting,46.33,none,0.0,366.8,1.0,Shift A (Morning),690.9,119.59
2026-09-03 13:00:00,Aluminum Induction Melting Furnace,Melting & Holding,179.51,none,0.0,601.6,1.0,Shift A (Morning),731.7,1.02
2026-09-03 13:00:00,Continuous Shot Blasting Machine,Surface Finishing & Cleaning,37.49,none,0.0,443.9,1.0,Shift A (Morning),34.4,6.48
2026-09-03 13:00:00,CNC 5-Axis Machining Center,Machining & Milling,31.15,none,0.0,331.0,1.0,Shift A (Morning),28.1,2.55
2026-09-03 13:00:00,Solution & Aging Heat Treatment Furnace,Heat Treatment & Quenching,54.54,natural_gas,31.73,495.8,1.0,Shift A (Morning),510.2,1.21
2026-09-03 13:00:00,Screw Air Compressor (100 HP),Compressed Air Utility,63.3,none,0.0,0.0,1.0,Shift A (Morning),41.5,7.36
2026-09-03 13:00:00,Die Cooling Water Circulation System,Cooling Utility,35.37,none,0.0,0.0,1.0,Shift A (Morning),26.4,3.89
2026-09-03 14:00:00,HPDC Die Casting Cell #01 (800T),High Pressure Die Casting,48.46,none,0.0,383.6,1.0,Shift B (Evening),673.1,118.52
2026-09-03 14:00:00,Aluminum Induction Melting Furnace,Melting & Holding,183.7,none,0.0,615.6,1.0,Shift B (Evening),721.5,0.97
2026-09-03 14:00:00,Continuous Shot Blasting Machine,Surface Finishing & Cleaning,37.33,none,0.0,442.1,1.0,Shift B (Evening),34.5,6.38
2026-09-03 14:00:00,CNC 5-Axis Machining Center,Machining & Milling,32.98,none,0.0,350.5,1.0,Shift B (Evening),28.0,2.52
2026-09-03 14:00:00,Solution & Aging Heat Treatment Furnace,Heat Treatment & Quenching,56.33,natural_gas,32.77,512.1,1.0,Shift B (Evening),526.1,1.24
2026-09-03 14:00:00,Screw Air Compressor (100 HP),Compressed Air Utility,66.47,none,0.0,0.0,1.0,Shift B (Evening),41.8,7.52
2026-09-03 14:00:00,Die Cooling Water Circulation System,Cooling Utility,35.96,none,0.0,0.0,1.0,Shift B (Evening),26.4,4.0
2026-09-03 15:00:00,HPDC Die Casting Cell #01 (800T),High Pressure Die Casting,47.57,none,0.0,376.6,1.0,Shift B (Evening),671.3,118.7
2026-09-03 15:00:00,Aluminum Induction Melting Furnace,Melting & Holding,180.84,none,0.0,606.1,1.0,Shift B (Evening),731.4,1.02
2026-09-03 15:00:00,Continuous Shot Blasting Machine,Surface Finishing & Cleaning,36.66,none,0.0,434.1,1.0,Shift B (Evening),35.7,6.51
2026-09-03 15:00:00,CNC 5-Axis Machining Center,Machining & Milling,32.68,none,0.0,347.3,1.0,Shift B (Evening),28.6,2.57
2026-09-03 15:00:00,Solution & Aging Heat Treatment Furnace,Heat Treatment & Quenching,53.24,natural_gas,30.98,484.0,1.0,Shift B (Evening),523.3,1.18
2026-09-03 15:00:00,Screw Air Compressor (100 HP),Compressed Air Utility,66.64,none,0.0,0.0,1.0,Shift B (Evening),42.7,7.3
2026-09-03 15:00:00,Die Cooling Water Circulation System,Cooling Utility,37.43,none,0.0,0.0,1.0,Shift B (Evening),25.7,4.08
2026-09-03 16:00:00,HPDC Die Casting Cell #01 (800T),High Pressure Die Casting,49.14,none,0.0,389.0,1.0,Shift B (Evening),676.1,122.44
2026-09-03 16:00:00,Aluminum Induction Melting Furnace,Melting & Holding,190.11,none,0.0,637.1,1.0,Shift B (Evening),710.7,1.01
2026-09-03 16:00:00,Continuous Shot Blasting Machine,Surface Finishing & Cleaning,38.93,none,0.0,461.0,1.0,Shift B (Evening),35.3,6.66
2026-09-03 16:00:00,CNC 5-Axis Machining Center,Machining & Milling,30.79,none,0.0,327.2,1.0,Shift B (Evening),28.2,2.57
2026-09-03 16:00:00,Solution & Aging Heat Treatment Furnace,Heat Treatment & Quenching,55.28,natural_gas,32.16,502.5,1.0,Shift B (Evening),521.3,1.18
2026-09-03 16:00:00,Screw Air Compressor (100 HP),Compressed Air Utility,67.54,none,0.0,0.0,1.0,Shift B (Evening),42.6,7.5
2026-09-03 16:00:00,Die Cooling Water Circulation System,Cooling Utility,35.45,none,0.0,0.0,1.0,Shift B (Evening),26.0,3.9
2026-09-03 17:00:00,HPDC Die Casting Cell #01 (800T),High Pressure Die Casting,46.97,none,0.0,371.9,1.0,Shift B (Evening),672.4,120.19
2026-09-03 17:00:00,Aluminum Induction Melting Furnace,Melting & Holding,177.61,none,0.0,595.2,1.0,Shift B (Evening),732.0,0.98
2026-09-03 17:00:00,Continuous Shot Blasting Machine,Surface Finishing & Cleaning,36.88,none,0.0,436.7,1.0,Shift B (Evening),35.3,6.66
2026-09-03 17:00:00,CNC 5-Axis Machining Center,Machining & Milling,32.88,none,0.0,349.4,1.0,Shift B (Evening),27.8,2.43
2026-09-03 17:00:00,Solution & Aging Heat Treatment Furnace,Heat Treatment & Quenching,55.38,natural_gas,32.22,503.5,1.0,Shift B (Evening),528.7,1.22
2026-09-03 17:00:00,Screw Air Compressor (100 HP),Compressed Air Utility,66.8,none,0.0,0.0,1.0,Shift B (Evening),42.6,7.71
2026-09-03 17:00:00,Die Cooling Water Circulation System,Cooling Utility,35.64,none,0.0,0.0,1.0,Shift B (Evening),26.5,3.97
2026-09-03 18:00:00,HPDC Die Casting Cell #01 (800T),High Pressure Die Casting,46.47,none,0.0,367.9,1.0,Shift B (Evening),674.6,117.38
2026-09-03 18:00:00,Aluminum Induction Melting Furnace,Melting & Holding,179.93,none,0.0,603.0,1.0,Shift B (Evening),732.9,1.02
2026-09-03 18:00:00,Continuous Shot Blasting Machine,Surface Finishing & Cleaning,39.4,none,0.0,466.6,1.0,Shift B (Evening),35.2,6.37
2026-09-03 18:00:00,CNC 5-Axis Machining Center,Machining & Milling,33.2,none,0.0,352.7,1.0,Shift B (Evening),28.2,2.56
2026-09-03 18:00:00,Solution & Aging Heat Treatment Furnace,Heat Treatment & Quenching,56.26,natural_gas,32.73,511.5,1.0,Shift B (Evening),514.2,1.21
2026-09-03 18:00:00,Screw Air Compressor (100 HP),Compressed Air Utility,63.31,none,0.0,0.0,1.0,Shift B (Evening),41.7,7.58
2026-09-03 18:00:00,Die Cooling Water Circulation System,Cooling Utility,34.93,none,0.0,0.0,1.0,Shift B (Evening),26.2,4.11
2026-09-03 19:00:00,HPDC Die Casting Cell #01 (800T),High Pressure Die Casting,49.72,none,0.0,393.6,1.0,Shift B (Evening),677.1,123.56
2026-09-03 19:00:00,Aluminum Induction Melting Furnace,Melting & Holding,191.88,none,0.0,643.1,1.0,Shift B (Evening),706.5,1.01
2026-09-03 19:00:00,Continuous Shot Blasting Machine,Surface Finishing & Cleaning,39.28,none,0.0,465.2,1.0,Shift B (Evening),35.7,6.39
2026-09-03 19:00:00,CNC 5-Axis Machining Center,Machining & Milling,32.17,none,0.0,341.8,1.0,Shift B (Evening),28.5,2.45
2026-09-03 19:00:00,Solution & Aging Heat Treatment Furnace,Heat Treatment & Quenching,56.08,natural_gas,32.63,509.8,1.0,Shift B (Evening),514.6,1.23
2026-09-03 19:00:00,Screw Air Compressor (100 HP),Compressed Air Utility,63.27,none,0.0,0.0,1.0,Shift B (Evening),42.6,7.31
2026-09-03 19:00:00,Die Cooling Water Circulation System,Cooling Utility,36.6,none,0.0,0.0,1.0,Shift B (Evening),26.1,4.09
2026-09-03 20:00:00,HPDC Die Casting Cell #01 (800T),High Pressure Die Casting,47.8,none,0.0,378.4,1.0,Shift B (Evening),673.6,118.2
2026-09-03 20:00:00,Aluminum Induction Melting Furnace,Melting & Holding,178.6,none,0.0,598.6,1.0,Shift B (Evening),713.0,0.98
2026-09-03 20:00:00,Continuous Shot Blasting Machine,Surface Finishing & Cleaning,36.48,none,0.0,432.0,1.0,Shift B (Evening),34.8,6.59
2026-09-03 20:00:00,CNC 5-Axis Machining Center,Machining & Milling,33.2,none,0.0,352.8,1.0,Shift B (Evening),28.4,2.5
2026-09-03 20:00:00,Solution & Aging Heat Treatment Furnace,Heat Treatment & Quenching,54.47,natural_gas,31.69,495.1,1.0,Shift B (Evening),521.0,1.17
2026-09-03 20:00:00,Screw Air Compressor (100 HP),Compressed Air Utility,64.89,none,0.0,0.0,1.0,Shift B (Evening),42.6,7.57
2026-09-03 20:00:00,Die Cooling Water Circulation System,Cooling Utility,36.54,none,0.0,0.0,1.0,Shift B (Evening),25.6,3.9
2026-09-03 21:00:00,HPDC Die Casting Cell #01 (800T),High Pressure Die Casting,49.33,none,0.0,390.5,1.0,Shift B (Evening),674.4,118.69
2026-09-03 21:00:00,Aluminum Induction Melting Furnace,Melting & Holding,191.68,none,0.0,642.4,1.0,Shift B (Evening),707.7,0.98
2026-09-03 21:00:00,Continuous Shot Blasting Machine,Surface Finishing & Cleaning,37.62,none,0.0,445.5,1.0,Shift B (Evening),35.3,6.52
2026-09-03 21:00:00,CNC 5-Axis Machining Center,Machining & Milling,33.02,none,0.0,350.8,1.0,Shift B (Evening),27.5,2.51
2026-09-03 21:00:00,Solution & Aging Heat Treatment Furnace,Heat Treatment & Quenching,55.5,natural_gas,32.29,504.5,1.0,Shift B (Evening),519.6,1.17
2026-09-03 21:00:00,Screw Air Compressor (100 HP),Compressed Air Utility,67.3,none,0.0,0.0,1.0,Shift B (Evening),41.4,7.68
2026-09-03 21:00:00,Die Cooling Water Circulation System,Cooling Utility,35.01,none,0.0,0.0,1.0,Shift B (Evening),25.6,3.93
2026-09-03 22:00:00,HPDC Die Casting Cell #01 (800T),High Pressure Die Casting,46.81,none,0.0,370.6,1.0,Shift C (Night),685.4,121.6
2026-09-03 22:00:00,Aluminum Induction Melting Furnace,Melting & Holding,188.4,none,0.0,631.4,1.0,Shift C (Night),713.2,0.99
2026-09-03 22:00:00,Continuous Shot Blasting Machine,Surface Finishing & Cleaning,37.2,none,0.0,440.6,1.0,Shift C (Night),34.4,6.53
2026-09-03 22:00:00,CNC 5-Axis Machining Center,Machining & Milling,32.87,none,0.0,349.2,1.0,Shift C (Night),27.6,2.48
2026-09-03 22:00:00,Solution & Aging Heat Treatment Furnace,Heat Treatment & Quenching,54.68,natural_gas,31.81,497.1,1.0,Shift C (Night),515.7,1.21
2026-09-03 22:00:00,Screw Air Compressor (100 HP),Compressed Air Utility,65.52,none,0.0,0.0,1.0,Shift C (Night),41.5,7.29
2026-09-03 22:00:00,Die Cooling Water Circulation System,Cooling Utility,35.05,none,0.0,0.0,1.0,Shift C (Night),25.8,3.9
2026-09-03 23:00:00,HPDC Die Casting Cell #01 (800T),High Pressure Die Casting,49.32,none,0.0,390.5,1.0,Shift C (Night),674.8,119.26
2026-09-03 23:00:00,Aluminum Induction Melting Furnace,Melting & Holding,184.84,none,0.0,619.5,1.0,Shift C (Night),724.6,0.98
2026-09-03 23:00:00,Continuous Shot Blasting Machine,Surface Finishing & Cleaning,1.36,none,0.0,0.0,0.0,Shift C (Night),28.7,0.0
2026-09-03 23:00:00,CNC 5-Axis Machining Center,Machining & Milling,1.84,none,0.0,0.0,0.0,Shift C (Night),29.5,0.0
2026-09-03 23:00:00,Solution & Aging Heat Treatment Furnace,Heat Treatment & Quenching,54.76,natural_gas,31.86,497.8,1.0,Shift C (Night),515.1,1.2
2026-09-03 23:00:00,Screw Air Compressor (100 HP),Compressed Air Utility,25.79,none,0.0,0.0,0.0,Shift C (Night),33.6,6.38
2026-09-03 23:00:00,Die Cooling Water Circulation System,Cooling Utility,35.33,none,0.0,0.0,1.0,Shift C (Night),25.5,4.06
2026-09-04 00:00:00,HPDC Die Casting Cell #01 (800T),High Pressure Die Casting,1.53,none,0.0,0.0,0.0,Shift C (Night),28.3,0.0
2026-09-04 00:00:00,Aluminum Induction Melting Furnace,Melting & Holding,182.69,none,0.0,612.3,1.0,Shift C (Night),721.2,1.03
2026-09-04 00:00:00,Continuous Shot Blasting Machine,Surface Finishing & Cleaning,1.43,none,0.0,0.0,0.0,Shift C (Night),30.2,0.0
2026-09-04 00:00:00,CNC 5-Axis Machining Center,Machining & Milling,1.78,none,0.0,0.0,0.0,Shift C (Night),31.3,0.0
2026-09-04 00:00:00,Solution & Aging Heat Treatment Furnace,Heat Treatment & Quenching,1.19,natural_gas,0.0,0.0,0.0,Shift C (Night),30.1,0.0
2026-09-04 00:00:00,Screw Air Compressor (100 HP),Compressed Air Utility,28.03,none,0.0,0.0,0.0,Shift C (Night),33.6,6.38
2026-09-04 00:00:00,Die Cooling Water Circulation System,Cooling Utility,35.93,none,0.0,0.0,1.0,Shift C (Night),26.4,3.99
2026-09-04 01:00:00,HPDC Die Casting Cell #01 (800T),High Pressure Die Casting,0.71,none,0.0,0.0,0.0,Shift C (Night),31.6,0.0
2026-09-04 01:00:00,Aluminum Induction Melting Furnace,Melting & Holding,188.17,none,0.0,630.6,1.0,Shift C (Night),720.1,1.02
2026-09-04 01:00:00,Continuous Shot Blasting Machine,Surface Finishing & Cleaning,1.72,none,0.0,0.0,0.0,Shift C (Night),30.7,0.0
2026-09-04 01:00:00,CNC 5-Axis Machining Center,Machining & Milling,1.47,none,0.0,0.0,0.0,Shift C (Night),28.5,0.0
2026-09-04 01:00:00,Solution & Aging Heat Treatment Furnace,Heat Treatment & Quenching,1.66,natural_gas,0.0,0.0,0.0,Shift C (Night),28.7,0.0
2026-09-04 01:00:00,Screw Air Compressor (100 HP),Compressed Air Utility,28.45,none,0.0,0.0,0.0,Shift C (Night),33.6,6.38
2026-09-04 01:00:00,Die Cooling Water Circulation System,Cooling Utility,37.36,none,0.0,0.0,1.0,Shift C (Night),26.3,3.91
2026-09-04 02:00:00,HPDC Die Casting Cell #01 (800T),High Pressure Die Casting,1.19,none,0.0,0.0,0.0,Shift C (Night),32.0,0.0
2026-09-04 02:00:00,Aluminum Induction Melting Furnace,Melting & Holding,184.04,none,0.0,616.8,1.0,Shift C (Night),734.3,1.01
2026-09-04 02:00:00,Continuous Shot Blasting Machine,Surface Finishing & Cleaning,1.77,none,0.0,0.0,0.0,Shift C (Night),29.0,0.0
2026-09-04 02:00:00,CNC 5-Axis Machining Center,Machining & Milling,1.88,none,0.0,0.0,0.0,Shift C (Night),31.7,0.0
2026-09-04 02:00:00,Solution & Aging Heat Treatment Furnace,Heat Treatment & Quenching,0.69,natural_gas,0.0,0.0,0.0,Shift C (Night),29.6,0.0
2026-09-04 02:00:00,Screw Air Compressor (100 HP),Compressed Air Utility,26.39,none,0.0,0.0,0.0,Shift C (Night),33.6,6.38
2026-09-04 02:00:00,Die Cooling Water Circulation System,Cooling Utility,35.5,none,0.0,0.0,1.0,Shift C (Night),25.8,3.99
2026-09-04 03:00:00,HPDC Die Casting Cell #01 (800T),High Pressure Die Casting,1.82,none,0.0,0.0,0.0,Shift C (Night),31.1,0.0
2026-09-04 03:00:00,Aluminum Induction Melting Furnace,Melting & Holding,186.82,none,0.0,626.1,1.0,Shift C (Night),720.6,1.0
2026-09-04 03:00:00,Continuous Shot Blasting Machine,Surface Finishing & Cleaning,1.18,none,0.0,0.0,0.0,Shift C (Night),28.6,0.0
2026-09-04 03:00:00,CNC 5-Axis Machining Center,Machining & Milling,1.42,none,0.0,0.0,0.0,Shift C (Night),31.0,0.0
2026-09-04 03:00:00,Solution & Aging Heat Treatment Furnace,Heat Treatment & Quenching,1.92,natural_gas,0.0,0.0,0.0,Shift C (Night),31.7,0.0
2026-09-04 03:00:00,Screw Air Compressor (100 HP),Compressed Air Utility,26.97,none,0.0,0.0,0.0,Shift C (Night),33.6,6.38
2026-09-04 03:00:00,Die Cooling Water Circulation System,Cooling Utility,34.85,none,0.0,0.0,1.0,Shift C (Night),25.8,4.01
2026-09-04 04:00:00,HPDC Die Casting Cell #01 (800T),High Pressure Die Casting,1.08,none,0.0,0.0,0.0,Shift C (Night),29.6,0.0
2026-09-04 04:00:00,Aluminum Induction Melting Furnace,Melting & Holding,183.27,none,0.0,614.2,1.0,Shift C (Night),719.6,1.01
2026-09-04 04:00:00,Continuous Shot Blasting Machine,Surface Finishing & Cleaning,0.65,none,0.0,0.0,0.0,Shift C (Night),29.1,0.0
2026-09-04 04:00:00,CNC 5-Axis Machining Center,Machining & Milling,0.8,none,0.0,0.0,0.0,Shift C (Night),30.4,0.0
2026-09-04 04:00:00,Solution & Aging Heat Treatment Furnace,Heat Treatment & Quenching,1.57,natural_gas,0.0,0.0,0.0,Shift C (Night),28.2,0.0
2026-09-04 04:00:00,Screw Air Compressor (100 HP),Compressed Air Utility,28.11,none,0.0,0.0,0.0,Shift C (Night),33.6,6.38
2026-09-04 04:00:00,Die Cooling Water Circulation System,Cooling Utility,35.51,none,0.0,0.0,1.0,Shift C (Night),25.7,4.06
2026-09-04 05:00:00,HPDC Die Casting Cell #01 (800T),High Pressure Die Casting,1.89,none,0.0,0.0,0.0,Shift C (Night),31.6,0.0
2026-09-04 05:00:00,Aluminum Induction Melting Furnace,Melting & Holding,177.9,none,0.0,596.2,1.0,Shift C (Night),729.1,0.99
2026-09-04 05:00:00,Continuous Shot Blasting Machine,Surface Finishing & Cleaning,0.99,none,0.0,0.0,0.0,Shift C (Night),30.0,0.0
2026-09-04 05:00:00,CNC 5-Axis Machining Center,Machining & Milling,1.57,none,0.0,0.0,0.0,Shift C (Night),28.4,0.0
2026-09-04 05:00:00,Solution & Aging Heat Treatment Furnace,Heat Treatment & Quenching,1.82,natural_gas,0.0,0.0,0.0,Shift C (Night),28.5,0.0
2026-09-04 05:00:00,Screw Air Compressor (100 HP),Compressed Air Utility,28.41,none,0.0,0.0,0.0,Shift C (Night),33.6,6.38
2026-09-04 05:00:00,Die Cooling Water Circulation System,Cooling Utility,35.84,none,0.0,0.0,1.0,Shift C (Night),26.3,3.94
2026-09-04 06:00:00,HPDC Die Casting Cell #01 (800T),High Pressure Die Casting,47.68,none,0.0,377.5,1.0,Shift A (Morning),684.0,117.75
2026-09-04 06:00:00,Aluminum Induction Melting Furnace,Melting & Holding,180.73,none,0.0,605.7,1.0,Shift A (Morning),729.3,1.01
2026-09-04 06:00:00,Continuous Shot Blasting Machine,Surface Finishing & Cleaning,38.79,none,0.0,459.3,1.0,Shift A (Morning),35.5,6.63
2026-09-04 06:00:00,CNC 5-Axis Machining Center,Machining & Milling,32.04,none,0.0,340.4,1.0,Shift A (Morning),27.6,2.47
2026-09-04 06:00:00,Solution & Aging Heat Treatment Furnace,Heat Treatment & Quenching,55.03,natural_gas,32.02,500.3,1.0,Shift A (Morning),512.4,1.23
2026-09-04 06:00:00,Screw Air Compressor (100 HP),Compressed Air Utility,66.97,none,0.0,0.0,1.0,Shift A (Morning),41.2,7.36
2026-09-04 06:00:00,Die Cooling Water Circulation System,Cooling Utility,36.96,none,0.0,0.0,1.0,Shift A (Morning),26.4,3.94
2026-09-04 07:00:00,HPDC Die Casting Cell #01 (800T),High Pressure Die Casting,47.83,none,0.0,378.7,1.0,Shift A (Morning),691.4,121.47
2026-09-04 07:00:00,Aluminum Induction Melting Furnace,Melting & Holding,181.65,none,0.0,608.8,1.0,Shift A (Morning),729.3,1.0
2026-09-04 07:00:00,Continuous Shot Blasting Machine,Surface Finishing & Cleaning,38.41,none,0.0,454.9,1.0,Shift A (Morning),34.5,6.32
2026-09-04 07:00:00,CNC 5-Axis Machining Center,Machining & Milling,31.67,none,0.0,336.5,1.0,Shift A (Morning),28.1,2.45
2026-09-04 07:00:00,Solution & Aging Heat Treatment Furnace,Heat Treatment & Quenching,56.63,natural_gas,32.95,514.8,1.0,Shift A (Morning),521.8,1.19
2026-09-04 07:00:00,Screw Air Compressor (100 HP),Compressed Air Utility,63.25,none,0.0,0.0,1.0,Shift A (Morning),42.7,7.61
2026-09-04 07:00:00,Die Cooling Water Circulation System,Cooling Utility,36.54,none,0.0,0.0,1.0,Shift A (Morning),25.8,3.97
2026-09-04 08:00:00,HPDC Die Casting Cell #01 (800T),High Pressure Die Casting,46.71,none,0.0,369.8,1.0,Shift A (Morning),682.0,123.35
2026-09-04 08:00:00,Aluminum Induction Melting Furnace,Melting & Holding,190.29,none,0.0,637.7,1.0,Shift A (Morning),724.2,1.01
2026-09-04 08:00:00,Continuous Shot Blasting Machine,Surface Finishing & Cleaning,37.3,none,0.0,441.7,1.0,Shift A (Morning),34.9,6.31
2026-09-04 08:00:00,CNC 5-Axis Machining Center,Machining & Milling,32.72,none,0.0,347.6,1.0,Shift A (Morning),28.3,2.43
2026-09-04 08:00:00,Solution & Aging Heat Treatment Furnace,Heat Treatment & Quenching,56.81,natural_gas,33.05,516.5,1.0,Shift A (Morning),523.1,1.21
2026-09-04 08:00:00,Screw Air Compressor (100 HP),Compressed Air Utility,62.44,none,0.0,0.0,1.0,Shift A (Morning),41.6,7.64
2026-09-04 08:00:00,Die Cooling Water Circulation System,Cooling Utility,35.44,none,0.0,0.0,1.0,Shift A (Morning),26.5,4.03
2026-09-04 09:00:00,HPDC Die Casting Cell #01 (800T),High Pressure Die Casting,47.71,none,0.0,377.7,1.0,Shift A (Morning),676.6,118.91
2026-09-04 09:00:00,Aluminum Induction Melting Furnace,Melting & Holding,181.33,none,0.0,607.7,1.0,Shift A (Morning),719.0,1.01
2026-09-04 09:00:00,Continuous Shot Blasting Machine,Surface Finishing & Cleaning,38.99,none,0.0,461.7,1.0,Shift A (Morning),34.9,6.34
2026-09-04 09:00:00,CNC 5-Axis Machining Center,Machining & Milling,32.03,none,0.0,340.3,1.0,Shift A (Morning),28.2,2.55
2026-09-04 09:00:00,Solution & Aging Heat Treatment Furnace,Heat Treatment & Quenching,54.45,natural_gas,31.68,495.0,1.0,Shift A (Morning),523.1,1.21
2026-09-04 09:00:00,Screw Air Compressor (100 HP),Compressed Air Utility,63.95,none,0.0,0.0,1.0,Shift A (Morning),41.3,7.3
2026-09-04 09:00:00,Die Cooling Water Circulation System,Cooling Utility,37.41,none,0.0,0.0,1.0,Shift A (Morning),26.1,4.09
2026-09-04 10:00:00,HPDC Die Casting Cell #01 (800T),High Pressure Die Casting,47.08,none,0.0,372.7,1.0,Shift A (Morning),685.7,122.83
2026-09-04 10:00:00,Aluminum Induction Melting Furnace,Melting & Holding,182.02,none,0.0,610.0,1.0,Shift A (Morning),709.9,1.02
2026-09-04 10:00:00,Continuous Shot Blasting Machine,Surface Finishing & Cleaning,39.22,none,0.0,464.4,1.0,Shift A (Morning),35.4,6.62
2026-09-04 10:00:00,CNC 5-Axis Machining Center,Machining & Milling,32.26,none,0.0,342.7,1.0,Shift A (Morning),28.2,2.53
2026-09-04 10:00:00,Solution & Aging Heat Treatment Furnace,Heat Treatment & Quenching,55.97,natural_gas,32.57,508.9,1.0,Shift A (Morning),523.2,1.24
2026-09-04 10:00:00,Screw Air Compressor (100 HP),Compressed Air Utility,63.75,none,0.0,0.0,1.0,Shift A (Morning),41.9,7.45
2026-09-04 10:00:00,Die Cooling Water Circulation System,Cooling Utility,34.66,none,0.0,0.0,1.0,Shift A (Morning),26.2,4.02
2026-09-04 11:00:00,HPDC Die Casting Cell #01 (800T),High Pressure Die Casting,46.81,none,0.0,370.6,1.0,Shift A (Morning),686.2,118.0
2026-09-04 11:00:00,Aluminum Induction Melting Furnace,Melting & Holding,185.51,none,0.0,621.7,1.0,Shift A (Morning),728.2,1.02
2026-09-04 11:00:00,Continuous Shot Blasting Machine,Surface Finishing & Cleaning,38.52,none,0.0,456.2,1.0,Shift A (Morning),35.0,6.63
2026-09-04 11:00:00,CNC 5-Axis Machining Center,Machining & Milling,32.87,none,0.0,349.3,1.0,Shift A (Morning),28.4,2.45
2026-09-04 11:00:00,Solution & Aging Heat Treatment Furnace,Heat Treatment & Quenching,53.23,natural_gas,30.97,483.9,1.0,Shift A (Morning),512.3,1.18
2026-09-04 11:00:00,Screw Air Compressor (100 HP),Compressed Air Utility,66.6,none,0.0,0.0,1.0,Shift A (Morning),42.4,7.36
2026-09-04 11:00:00,Die Cooling Water Circulation System,Cooling Utility,36.52,none,0.0,0.0,1.0,Shift A (Morning),25.8,3.9
2026-09-04 12:00:00,HPDC Die Casting Cell #01 (800T),High Pressure Die Casting,47.44,none,0.0,375.6,1.0,Shift A (Morning),686.6,118.61
2026-09-04 12:00:00,Aluminum Induction Melting Furnace,Melting & Holding,189.26,none,0.0,634.3,1.0,Shift A (Morning),715.1,0.99
2026-09-04 12:00:00,Continuous Shot Blasting Machine,Surface Finishing & Cleaning,37.37,none,0.0,442.6,1.0,Shift A (Morning),35.5,6.49
2026-09-04 12:00:00,CNC 5-Axis Machining Center,Machining & Milling,32.94,none,0.0,350.0,1.0,Shift A (Morning),28.1,2.57
2026-09-04 12:00:00,Solution & Aging Heat Treatment Furnace,Heat Treatment & Quenching,53.11,natural_gas,30.9,482.8,1.0,Shift A (Morning),528.1,1.2
2026-09-04 12:00:00,Screw Air Compressor (100 HP),Compressed Air Utility,66.91,none,0.0,0.0,1.0,Shift A (Morning),41.8,7.41
2026-09-04 12:00:00,Die Cooling Water Circulation System,Cooling Utility,34.72,none,0.0,0.0,1.0,Shift A (Morning),26.4,3.91
2026-09-04 13:00:00,HPDC Die Casting Cell #01 (800T),High Pressure Die Casting,46.85,none,0.0,370.9,1.0,Shift A (Morning),677.5,120.5
2026-09-04 13:00:00,Aluminum Induction Melting Furnace,Melting & Holding,191.02,none,0.0,640.2,1.0,Shift A (Morning),718.8,0.99
2026-09-04 13:00:00,Continuous Shot Blasting Machine,Surface Finishing & Cleaning,38.66,none,0.0,457.8,1.0,Shift A (Morning),35.4,6.5
2026-09-04 13:00:00,CNC 5-Axis Machining Center,Machining & Milling,32.34,none,0.0,343.6,1.0,Shift A (Morning),27.6,2.52
2026-09-04 13:00:00,Solution & Aging Heat Treatment Furnace,Heat Treatment & Quenching,52.82,natural_gas,30.73,480.2,1.0,Shift A (Morning),515.3,1.22
2026-09-04 13:00:00,Screw Air Compressor (100 HP),Compressed Air Utility,63.28,none,0.0,0.0,1.0,Shift A (Morning),42.4,7.5
2026-09-04 13:00:00,Die Cooling Water Circulation System,Cooling Utility,36.76,none,0.0,0.0,1.0,Shift A (Morning),25.6,4.03
2026-09-04 14:00:00,HPDC Die Casting Cell #01 (800T),High Pressure Die Casting,48.51,none,0.0,384.1,1.0,Shift B (Evening),677.4,123.35
2026-09-04 14:00:00,Aluminum Induction Melting Furnace,Melting & Holding,183.27,none,0.0,614.2,1.0,Shift B (Evening),706.7,0.98
2026-09-04 14:00:00,Continuous Shot Blasting Machine,Surface Finishing & Cleaning,37.61,none,0.0,445.4,1.0,Shift B (Evening),34.3,6.43
2026-09-04 14:00:00,CNC 5-Axis Machining Center,Machining & Milling,32.85,none,0.0,349.1,1.0,Shift B (Evening),27.7,2.53
2026-09-04 14:00:00,Solution & Aging Heat Treatment Furnace,Heat Treatment & Quenching,55.56,natural_gas,32.32,505.1,1.0,Shift B (Evening),514.8,1.21
2026-09-04 14:00:00,Screw Air Compressor (100 HP),Compressed Air Utility,64.19,none,0.0,0.0,1.0,Shift B (Evening),41.4,7.45
2026-09-04 14:00:00,Die Cooling Water Circulation System,Cooling Utility,36.26,none,0.0,0.0,1.0,Shift B (Evening),25.7,4.08
2026-09-04 15:00:00,HPDC Die Casting Cell #01 (800T),High Pressure Die Casting,47.23,none,0.0,373.9,1.0,Shift B (Evening),674.3,121.64
2026-09-04 15:00:00,Aluminum Induction Melting Furnace,Melting & Holding,186.43,none,0.0,624.8,1.0,Shift B (Evening),715.3,1.02
2026-09-04 15:00:00,Continuous Shot Blasting Machine,Surface Finishing & Cleaning,39.51,none,0.0,467.8,1.0,Shift B (Evening),34.8,6.66
2026-09-04 15:00:00,CNC 5-Axis Machining Center,Machining & Milling,31.64,none,0.0,336.2,1.0,Shift B (Evening),27.7,2.57
2026-09-04 15:00:00,Solution & Aging Heat Treatment Furnace,Heat Treatment & Quenching,56.84,natural_gas,33.07,516.7,1.0,Shift B (Evening),518.0,1.18
2026-09-04 15:00:00,Screw Air Compressor (100 HP),Compressed Air Utility,66.18,none,0.0,0.0,1.0,Shift B (Evening),41.4,7.61
2026-09-04 15:00:00,Die Cooling Water Circulation System,Cooling Utility,36.26,none,0.0,0.0,1.0,Shift B (Evening),25.7,3.97
2026-09-04 16:00:00,HPDC Die Casting Cell #01 (800T),High Pressure Die Casting,48.58,none,0.0,384.6,1.0,Shift B (Evening),667.4,122.71
2026-09-04 16:00:00,Aluminum Induction Melting Furnace,Melting & Holding,181.39,none,0.0,607.9,1.0,Shift B (Evening),721.0,0.97
2026-09-04 16:00:00,Continuous Shot Blasting Machine,Surface Finishing & Cleaning,39.5,none,0.0,467.8,1.0,Shift B (Evening),35.2,6.56
2026-09-04 16:00:00,CNC 5-Axis Machining Center,Machining & Milling,30.77,none,0.0,326.9,1.0,Shift B (Evening),28.2,2.49
2026-09-04 16:00:00,Solution & Aging Heat Treatment Furnace,Heat Treatment & Quenching,54.47,natural_gas,31.69,495.2,1.0,Shift B (Evening),521.0,1.2
2026-09-04 16:00:00,Screw Air Compressor (100 HP),Compressed Air Utility,63.2,none,0.0,0.0,1.0,Shift B (Evening),42.3,7.56
2026-09-04 16:00:00,Die Cooling Water Circulation System,Cooling Utility,35.43,none,0.0,0.0,1.0,Shift B (Evening),26.2,4.04
2026-09-04 17:00:00,HPDC Die Casting Cell #01 (800T),High Pressure Die Casting,47.12,none,0.0,373.0,1.0,Shift B (Evening),682.9,117.39
2026-09-04 17:00:00,Aluminum Induction Melting Furnace,Melting & Holding,189.89,none,0.0,636.4,1.0,Shift B (Evening),708.6,1.01
2026-09-04 17:00:00,Continuous Shot Blasting Machine,Surface Finishing & Cleaning,36.84,none,0.0,436.2,1.0,Shift B (Evening),34.5,6.35
2026-09-04 17:00:00,CNC 5-Axis Machining Center,Machining & Milling,31.23,none,0.0,331.8,1.0,Shift B (Evening),27.7,2.46
2026-09-04 17:00:00,Solution & Aging Heat Treatment Furnace,Heat Treatment & Quenching,55.1,natural_gas,32.06,500.9,1.0,Shift B (Evening),513.8,1.21
2026-09-04 17:00:00,Screw Air Compressor (100 HP),Compressed Air Utility,63.94,none,0.0,0.0,1.0,Shift B (Evening),41.2,7.5
2026-09-04 17:00:00,Die Cooling Water Circulation System,Cooling Utility,35.16,none,0.0,0.0,1.0,Shift B (Evening),26.5,3.96
2026-09-04 18:00:00,HPDC Die Casting Cell #01 (800T),High Pressure Die Casting,46.09,none,0.0,364.9,1.0,Shift B (Evening),684.7,122.93
2026-09-04 18:00:00,Aluminum Induction Melting Furnace,Melting & Holding,189.96,none,0.0,636.6,1.0,Shift B (Evening),724.9,0.98
2026-09-04 18:00:00,Continuous Shot Blasting Machine,Surface Finishing & Cleaning,36.75,none,0.0,435.2,1.0,Shift B (Evening),35.0,6.59
2026-09-04 18:00:00,CNC 5-Axis Machining Center,Machining & Milling,30.98,none,0.0,329.2,1.0,Shift B (Evening),27.7,2.46
2026-09-04 18:00:00,Solution & Aging Heat Treatment Furnace,Heat Treatment & Quenching,57.15,natural_gas,33.25,519.5,1.0,Shift B (Evening),515.8,1.2
2026-09-04 18:00:00,Screw Air Compressor (100 HP),Compressed Air Utility,62.92,none,0.0,0.0,1.0,Shift B (Evening),41.5,7.29
2026-09-04 18:00:00,Die Cooling Water Circulation System,Cooling Utility,35.4,none,0.0,0.0,1.0,Shift B (Evening),26.3,3.96
2026-09-04 19:00:00,HPDC Die Casting Cell #01 (800T),High Pressure Die Casting,48.92,none,0.0,387.3,1.0,Shift B (Evening),669.0,121.86
2026-09-04 19:00:00,Aluminum Induction Melting Furnace,Melting & Holding,178.28,none,0.0,597.5,1.0,Shift B (Evening),730.1,1.01
2026-09-04 19:00:00,Continuous Shot Blasting Machine,Surface Finishing & Cleaning,37.0,none,0.0,438.1,1.0,Shift B (Evening),34.8,6.48
2026-09-04 19:00:00,CNC 5-Axis Machining Center,Machining & Milling,32.31,none,0.0,343.3,1.0,Shift B (Evening),28.4,2.44
2026-09-04 19:00:00,Solution & Aging Heat Treatment Furnace,Heat Treatment & Quenching,56.39,natural_gas,32.81,512.6,1.0,Shift B (Evening),513.4,1.19
2026-09-04 19:00:00,Screw Air Compressor (100 HP),Compressed Air Utility,67.4,none,0.0,0.0,1.0,Shift B (Evening),41.6,7.45
2026-09-04 19:00:00,Die Cooling Water Circulation System,Cooling Utility,37.01,none,0.0,0.0,1.0,Shift B (Evening),26.3,4.04
2026-09-04 20:00:00,HPDC Die Casting Cell #01 (800T),High Pressure Die Casting,49.14,none,0.0,389.0,1.0,Shift B (Evening),669.5,121.41
2026-09-04 20:00:00,Aluminum Induction Melting Furnace,Melting & Holding,178.47,none,0.0,598.1,1.0,Shift B (Evening),732.7,0.98
2026-09-04 20:00:00,Continuous Shot Blasting Machine,Surface Finishing & Cleaning,37.74,none,0.0,447.0,1.0,Shift B (Evening),35.1,6.62
2026-09-04 20:00:00,CNC 5-Axis Machining Center,Machining & Milling,32.46,none,0.0,344.9,1.0,Shift B (Evening),27.6,2.48
2026-09-04 20:00:00,Solution & Aging Heat Treatment Furnace,Heat Treatment & Quenching,54.38,natural_gas,31.64,494.3,1.0,Shift B (Evening),510.2,1.21
2026-09-04 20:00:00,Screw Air Compressor (100 HP),Compressed Air Utility,66.76,none,0.0,0.0,1.0,Shift B (Evening),42.8,7.33
2026-09-04 20:00:00,Die Cooling Water Circulation System,Cooling Utility,37.21,none,0.0,0.0,1.0,Shift B (Evening),25.6,3.98
2026-09-04 21:00:00,HPDC Die Casting Cell #01 (800T),High Pressure Die Casting,46.26,none,0.0,366.2,1.0,Shift B (Evening),673.5,118.66
2026-09-04 21:00:00,Aluminum Induction Melting Furnace,Melting & Holding,188.03,none,0.0,630.1,1.0,Shift B (Evening),725.1,1.02
2026-09-04 21:00:00,Continuous Shot Blasting Machine,Surface Finishing & Cleaning,38.23,none,0.0,452.8,1.0,Shift B (Evening),35.1,6.69
2026-09-04 21:00:00,CNC 5-Axis Machining Center,Machining & Milling,32.43,none,0.0,344.6,1.0,Shift B (Evening),27.8,2.5
2026-09-04 21:00:00,Solution & Aging Heat Treatment Furnace,Heat Treatment & Quenching,55.88,natural_gas,32.51,508.0,1.0,Shift B (Evening),511.6,1.21
2026-09-04 21:00:00,Screw Air Compressor (100 HP),Compressed Air Utility,63.69,none,0.0,0.0,1.0,Shift B (Evening),41.7,7.58
2026-09-04 21:00:00,Die Cooling Water Circulation System,Cooling Utility,35.67,none,0.0,0.0,1.0,Shift B (Evening),26.4,4.01
2026-09-04 22:00:00,HPDC Die Casting Cell #01 (800T),High Pressure Die Casting,49.87,none,0.0,394.8,1.0,Shift C (Night),667.9,121.03
2026-09-04 22:00:00,Aluminum Induction Melting Furnace,Melting & Holding,179.92,none,0.0,603.0,1.0,Shift C (Night),730.0,1.02
2026-09-04 22:00:00,Continuous Shot Blasting Machine,Surface Finishing & Cleaning,39.12,none,0.0,463.3,1.0,Shift C (Night),34.4,6.5
2026-09-04 22:00:00,CNC 5-Axis Machining Center,Machining & Milling,31.34,none,0.0,333.0,1.0,Shift C (Night),28.5,2.43
2026-09-04 22:00:00,Solution & Aging Heat Treatment Furnace,Heat Treatment & Quenching,53.78,natural_gas,31.29,488.9,1.0,Shift C (Night),523.0,1.19
2026-09-04 22:00:00,Screw Air Compressor (100 HP),Compressed Air Utility,63.62,none,0.0,0.0,1.0,Shift C (Night),41.9,7.64
2026-09-04 22:00:00,Die Cooling Water Circulation System,Cooling Utility,35.85,none,0.0,0.0,1.0,Shift C (Night),26.4,3.99
2026-09-04 23:00:00,HPDC Die Casting Cell #01 (800T),High Pressure Die Casting,46.54,none,0.0,368.4,1.0,Shift C (Night),679.9,121.1
2026-09-04 23:00:00,Aluminum Induction Melting Furnace,Melting & Holding,179.12,none,0.0,600.3,1.0,Shift C (Night),717.5,1.0
2026-09-04 23:00:00,Continuous Shot Blasting Machine,Surface Finishing & Cleaning,0.6,none,0.0,0.0,0.0,Shift C (Night),28.4,0.0
2026-09-04 23:00:00,CNC 5-Axis Machining Center,Machining & Milling,1.45,none,0.0,0.0,0.0,Shift C (Night),30.5,0.0
2026-09-04 23:00:00,Solution & Aging Heat Treatment Furnace,Heat Treatment & Quenching,54.14,natural_gas,31.5,492.2,1.0,Shift C (Night),520.2,1.18
2026-09-04 23:00:00,Screw Air Compressor (100 HP),Compressed Air Utility,27.35,none,0.0,0.0,0.0,Shift C (Night),33.6,6.38
2026-09-04 23:00:00,Die Cooling Water Circulation System,Cooling Utility,37.3,none,0.0,0.0,1.0,Shift C (Night),25.9,3.89
2026-09-05 00:00:00,HPDC Die Casting Cell #01 (800T),High Pressure Die Casting,0.91,none,0.0,0.0,0.0,Shift C (Night),29.8,0.0
2026-09-05 00:00:00,Aluminum Induction Melting Furnace,Melting & Holding,185.89,none,0.0,623.0,1.0,Shift C (Night),723.4,1.0
2026-09-05 00:00:00,Continuous Shot Blasting Machine,Surface Finishing & Cleaning,1.52,none,0.0,0.0,0.0,Shift C (Night),30.9,0.0
2026-09-05 00:00:00,CNC 5-Axis Machining Center,Machining & Milling,0.76,none,0.0,0.0,0.0,Shift C (Night),31.0,0.0
2026-09-05 00:00:00,Solution & Aging Heat Treatment Furnace,Heat Treatment & Quenching,0.91,natural_gas,0.0,0.0,0.0,Shift C (Night),29.4,0.0
2026-09-05 00:00:00,Screw Air Compressor (100 HP),Compressed Air Utility,27.9,none,0.0,0.0,0.0,Shift C (Night),33.6,6.38
2026-09-05 00:00:00,Die Cooling Water Circulation System,Cooling Utility,37.34,none,0.0,0.0,1.0,Shift C (Night),25.8,4.01
2026-09-05 01:00:00,HPDC Die Casting Cell #01 (800T),High Pressure Die Casting,1.58,none,0.0,0.0,0.0,Shift C (Night),28.2,0.0
2026-09-05 01:00:00,Aluminum Induction Melting Furnace,Melting & Holding,180.03,none,0.0,603.3,1.0,Shift C (Night),709.6,1.01
2026-09-05 01:00:00,Continuous Shot Blasting Machine,Surface Finishing & Cleaning,1.61,none,0.0,0.0,0.0,Shift C (Night),28.4,0.0
2026-09-05 01:00:00,CNC 5-Axis Machining Center,Machining & Milling,1.46,none,0.0,0.0,0.0,Shift C (Night),28.8,0.0
2026-09-05 01:00:00,Solution & Aging Heat Treatment Furnace,Heat Treatment & Quenching,1.9,natural_gas,0.0,0.0,0.0,Shift C (Night),29.6,0.0
2026-09-05 01:00:00,Screw Air Compressor (100 HP),Compressed Air Utility,26.6,none,0.0,0.0,0.0,Shift C (Night),33.6,6.38
2026-09-05 01:00:00,Die Cooling Water Circulation System,Cooling Utility,36.81,none,0.0,0.0,1.0,Shift C (Night),26.2,3.91
2026-09-05 02:00:00,HPDC Die Casting Cell #01 (800T),High Pressure Die Casting,1.18,none,0.0,0.0,0.0,Shift C (Night),31.7,0.0
2026-09-05 02:00:00,Aluminum Induction Melting Furnace,Melting & Holding,189.99,none,0.0,636.7,1.0,Shift C (Night),722.6,1.02
2026-09-05 02:00:00,Continuous Shot Blasting Machine,Surface Finishing & Cleaning,1.23,none,0.0,0.0,0.0,Shift C (Night),30.6,0.0
2026-09-05 02:00:00,CNC 5-Axis Machining Center,Machining & Milling,1.94,none,0.0,0.0,0.0,Shift C (Night),28.5,0.0
2026-09-05 02:00:00,Solution & Aging Heat Treatment Furnace,Heat Treatment & Quenching,1.3,natural_gas,0.0,0.0,0.0,Shift C (Night),30.1,0.0
2026-09-05 02:00:00,Screw Air Compressor (100 HP),Compressed Air Utility,25.17,none,0.0,0.0,0.0,Shift C (Night),33.6,6.38
2026-09-05 02:00:00,Die Cooling Water Circulation System,Cooling Utility,37.25,none,0.0,0.0,1.0,Shift C (Night),26.4,4.0
2026-09-05 03:00:00,HPDC Die Casting Cell #01 (800T),High Pressure Die Casting,1.31,none,0.0,0.0,0.0,Shift C (Night),31.7,0.0
2026-09-05 03:00:00,Aluminum Induction Melting Furnace,Melting & Holding,180.22,none,0.0,604.0,1.0,Shift C (Night),722.3,1.01
2026-09-05 03:00:00,Continuous Shot Blasting Machine,Surface Finishing & Cleaning,0.78,none,0.0,0.0,0.0,Shift C (Night),29.5,0.0
2026-09-05 03:00:00,CNC 5-Axis Machining Center,Machining & Milling,1.44,none,0.0,0.0,0.0,Shift C (Night),31.5,0.0
2026-09-05 03:00:00,Solution & Aging Heat Treatment Furnace,Heat Treatment & Quenching,1.31,natural_gas,0.0,0.0,0.0,Shift C (Night),29.5,0.0
2026-09-05 03:00:00,Screw Air Compressor (100 HP),Compressed Air Utility,28.43,none,0.0,0.0,0.0,Shift C (Night),33.6,6.38
2026-09-05 03:00:00,Die Cooling Water Circulation System,Cooling Utility,37.2,none,0.0,0.0,1.0,Shift C (Night),26.3,3.95
2026-09-05 04:00:00,HPDC Die Casting Cell #01 (800T),High Pressure Die Casting,1.95,none,0.0,0.0,0.0,Shift C (Night),31.9,0.0
2026-09-05 04:00:00,Aluminum Induction Melting Furnace,Melting & Holding,184.3,none,0.0,617.7,1.0,Shift C (Night),709.4,0.99
2026-09-05 04:00:00,Continuous Shot Blasting Machine,Surface Finishing & Cleaning,1.58,none,0.0,0.0,0.0,Shift C (Night),31.0,0.0
2026-09-05 04:00:00,CNC 5-Axis Machining Center,Machining & Milling,1.02,none,0.0,0.0,0.0,Shift C (Night),30.8,0.0
2026-09-05 04:00:00,Solution & Aging Heat Treatment Furnace,Heat Treatment & Quenching,1.8,natural_gas,0.0,0.0,0.0,Shift C (Night),30.8,0.0
2026-09-05 04:00:00,Screw Air Compressor (100 HP),Compressed Air Utility,28.27,none,0.0,0.0,0.0,Shift C (Night),33.6,6.38
2026-09-05 04:00:00,Die Cooling Water Circulation System,Cooling Utility,36.38,none,0.0,0.0,1.0,Shift C (Night),25.7,4.03
2026-09-05 05:00:00,HPDC Die Casting Cell #01 (800T),High Pressure Die Casting,1.01,none,0.0,0.0,0.0,Shift C (Night),29.4,0.0
2026-09-05 05:00:00,Aluminum Induction Melting Furnace,Melting & Holding,187.55,none,0.0,628.5,1.0,Shift C (Night),733.9,1.01
2026-09-05 05:00:00,Continuous Shot Blasting Machine,Surface Finishing & Cleaning,1.94,none,0.0,0.0,0.0,Shift C (Night),30.0,0.0
2026-09-05 05:00:00,CNC 5-Axis Machining Center,Machining & Milling,1.57,none,0.0,0.0,0.0,Shift C (Night),29.3,0.0
2026-09-05 05:00:00,Solution & Aging Heat Treatment Furnace,Heat Treatment & Quenching,0.76,natural_gas,0.0,0.0,0.0,Shift C (Night),29.4,0.0
2026-09-05 05:00:00,Screw Air Compressor (100 HP),Compressed Air Utility,26.68,none,0.0,0.0,0.0,Shift C (Night),33.6,6.38
2026-09-05 05:00:00,Die Cooling Water Circulation System,Cooling Utility,36.2,none,0.0,0.0,1.0,Shift C (Night),26.2,3.98
2026-09-05 06:00:00,HPDC Die Casting Cell #01 (800T),High Pressure Die Casting,48.95,none,0.0,387.5,1.0,Shift A (Morning),689.3,118.46
2026-09-05 06:00:00,Aluminum Induction Melting Furnace,Melting & Holding,190.14,none,0.0,637.2,1.0,Shift A (Morning),728.9,1.0
2026-09-05 06:00:00,Continuous Shot Blasting Machine,Surface Finishing & Cleaning,0.64,none,0.0,0.0,0.0,Shift A (Morning),28.6,0.0
2026-09-05 06:00:00,CNC 5-Axis Machining Center,Machining & Milling,1.54,none,0.0,0.0,0.0,Shift A (Morning),28.8,0.0
2026-09-05 06:00:00,Solution & Aging Heat Treatment Furnace,Heat Treatment & Quenching,56.1,natural_gas,49.61,510.0,1.0,Shift A (Morning),492.4,1.18
2026-09-05 06:00:00,Screw Air Compressor (100 HP),Compressed Air Utility,25.88,none,0.0,0.0,0.0,Shift A (Morning),33.6,6.38
2026-09-05 06:00:00,Die Cooling Water Circulation System,Cooling Utility,36.98,none,0.0,0.0,1.0,Shift A (Morning),26.2,3.95
2026-09-05 07:00:00,HPDC Die Casting Cell #01 (800T),High Pressure Die Casting,48.97,none,0.0,387.7,1.0,Shift A (Morning),667.3,122.26
2026-09-05 07:00:00,Aluminum Induction Melting Furnace,Melting & Holding,179.12,none,0.0,600.3,1.0,Shift A (Morning),730.6,1.01
2026-09-05 07:00:00,Continuous Shot Blasting Machine,Surface Finishing & Cleaning,1.81,none,0.0,0.0,0.0,Shift A (Morning),31.0,0.0
2026-09-05 07:00:00,CNC 5-Axis Machining Center,Machining & Milling,1.39,none,0.0,0.0,0.0,Shift A (Morning),29.0,0.0
2026-09-05 07:00:00,Solution & Aging Heat Treatment Furnace,Heat Treatment & Quenching,56.25,natural_gas,49.75,511.4,1.0,Shift A (Morning),505.2,1.18
2026-09-05 07:00:00,Screw Air Compressor (100 HP),Compressed Air Utility,27.33,none,0.0,0.0,0.0,Shift A (Morning),33.6,6.38
2026-09-05 07:00:00,Die Cooling Water Circulation System,Cooling Utility,37.23,none,0.0,0.0,1.0,Shift A (Morning),25.9,4.11
2026-09-05 08:00:00,HPDC Die Casting Cell #01 (800T),High Pressure Die Casting,49.83,none,0.0,394.5,1.0,Shift A (Morning),674.9,120.38
2026-09-05 08:00:00,Aluminum Induction Melting Furnace,Melting & Holding,177.79,none,0.0,595.8,1.0,Shift A (Morning),712.8,1.01
2026-09-05 08:00:00,Continuous Shot Blasting Machine,Surface Finishing & Cleaning,1.69,none,0.0,0.0,0.0,Shift A (Morning),31.5,0.0
2026-09-05 08:00:00,CNC 5-Axis Machining Center,Machining & Milling,1.76,none,0.0,0.0,0.0,Shift A (Morning),31.6,0.0
2026-09-05 08:00:00,Solution & Aging Heat Treatment Furnace,Heat Treatment & Quenching,55.9,natural_gas,49.43,508.2,1.0,Shift A (Morning),502.2,1.22
2026-09-05 08:00:00,Screw Air Compressor (100 HP),Compressed Air Utility,26.91,none,0.0,0.0,0.0,Shift A (Morning),33.6,6.38
2026-09-05 08:00:00,Die Cooling Water Circulation System,Cooling Utility,36.3,none,0.0,0.0,1.0,Shift A (Morning),26.3,4.11
2026-09-05 09:00:00,HPDC Die Casting Cell #01 (800T),High Pressure Die Casting,47.21,none,0.0,373.7,1.0,Shift A (Morning),671.2,121.32
2026-09-05 09:00:00,Aluminum Induction Melting Furnace,Melting & Holding,180.37,none,0.0,604.5,1.0,Shift A (Morning),710.6,1.0
2026-09-05 09:00:00,Continuous Shot Blasting Machine,Surface Finishing & Cleaning,1.13,none,0.0,0.0,0.0,Shift A (Morning),29.7,0.0
2026-09-05 09:00:00,CNC 5-Axis Machining Center,Machining & Milling,1.38,none,0.0,0.0,0.0,Shift A (Morning),28.5,0.0
2026-09-05 09:00:00,Solution & Aging Heat Treatment Furnace,Heat Treatment & Quenching,55.37,natural_gas,48.97,503.4,1.0,Shift A (Morning),494.3,1.19
2026-09-05 09:00:00,Screw Air Compressor (100 HP),Compressed Air Utility,27.48,none,0.0,0.0,0.0,Shift A (Morning),33.6,6.38
2026-09-05 09:00:00,Die Cooling Water Circulation System,Cooling Utility,35.01,none,0.0,0.0,1.0,Shift A (Morning),25.6,3.96
2026-09-05 10:00:00,HPDC Die Casting Cell #01 (800T),High Pressure Die Casting,46.28,none,0.0,366.3,1.0,Shift A (Morning),691.8,120.83
2026-09-05 10:00:00,Aluminum Induction Melting Furnace,Melting & Holding,187.4,none,0.0,628.0,1.0,Shift A (Morning),719.7,1.0
2026-09-05 10:00:00,Continuous Shot Blasting Machine,Surface Finishing & Cleaning,1.1,none,0.0,0.0,0.0,Shift A (Morning),31.1,0.0
2026-09-05 10:00:00,CNC 5-Axis Machining Center,Machining & Milling,1.05,none,0.0,0.0,0.0,Shift A (Morning),28.9,0.0
2026-09-05 10:00:00,Solution & Aging Heat Treatment Furnace,Heat Treatment & Quenching,53.61,natural_gas,47.41,487.4,1.0,Shift A (Morning),490.6,1.2
2026-09-05 10:00:00,Screw Air Compressor (100 HP),Compressed Air Utility,26.46,none,0.0,0.0,0.0,Shift A (Morning),33.6,6.38
2026-09-05 10:00:00,Die Cooling Water Circulation System,Cooling Utility,36.11,none,0.0,0.0,1.0,Shift A (Morning),25.6,3.93
2026-09-05 11:00:00,HPDC Die Casting Cell #01 (800T),High Pressure Die Casting,46.9,none,0.0,371.3,1.0,Shift A (Morning),675.4,119.0
2026-09-05 11:00:00,Aluminum Induction Melting Furnace,Melting & Holding,180.83,none,0.0,606.0,1.0,Shift A (Morning),727.3,1.0
2026-09-05 11:00:00,Continuous Shot Blasting Machine,Surface Finishing & Cleaning,2.0,none,0.0,0.0,0.0,Shift A (Morning),31.3,0.0
2026-09-05 11:00:00,CNC 5-Axis Machining Center,Machining & Milling,1.97,none,0.0,0.0,0.0,Shift A (Morning),28.0,0.0
2026-09-05 11:00:00,Solution & Aging Heat Treatment Furnace,Heat Treatment & Quenching,55.74,natural_gas,49.29,506.8,1.0,Shift A (Morning),498.1,1.23
2026-09-05 11:00:00,Screw Air Compressor (100 HP),Compressed Air Utility,27.15,none,0.0,0.0,0.0,Shift A (Morning),33.6,6.38
2026-09-05 11:00:00,Die Cooling Water Circulation System,Cooling Utility,36.35,none,0.0,0.0,1.0,Shift A (Morning),26.5,4.04
2026-09-05 12:00:00,HPDC Die Casting Cell #01 (800T),High Pressure Die Casting,47.31,none,0.0,374.6,1.0,Shift A (Morning),691.3,123.2
2026-09-05 12:00:00,Aluminum Induction Melting Furnace,Melting & Holding,183.31,none,0.0,614.3,1.0,Shift A (Morning),721.2,0.99
2026-09-05 12:00:00,Continuous Shot Blasting Machine,Surface Finishing & Cleaning,1.88,none,0.0,0.0,0.0,Shift A (Morning),31.3,0.0
2026-09-05 12:00:00,CNC 5-Axis Machining Center,Machining & Milling,1.12,none,0.0,0.0,0.0,Shift A (Morning),31.2,0.0
2026-09-05 12:00:00,Solution & Aging Heat Treatment Furnace,Heat Treatment & Quenching,54.76,natural_gas,48.43,497.8,1.0,Shift A (Morning),490.1,1.23
2026-09-05 12:00:00,Screw Air Compressor (100 HP),Compressed Air Utility,25.67,none,0.0,0.0,0.0,Shift A (Morning),33.6,6.38
2026-09-05 12:00:00,Die Cooling Water Circulation System,Cooling Utility,36.04,none,0.0,0.0,1.0,Shift A (Morning),26.5,3.92
2026-09-05 13:00:00,HPDC Die Casting Cell #01 (800T),High Pressure Die Casting,49.75,none,0.0,393.9,1.0,Shift A (Morning),681.0,116.45
2026-09-05 13:00:00,Aluminum Induction Melting Furnace,Melting & Holding,178.57,none,0.0,598.4,1.0,Shift A (Morning),724.9,1.02
2026-09-05 13:00:00,Continuous Shot Blasting Machine,Surface Finishing & Cleaning,1.81,none,0.0,0.0,0.0,Shift A (Morning),29.7,0.0
2026-09-05 13:00:00,CNC 5-Axis Machining Center,Machining & Milling,0.75,none,0.0,0.0,0.0,Shift A (Morning),30.2,0.0
2026-09-05 13:00:00,Solution & Aging Heat Treatment Furnace,Heat Treatment & Quenching,55.89,natural_gas,49.43,508.1,1.0,Shift A (Morning),508.7,1.22
2026-09-05 13:00:00,Screw Air Compressor (100 HP),Compressed Air Utility,27.26,none,0.0,0.0,0.0,Shift A (Morning),33.6,6.38
2026-09-05 13:00:00,Die Cooling Water Circulation System,Cooling Utility,37.27,none,0.0,0.0,1.0,Shift A (Morning),26.3,3.92
2026-09-05 14:00:00,HPDC Die Casting Cell #01 (800T),High Pressure Die Casting,47.84,none,0.0,378.8,1.0,Shift B (Evening),675.4,117.03
2026-09-05 14:00:00,Aluminum Induction Melting Furnace,Melting & Holding,178.4,none,0.0,597.9,1.0,Shift B (Evening),728.5,1.0
2026-09-05 14:00:00,Continuous Shot Blasting Machine,Surface Finishing & Cleaning,1.4,none,0.0,0.0,0.0,Shift B (Evening),28.9,0.0
2026-09-05 14:00:00,CNC 5-Axis Machining Center,Machining & Milling,0.96,none,0.0,0.0,0.0,Shift B (Evening),29.6,0.0
2026-09-05 14:00:00,Solution & Aging Heat Treatment Furnace,Heat Treatment & Quenching,55.57,natural_gas,49.14,505.2,1.0,Shift B (Evening),497.9,1.17
2026-09-05 14:00:00,Screw Air Compressor (100 HP),Compressed Air Utility,27.36,none,0.0,0.0,0.0,Shift B (Evening),33.6,6.38
2026-09-05 14:00:00,Die Cooling Water Circulation System,Cooling Utility,36.1,none,0.0,0.0,1.0,Shift B (Evening),26.1,4.03
2026-09-05 15:00:00,HPDC Die Casting Cell #01 (800T),High Pressure Die Casting,48.98,none,0.0,387.8,1.0,Shift B (Evening),682.3,121.45
2026-09-05 15:00:00,Aluminum Induction Melting Furnace,Melting & Holding,178.67,none,0.0,598.8,1.0,Shift B (Evening),732.3,0.98
2026-09-05 15:00:00,Continuous Shot Blasting Machine,Surface Finishing & Cleaning,1.7,none,0.0,0.0,0.0,Shift B (Evening),29.2,0.0
2026-09-05 15:00:00,CNC 5-Axis Machining Center,Machining & Milling,0.72,none,0.0,0.0,0.0,Shift B (Evening),31.1,0.0
2026-09-05 15:00:00,Solution & Aging Heat Treatment Furnace,Heat Treatment & Quenching,54.73,natural_gas,48.4,497.5,1.0,Shift B (Evening),497.1,1.21
2026-09-05 15:00:00,Screw Air Compressor (100 HP),Compressed Air Utility,26.66,none,0.0,0.0,0.0,Shift B (Evening),33.6,6.38
2026-09-05 15:00:00,Die Cooling Water Circulation System,Cooling Utility,36.1,none,0.0,0.0,1.0,Shift B (Evening),25.6,3.97
2026-09-05 16:00:00,HPDC Die Casting Cell #01 (800T),High Pressure Die Casting,49.14,none,0.0,389.0,1.0,Shift B (Evening),681.2,123.31
2026-09-05 16:00:00,Aluminum Induction Melting Furnace,Melting & Holding,179.73,none,0.0,602.3,1.0,Shift B (Evening),725.1,1.02
2026-09-05 16:00:00,Continuous Shot Blasting Machine,Surface Finishing & Cleaning,1.71,none,0.0,0.0,0.0,Shift B (Evening),30.9,0.0
2026-09-05 16:00:00,CNC 5-Axis Machining Center,Machining & Milling,1.12,none,0.0,0.0,0.0,Shift B (Evening),31.8,0.0
2026-09-05 16:00:00,Solution & Aging Heat Treatment Furnace,Heat Treatment & Quenching,55.24,natural_gas,48.85,502.1,1.0,Shift B (Evening),500.3,1.17
2026-09-05 16:00:00,Screw Air Compressor (100 HP),Compressed Air Utility,25.02,none,0.0,0.0,0.0,Shift B (Evening),33.6,6.38
2026-09-05 16:00:00,Die Cooling Water Circulation System,Cooling Utility,36.28,none,0.0,0.0,1.0,Shift B (Evening),26.0,4.11
2026-09-05 17:00:00,HPDC Die Casting Cell #01 (800T),High Pressure Die Casting,47.25,none,0.0,374.1,1.0,Shift B (Evening),686.8,122.91
2026-09-05 17:00:00,Aluminum Induction Melting Furnace,Melting & Holding,182.69,none,0.0,612.3,1.0,Shift B (Evening),717.5,1.01
2026-09-05 17:00:00,Continuous Shot Blasting Machine,Surface Finishing & Cleaning,1.32,none,0.0,0.0,0.0,Shift B (Evening),28.6,0.0
2026-09-05 17:00:00,CNC 5-Axis Machining Center,Machining & Milling,0.91,none,0.0,0.0,0.0,Shift B (Evening),31.3,0.0
2026-09-05 17:00:00,Solution & Aging Heat Treatment Furnace,Heat Treatment & Quenching,53.66,natural_gas,47.45,487.8,1.0,Shift B (Evening),492.9,1.22
2026-09-05 17:00:00,Screw Air Compressor (100 HP),Compressed Air Utility,27.98,none,0.0,0.0,0.0,Shift B (Evening),33.6,6.38
2026-09-05 17:00:00,Die Cooling Water Circulation System,Cooling Utility,37.01,none,0.0,0.0,1.0,Shift B (Evening),26.4,4.12
2026-09-05 18:00:00,HPDC Die Casting Cell #01 (800T),High Pressure Die Casting,1.25,none,0.0,0.0,0.0,Shift B (Evening),30.2,0.0
2026-09-05 18:00:00,Aluminum Induction Melting Furnace,Melting & Holding,181.9,none,0.0,609.6,1.0,Shift B (Evening),707.5,0.98
2026-09-05 18:00:00,Continuous Shot Blasting Machine,Surface Finishing & Cleaning,1.62,none,0.0,0.0,0.0,Shift B (Evening),29.9,0.0
2026-09-05 18:00:00,CNC 5-Axis Machining Center,Machining & Milling,1.06,none,0.0,0.0,0.0,Shift B (Evening),28.5,0.0
2026-09-05 18:00:00,Solution & Aging Heat Treatment Furnace,Heat Treatment & Quenching,1.52,natural_gas,0.0,0.0,0.0,Shift B (Evening),28.4,0.0
2026-09-05 18:00:00,Screw Air Compressor (100 HP),Compressed Air Utility,27.17,none,0.0,0.0,0.0,Shift B (Evening),33.6,6.38
2026-09-05 18:00:00,Die Cooling Water Circulation System,Cooling Utility,37.15,none,0.0,0.0,1.0,Shift B (Evening),25.8,3.99
2026-09-05 19:00:00,HPDC Die Casting Cell #01 (800T),High Pressure Die Casting,1.46,none,0.0,0.0,0.0,Shift B (Evening),29.2,0.0
2026-09-05 19:00:00,Aluminum Induction Melting Furnace,Melting & Holding,186.25,none,0.0,624.2,1.0,Shift B (Evening),721.9,0.99
2026-09-05 19:00:00,Continuous Shot Blasting Machine,Surface Finishing & Cleaning,1.04,none,0.0,0.0,0.0,Shift B (Evening),29.7,0.0
2026-09-05 19:00:00,CNC 5-Axis Machining Center,Machining & Milling,0.61,none,0.0,0.0,0.0,Shift B (Evening),29.0,0.0
2026-09-05 19:00:00,Solution & Aging Heat Treatment Furnace,Heat Treatment & Quenching,0.91,natural_gas,0.0,0.0,0.0,Shift B (Evening),31.0,0.0
2026-09-05 19:00:00,Screw Air Compressor (100 HP),Compressed Air Utility,26.53,none,0.0,0.0,0.0,Shift B (Evening),33.6,6.38
2026-09-05 19:00:00,Die Cooling Water Circulation System,Cooling Utility,36.98,none,0.0,0.0,1.0,Shift B (Evening),25.6,4.06
2026-09-05 20:00:00,HPDC Die Casting Cell #01 (800T),High Pressure Die Casting,1.83,none,0.0,0.0,0.0,Shift B (Evening),29.9,0.0
2026-09-05 20:00:00,Aluminum Induction Melting Furnace,Melting & Holding,182.91,none,0.0,613.0,1.0,Shift B (Evening),714.4,1.0
2026-09-05 20:00:00,Continuous Shot Blasting Machine,Surface Finishing & Cleaning,0.85,none,0.0,0.0,0.0,Shift B (Evening),30.4,0.0
2026-09-05 20:00:00,CNC 5-Axis Machining Center,Machining & Milling,1.78,none,0.0,0.0,0.0,Shift B (Evening),31.4,0.0
2026-09-05 20:00:00,Solution & Aging Heat Treatment Furnace,Heat Treatment & Quenching,0.8,natural_gas,0.0,0.0,0.0,Shift B (Evening),30.2,0.0
2026-09-05 20:00:00,Screw Air Compressor (100 HP),Compressed Air Utility,25.92,none,0.0,0.0,0.0,Shift B (Evening),33.6,6.38
2026-09-05 20:00:00,Die Cooling Water Circulation System,Cooling Utility,37.11,none,0.0,0.0,1.0,Shift B (Evening),25.6,3.9
2026-09-05 21:00:00,HPDC Die Casting Cell #01 (800T),High Pressure Die Casting,0.63,none,0.0,0.0,0.0,Shift B (Evening),30.0,0.0
2026-09-05 21:00:00,Aluminum Induction Melting Furnace,Melting & Holding,178.06,none,0.0,596.7,1.0,Shift B (Evening),722.4,0.99
2026-09-05 21:00:00,Continuous Shot Blasting Machine,Surface Finishing & Cleaning,1.43,none,0.0,0.0,0.0,Shift B (Evening),31.6,0.0
2026-09-05 21:00:00,CNC 5-Axis Machining Center,Machining & Milling,1.37,none,0.0,0.0,0.0,Shift B (Evening),30.2,0.0
2026-09-05 21:00:00,Solution & Aging Heat Treatment Furnace,Heat Treatment & Quenching,2.0,natural_gas,0.0,0.0,0.0,Shift B (Evening),29.9,0.0
2026-09-05 21:00:00,Screw Air Compressor (100 HP),Compressed Air Utility,27.71,none,0.0,0.0,0.0,Shift B (Evening),33.6,6.38
2026-09-05 21:00:00,Die Cooling Water Circulation System,Cooling Utility,35.61,none,0.0,0.0,1.0,Shift B (Evening),25.7,4.07
2026-09-05 22:00:00,HPDC Die Casting Cell #01 (800T),High Pressure Die Casting,1.63,none,0.0,0.0,0.0,Shift C (Night),29.2,0.0
2026-09-05 22:00:00,Aluminum Induction Melting Furnace,Melting & Holding,184.48,none,0.0,618.2,1.0,Shift C (Night),720.3,0.99
2026-09-05 22:00:00,Continuous Shot Blasting Machine,Surface Finishing & Cleaning,1.3,none,0.0,0.0,0.0,Shift C (Night),30.7,0.0
2026-09-05 22:00:00,CNC 5-Axis Machining Center,Machining & Milling,1.79,none,0.0,0.0,0.0,Shift C (Night),31.2,0.0
2026-09-05 22:00:00,Solution & Aging Heat Treatment Furnace,Heat Treatment & Quenching,1.46,natural_gas,0.0,0.0,0.0,Shift C (Night),28.7,0.0
2026-09-05 22:00:00,Screw Air Compressor (100 HP),Compressed Air Utility,26.8,none,0.0,0.0,0.0,Shift C (Night),33.6,6.38
2026-09-05 22:00:00,Die Cooling Water Circulation System,Cooling Utility,35.85,none,0.0,0.0,1.0,Shift C (Night),25.7,4.11
2026-09-05 23:00:00,HPDC Die Casting Cell #01 (800T),High Pressure Die Casting,1.52,none,0.0,0.0,0.0,Shift C (Night),31.9,0.0
2026-09-05 23:00:00,Aluminum Induction Melting Furnace,Melting & Holding,188.49,none,0.0,631.7,1.0,Shift C (Night),719.5,0.99
2026-09-05 23:00:00,Continuous Shot Blasting Machine,Surface Finishing & Cleaning,0.91,none,0.0,0.0,0.0,Shift C (Night),30.0,0.0
2026-09-05 23:00:00,CNC 5-Axis Machining Center,Machining & Milling,0.69,none,0.0,0.0,0.0,Shift C (Night),29.5,0.0
2026-09-05 23:00:00,Solution & Aging Heat Treatment Furnace,Heat Treatment & Quenching,0.66,natural_gas,0.0,0.0,0.0,Shift C (Night),28.8,0.0
2026-09-05 23:00:00,Screw Air Compressor (100 HP),Compressed Air Utility,28.18,none,0.0,0.0,0.0,Shift C (Night),33.6,6.38
2026-09-05 23:00:00,Die Cooling Water Circulation System,Cooling Utility,35.6,none,0.0,0.0,1.0,Shift C (Night),26.0,3.99
2026-09-06 00:00:00,HPDC Die Casting Cell #01 (800T),High Pressure Die Casting,0.67,none,0.0,0.0,0.0,Shift C (Night),31.9,0.0
2026-09-06 00:00:00,Aluminum Induction Melting Furnace,Melting & Holding,182.4,none,0.0,611.3,1.0,Shift C (Night),725.9,1.0
2026-09-06 00:00:00,Continuous Shot Blasting Machine,Surface Finishing & Cleaning,1.76,none,0.0,0.0,0.0,Shift C (Night),31.3,0.0
2026-09-06 00:00:00,CNC 5-Axis Machining Center,Machining & Milling,0.97,none,0.0,0.0,0.0,Shift C (Night),30.2,0.0
2026-09-06 00:00:00,Solution & Aging Heat Treatment Furnace,Heat Treatment & Quenching,0.84,natural_gas,0.0,0.0,0.0,Shift C (Night),30.6,0.0
2026-09-06 00:00:00,Screw Air Compressor (100 HP),Compressed Air Utility,26.28,none,0.0,0.0,0.0,Shift C (Night),33.6,6.38
2026-09-06 00:00:00,Die Cooling Water Circulation System,Cooling Utility,36.44,none,0.0,0.0,1.0,Shift C (Night),26.3,4.0
2026-09-06 01:00:00,HPDC Die Casting Cell #01 (800T),High Pressure Die Casting,1.13,none,0.0,0.0,0.0,Shift C (Night),31.6,0.0
2026-09-06 01:00:00,Aluminum Induction Melting Furnace,Melting & Holding,185.24,none,0.0,620.8,1.0,Shift C (Night),715.8,1.02
2026-09-06 01:00:00,Continuous Shot Blasting Machine,Surface Finishing & Cleaning,1.28,none,0.0,0.0,0.0,Shift C (Night),29.9,0.0
2026-09-06 01:00:00,CNC 5-Axis Machining Center,Machining & Milling,1.45,none,0.0,0.0,0.0,Shift C (Night),30.0,0.0
2026-09-06 01:00:00,Solution & Aging Heat Treatment Furnace,Heat Treatment & Quenching,0.79,natural_gas,0.0,0.0,0.0,Shift C (Night),28.7,0.0
2026-09-06 01:00:00,Screw Air Compressor (100 HP),Compressed Air Utility,25.27,none,0.0,0.0,0.0,Shift C (Night),33.6,6.38
2026-09-06 01:00:00,Die Cooling Water Circulation System,Cooling Utility,36.41,none,0.0,0.0,1.0,Shift C (Night),25.7,3.92
2026-09-06 02:00:00,HPDC Die Casting Cell #01 (800T),High Pressure Die Casting,1.11,none,0.0,0.0,0.0,Shift C (Night),30.9,0.0
2026-09-06 02:00:00,Aluminum Induction Melting Furnace,Melting & Holding,179.35,none,0.0,601.1,1.0,Shift C (Night),712.2,1.02
2026-09-06 02:00:00,Continuous Shot Blasting Machine,Surface Finishing & Cleaning,1.61,none,0.0,0.0,0.0,Shift C (Night),29.9,0.0
2026-09-06 02:00:00,CNC 5-Axis Machining Center,Machining & Milling,1.27,none,0.0,0.0,0.0,Shift C (Night),28.8,0.0
2026-09-06 02:00:00,Solution & Aging Heat Treatment Furnace,Heat Treatment & Quenching,0.83,natural_gas,0.0,0.0,0.0,Shift C (Night),31.3,0.0
2026-09-06 02:00:00,Screw Air Compressor (100 HP),Compressed Air Utility,25.08,none,0.0,0.0,0.0,Shift C (Night),33.6,6.38
2026-09-06 02:00:00,Die Cooling Water Circulation System,Cooling Utility,34.68,none,0.0,0.0,1.0,Shift C (Night),26.1,3.92
2026-09-06 03:00:00,HPDC Die Casting Cell #01 (800T),High Pressure Die Casting,1.48,none,0.0,0.0,0.0,Shift C (Night),28.2,0.0
2026-09-06 03:00:00,Aluminum Induction Melting Furnace,Melting & Holding,186.07,none,0.0,623.6,1.0,Shift C (Night),707.2,0.99
2026-09-06 03:00:00,Continuous Shot Blasting Machine,Surface Finishing & Cleaning,0.85,none,0.0,0.0,0.0,Shift C (Night),31.8,0.0
2026-09-06 03:00:00,CNC 5-Axis Machining Center,Machining & Milling,1.44,none,0.0,0.0,0.0,Shift C (Night),30.3,0.0
2026-09-06 03:00:00,Solution & Aging Heat Treatment Furnace,Heat Treatment & Quenching,0.63,natural_gas,0.0,0.0,0.0,Shift C (Night),30.9,0.0
2026-09-06 03:00:00,Screw Air Compressor (100 HP),Compressed Air Utility,27.32,none,0.0,0.0,0.0,Shift C (Night),33.6,6.38
2026-09-06 03:00:00,Die Cooling Water Circulation System,Cooling Utility,35.38,none,0.0,0.0,1.0,Shift C (Night),25.6,3.99
2026-09-06 04:00:00,HPDC Die Casting Cell #01 (800T),High Pressure Die Casting,1.99,none,0.0,0.0,0.0,Shift C (Night),31.5,0.0
2026-09-06 04:00:00,Aluminum Induction Melting Furnace,Melting & Holding,180.12,none,0.0,603.7,1.0,Shift C (Night),729.5,1.01
2026-09-06 04:00:00,Continuous Shot Blasting Machine,Surface Finishing & Cleaning,1.71,none,0.0,0.0,0.0,Shift C (Night),31.3,0.0
2026-09-06 04:00:00,CNC 5-Axis Machining Center,Machining & Milling,0.85,none,0.0,0.0,0.0,Shift C (Night),30.6,0.0
2026-09-06 04:00:00,Solution & Aging Heat Treatment Furnace,Heat Treatment & Quenching,0.97,natural_gas,0.0,0.0,0.0,Shift C (Night),30.9,0.0
2026-09-06 04:00:00,Screw Air Compressor (100 HP),Compressed Air Utility,26.2,none,0.0,0.0,0.0,Shift C (Night),33.6,6.38
2026-09-06 04:00:00,Die Cooling Water Circulation System,Cooling Utility,35.87,none,0.0,0.0,1.0,Shift C (Night),26.1,3.94
2026-09-06 05:00:00,HPDC Die Casting Cell #01 (800T),High Pressure Die Casting,1.14,none,0.0,0.0,0.0,Shift C (Night),28.4,0.0
2026-09-06 05:00:00,Aluminum Induction Melting Furnace,Melting & Holding,180.59,none,0.0,605.2,1.0,Shift C (Night),730.4,1.0
2026-09-06 05:00:00,Continuous Shot Blasting Machine,Surface Finishing & Cleaning,1.19,none,0.0,0.0,0.0,Shift C (Night),28.6,0.0
2026-09-06 05:00:00,CNC 5-Axis Machining Center,Machining & Milling,0.73,none,0.0,0.0,0.0,Shift C (Night),29.9,0.0
2026-09-06 05:00:00,Solution & Aging Heat Treatment Furnace,Heat Treatment & Quenching,1.46,natural_gas,0.0,0.0,0.0,Shift C (Night),28.2,0.0
2026-09-06 05:00:00,Screw Air Compressor (100 HP),Compressed Air Utility,27.74,none,0.0,0.0,0.0,Shift C (Night),33.6,6.38
2026-09-06 05:00:00,Die Cooling Water Circulation System,Cooling Utility,36.01,none,0.0,0.0,1.0,Shift C (Night),25.6,4.0
2026-09-06 06:00:00,HPDC Die Casting Cell #01 (800T),High Pressure Die Casting,0.78,none,0.0,0.0,0.0,Shift A (Morning),30.4,0.0
2026-09-06 06:00:00,Aluminum Induction Melting Furnace,Melting & Holding,189.85,none,0.0,636.2,1.0,Shift A (Morning),731.4,1.02
2026-09-06 06:00:00,Continuous Shot Blasting Machine,Surface Finishing & Cleaning,1.51,none,0.0,0.0,0.0,Shift A (Morning),30.1,0.0
2026-09-06 06:00:00,CNC 5-Axis Machining Center,Machining & Milling,1.12,none,0.0,0.0,0.0,Shift A (Morning),28.2,0.0
2026-09-06 06:00:00,Solution & Aging Heat Treatment Furnace,Heat Treatment & Quenching,1.34,natural_gas,0.0,0.0,0.0,Shift A (Morning),28.9,0.0
2026-09-06 06:00:00,Screw Air Compressor (100 HP),Compressed Air Utility,27.81,none,0.0,0.0,0.0,Shift A (Morning),33.6,6.38
2026-09-06 06:00:00,Die Cooling Water Circulation System,Cooling Utility,36.83,none,0.0,0.0,1.0,Shift A (Morning),25.9,4.02
2026-09-06 07:00:00,HPDC Die Casting Cell #01 (800T),High Pressure Die Casting,1.64,none,0.0,0.0,0.0,Shift A (Morning),31.0,0.0
2026-09-06 07:00:00,Aluminum Induction Melting Furnace,Melting & Holding,187.91,none,0.0,629.8,1.0,Shift A (Morning),708.4,0.98
2026-09-06 07:00:00,Continuous Shot Blasting Machine,Surface Finishing & Cleaning,1.27,none,0.0,0.0,0.0,Shift A (Morning),28.9,0.0
2026-09-06 07:00:00,CNC 5-Axis Machining Center,Machining & Milling,1.8,none,0.0,0.0,0.0,Shift A (Morning),29.1,0.0
2026-09-06 07:00:00,Solution & Aging Heat Treatment Furnace,Heat Treatment & Quenching,1.83,natural_gas,0.0,0.0,0.0,Shift A (Morning),29.6,0.0
2026-09-06 07:00:00,Screw Air Compressor (100 HP),Compressed Air Utility,25.66,none,0.0,0.0,0.0,Shift A (Morning),33.6,6.38
2026-09-06 07:00:00,Die Cooling Water Circulation System,Cooling Utility,36.6,none,0.0,0.0,1.0,Shift A (Morning),26.3,4.02
2026-09-06 08:00:00,HPDC Die Casting Cell #01 (800T),High Pressure Die Casting,0.76,none,0.0,0.0,0.0,Shift A (Morning),28.0,0.0
2026-09-06 08:00:00,Aluminum Induction Melting Furnace,Melting & Holding,187.29,none,0.0,627.7,1.0,Shift A (Morning),725.4,0.99
2026-09-06 08:00:00,Continuous Shot Blasting Machine,Surface Finishing & Cleaning,1.11,none,0.0,0.0,0.0,Shift A (Morning),28.6,0.0
2026-09-06 08:00:00,CNC 5-Axis Machining Center,Machining & Milling,1.51,none,0.0,0.0,0.0,Shift A (Morning),29.0,0.0
2026-09-06 08:00:00,Solution & Aging Heat Treatment Furnace,Heat Treatment & Quenching,1.8,natural_gas,0.0,0.0,0.0,Shift A (Morning),29.7,0.0
2026-09-06 08:00:00,Screw Air Compressor (100 HP),Compressed Air Utility,26.28,none,0.0,0.0,0.0,Shift A (Morning),33.6,6.38
2026-09-06 08:00:00,Die Cooling Water Circulation System,Cooling Utility,35.35,none,0.0,0.0,1.0,Shift A (Morning),26.2,4.06
2026-09-06 09:00:00,HPDC Die Casting Cell #01 (800T),High Pressure Die Casting,1.18,none,0.0,0.0,0.0,Shift A (Morning),31.1,0.0
2026-09-06 09:00:00,Aluminum Induction Melting Furnace,Melting & Holding,184.74,none,0.0,619.1,1.0,Shift A (Morning),716.3,1.0
2026-09-06 09:00:00,Continuous Shot Blasting Machine,Surface Finishing & Cleaning,0.96,none,0.0,0.0,0.0,Shift A (Morning),29.2,0.0
2026-09-06 09:00:00,CNC 5-Axis Machining Center,Machining & Milling,1.08,none,0.0,0.0,0.0,Shift A (Morning),30.8,0.0
2026-09-06 09:00:00,Solution & Aging Heat Treatment Furnace,Heat Treatment & Quenching,1.63,natural_gas,0.0,0.0,0.0,Shift A (Morning),31.4,0.0
2026-09-06 09:00:00,Screw Air Compressor (100 HP),Compressed Air Utility,27.31,none,0.0,0.0,0.0,Shift A (Morning),33.6,6.38
2026-09-06 09:00:00,Die Cooling Water Circulation System,Cooling Utility,36.71,none,0.0,0.0,1.0,Shift A (Morning),25.9,4.05
2026-09-06 10:00:00,HPDC Die Casting Cell #01 (800T),High Pressure Die Casting,0.83,none,0.0,0.0,0.0,Shift A (Morning),28.9,0.0
2026-09-06 10:00:00,Aluminum Induction Melting Furnace,Melting & Holding,183.53,none,0.0,615.1,1.0,Shift A (Morning),715.3,1.0
2026-09-06 10:00:00,Continuous Shot Blasting Machine,Surface Finishing & Cleaning,1.58,none,0.0,0.0,0.0,Shift A (Morning),30.8,0.0
2026-09-06 10:00:00,CNC 5-Axis Machining Center,Machining & Milling,0.83,none,0.0,0.0,0.0,Shift A (Morning),31.9,0.0
2026-09-06 10:00:00,Solution & Aging Heat Treatment Furnace,Heat Treatment & Quenching,0.61,natural_gas,0.0,0.0,0.0,Shift A (Morning),28.4,0.0
2026-09-06 10:00:00,Screw Air Compressor (100 HP),Compressed Air Utility,25.51,none,0.0,0.0,0.0,Shift A (Morning),33.6,6.38
2026-09-06 10:00:00,Die Cooling Water Circulation System,Cooling Utility,37.23,none,0.0,0.0,1.0,Shift A (Morning),25.9,3.9
2026-09-06 11:00:00,HPDC Die Casting Cell #01 (800T),High Pressure Die Casting,0.91,none,0.0,0.0,0.0,Shift A (Morning),28.3,0.0
2026-09-06 11:00:00,Aluminum Induction Melting Furnace,Melting & Holding,178.16,none,0.0,597.1,1.0,Shift A (Morning),716.7,1.03
2026-09-06 11:00:00,Continuous Shot Blasting Machine,Surface Finishing & Cleaning,1.46,none,0.0,0.0,0.0,Shift A (Morning),30.1,0.0
2026-09-06 11:00:00,CNC 5-Axis Machining Center,Machining & Milling,1.6,none,0.0,0.0,0.0,Shift A (Morning),30.4,0.0
2026-09-06 11:00:00,Solution & Aging Heat Treatment Furnace,Heat Treatment & Quenching,1.92,natural_gas,0.0,0.0,0.0,Shift A (Morning),31.3,0.0
2026-09-06 11:00:00,Screw Air Compressor (100 HP),Compressed Air Utility,27.24,none,0.0,0.0,0.0,Shift A (Morning),33.6,6.38
2026-09-06 11:00:00,Die Cooling Water Circulation System,Cooling Utility,35.82,none,0.0,0.0,1.0,Shift A (Morning),25.7,4.04
2026-09-06 12:00:00,HPDC Die Casting Cell #01 (800T),High Pressure Die Casting,1.73,none,0.0,0.0,0.0,Shift A (Morning),29.1,0.0
2026-09-06 12:00:00,Aluminum Induction Melting Furnace,Melting & Holding,178.1,none,0.0,596.9,1.0,Shift A (Morning),722.9,1.0
2026-09-06 12:00:00,Continuous Shot Blasting Machine,Surface Finishing & Cleaning,0.92,none,0.0,0.0,0.0,Shift A (Morning),28.7,0.0
2026-09-06 12:00:00,CNC 5-Axis Machining Center,Machining & Milling,0.65,none,0.0,0.0,0.0,Shift A (Morning),29.0,0.0
2026-09-06 12:00:00,Solution & Aging Heat Treatment Furnace,Heat Treatment & Quenching,0.6,natural_gas,0.0,0.0,0.0,Shift A (Morning),28.6,0.0
2026-09-06 12:00:00,Screw Air Compressor (100 HP),Compressed Air Utility,28.49,none,0.0,0.0,0.0,Shift A (Morning),33.6,6.38
2026-09-06 12:00:00,Die Cooling Water Circulation System,Cooling Utility,36.81,none,0.0,0.0,1.0,Shift A (Morning),25.8,3.97
2026-09-06 13:00:00,HPDC Die Casting Cell #01 (800T),High Pressure Die Casting,1.42,none,0.0,0.0,0.0,Shift A (Morning),30.1,0.0
2026-09-06 13:00:00,Aluminum Induction Melting Furnace,Melting & Holding,188.51,none,0.0,631.8,1.0,Shift A (Morning),707.6,0.98
2026-09-06 13:00:00,Continuous Shot Blasting Machine,Surface Finishing & Cleaning,1.0,none,0.0,0.0,0.0,Shift A (Morning),31.3,0.0
2026-09-06 13:00:00,CNC 5-Axis Machining Center,Machining & Milling,1.88,none,0.0,0.0,0.0,Shift A (Morning),29.4,0.0
2026-09-06 13:00:00,Solution & Aging Heat Treatment Furnace,Heat Treatment & Quenching,1.95,natural_gas,0.0,0.0,0.0,Shift A (Morning),29.1,0.0
2026-09-06 13:00:00,Screw Air Compressor (100 HP),Compressed Air Utility,27.12,none,0.0,0.0,0.0,Shift A (Morning),33.6,6.38
2026-09-06 13:00:00,Die Cooling Water Circulation System,Cooling Utility,35.12,none,0.0,0.0,1.0,Shift A (Morning),26.4,4.02
2026-09-06 14:00:00,HPDC Die Casting Cell #01 (800T),High Pressure Die Casting,0.97,none,0.0,0.0,0.0,Shift B (Evening),29.6,0.0
2026-09-06 14:00:00,Aluminum Induction Melting Furnace,Melting & Holding,179.18,none,0.0,600.5,1.0,Shift B (Evening),707.7,0.99
2026-09-06 14:00:00,Continuous Shot Blasting Machine,Surface Finishing & Cleaning,1.93,none,0.0,0.0,0.0,Shift B (Evening),31.2,0.0
2026-09-06 14:00:00,CNC 5-Axis Machining Center,Machining & Milling,1.94,none,0.0,0.0,0.0,Shift B (Evening),31.5,0.0
2026-09-06 14:00:00,Solution & Aging Heat Treatment Furnace,Heat Treatment & Quenching,1.74,natural_gas,0.0,0.0,0.0,Shift B (Evening),30.3,0.0
2026-09-06 14:00:00,Screw Air Compressor (100 HP),Compressed Air Utility,27.43,none,0.0,0.0,0.0,Shift B (Evening),33.6,6.38
2026-09-06 14:00:00,Die Cooling Water Circulation System,Cooling Utility,37.34,none,0.0,0.0,1.0,Shift B (Evening),26.1,4.06
2026-09-06 15:00:00,HPDC Die Casting Cell #01 (800T),High Pressure Die Casting,1.66,none,0.0,0.0,0.0,Shift B (Evening),31.8,0.0
2026-09-06 15:00:00,Aluminum Induction Melting Furnace,Melting & Holding,184.39,none,0.0,618.0,1.0,Shift B (Evening),718.9,1.01
2026-09-06 15:00:00,Continuous Shot Blasting Machine,Surface Finishing & Cleaning,0.64,none,0.0,0.0,0.0,Shift B (Evening),28.5,0.0
2026-09-06 15:00:00,CNC 5-Axis Machining Center,Machining & Milling,0.69,none,0.0,0.0,0.0,Shift B (Evening),30.5,0.0
2026-09-06 15:00:00,Solution & Aging Heat Treatment Furnace,Heat Treatment & Quenching,1.99,natural_gas,0.0,0.0,0.0,Shift B (Evening),30.7,0.0
2026-09-06 15:00:00,Screw Air Compressor (100 HP),Compressed Air Utility,25.8,none,0.0,0.0,0.0,Shift B (Evening),33.6,6.38
2026-09-06 15:00:00,Die Cooling Water Circulation System,Cooling Utility,35.47,none,0.0,0.0,1.0,Shift B (Evening),26.5,4.0
2026-09-06 16:00:00,HPDC Die Casting Cell #01 (800T),High Pressure Die Casting,0.61,none,0.0,0.0,0.0,Shift B (Evening),31.3,0.0
2026-09-06 16:00:00,Aluminum Induction Melting Furnace,Melting & Holding,181.27,none,0.0,607.5,1.0,Shift B (Evening),708.3,1.01
2026-09-06 16:00:00,Continuous Shot Blasting Machine,Surface Finishing & Cleaning,1.75,none,0.0,0.0,0.0,Shift B (Evening),28.3,0.0
2026-09-06 16:00:00,CNC 5-Axis Machining Center,Machining & Milling,1.9,none,0.0,0.0,0.0,Shift B (Evening),29.9,0.0
2026-09-06 16:00:00,Solution & Aging Heat Treatment Furnace,Heat Treatment & Quenching,1.09,natural_gas,0.0,0.0,0.0,Shift B (Evening),31.6,0.0
2026-09-06 16:00:00,Screw Air Compressor (100 HP),Compressed Air Utility,25.94,none,0.0,0.0,0.0,Shift B (Evening),33.6,6.38
2026-09-06 16:00:00,Die Cooling Water Circulation System,Cooling Utility,37.29,none,0.0,0.0,1.0,Shift B (Evening),26.2,4.1
2026-09-06 17:00:00,HPDC Die Casting Cell #01 (800T),High Pressure Die Casting,1.3,none,0.0,0.0,0.0,Shift B (Evening),28.8,0.0
2026-09-06 17:00:00,Aluminum Induction Melting Furnace,Melting & Holding,188.48,none,0.0,631.7,1.0,Shift B (Evening),730.7,0.98
2026-09-06 17:00:00,Continuous Shot Blasting Machine,Surface Finishing & Cleaning,0.88,none,0.0,0.0,0.0,Shift B (Evening),29.0,0.0
2026-09-06 17:00:00,CNC 5-Axis Machining Center,Machining & Milling,1.47,none,0.0,0.0,0.0,Shift B (Evening),28.6,0.0
2026-09-06 17:00:00,Solution & Aging Heat Treatment Furnace,Heat Treatment & Quenching,0.75,natural_gas,0.0,0.0,0.0,Shift B (Evening),31.7,0.0
2026-09-06 17:00:00,Screw Air Compressor (100 HP),Compressed Air Utility,27.37,none,0.0,0.0,0.0,Shift B (Evening),33.6,6.38
2026-09-06 17:00:00,Die Cooling Water Circulation System,Cooling Utility,36.47,none,0.0,0.0,1.0,Shift B (Evening),26.1,4.06
2026-09-06 18:00:00,HPDC Die Casting Cell #01 (800T),High Pressure Die Casting,1.36,none,0.0,0.0,0.0,Shift B (Evening),28.2,0.0
2026-09-06 18:00:00,Aluminum Induction Melting Furnace,Melting & Holding,184.74,none,0.0,619.1,1.0,Shift B (Evening),723.5,1.0
2026-09-06 18:00:00,Continuous Shot Blasting Machine,Surface Finishing & Cleaning,1.98,none,0.0,0.0,0.0,Shift B (Evening),31.6,0.0
2026-09-06 18:00:00,CNC 5-Axis Machining Center,Machining & Milling,1.82,none,0.0,0.0,0.0,Shift B (Evening),30.0,0.0
2026-09-06 18:00:00,Solution & Aging Heat Treatment Furnace,Heat Treatment & Quenching,1.98,natural_gas,0.0,0.0,0.0,Shift B (Evening),31.7,0.0
2026-09-06 18:00:00,Screw Air Compressor (100 HP),Compressed Air Utility,25.98,none,0.0,0.0,0.0,Shift B (Evening),33.6,6.38
2026-09-06 18:00:00,Die Cooling Water Circulation System,Cooling Utility,35.2,none,0.0,0.0,1.0,Shift B (Evening),26.1,3.89
2026-09-06 19:00:00,HPDC Die Casting Cell #01 (800T),High Pressure Die Casting,1.72,none,0.0,0.0,0.0,Shift B (Evening),29.9,0.0
2026-09-06 19:00:00,Aluminum Induction Melting Furnace,Melting & Holding,185.6,none,0.0,622.0,1.0,Shift B (Evening),720.1,0.99
2026-09-06 19:00:00,Continuous Shot Blasting Machine,Surface Finishing & Cleaning,1.56,none,0.0,0.0,0.0,Shift B (Evening),28.7,0.0
2026-09-06 19:00:00,CNC 5-Axis Machining Center,Machining & Milling,1.97,none,0.0,0.0,0.0,Shift B (Evening),30.8,0.0
2026-09-06 19:00:00,Solution & Aging Heat Treatment Furnace,Heat Treatment & Quenching,1.24,natural_gas,0.0,0.0,0.0,Shift B (Evening),30.8,0.0
2026-09-06 19:00:00,Screw Air Compressor (100 HP),Compressed Air Utility,25.04,none,0.0,0.0,0.0,Shift B (Evening),33.6,6.38
2026-09-06 19:00:00,Die Cooling Water Circulation System,Cooling Utility,35.17,none,0.0,0.0,1.0,Shift B (Evening),26.1,3.96
2026-09-06 20:00:00,HPDC Die Casting Cell #01 (800T),High Pressure Die Casting,1.46,none,0.0,0.0,0.0,Shift B (Evening),29.0,0.0
2026-09-06 20:00:00,Aluminum Induction Melting Furnace,Melting & Holding,185.72,none,0.0,622.4,1.0,Shift B (Evening),712.4,1.0
2026-09-06 20:00:00,Continuous Shot Blasting Machine,Surface Finishing & Cleaning,1.46,none,0.0,0.0,0.0,Shift B (Evening),29.5,0.0
2026-09-06 20:00:00,CNC 5-Axis Machining Center,Machining & Milling,1.3,none,0.0,0.0,0.0,Shift B (Evening),28.8,0.0
2026-09-06 20:00:00,Solution & Aging Heat Treatment Furnace,Heat Treatment & Quenching,1.58,natural_gas,0.0,0.0,0.0,Shift B (Evening),29.5,0.0
2026-09-06 20:00:00,Screw Air Compressor (100 HP),Compressed Air Utility,27.99,none,0.0,0.0,0.0,Shift B (Evening),33.6,6.38
2026-09-06 20:00:00,Die Cooling Water Circulation System,Cooling Utility,35.37,none,0.0,0.0,1.0,Shift B (Evening),25.7,3.91
2026-09-06 21:00:00,HPDC Die Casting Cell #01 (800T),High Pressure Die Casting,1.41,none,0.0,0.0,0.0,Shift B (Evening),28.9,0.0
2026-09-06 21:00:00,Aluminum Induction Melting Furnace,Melting & Holding,179.08,none,0.0,600.2,1.0,Shift B (Evening),713.4,0.98
2026-09-06 21:00:00,Continuous Shot Blasting Machine,Surface Finishing & Cleaning,1.21,none,0.0,0.0,0.0,Shift B (Evening),29.5,0.0
2026-09-06 21:00:00,CNC 5-Axis Machining Center,Machining & Milling,0.8,none,0.0,0.0,0.0,Shift B (Evening),31.8,0.0
2026-09-06 21:00:00,Solution & Aging Heat Treatment Furnace,Heat Treatment & Quenching,0.81,natural_gas,0.0,0.0,0.0,Shift B (Evening),31.2,0.0
2026-09-06 21:00:00,Screw Air Compressor (100 HP),Compressed Air Utility,25.62,none,0.0,0.0,0.0,Shift B (Evening),33.6,6.38
2026-09-06 21:00:00,Die Cooling Water Circulation System,Cooling Utility,36.0,none,0.0,0.0,1.0,Shift B (Evening),26.5,4.08
2026-09-06 22:00:00,HPDC Die Casting Cell #01 (800T),High Pressure Die Casting,1.32,none,0.0,0.0,0.0,Shift C (Night),30.9,0.0
2026-09-06 22:00:00,Aluminum Induction Melting Furnace,Melting & Holding,189.22,none,0.0,634.2,1.0,Shift C (Night),714.2,1.0
2026-09-06 22:00:00,Continuous Shot Blasting Machine,Surface Finishing & Cleaning,1.39,none,0.0,0.0,0.0,Shift C (Night),29.6,0.0
2026-09-06 22:00:00,CNC 5-Axis Machining Center,Machining & Milling,1.57,none,0.0,0.0,0.0,Shift C (Night),28.2,0.0
2026-09-06 22:00:00,Solution & Aging Heat Treatment Furnace,Heat Treatment & Quenching,1.74,natural_gas,0.0,0.0,0.0,Shift C (Night),29.9,0.0
2026-09-06 22:00:00,Screw Air Compressor (100 HP),Compressed Air Utility,27.2,none,0.0,0.0,0.0,Shift C (Night),33.6,6.38
2026-09-06 22:00:00,Die Cooling Water Circulation System,Cooling Utility,35.86,none,0.0,0.0,1.0,Shift C (Night),25.8,3.97
2026-09-06 23:00:00,HPDC Die Casting Cell #01 (800T),High Pressure Die Casting,1.38,none,0.0,0.0,0.0,Shift C (Night),31.7,0.0
2026-09-06 23:00:00,Aluminum Induction Melting Furnace,Melting & Holding,181.41,none,0.0,608.0,1.0,Shift C (Night),706.2,0.98
2026-09-06 23:00:00,Continuous Shot Blasting Machine,Surface Finishing & Cleaning,1.81,none,0.0,0.0,0.0,Shift C (Night),31.9,0.0
2026-09-06 23:00:00,CNC 5-Axis Machining Center,Machining & Milling,0.88,none,0.0,0.0,0.0,Shift C (Night),30.3,0.0
2026-09-06 23:00:00,Solution & Aging Heat Treatment Furnace,Heat Treatment & Quenching,1.51,natural_gas,0.0,0.0,0.0,Shift C (Night),28.7,0.0
2026-09-06 23:00:00,Screw Air Compressor (100 HP),Compressed Air Utility,27.73,none,0.0,0.0,0.0,Shift C (Night),33.6,6.38
2026-09-06 23:00:00,Die Cooling Water Circulation System,Cooling Utility,35.58,none,0.0,0.0,1.0,Shift C (Night),26.2,4.0
2026-09-07 00:00:00,HPDC Die Casting Cell #01 (800T),High Pressure Die Casting,1.63,none,0.0,0.0,0.0,Shift C (Night),31.6,0.0
2026-09-07 00:00:00,Aluminum Induction Melting Furnace,Melting & Holding,183.24,none,0.0,614.1,1.0,Shift C (Night),713.9,1.01
2026-09-07 00:00:00,Continuous Shot Blasting Machine,Surface Finishing & Cleaning,0.8,none,0.0,0.0,0.0,Shift C (Night),28.7,0.0
2026-09-07 00:00:00,CNC 5-Axis Machining Center,Machining & Milling,1.73,none,0.0,0.0,0.0,Shift C (Night),29.3,0.0
2026-09-07 00:00:00,Solution & Aging Heat Treatment Furnace,Heat Treatment & Quenching,1.48,natural_gas,0.0,0.0,0.0,Shift C (Night),30.3,0.0
2026-09-07 00:00:00,Screw Air Compressor (100 HP),Compressed Air Utility,27.97,none,0.0,0.0,0.0,Shift C (Night),33.6,6.38
2026-09-07 00:00:00,Die Cooling Water Circulation System,Cooling Utility,34.77,none,0.0,0.0,1.0,Shift C (Night),25.6,3.93
2026-09-07 01:00:00,HPDC Die Casting Cell #01 (800T),High Pressure Die Casting,1.04,none,0.0,0.0,0.0,Shift C (Night),29.2,0.0
2026-09-07 01:00:00,Aluminum Induction Melting Furnace,Melting & Holding,181.56,none,0.0,608.5,1.0,Shift C (Night),724.2,0.99
2026-09-07 01:00:00,Continuous Shot Blasting Machine,Surface Finishing & Cleaning,1.22,none,0.0,0.0,0.0,Shift C (Night),31.5,0.0
2026-09-07 01:00:00,CNC 5-Axis Machining Center,Machining & Milling,1.11,none,0.0,0.0,0.0,Shift C (Night),30.3,0.0
2026-09-07 01:00:00,Solution & Aging Heat Treatment Furnace,Heat Treatment & Quenching,1.95,natural_gas,0.0,0.0,0.0,Shift C (Night),29.7,0.0
2026-09-07 01:00:00,Screw Air Compressor (100 HP),Compressed Air Utility,25.64,none,0.0,0.0,0.0,Shift C (Night),33.6,6.38
2026-09-07 01:00:00,Die Cooling Water Circulation System,Cooling Utility,34.63,none,0.0,0.0,1.0,Shift C (Night),26.2,4.04
2026-09-07 02:00:00,HPDC Die Casting Cell #01 (800T),High Pressure Die Casting,1.92,none,0.0,0.0,0.0,Shift C (Night),30.8,0.0
2026-09-07 02:00:00,Aluminum Induction Melting Furnace,Melting & Holding,178.78,none,0.0,599.2,1.0,Shift C (Night),710.4,0.98
2026-09-07 02:00:00,Continuous Shot Blasting Machine,Surface Finishing & Cleaning,0.69,none,0.0,0.0,0.0,Shift C (Night),31.5,0.0
2026-09-07 02:00:00,CNC 5-Axis Machining Center,Machining & Milling,1.37,none,0.0,0.0,0.0,Shift C (Night),28.1,0.0
2026-09-07 02:00:00,Solution & Aging Heat Treatment Furnace,Heat Treatment & Quenching,1.16,natural_gas,0.0,0.0,0.0,Shift C (Night),31.1,0.0
2026-09-07 02:00:00,Screw Air Compressor (100 HP),Compressed Air Utility,25.29,none,0.0,0.0,0.0,Shift C (Night),33.6,6.38
2026-09-07 02:00:00,Die Cooling Water Circulation System,Cooling Utility,35.32,none,0.0,0.0,1.0,Shift C (Night),25.6,4.04
2026-09-07 03:00:00,HPDC Die Casting Cell #01 (800T),High Pressure Die Casting,1.84,none,0.0,0.0,0.0,Shift C (Night),29.2,0.0
2026-09-07 03:00:00,Aluminum Induction Melting Furnace,Melting & Holding,181.26,none,0.0,607.5,1.0,Shift C (Night),713.8,1.01
2026-09-07 03:00:00,Continuous Shot Blasting Machine,Surface Finishing & Cleaning,0.78,none,0.0,0.0,0.0,Shift C (Night),31.4,0.0
2026-09-07 03:00:00,CNC 5-Axis Machining Center,Machining & Milling,0.64,none,0.0,0.0,0.0,Shift C (Night),30.7,0.0
2026-09-07 03:00:00,Solution & Aging Heat Treatment Furnace,Heat Treatment & Quenching,1.8,natural_gas,0.0,0.0,0.0,Shift C (Night),29.3,0.0
2026-09-07 03:00:00,Screw Air Compressor (100 HP),Compressed Air Utility,26.67,none,0.0,0.0,0.0,Shift C (Night),33.6,6.38
2026-09-07 03:00:00,Die Cooling Water Circulation System,Cooling Utility,37.37,none,0.0,0.0,1.0,Shift C (Night),26.0,3.95
2026-09-07 04:00:00,HPDC Die Casting Cell #01 (800T),High Pressure Die Casting,1.22,none,0.0,0.0,0.0,Shift C (Night),31.9,0.0
2026-09-07 04:00:00,Aluminum Induction Melting Furnace,Melting & Holding,187.92,none,0.0,629.8,1.0,Shift C (Night),710.7,1.01
2026-09-07 04:00:00,Continuous Shot Blasting Machine,Surface Finishing & Cleaning,1.48,none,0.0,0.0,0.0,Shift C (Night),30.5,0.0
2026-09-07 04:00:00,CNC 5-Axis Machining Center,Machining & Milling,1.39,none,0.0,0.0,0.0,Shift C (Night),30.1,0.0
2026-09-07 04:00:00,Solution & Aging Heat Treatment Furnace,Heat Treatment & Quenching,1.5,natural_gas,0.0,0.0,0.0,Shift C (Night),29.2,0.0
2026-09-07 04:00:00,Screw Air Compressor (100 HP),Compressed Air Utility,26.22,none,0.0,0.0,0.0,Shift C (Night),33.6,6.38
2026-09-07 04:00:00,Die Cooling Water Circulation System,Cooling Utility,36.11,none,0.0,0.0,1.0,Shift C (Night),26.3,3.99
2026-09-07 05:00:00,HPDC Die Casting Cell #01 (800T),High Pressure Die Casting,1.11,none,0.0,0.0,0.0,Shift C (Night),29.0,0.0
2026-09-07 05:00:00,Aluminum Induction Melting Furnace,Melting & Holding,182.09,none,0.0,610.3,1.0,Shift C (Night),705.6,1.02
2026-09-07 05:00:00,Continuous Shot Blasting Machine,Surface Finishing & Cleaning,1.79,none,0.0,0.0,0.0,Shift C (Night),29.4,0.0
2026-09-07 05:00:00,CNC 5-Axis Machining Center,Machining & Milling,1.26,none,0.0,0.0,0.0,Shift C (Night),28.0,0.0
2026-09-07 05:00:00,Solution & Aging Heat Treatment Furnace,Heat Treatment & Quenching,1.89,natural_gas,0.0,0.0,0.0,Shift C (Night),31.8,0.0
2026-09-07 05:00:00,Screw Air Compressor (100 HP),Compressed Air Utility,26.67,none,0.0,0.0,0.0,Shift C (Night),33.6,6.38
2026-09-07 05:00:00,Die Cooling Water Circulation System,Cooling Utility,34.59,none,0.0,0.0,1.0,Shift C (Night),25.9,3.95
2026-09-07 06:00:00,HPDC Die Casting Cell #01 (800T),High Pressure Die Casting,46.97,none,0.0,371.8,1.0,Shift A (Morning),666.6,119.09
2026-09-07 06:00:00,Aluminum Induction Melting Furnace,Melting & Holding,183.69,none,0.0,615.6,1.0,Shift A (Morning),721.7,0.99
2026-09-07 06:00:00,Continuous Shot Blasting Machine,Surface Finishing & Cleaning,36.98,none,0.0,437.9,1.0,Shift A (Morning),35.3,6.46
2026-09-07 06:00:00,CNC 5-Axis Machining Center,Machining & Milling,31.69,none,0.0,336.7,1.0,Shift A (Morning),27.7,2.49
2026-09-07 06:00:00,Solution & Aging Heat Treatment Furnace,Heat Treatment & Quenching,53.85,natural_gas,31.33,489.6,1.0,Shift A (Morning),525.5,1.23
2026-09-07 06:00:00,Screw Air Compressor (100 HP),Compressed Air Utility,66.6,none,0.0,0.0,1.0,Shift A (Morning),42.3,7.4
2026-09-07 06:00:00,Die Cooling Water Circulation System,Cooling Utility,36.7,none,0.0,0.0,1.0,Shift A (Morning),26.3,3.98
2026-09-07 07:00:00,HPDC Die Casting Cell #01 (800T),High Pressure Die Casting,49.36,none,0.0,390.7,1.0,Shift A (Morning),671.4,118.49
2026-09-07 07:00:00,Aluminum Induction Melting Furnace,Melting & Holding,187.03,none,0.0,626.8,1.0,Shift A (Morning),723.4,0.99
2026-09-07 07:00:00,Continuous Shot Blasting Machine,Surface Finishing & Cleaning,38.37,none,0.0,454.4,1.0,Shift A (Morning),34.6,6.31
2026-09-07 07:00:00,CNC 5-Axis Machining Center,Machining & Milling,30.85,none,0.0,327.7,1.0,Shift A (Morning),28.0,2.45
2026-09-07 07:00:00,Solution & Aging Heat Treatment Furnace,Heat Treatment & Quenching,53.25,natural_gas,30.98,484.1,1.0,Shift A (Morning),515.2,1.22
2026-09-07 07:00:00,Screw Air Compressor (100 HP),Compressed Air Utility,66.18,none,0.0,0.0,1.0,Shift A (Morning),41.6,7.34
2026-09-07 07:00:00,Die Cooling Water Circulation System,Cooling Utility,35.98,none,0.0,0.0,1.0,Shift A (Morning),25.8,3.95
2026-09-07 08:00:00,HPDC Die Casting Cell #01 (800T),High Pressure Die Casting,49.15,none,0.0,389.1,1.0,Shift A (Morning),693.5,119.74
2026-09-07 08:00:00,Aluminum Induction Melting Furnace,Melting & Holding,189.31,none,0.0,634.5,1.0,Shift A (Morning),715.1,1.02
2026-09-07 08:00:00,Continuous Shot Blasting Machine,Surface Finishing & Cleaning,39.37,none,0.0,466.3,1.0,Shift A (Morning),34.4,6.61
2026-09-07 08:00:00,CNC 5-Axis Machining Center,Machining & Milling,30.9,none,0.0,328.3,1.0,Shift A (Morning),28.0,2.45
2026-09-07 08:00:00,Solution & Aging Heat Treatment Furnace,Heat Treatment & Quenching,56.5,natural_gas,32.87,513.7,1.0,Shift A (Morning),526.6,1.22
2026-09-07 08:00:00,Screw Air Compressor (100 HP),Compressed Air Utility,63.03,none,0.0,0.0,1.0,Shift A (Morning),42.5,7.39
2026-09-07 08:00:00,Die Cooling Water Circulation System,Cooling Utility,36.78,none,0.0,0.0,1.0,Shift A (Morning),25.9,4.06
2026-09-07 09:00:00,HPDC Die Casting Cell #01 (800T),High Pressure Die Casting,46.21,none,0.0,365.8,1.0,Shift A (Morning),678.9,121.95
2026-09-07 09:00:00,Aluminum Induction Melting Furnace,Melting & Holding,185.31,none,0.0,621.0,1.0,Shift A (Morning),733.9,1.0
2026-09-07 09:00:00,Continuous Shot Blasting Machine,Surface Finishing & Cleaning,38.55,none,0.0,456.5,1.0,Shift A (Morning),34.7,6.43
2026-09-07 09:00:00,CNC 5-Axis Machining Center,Machining & Milling,32.33,none,0.0,343.5,1.0,Shift A (Morning),27.5,2.57
2026-09-07 09:00:00,Solution & Aging Heat Treatment Furnace,Heat Treatment & Quenching,55.09,natural_gas,32.05,500.8,1.0,Shift A (Morning),514.9,1.21
2026-09-07 09:00:00,Screw Air Compressor (100 HP),Compressed Air Utility,63.43,none,0.0,0.0,1.0,Shift A (Morning),42.7,7.66
2026-09-07 09:00:00,Die Cooling Water Circulation System,Cooling Utility,35.19,none,0.0,0.0,1.0,Shift A (Morning),25.6,4.03
2026-09-07 10:00:00,HPDC Die Casting Cell #01 (800T),High Pressure Die Casting,47.33,none,0.0,374.7,1.0,Shift A (Morning),671.0,118.39
2026-09-07 10:00:00,Aluminum Induction Melting Furnace,Melting & Holding,179.37,none,0.0,601.1,1.0,Shift A (Morning),728.3,0.97
2026-09-07 10:00:00,Continuous Shot Blasting Machine,Surface Finishing & Cleaning,36.61,none,0.0,433.5,1.0,Shift A (Morning),35.4,6.49
2026-09-07 10:00:00,CNC 5-Axis Machining Center,Machining & Milling,32.25,none,0.0,342.6,1.0,Shift A (Morning),27.9,2.44
2026-09-07 10:00:00,Solution & Aging Heat Treatment Furnace,Heat Treatment & Quenching,53.49,natural_gas,31.12,486.3,1.0,Shift A (Morning),511.5,1.21
2026-09-07 10:00:00,Screw Air Compressor (100 HP),Compressed Air Utility,67.24,none,0.0,0.0,1.0,Shift A (Morning),42.8,7.56
2026-09-07 10:00:00,Die Cooling Water Circulation System,Cooling Utility,34.73,none,0.0,0.0,1.0,Shift A (Morning),26.2,4.05
2026-09-07 11:00:00,HPDC Die Casting Cell #01 (800T),High Pressure Die Casting,49.12,none,0.0,388.9,1.0,Shift A (Morning),669.8,118.08
2026-09-07 11:00:00,Aluminum Induction Melting Furnace,Melting & Holding,192.13,none,0.0,643.9,1.0,Shift A (Morning),728.3,1.02
2026-09-07 11:00:00,Continuous Shot Blasting Machine,Surface Finishing & Cleaning,38.93,none,0.0,461.0,1.0,Shift A (Morning),34.9,6.38
2026-09-07 11:00:00,CNC 5-Axis Machining Center,Machining & Milling,32.48,none,0.0,345.1,1.0,Shift A (Morning),27.8,2.45
2026-09-07 11:00:00,Solution & Aging Heat Treatment Furnace,Heat Treatment & Quenching,56.75,natural_gas,33.02,515.9,1.0,Shift A (Morning),519.7,1.2
2026-09-07 11:00:00,Screw Air Compressor (100 HP),Compressed Air Utility,63.93,none,0.0,0.0,1.0,Shift A (Morning),42.3,7.36
2026-09-07 11:00:00,Die Cooling Water Circulation System,Cooling Utility,35.1,none,0.0,0.0,1.0,Shift A (Morning),25.8,4.06
2026-09-07 12:00:00,HPDC Die Casting Cell #01 (800T),High Pressure Die Casting,47.14,none,0.0,373.2,1.0,Shift A (Morning),689.0,122.98
2026-09-07 12:00:00,Aluminum Induction Melting Furnace,Melting & Holding,185.81,none,0.0,622.7,1.0,Shift A (Morning),707.6,0.98
2026-09-07 12:00:00,Continuous Shot Blasting Machine,Surface Finishing & Cleaning,37.38,none,0.0,442.6,1.0,Shift A (Morning),34.7,6.45
2026-09-07 12:00:00,CNC 5-Axis Machining Center,Machining & Milling,30.72,none,0.0,326.4,1.0,Shift A (Morning),28.2,2.48
2026-09-07 12:00:00,Solution & Aging Heat Treatment Furnace,Heat Treatment & Quenching,53.62,natural_gas,31.19,487.4,1.0,Shift A (Morning),510.0,1.23
2026-09-07 12:00:00,Screw Air Compressor (100 HP),Compressed Air Utility,66.44,none,0.0,0.0,1.0,Shift A (Morning),41.6,7.6
2026-09-07 12:00:00,Die Cooling Water Circulation System,Cooling Utility,36.46,none,0.0,0.0,1.0,Shift A (Morning),26.0,3.97
2026-09-07 13:00:00,HPDC Die Casting Cell #01 (800T),High Pressure Die Casting,48.09,none,0.0,380.7,1.0,Shift A (Morning),679.9,120.37
2026-09-07 13:00:00,Aluminum Induction Melting Furnace,Melting & Holding,186.67,none,0.0,625.6,1.0,Shift A (Morning),714.9,1.01
2026-09-07 13:00:00,Continuous Shot Blasting Machine,Surface Finishing & Cleaning,36.82,none,0.0,436.0,1.0,Shift A (Morning),35.0,6.33
2026-09-07 13:00:00,CNC 5-Axis Machining Center,Machining & Milling,32.86,none,0.0,349.1,1.0,Shift A (Morning),27.6,2.56
2026-09-07 13:00:00,Solution & Aging Heat Treatment Furnace,Heat Treatment & Quenching,53.69,natural_gas,31.24,488.1,1.0,Shift A (Morning),519.7,1.17
2026-09-07 13:00:00,Screw Air Compressor (100 HP),Compressed Air Utility,65.37,none,0.0,0.0,1.0,Shift A (Morning),42.6,7.57
2026-09-07 13:00:00,Die Cooling Water Circulation System,Cooling Utility,36.07,none,0.0,0.0,1.0,Shift A (Morning),26.2,3.94
2026-09-07 14:00:00,HPDC Die Casting Cell #01 (800T),High Pressure Die Casting,47.49,none,0.0,375.9,1.0,Shift B (Evening),682.9,116.91
2026-09-07 14:00:00,Aluminum Induction Melting Furnace,Melting & Holding,191.37,none,0.0,641.3,1.0,Shift B (Evening),711.6,1.0
2026-09-07 14:00:00,Continuous Shot Blasting Machine,Surface Finishing & Cleaning,39.18,none,0.0,464.0,1.0,Shift B (Evening),34.4,6.62
2026-09-07 14:00:00,CNC 5-Axis Machining Center,Machining & Milling,30.88,none,0.0,328.1,1.0,Shift B (Evening),28.1,2.57
2026-09-07 14:00:00,Solution & Aging Heat Treatment Furnace,Heat Treatment & Quenching,54.63,natural_gas,31.78,496.6,1.0,Shift B (Evening),517.3,1.22
2026-09-07 14:00:00,Screw Air Compressor (100 HP),Compressed Air Utility,66.68,none,0.0,0.0,1.0,Shift B (Evening),41.6,7.29
2026-09-07 14:00:00,Die Cooling Water Circulation System,Cooling Utility,34.76,none,0.0,0.0,1.0,Shift B (Evening),25.8,4.11
2026-09-07 15:00:00,HPDC Die Casting Cell #01 (800T),High Pressure Die Casting,49.77,none,0.0,394.0,1.0,Shift B (Evening),669.0,121.62
2026-09-07 15:00:00,Aluminum Induction Melting Furnace,Melting & Holding,185.47,none,0.0,621.6,1.0,Shift B (Evening),711.1,1.0
2026-09-07 15:00:00,Continuous Shot Blasting Machine,Surface Finishing & Cleaning,37.24,none,0.0,441.0,1.0,Shift B (Evening),35.2,6.37
2026-09-07 15:00:00,CNC 5-Axis Machining Center,Machining & Milling,32.64,none,0.0,346.8,1.0,Shift B (Evening),27.9,2.44
2026-09-07 15:00:00,Solution & Aging Heat Treatment Furnace,Heat Treatment & Quenching,55.61,natural_gas,32.35,505.5,1.0,Shift B (Evening),517.0,1.2
2026-09-07 15:00:00,Screw Air Compressor (100 HP),Compressed Air Utility,65.86,none,0.0,0.0,1.0,Shift B (Evening),42.6,7.35
2026-09-07 15:00:00,Die Cooling Water Circulation System,Cooling Utility,35.08,none,0.0,0.0,1.0,Shift B (Evening),25.9,3.96
2026-09-07 16:00:00,HPDC Die Casting Cell #01 (800T),High Pressure Die Casting,46.69,none,0.0,369.6,1.0,Shift B (Evening),693.6,119.59
2026-09-07 16:00:00,Aluminum Induction Melting Furnace,Melting & Holding,182.81,none,0.0,612.7,1.0,Shift B (Evening),714.7,1.03
2026-09-07 16:00:00,Continuous Shot Blasting Machine,Surface Finishing & Cleaning,37.47,none,0.0,443.7,1.0,Shift B (Evening),34.8,6.6
2026-09-07 16:00:00,CNC 5-Axis Machining Center,Machining & Milling,31.82,none,0.0,338.1,1.0,Shift B (Evening),28.3,2.52
2026-09-07 16:00:00,Solution & Aging Heat Treatment Furnace,Heat Treatment & Quenching,55.28,natural_gas,32.16,502.5,1.0,Shift B (Evening),514.0,1.22
2026-09-07 16:00:00,Screw Air Compressor (100 HP),Compressed Air Utility,67.22,none,0.0,0.0,1.0,Shift B (Evening),41.6,7.71
2026-09-07 16:00:00,Die Cooling Water Circulation System,Cooling Utility,35.85,none,0.0,0.0,1.0,Shift B (Evening),25.9,4.05
2026-09-07 17:00:00,HPDC Die Casting Cell #01 (800T),High Pressure Die Casting,49.85,none,0.0,394.7,1.0,Shift B (Evening),682.6,120.13
2026-09-07 17:00:00,Aluminum Induction Melting Furnace,Melting & Holding,192.3,none,0.0,644.5,1.0,Shift B (Evening),714.3,0.99
2026-09-07 17:00:00,Continuous Shot Blasting Machine,Surface Finishing & Cleaning,37.15,none,0.0,440.0,1.0,Shift B (Evening),35.5,6.31
2026-09-07 17:00:00,CNC 5-Axis Machining Center,Machining & Milling,32.82,none,0.0,348.8,1.0,Shift B (Evening),28.2,2.47
2026-09-07 17:00:00,Solution & Aging Heat Treatment Furnace,Heat Treatment & Quenching,55.24,natural_gas,32.14,502.1,1.0,Shift B (Evening),521.2,1.23
2026-09-07 17:00:00,Screw Air Compressor (100 HP),Compressed Air Utility,63.2,none,0.0,0.0,1.0,Shift B (Evening),41.2,7.44
2026-09-07 17:00:00,Die Cooling Water Circulation System,Cooling Utility,34.96,none,0.0,0.0,1.0,Shift B (Evening),25.9,4.02
2026-09-07 18:00:00,HPDC Die Casting Cell #01 (800T),High Pressure Die Casting,46.97,none,0.0,371.9,1.0,Shift B (Evening),688.5,117.06
2026-09-07 18:00:00,Aluminum Induction Melting Furnace,Melting & Holding,183.52,none,0.0,615.0,1.0,Shift B (Evening),732.0,1.01
2026-09-07 18:00:00,Continuous Shot Blasting Machine,Surface Finishing & Cleaning,38.68,none,0.0,458.0,1.0,Shift B (Evening),35.4,6.37
2026-09-07 18:00:00,CNC 5-Axis Machining Center,Machining & Milling,32.83,none,0.0,348.9,1.0,Shift B (Evening),28.2,2.51
2026-09-07 18:00:00,Solution & Aging Heat Treatment Furnace,Heat Treatment & Quenching,56.79,natural_gas,33.04,516.3,1.0,Shift B (Evening),522.0,1.19
2026-09-07 18:00:00,Screw Air Compressor (100 HP),Compressed Air Utility,66.2,none,0.0,0.0,1.0,Shift B (Evening),42.1,7.31
2026-09-07 18:00:00,Die Cooling Water Circulation System,Cooling Utility,34.72,none,0.0,0.0,1.0,Shift B (Evening),26.3,3.96
2026-09-07 19:00:00,HPDC Die Casting Cell #01 (800T),High Pressure Die Casting,49.22,none,0.0,389.6,1.0,Shift B (Evening),677.7,122.65
2026-09-07 19:00:00,Aluminum Induction Melting Furnace,Melting & Holding,190.47,none,0.0,638.3,1.0,Shift B (Evening),712.1,1.01
2026-09-07 19:00:00,Continuous Shot Blasting Machine,Surface Finishing & Cleaning,38.31,none,0.0,453.7,1.0,Shift B (Evening),34.3,6.61
2026-09-07 19:00:00,CNC 5-Axis Machining Center,Machining & Milling,31.7,none,0.0,336.8,1.0,Shift B (Evening),27.8,2.43
2026-09-07 19:00:00,Solution & Aging Heat Treatment Furnace,Heat Treatment & Quenching,55.18,natural_gas,32.1,501.6,1.0,Shift B (Evening),512.7,1.2
2026-09-07 19:00:00,Screw Air Compressor (100 HP),Compressed Air Utility,63.55,none,0.0,0.0,1.0,Shift B (Evening),41.2,7.6
2026-09-07 19:00:00,Die Cooling Water Circulation System,Cooling Utility,35.69,none,0.0,0.0,1.0,Shift B (Evening),25.9,4.02
2026-09-07 20:00:00,HPDC Die Casting Cell #01 (800T),High Pressure Die Casting,48.02,none,0.0,380.1,1.0,Shift B (Evening),672.4,118.49
2026-09-07 20:00:00,Aluminum Induction Melting Furnace,Melting & Holding,183.44,none,0.0,614.8,1.0,Shift B (Evening),709.4,0.97
2026-09-07 20:00:00,Continuous Shot Blasting Machine,Surface Finishing & Cleaning,38.22,none,0.0,452.6,1.0,Shift B (Evening),34.4,6.46
2026-09-07 20:00:00,CNC 5-Axis Machining Center,Machining & Milling,30.94,none,0.0,328.7,1.0,Shift B (Evening),28.0,2.54
2026-09-07 20:00:00,Solution & Aging Heat Treatment Furnace,Heat Treatment & Quenching,53.37,natural_gas,31.05,485.2,1.0,Shift B (Evening),512.4,1.2
2026-09-07 20:00:00,Screw Air Compressor (100 HP),Compressed Air Utility,64.94,none,0.0,0.0,1.0,Shift B (Evening),42.3,7.36
2026-09-07 20:00:00,Die Cooling Water Circulation System,Cooling Utility,36.33,none,0.0,0.0,1.0,Shift B (Evening),26.2,3.94
2026-09-07 21:00:00,HPDC Die Casting Cell #01 (800T),High Pressure Die Casting,46.36,none,0.0,367.0,1.0,Shift B (Evening),687.5,118.73
2026-09-07 21:00:00,Aluminum Induction Melting Furnace,Melting & Holding,191.28,none,0.0,641.0,1.0,Shift B (Evening),708.2,1.01
2026-09-07 21:00:00,Continuous Shot Blasting Machine,Surface Finishing & Cleaning,37.77,none,0.0,447.2,1.0,Shift B (Evening),34.8,6.43
2026-09-07 21:00:00,CNC 5-Axis Machining Center,Machining & Milling,32.24,none,0.0,342.6,1.0,Shift B (Evening),27.5,2.47
2026-09-07 21:00:00,Solution & Aging Heat Treatment Furnace,Heat Treatment & Quenching,57.15,natural_gas,33.25,519.5,1.0,Shift B (Evening),522.4,1.24
2026-09-07 21:00:00,Screw Air Compressor (100 HP),Compressed Air Utility,64.7,none,0.0,0.0,1.0,Shift B (Evening),41.4,7.3
2026-09-07 21:00:00,Die Cooling Water Circulation System,Cooling Utility,36.92,none,0.0,0.0,1.0,Shift B (Evening),25.7,3.97
2026-09-07 22:00:00,HPDC Die Casting Cell #01 (800T),High Pressure Die Casting,48.99,none,0.0,387.8,1.0,Shift C (Night),689.6,117.21
2026-09-07 22:00:00,Aluminum Induction Melting Furnace,Melting & Holding,178.41,none,0.0,597.9,1.0,Shift C (Night),732.9,1.03
2026-09-07 22:00:00,Continuous Shot Blasting Machine,Surface Finishing & Cleaning,39.12,none,0.0,463.3,1.0,Shift C (Night),35.4,6.31
2026-09-07 22:00:00,CNC 5-Axis Machining Center,Machining & Milling,32.5,none,0.0,345.3,1.0,Shift C (Night),27.6,2.49
2026-09-07 22:00:00,Solution & Aging Heat Treatment Furnace,Heat Treatment & Quenching,52.9,natural_gas,30.78,480.9,1.0,Shift C (Night),513.9,1.2
2026-09-07 22:00:00,Screw Air Compressor (100 HP),Compressed Air Utility,63.46,none,0.0,0.0,1.0,Shift C (Night),42.0,7.39
2026-09-07 22:00:00,Die Cooling Water Circulation System,Cooling Utility,35.95,none,0.0,0.0,1.0,Shift C (Night),26.2,3.91
2026-09-07 23:00:00,HPDC Die Casting Cell #01 (800T),High Pressure Die Casting,48.76,none,0.0,386.0,1.0,Shift C (Night),666.9,120.6
2026-09-07 23:00:00,Aluminum Induction Melting Furnace,Melting & Holding,187.42,none,0.0,628.1,1.0,Shift C (Night),706.9,0.98
2026-09-07 23:00:00,Continuous Shot Blasting Machine,Surface Finishing & Cleaning,1.0,none,0.0,0.0,0.0,Shift C (Night),31.2,0.0
2026-09-07 23:00:00,CNC 5-Axis Machining Center,Machining & Milling,1.47,none,0.0,0.0,0.0,Shift C (Night),28.2,0.0
2026-09-07 23:00:00,Solution & Aging Heat Treatment Furnace,Heat Treatment & Quenching,55.68,natural_gas,32.4,506.2,1.0,Shift C (Night),509.8,1.19
2026-09-07 23:00:00,Screw Air Compressor (100 HP),Compressed Air Utility,25.95,none,0.0,0.0,0.0,Shift C (Night),33.6,6.38
2026-09-07 23:00:00,Die Cooling Water Circulation System,Cooling Utility,37.01,none,0.0,0.0,1.0,Shift C (Night),26.2,4.09
2026-09-08 00:00:00,HPDC Die Casting Cell #01 (800T),High Pressure Die Casting,0.63,none,0.0,0.0,0.0,Shift C (Night),31.5,0.0
2026-09-08 00:00:00,Aluminum Induction Melting Furnace,Melting & Holding,187.21,none,0.0,627.4,1.0,Shift C (Night),712.3,0.99
2026-09-08 00:00:00,Continuous Shot Blasting Machine,Surface Finishing & Cleaning,1.97,none,0.0,0.0,0.0,Shift C (Night),28.4,0.0
2026-09-08 00:00:00,CNC 5-Axis Machining Center,Machining & Milling,1.04,none,0.0,0.0,0.0,Shift C (Night),31.5,0.0
2026-09-08 00:00:00,Solution & Aging Heat Treatment Furnace,Heat Treatment & Quenching,1.34,natural_gas,0.0,0.0,0.0,Shift C (Night),28.7,0.0
2026-09-08 00:00:00,Screw Air Compressor (100 HP),Compressed Air Utility,26.75,none,0.0,0.0,0.0,Shift C (Night),33.6,6.38
2026-09-08 00:00:00,Die Cooling Water Circulation System,Cooling Utility,35.88,none,0.0,0.0,1.0,Shift C (Night),26.4,3.89
2026-09-08 01:00:00,HPDC Die Casting Cell #01 (800T),High Pressure Die Casting,0.95,none,0.0,0.0,0.0,Shift C (Night),30.1,0.0
2026-09-08 01:00:00,Aluminum Induction Melting Furnace,Melting & Holding,182.54,none,0.0,611.7,1.0,Shift C (Night),716.9,0.98
2026-09-08 01:00:00,Continuous Shot Blasting Machine,Surface Finishing & Cleaning,1.09,none,0.0,0.0,0.0,Shift C (Night),29.4,0.0
2026-09-08 01:00:00,CNC 5-Axis Machining Center,Machining & Milling,1.48,none,0.0,0.0,0.0,Shift C (Night),28.9,0.0
2026-09-08 01:00:00,Solution & Aging Heat Treatment Furnace,Heat Treatment & Quenching,1.97,natural_gas,0.0,0.0,0.0,Shift C (Night),30.0,0.0
2026-09-08 01:00:00,Screw Air Compressor (100 HP),Compressed Air Utility,27.84,none,0.0,0.0,0.0,Shift C (Night),33.6,6.38
2026-09-08 01:00:00,Die Cooling Water Circulation System,Cooling Utility,36.36,none,0.0,0.0,1.0,Shift C (Night),26.4,4.09
2026-09-08 02:00:00,HPDC Die Casting Cell #01 (800T),High Pressure Die Casting,1.74,none,0.0,0.0,0.0,Shift C (Night),28.1,0.0
2026-09-08 02:00:00,Aluminum Induction Melting Furnace,Melting & Holding,185.81,none,0.0,622.7,1.0,Shift C (Night),713.7,0.98
2026-09-08 02:00:00,Continuous Shot Blasting Machine,Surface Finishing & Cleaning,1.86,none,0.0,0.0,0.0,Shift C (Night),30.6,0.0
2026-09-08 02:00:00,CNC 5-Axis Machining Center,Machining & Milling,0.72,none,0.0,0.0,0.0,Shift C (Night),29.5,0.0
2026-09-08 02:00:00,Solution & Aging Heat Treatment Furnace,Heat Treatment & Quenching,1.94,natural_gas,0.0,0.0,0.0,Shift C (Night),30.4,0.0
2026-09-08 02:00:00,Screw Air Compressor (100 HP),Compressed Air Utility,27.19,none,0.0,0.0,0.0,Shift C (Night),33.6,6.38
2026-09-08 02:00:00,Die Cooling Water Circulation System,Cooling Utility,35.21,none,0.0,0.0,1.0,Shift C (Night),25.7,3.92
2026-09-08 03:00:00,HPDC Die Casting Cell #01 (800T),High Pressure Die Casting,1.96,none,0.0,0.0,0.0,Shift C (Night),31.6,0.0
2026-09-08 03:00:00,Aluminum Induction Melting Furnace,Melting & Holding,182.47,none,0.0,611.5,1.0,Shift C (Night),721.2,0.98
2026-09-08 03:00:00,Continuous Shot Blasting Machine,Surface Finishing & Cleaning,0.79,none,0.0,0.0,0.0,Shift C (Night),30.2,0.0
2026-09-08 03:00:00,CNC 5-Axis Machining Center,Machining & Milling,1.72,none,0.0,0.0,0.0,Shift C (Night),31.5,0.0
2026-09-08 03:00:00,Solution & Aging Heat Treatment Furnace,Heat Treatment & Quenching,1.03,natural_gas,0.0,0.0,0.0,Shift C (Night),30.8,0.0
2026-09-08 03:00:00,Screw Air Compressor (100 HP),Compressed Air Utility,26.83,none,0.0,0.0,0.0,Shift C (Night),33.6,6.38
2026-09-08 03:00:00,Die Cooling Water Circulation System,Cooling Utility,34.95,none,0.0,0.0,1.0,Shift C (Night),26.5,4.11
2026-09-08 04:00:00,HPDC Die Casting Cell #01 (800T),High Pressure Die Casting,0.8,none,0.0,0.0,0.0,Shift C (Night),31.7,0.0
2026-09-08 04:00:00,Aluminum Induction Melting Furnace,Melting & Holding,191.17,none,0.0,640.7,1.0,Shift C (Night),714.7,1.0
2026-09-08 04:00:00,Continuous Shot Blasting Machine,Surface Finishing & Cleaning,1.93,none,0.0,0.0,0.0,Shift C (Night),28.5,0.0
2026-09-08 04:00:00,CNC 5-Axis Machining Center,Machining & Milling,1.04,none,0.0,0.0,0.0,Shift C (Night),31.5,0.0
2026-09-08 04:00:00,Solution & Aging Heat Treatment Furnace,Heat Treatment & Quenching,1.62,natural_gas,0.0,0.0,0.0,Shift C (Night),31.1,0.0
2026-09-08 04:00:00,Screw Air Compressor (100 HP),Compressed Air Utility,28.08,none,0.0,0.0,0.0,Shift C (Night),33.6,6.38
2026-09-08 04:00:00,Die Cooling Water Circulation System,Cooling Utility,35.75,none,0.0,0.0,1.0,Shift C (Night),25.9,3.99
2026-09-08 05:00:00,HPDC Die Casting Cell #01 (800T),High Pressure Die Casting,1.91,none,0.0,0.0,0.0,Shift C (Night),31.6,0.0
2026-09-08 05:00:00,Aluminum Induction Melting Furnace,Melting & Holding,191.41,none,0.0,641.5,1.0,Shift C (Night),713.5,1.02
2026-09-08 05:00:00,Continuous Shot Blasting Machine,Surface Finishing & Cleaning,0.75,none,0.0,0.0,0.0,Shift C (Night),28.7,0.0
2026-09-08 05:00:00,CNC 5-Axis Machining Center,Machining & Milling,1.67,none,0.0,0.0,0.0,Shift C (Night),30.4,0.0
2026-09-08 05:00:00,Solution & Aging Heat Treatment Furnace,Heat Treatment & Quenching,0.97,natural_gas,0.0,0.0,0.0,Shift C (Night),30.3,0.0
2026-09-08 05:00:00,Screw Air Compressor (100 HP),Compressed Air Utility,25.81,none,0.0,0.0,0.0,Shift C (Night),33.6,6.38
2026-09-08 05:00:00,Die Cooling Water Circulation System,Cooling Utility,35.23,none,0.0,0.0,1.0,Shift C (Night),26.2,3.97
2026-09-08 06:00:00,HPDC Die Casting Cell #01 (800T),High Pressure Die Casting,48.72,none,0.0,385.7,1.0,Shift A (Morning),679.4,120.02
2026-09-08 06:00:00,Aluminum Induction Melting Furnace,Melting & Holding,186.55,none,0.0,625.2,1.0,Shift A (Morning),726.1,0.99
2026-09-08 06:00:00,Continuous Shot Blasting Machine,Surface Finishing & Cleaning,39.07,none,0.0,462.7,1.0,Shift A (Morning),35.0,6.36
2026-09-08 06:00:00,CNC 5-Axis Machining Center,Machining & Milling,31.21,none,0.0,331.7,1.0,Shift A (Morning),27.5,2.54
2026-09-08 06:00:00,Solution & Aging Heat Treatment Furnace,Heat Treatment & Quenching,52.87,natural_gas,30.76,480.6,1.0,Shift A (Morning),515.2,1.19
2026-09-08 06:00:00,Screw Air Compressor (100 HP),Compressed Air Utility,66.26,none,0.0,0.0,1.0,Shift A (Morning),42.8,7.62
2026-09-08 06:00:00,Die Cooling Water Circulation System,Cooling Utility,34.75,none,0.0,0.0,1.0,Shift A (Morning),26.4,4.12
2026-09-08 07:00:00,HPDC Die Casting Cell #01 (800T),High Pressure Die Casting,49.41,none,0.0,391.2,1.0,Shift A (Morning),679.7,118.74
2026-09-08 07:00:00,Aluminum Induction Melting Furnace,Melting & Holding,184.37,none,0.0,617.9,1.0,Shift A (Morning),712.7,0.99
2026-09-08 07:00:00,Continuous Shot Blasting Machine,Surface Finishing & Cleaning,36.61,none,0.0,433.5,1.0,Shift A (Morning),35.3,6.45
2026-09-08 07:00:00,CNC 5-Axis Machining Center,Machining & Milling,31.52,none,0.0,334.9,1.0,Shift A (Morning),28.1,2.54
2026-09-08 07:00:00,Solution & Aging Heat Treatment Furnace,Heat Treatment & Quenching,55.41,natural_gas,32.24,503.8,1.0,Shift A (Morning),520.5,1.23
2026-09-08 07:00:00,Screw Air Compressor (100 HP),Compressed Air Utility,66.49,none,0.0,0.0,1.0,Shift A (Morning),42.0,7.48
2026-09-08 07:00:00,Die Cooling Water Circulation System,Cooling Utility,36.94,none,0.0,0.0,1.0,Shift A (Morning),25.5,4.12
2026-09-08 08:00:00,HPDC Die Casting Cell #01 (800T),High Pressure Die Casting,48.07,none,0.0,380.6,1.0,Shift A (Morning),677.2,121.69
2026-09-08 08:00:00,Aluminum Induction Melting Furnace,Melting & Holding,185.85,none,0.0,622.9,1.0,Shift A (Morning),720.5,1.01
2026-09-08 08:00:00,Continuous Shot Blasting Machine,Surface Finishing & Cleaning,36.63,none,0.0,433.8,1.0,Shift A (Morning),34.7,6.46
2026-09-08 08:00:00,CNC 5-Axis Machining Center,Machining & Milling,31.5,none,0.0,334.7,1.0,Shift A (Morning),28.4,2.49
2026-09-08 08:00:00,Solution & Aging Heat Treatment Furnace,Heat Treatment & Quenching,54.66,natural_gas,31.8,496.9,1.0,Shift A (Morning),522.4,1.17
2026-09-08 08:00:00,Screw Air Compressor (100 HP),Compressed Air Utility,65.09,none,0.0,0.0,1.0,Shift A (Morning),41.4,7.65
2026-09-08 08:00:00,Die Cooling Water Circulation System,Cooling Utility,35.86,none,0.0,0.0,1.0,Shift A (Morning),26.2,3.91
2026-09-08 09:00:00,HPDC Die Casting Cell #01 (800T),High Pressure Die Casting,49.07,none,0.0,388.5,1.0,Shift A (Morning),691.9,121.41
2026-09-08 09:00:00,Aluminum Induction Melting Furnace,Melting & Holding,179.6,none,0.0,601.9,1.0,Shift A (Morning),717.5,1.0
2026-09-08 09:00:00,Continuous Shot Blasting Machine,Surface Finishing & Cleaning,37.02,none,0.0,438.4,1.0,Shift A (Morning),35.1,6.58
2026-09-08 09:00:00,CNC 5-Axis Machining Center,Machining & Milling,31.24,none,0.0,331.9,1.0,Shift A (Morning),27.9,2.46
2026-09-08 09:00:00,Solution & Aging Heat Treatment Furnace,Heat Treatment & Quenching,55.84,natural_gas,32.49,507.7,1.0,Shift A (Morning),528.5,1.22
2026-09-08 09:00:00,Screw Air Compressor (100 HP),Compressed Air Utility,66.14,none,0.0,0.0,1.0,Shift A (Morning),41.4,7.33
2026-09-08 09:00:00,Die Cooling Water Circulation System,Cooling Utility,35.85,none,0.0,0.0,1.0,Shift A (Morning),25.9,4.01
2026-09-08 10:00:00,HPDC Die Casting Cell #01 (800T),High Pressure Die Casting,47.55,none,0.0,376.5,1.0,Shift A (Morning),687.9,120.08
2026-09-08 10:00:00,Aluminum Induction Melting Furnace,Melting & Holding,191.66,none,0.0,642.3,1.0,Shift A (Morning),716.5,0.99
2026-09-08 10:00:00,Continuous Shot Blasting Machine,Surface Finishing & Cleaning,38.82,none,0.0,459.7,1.0,Shift A (Morning),35.6,6.53
2026-09-08 10:00:00,CNC 5-Axis Machining Center,Machining & Milling,32.41,none,0.0,344.3,1.0,Shift A (Morning),27.6,2.56
2026-09-08 10:00:00,Solution & Aging Heat Treatment Furnace,Heat Treatment & Quenching,53.59,natural_gas,31.18,487.2,1.0,Shift A (Morning),524.4,1.19
2026-09-08 10:00:00,Screw Air Compressor (100 HP),Compressed Air Utility,64.01,none,0.0,0.0,1.0,Shift A (Morning),42.5,7.48
2026-09-08 10:00:00,Die Cooling Water Circulation System,Cooling Utility,36.36,none,0.0,0.0,1.0,Shift A (Morning),25.6,3.91
2026-09-08 11:00:00,HPDC Die Casting Cell #01 (800T),High Pressure Die Casting,46.86,none,0.0,371.0,1.0,Shift A (Morning),683.3,118.22
2026-09-08 11:00:00,Aluminum Induction Melting Furnace,Melting & Holding,184.39,none,0.0,617.9,1.0,Shift A (Morning),730.2,1.0
2026-09-08 11:00:00,Continuous Shot Blasting Machine,Surface Finishing & Cleaning,36.5,none,0.0,432.2,1.0,Shift A (Morning),35.5,6.4
2026-09-08 11:00:00,CNC 5-Axis Machining Center,Machining & Milling,32.23,none,0.0,342.4,1.0,Shift A (Morning),28.0,2.49
2026-09-08 11:00:00,Solution & Aging Heat Treatment Furnace,Heat Treatment & Quenching,53.15,natural_gas,30.92,483.2,1.0,Shift A (Morning),522.1,1.18
2026-09-08 11:00:00,Screw Air Compressor (100 HP),Compressed Air Utility,65.25,none,0.0,0.0,1.0,Shift A (Morning),42.2,7.53
2026-09-08 11:00:00,Die Cooling Water Circulation System,Cooling Utility,36.94,none,0.0,0.0,1.0,Shift A (Morning),25.5,3.92
2026-09-08 12:00:00,HPDC Die Casting Cell #01 (800T),High Pressure Die Casting,48.59,none,0.0,384.7,1.0,Shift A (Morning),667.4,122.55
2026-09-08 12:00:00,Aluminum Induction Melting Furnace,Melting & Holding,187.47,none,0.0,628.3,1.0,Shift A (Morning),729.7,0.99
2026-09-08 12:00:00,Continuous Shot Blasting Machine,Surface Finishing & Cleaning,39.28,none,0.0,465.1,1.0,Shift A (Morning),34.4,6.47
2026-09-08 12:00:00,CNC 5-Axis Machining Center,Machining & Milling,31.18,none,0.0,331.2,1.0,Shift A (Morning),28.2,2.52
2026-09-08 12:00:00,Solution & Aging Heat Treatment Furnace,Heat Treatment & Quenching,55.84,natural_gas,32.49,507.7,1.0,Shift A (Morning),522.0,1.22
2026-09-08 12:00:00,Screw Air Compressor (100 HP),Compressed Air Utility,63.32,none,0.0,0.0,1.0,Shift A (Morning),41.9,7.54
2026-09-08 12:00:00,Die Cooling Water Circulation System,Cooling Utility,37.24,none,0.0,0.0,1.0,Shift A (Morning),25.6,3.95
2026-09-08 13:00:00,HPDC Die Casting Cell #01 (800T),High Pressure Die Casting,47.5,none,0.0,376.0,1.0,Shift A (Morning),676.7,116.89
2026-09-08 13:00:00,Aluminum Induction Melting Furnace,Melting & Holding,183.92,none,0.0,616.4,1.0,Shift A (Morning),721.5,0.99
2026-09-08 13:00:00,Continuous Shot Blasting Machine,Surface Finishing & Cleaning,36.89,none,0.0,436.8,1.0,Shift A (Morning),35.3,6.41
2026-09-08 13:00:00,CNC 5-Axis Machining Center,Machining & Milling,32.07,none,0.0,340.7,1.0,Shift A (Morning),28.0,2.53
2026-09-08 13:00:00,Solution & Aging Heat Treatment Furnace,Heat Treatment & Quenching,55.49,natural_gas,32.29,504.5,1.0,Shift A (Morning),511.9,1.22
2026-09-08 13:00:00,Screw Air Compressor (100 HP),Compressed Air Utility,65.67,none,0.0,0.0,1.0,Shift A (Morning),42.8,7.49
2026-09-08 13:00:00,Die Cooling Water Circulation System,Cooling Utility,36.54,none,0.0,0.0,1.0,Shift A (Morning),26.5,4.12
2026-09-08 14:00:00,HPDC Die Casting Cell #01 (800T),High Pressure Die Casting,47.18,none,0.0,373.5,1.0,Shift B (Evening),683.0,118.68
2026-09-08 14:00:00,Aluminum Induction Melting Furnace,Melting & Holding,185.38,none,0.0,621.3,1.0,Shift B (Evening),734.3,0.99
2026-09-08 14:00:00,Continuous Shot Blasting Machine,Surface Finishing & Cleaning,36.87,none,0.0,436.7,1.0,Shift B (Evening),35.1,6.51
2026-09-08 14:00:00,CNC 5-Axis Machining Center,Machining & Milling,32.34,none,0.0,343.6,1.0,Shift B (Evening),28.0,2.45
2026-09-08 14:00:00,Solution & Aging Heat Treatment Furnace,Heat Treatment & Quenching,55.48,natural_gas,32.28,504.4,1.0,Shift B (Evening),524.3,1.23
2026-09-08 14:00:00,Screw Air Compressor (100 HP),Compressed Air Utility,62.41,none,0.0,0.0,1.0,Shift B (Evening),41.2,7.56
2026-09-08 14:00:00,Die Cooling Water Circulation System,Cooling Utility,34.9,none,0.0,0.0,1.0,Shift B (Evening),26.4,4.07
2026-09-08 15:00:00,HPDC Die Casting Cell #01 (800T),High Pressure Die Casting,49.92,none,0.0,395.2,1.0,Shift B (Evening),677.7,118.8
2026-09-08 15:00:00,Aluminum Induction Melting Furnace,Melting & Holding,185.89,none,0.0,623.0,1.0,Shift B (Evening),724.0,0.97
2026-09-08 15:00:00,Continuous Shot Blasting Machine,Surface Finishing & Cleaning,37.09,none,0.0,439.2,1.0,Shift B (Evening),34.7,6.61
2026-09-08 15:00:00,CNC 5-Axis Machining Center,Machining & Milling,31.51,none,0.0,334.8,1.0,Shift B (Evening),28.0,2.47
2026-09-08 15:00:00,Solution & Aging Heat Treatment Furnace,Heat Treatment & Quenching,52.83,natural_gas,30.74,480.2,1.0,Shift B (Evening),523.9,1.19
2026-09-08 15:00:00,Screw Air Compressor (100 HP),Compressed Air Utility,66.17,none,0.0,0.0,1.0,Shift B (Evening),42.2,7.29
2026-09-08 15:00:00,Die Cooling Water Circulation System,Cooling Utility,35.07,none,0.0,0.0,1.0,Shift B (Evening),25.8,3.96
2026-09-08 16:00:00,HPDC Die Casting Cell #01 (800T),High Pressure Die Casting,48.66,none,0.0,385.2,1.0,Shift B (Evening),691.3,122.14
2026-09-08 16:00:00,Aluminum Induction Melting Furnace,Melting & Holding,187.16,none,0.0,627.2,1.0,Shift B (Evening),719.5,1.01
2026-09-08 16:00:00,Continuous Shot Blasting Machine,Surface Finishing & Cleaning,39.19,none,0.0,464.1,1.0,Shift B (Evening),35.1,6.44
2026-09-08 16:00:00,CNC 5-Axis Machining Center,Machining & Milling,32.73,none,0.0,347.7,1.0,Shift B (Evening),27.9,2.54
2026-09-08 16:00:00,Solution & Aging Heat Treatment Furnace,Heat Treatment & Quenching,56.47,natural_gas,32.86,513.4,1.0,Shift B (Evening),515.8,1.22
2026-09-08 16:00:00,Screw Air Compressor (100 HP),Compressed Air Utility,64.04,none,0.0,0.0,1.0,Shift B (Evening),42.1,7.37
2026-09-08 16:00:00,Die Cooling Water Circulation System,Cooling Utility,36.53,none,0.0,0.0,1.0,Shift B (Evening),26.3,4.09
2026-09-08 17:00:00,HPDC Die Casting Cell #01 (800T),High Pressure Die Casting,47.44,none,0.0,375.5,1.0,Shift B (Evening),692.8,118.42
2026-09-08 17:00:00,Aluminum Induction Melting Furnace,Melting & Holding,178.06,none,0.0,596.7,1.0,Shift B (Evening),733.9,1.01
2026-09-08 17:00:00,Continuous Shot Blasting Machine,Surface Finishing & Cleaning,39.04,none,0.0,462.3,1.0,Shift B (Evening),35.1,6.46
2026-09-08 17:00:00,CNC 5-Axis Machining Center,Machining & Milling,32.24,none,0.0,342.6,1.0,Shift B (Evening),28.4,2.54
2026-09-08 17:00:00,Solution & Aging Heat Treatment Furnace,Heat Treatment & Quenching,55.9,natural_gas,32.53,508.2,1.0,Shift B (Evening),516.1,1.17
2026-09-08 17:00:00,Screw Air Compressor (100 HP),Compressed Air Utility,64.55,none,0.0,0.0,1.0,Shift B (Evening),42.0,7.38
2026-09-08 17:00:00,Die Cooling Water Circulation System,Cooling Utility,35.86,none,0.0,0.0,1.0,Shift B (Evening),26.5,3.93
2026-09-08 18:00:00,HPDC Die Casting Cell #01 (800T),High Pressure Die Casting,47.24,none,0.0,374.0,1.0,Shift B (Evening),669.5,122.05
2026-09-08 18:00:00,Aluminum Induction Melting Furnace,Melting & Holding,189.11,none,0.0,633.8,1.0,Shift B (Evening),731.9,1.0
2026-09-08 18:00:00,Continuous Shot Blasting Machine,Surface Finishing & Cleaning,36.56,none,0.0,432.9,1.0,Shift B (Evening),35.0,6.5
2026-09-08 18:00:00,CNC 5-Axis Machining Center,Machining & Milling,31.21,none,0.0,331.6,1.0,Shift B (Evening),28.5,2.53
2026-09-08 18:00:00,Solution & Aging Heat Treatment Furnace,Heat Treatment & Quenching,55.1,natural_gas,32.06,500.9,1.0,Shift B (Evening),525.7,1.17
2026-09-08 18:00:00,Screw Air Compressor (100 HP),Compressed Air Utility,66.93,none,0.0,0.0,1.0,Shift B (Evening),42.5,7.7
2026-09-08 18:00:00,Die Cooling Water Circulation System,Cooling Utility,36.51,none,0.0,0.0,1.0,Shift B (Evening),25.6,4.05
2026-09-08 19:00:00,HPDC Die Casting Cell #01 (800T),High Pressure Die Casting,47.84,none,0.0,378.8,1.0,Shift B (Evening),685.8,120.16
2026-09-08 19:00:00,Aluminum Induction Melting Furnace,Melting & Holding,177.66,none,0.0,595.4,1.0,Shift B (Evening),732.5,1.01
2026-09-08 19:00:00,Continuous Shot Blasting Machine,Surface Finishing & Cleaning,38.29,none,0.0,453.4,1.0,Shift B (Evening),34.4,6.49
2026-09-08 19:00:00,CNC 5-Axis Machining Center,Machining & Milling,30.84,none,0.0,327.7,1.0,Shift B (Evening),28.0,2.52
2026-09-08 19:00:00,Solution & Aging Heat Treatment Furnace,Heat Treatment & Quenching,54.17,natural_gas,31.52,492.5,1.0,Shift B (Evening),521.6,1.19
2026-09-08 19:00:00,Screw Air Compressor (100 HP),Compressed Air Utility,67.04,none,0.0,0.0,1.0,Shift B (Evening),41.7,7.36
2026-09-08 19:00:00,Die Cooling Water Circulation System,Cooling Utility,35.36,none,0.0,0.0,1.0,Shift B (Evening),25.8,3.99
2026-09-08 20:00:00,HPDC Die Casting Cell #01 (800T),High Pressure Die Casting,46.53,none,0.0,368.4,1.0,Shift B (Evening),670.5,118.37
2026-09-08 20:00:00,Aluminum Induction Melting Furnace,Melting & Holding,177.83,none,0.0,596.0,1.0,Shift B (Evening),723.5,1.0
2026-09-08 20:00:00,Continuous Shot Blasting Machine,Surface Finishing & Cleaning,37.11,none,0.0,439.4,1.0,Shift B (Evening),34.8,6.43
2026-09-08 20:00:00,CNC 5-Axis Machining Center,Machining & Milling,31.08,none,0.0,330.3,1.0,Shift B (Evening),28.2,2.47
2026-09-08 20:00:00,Solution & Aging Heat Treatment Furnace,Heat Treatment & Quenching,53.88,natural_gas,31.35,489.8,1.0,Shift B (Evening),511.1,1.21
2026-09-08 20:00:00,Screw Air Compressor (100 HP),Compressed Air Utility,64.16,none,0.0,0.0,1.0,Shift B (Evening),41.9,7.33
2026-09-08 20:00:00,Die Cooling Water Circulation System,Cooling Utility,35.92,none,0.0,0.0,1.0,Shift B (Evening),26.2,3.91
2026-09-08 21:00:00,HPDC Die Casting Cell #01 (800T),High Pressure Die Casting,46.29,none,0.0,366.4,1.0,Shift B (Evening),678.0,117.69
2026-09-08 21:00:00,Aluminum Induction Melting Furnace,Melting & Holding,186.42,none,0.0,624.8,1.0,Shift B (Evening),722.7,1.02
2026-09-08 21:00:00,Continuous Shot Blasting Machine,Surface Finishing & Cleaning,38.61,none,0.0,457.2,1.0,Shift B (Evening),35.2,6.43
2026-09-08 21:00:00,CNC 5-Axis Machining Center,Machining & Milling,32.81,none,0.0,348.6,1.0,Shift B (Evening),28.2,2.53
2026-09-08 21:00:00,Solution & Aging Heat Treatment Furnace,Heat Treatment & Quenching,55.15,natural_gas,32.09,501.3,1.0,Shift B (Evening),529.9,1.22
2026-09-08 21:00:00,Screw Air Compressor (100 HP),Compressed Air Utility,64.82,none,0.0,0.0,1.0,Shift B (Evening),41.4,7.64
2026-09-08 21:00:00,Die Cooling Water Circulation System,Cooling Utility,37.21,none,0.0,0.0,1.0,Shift B (Evening),26.0,3.99
2026-09-08 22:00:00,HPDC Die Casting Cell #01 (800T),High Pressure Die Casting,48.71,none,0.0,385.6,1.0,Shift C (Night),685.7,119.75
2026-09-08 22:00:00,Aluminum Induction Melting Furnace,Melting & Holding,181.03,none,0.0,606.7,1.0,Shift C (Night),712.0,1.02
2026-09-08 22:00:00,Continuous Shot Blasting Machine,Surface Finishing & Cleaning,38.36,none,0.0,454.2,1.0,Shift C (Night),35.6,6.46
2026-09-08 22:00:00,CNC 5-Axis Machining Center,Machining & Milling,32.51,none,0.0,345.4,1.0,Shift C (Night),28.2,2.54
2026-09-08 22:00:00,Solution & Aging Heat Treatment Furnace,Heat Treatment & Quenching,56.68,natural_gas,32.98,515.3,1.0,Shift C (Night),519.0,1.17
2026-09-08 22:00:00,Screw Air Compressor (100 HP),Compressed Air Utility,64.87,none,0.0,0.0,1.0,Shift C (Night),41.8,7.48
2026-09-08 22:00:00,Die Cooling Water Circulation System,Cooling Utility,35.05,none,0.0,0.0,1.0,Shift C (Night),26.3,4.03
2026-09-08 23:00:00,HPDC Die Casting Cell #01 (800T),High Pressure Die Casting,46.57,none,0.0,368.7,1.0,Shift C (Night),669.2,122.29
2026-09-08 23:00:00,Aluminum Induction Melting Furnace,Melting & Holding,189.39,none,0.0,634.7,1.0,Shift C (Night),715.0,1.01
2026-09-08 23:00:00,Continuous Shot Blasting Machine,Surface Finishing & Cleaning,1.71,none,0.0,0.0,0.0,Shift C (Night),30.1,0.0
2026-09-08 23:00:00,CNC 5-Axis Machining Center,Machining & Milling,1.16,none,0.0,0.0,0.0,Shift C (Night),29.7,0.0
2026-09-08 23:00:00,Solution & Aging Heat Treatment Furnace,Heat Treatment & Quenching,55.53,natural_gas,32.31,504.8,1.0,Shift C (Night),521.0,1.23
2026-09-08 23:00:00,Screw Air Compressor (100 HP),Compressed Air Utility,26.34,none,0.0,0.0,0.0,Shift C (Night),33.6,6.38
2026-09-08 23:00:00,Die Cooling Water Circulation System,Cooling Utility,35.54,none,0.0,0.0,1.0,Shift C (Night),26.3,4.02
2026-09-09 00:00:00,HPDC Die Casting Cell #01 (800T),High Pressure Die Casting,1.7,none,0.0,0.0,0.0,Shift C (Night),29.7,0.0
2026-09-09 00:00:00,Aluminum Induction Melting Furnace,Melting & Holding,189.25,none,0.0,634.3,1.0,Shift C (Night),721.3,0.98
2026-09-09 00:00:00,Continuous Shot Blasting Machine,Surface Finishing & Cleaning,1.53,none,0.0,0.0,0.0,Shift C (Night),28.3,0.0
2026-09-09 00:00:00,CNC 5-Axis Machining Center,Machining & Milling,1.9,none,0.0,0.0,0.0,Shift C (Night),30.3,0.0
2026-09-09 00:00:00,Solution & Aging Heat Treatment Furnace,Heat Treatment & Quenching,1.28,natural_gas,0.0,0.0,0.0,Shift C (Night),30.4,0.0
2026-09-09 00:00:00,Screw Air Compressor (100 HP),Compressed Air Utility,26.62,none,0.0,0.0,0.0,Shift C (Night),33.6,6.38
2026-09-09 00:00:00,Die Cooling Water Circulation System,Cooling Utility,36.16,none,0.0,0.0,1.0,Shift C (Night),26.3,3.92
2026-09-09 01:00:00,HPDC Die Casting Cell #01 (800T),High Pressure Die Casting,1.94,none,0.0,0.0,0.0,Shift C (Night),28.3,0.0
2026-09-09 01:00:00,Aluminum Induction Melting Furnace,Melting & Holding,179.21,none,0.0,600.6,1.0,Shift C (Night),729.0,1.02
2026-09-09 01:00:00,Continuous Shot Blasting Machine,Surface Finishing & Cleaning,1.13,none,0.0,0.0,0.0,Shift C (Night),30.0,0.0
2026-09-09 01:00:00,CNC 5-Axis Machining Center,Machining & Milling,1.52,none,0.0,0.0,0.0,Shift C (Night),28.4,0.0
2026-09-09 01:00:00,Solution & Aging Heat Treatment Furnace,Heat Treatment & Quenching,1.74,natural_gas,0.0,0.0,0.0,Shift C (Night),31.5,0.0
2026-09-09 01:00:00,Screw Air Compressor (100 HP),Compressed Air Utility,28.16,none,0.0,0.0,0.0,Shift C (Night),33.6,6.38
2026-09-09 01:00:00,Die Cooling Water Circulation System,Cooling Utility,36.39,none,0.0,0.0,1.0,Shift C (Night),25.5,3.92
2026-09-09 02:00:00,HPDC Die Casting Cell #01 (800T),High Pressure Die Casting,0.81,none,0.0,0.0,0.0,Shift C (Night),30.1,0.0
2026-09-09 02:00:00,Aluminum Induction Melting Furnace,Melting & Holding,183.37,none,0.0,614.5,1.0,Shift C (Night),722.2,0.98
2026-09-09 02:00:00,Continuous Shot Blasting Machine,Surface Finishing & Cleaning,1.55,none,0.0,0.0,0.0,Shift C (Night),29.3,0.0
2026-09-09 02:00:00,CNC 5-Axis Machining Center,Machining & Milling,1.4,none,0.0,0.0,0.0,Shift C (Night),31.7,0.0
2026-09-09 02:00:00,Solution & Aging Heat Treatment Furnace,Heat Treatment & Quenching,1.03,natural_gas,0.0,0.0,0.0,Shift C (Night),31.8,0.0
2026-09-09 02:00:00,Screw Air Compressor (100 HP),Compressed Air Utility,26.52,none,0.0,0.0,0.0,Shift C (Night),33.6,6.38
2026-09-09 02:00:00,Die Cooling Water Circulation System,Cooling Utility,37.39,none,0.0,0.0,1.0,Shift C (Night),25.8,3.9
2026-09-09 03:00:00,HPDC Die Casting Cell #01 (800T),High Pressure Die Casting,0.61,none,0.0,0.0,0.0,Shift C (Night),31.9,0.0
2026-09-09 03:00:00,Aluminum Induction Melting Furnace,Melting & Holding,183.58,none,0.0,615.2,1.0,Shift C (Night),709.3,0.99
2026-09-09 03:00:00,Continuous Shot Blasting Machine,Surface Finishing & Cleaning,1.12,none,0.0,0.0,0.0,Shift C (Night),30.2,0.0
2026-09-09 03:00:00,CNC 5-Axis Machining Center,Machining & Milling,0.67,none,0.0,0.0,0.0,Shift C (Night),30.8,0.0
2026-09-09 03:00:00,Solution & Aging Heat Treatment Furnace,Heat Treatment & Quenching,1.75,natural_gas,0.0,0.0,0.0,Shift C (Night),29.4,0.0
2026-09-09 03:00:00,Screw Air Compressor (100 HP),Compressed Air Utility,28.01,none,0.0,0.0,0.0,Shift C (Night),33.6,6.38
2026-09-09 03:00:00,Die Cooling Water Circulation System,Cooling Utility,37.05,none,0.0,0.0,1.0,Shift C (Night),25.7,4.05
2026-09-09 04:00:00,HPDC Die Casting Cell #01 (800T),High Pressure Die Casting,1.15,none,0.0,0.0,0.0,Shift C (Night),29.3,0.0
2026-09-09 04:00:00,Aluminum Induction Melting Furnace,Melting & Holding,183.27,none,0.0,614.2,1.0,Shift C (Night),716.6,1.0
2026-09-09 04:00:00,Continuous Shot Blasting Machine,Surface Finishing & Cleaning,1.53,none,0.0,0.0,0.0,Shift C (Night),29.9,0.0
2026-09-09 04:00:00,CNC 5-Axis Machining Center,Machining & Milling,0.86,none,0.0,0.0,0.0,Shift C (Night),29.5,0.0
2026-09-09 04:00:00,Solution & Aging Heat Treatment Furnace,Heat Treatment & Quenching,1.89,natural_gas,0.0,0.0,0.0,Shift C (Night),31.4,0.0
2026-09-09 04:00:00,Screw Air Compressor (100 HP),Compressed Air Utility,25.54,none,0.0,0.0,0.0,Shift C (Night),33.6,6.38
2026-09-09 04:00:00,Die Cooling Water Circulation System,Cooling Utility,37.43,none,0.0,0.0,1.0,Shift C (Night),26.2,3.91
2026-09-09 05:00:00,HPDC Die Casting Cell #01 (800T),High Pressure Die Casting,0.7,none,0.0,0.0,0.0,Shift C (Night),28.1,0.0
2026-09-09 05:00:00,Aluminum Induction Melting Furnace,Melting & Holding,188.28,none,0.0,631.0,1.0,Shift C (Night),719.6,1.0
2026-09-09 05:00:00,Continuous Shot Blasting Machine,Surface Finishing & Cleaning,1.99,none,0.0,0.0,0.0,Shift C (Night),28.3,0.0
2026-09-09 05:00:00,CNC 5-Axis Machining Center,Machining & Milling,1.5,none,0.0,0.0,0.0,Shift C (Night),29.7,0.0
2026-09-09 05:00:00,Solution & Aging Heat Treatment Furnace,Heat Treatment & Quenching,1.24,natural_gas,0.0,0.0,0.0,Shift C (Night),31.2,0.0
2026-09-09 05:00:00,Screw Air Compressor (100 HP),Compressed Air Utility,27.12,none,0.0,0.0,0.0,Shift C (Night),33.6,6.38
2026-09-09 05:00:00,Die Cooling Water Circulation System,Cooling Utility,35.79,none,0.0,0.0,1.0,Shift C (Night),25.7,4.0
2026-09-09 06:00:00,HPDC Die Casting Cell #01 (800T),High Pressure Die Casting,48.2,none,0.0,381.6,1.0,Shift A (Morning),678.6,118.96
2026-09-09 06:00:00,Aluminum Induction Melting Furnace,Melting & Holding,180.35,none,0.0,604.4,1.0,Shift A (Morning),723.0,1.0
2026-09-09 06:00:00,Continuous Shot Blasting Machine,Surface Finishing & Cleaning,39.05,none,0.0,462.5,1.0,Shift A (Morning),34.6,6.5
2026-09-09 06:00:00,CNC 5-Axis Machining Center,Machining & Milling,31.77,none,0.0,337.6,1.0,Shift A (Morning),28.1,2.48
2026-09-09 06:00:00,Solution & Aging Heat Treatment Furnace,Heat Treatment & Quenching,57.1,natural_gas,33.22,519.1,1.0,Shift A (Morning),521.4,1.21
2026-09-09 06:00:00,Screw Air Compressor (100 HP),Compressed Air Utility,62.99,none,0.0,0.0,1.0,Shift A (Morning),42.0,7.59
2026-09-09 06:00:00,Die Cooling Water Circulation System,Cooling Utility,34.97,none,0.0,0.0,1.0,Shift A (Morning),26.2,4.12
2026-09-09 07:00:00,HPDC Die Casting Cell #01 (800T),High Pressure Die Casting,49.86,none,0.0,394.7,1.0,Shift A (Morning),687.6,119.75
2026-09-09 07:00:00,Aluminum Induction Melting Furnace,Melting & Holding,178.76,none,0.0,599.1,1.0,Shift A (Morning),731.2,0.98
2026-09-09 07:00:00,Continuous Shot Blasting Machine,Surface Finishing & Cleaning,37.92,none,0.0,449.0,1.0,Shift A (Morning),35.3,6.68
2026-09-09 07:00:00,CNC 5-Axis Machining Center,Machining & Milling,30.92,none,0.0,328.5,1.0,Shift A (Morning),28.1,2.54
2026-09-09 07:00:00,Solution & Aging Heat Treatment Furnace,Heat Treatment & Quenching,54.17,natural_gas,31.52,492.5,1.0,Shift A (Morning),510.7,1.19
2026-09-09 07:00:00,Screw Air Compressor (100 HP),Compressed Air Utility,66.45,none,0.0,0.0,1.0,Shift A (Morning),41.9,7.51
2026-09-09 07:00:00,Die Cooling Water Circulation System,Cooling Utility,35.91,none,0.0,0.0,1.0,Shift A (Morning),26.2,3.98
2026-09-09 08:00:00,HPDC Die Casting Cell #01 (800T),High Pressure Die Casting,49.77,none,0.0,394.0,1.0,Shift A (Morning),688.1,118.48
2026-09-09 08:00:00,Aluminum Induction Melting Furnace,Melting & Holding,178.12,none,0.0,597.0,1.0,Shift A (Morning),732.2,1.01
2026-09-09 08:00:00,Continuous Shot Blasting Machine,Surface Finishing & Cleaning,38.69,none,0.0,458.2,1.0,Shift A (Morning),35.1,6.33
2026-09-09 08:00:00,CNC 5-Axis Machining Center,Machining & Milling,31.93,none,0.0,339.3,1.0,Shift A (Morning),27.6,2.43
2026-09-09 08:00:00,Solution & Aging Heat Treatment Furnace,Heat Treatment & Quenching,57.16,natural_gas,33.26,519.6,1.0,Shift A (Morning),526.4,1.21
2026-09-09 08:00:00,Screw Air Compressor (100 HP),Compressed Air Utility,63.89,none,0.0,0.0,1.0,Shift A (Morning),41.3,7.5
2026-09-09 08:00:00,Die Cooling Water Circulation System,Cooling Utility,37.01,none,0.0,0.0,1.0,Shift A (Morning),25.8,3.91
2026-09-09 09:00:00,HPDC Die Casting Cell #01 (800T),High Pressure Die Casting,47.16,none,0.0,373.3,1.0,Shift A (Morning),689.7,116.5
2026-09-09 09:00:00,Aluminum Induction Melting Furnace,Melting & Holding,179.25,none,0.0,600.7,1.0,Shift A (Morning),710.6,1.01
2026-09-09 09:00:00,Continuous Shot Blasting Machine,Surface Finishing & Cleaning,36.94,none,0.0,437.4,1.0,Shift A (Morning),34.9,6.62
2026-09-09 09:00:00,CNC 5-Axis Machining Center,Machining & Milling,31.39,none,0.0,333.5,1.0,Shift A (Morning),28.2,2.5
2026-09-09 09:00:00,Solution & Aging Heat Treatment Furnace,Heat Treatment & Quenching,56.32,natural_gas,32.77,512.0,1.0,Shift A (Morning),527.5,1.19
2026-09-09 09:00:00,Screw Air Compressor (100 HP),Compressed Air Utility,62.84,none,0.0,0.0,1.0,Shift A (Morning),41.4,7.7
2026-09-09 09:00:00,Die Cooling Water Circulation System,Cooling Utility,35.0,none,0.0,0.0,1.0,Shift A (Morning),26.0,4.12
2026-09-09 10:00:00,HPDC Die Casting Cell #01 (800T),High Pressure Die Casting,49.04,none,0.0,388.2,1.0,Shift A (Morning),672.9,119.57
2026-09-09 10:00:00,Aluminum Induction Melting Furnace,Melting & Holding,187.04,none,0.0,626.8,1.0,Shift A (Morning),711.7,1.01
2026-09-09 10:00:00,Continuous Shot Blasting Machine,Surface Finishing & Cleaning,37.53,none,0.0,444.4,1.0,Shift A (Morning),35.2,6.6
2026-09-09 10:00:00,CNC 5-Axis Machining Center,Machining & Milling,31.02,none,0.0,329.6,1.0,Shift A (Morning),27.6,2.48
2026-09-09 10:00:00,Solution & Aging Heat Treatment Furnace,Heat Treatment & Quenching,54.13,natural_gas,31.49,492.1,1.0,Shift A (Morning),525.1,1.22
2026-09-09 10:00:00,Screw Air Compressor (100 HP),Compressed Air Utility,65.17,none,0.0,0.0,1.0,Shift A (Morning),41.8,7.59
2026-09-09 10:00:00,Die Cooling Water Circulation System,Cooling Utility,35.93,none,0.0,0.0,1.0,Shift A (Morning),25.6,4.09
2026-09-09 11:00:00,HPDC Die Casting Cell #01 (800T),High Pressure Die Casting,46.13,none,0.0,365.2,1.0,Shift A (Morning),691.6,119.63
2026-09-09 11:00:00,Aluminum Induction Melting Furnace,Melting & Holding,187.64,none,0.0,628.9,1.0,Shift A (Morning),733.3,1.01
2026-09-09 11:00:00,Continuous Shot Blasting Machine,Surface Finishing & Cleaning,36.6,none,0.0,433.5,1.0,Shift A (Morning),35.6,6.55
2026-09-09 11:00:00,CNC 5-Axis Machining Center,Machining & Milling,33.17,none,0.0,352.4,1.0,Shift A (Morning),27.9,2.56
2026-09-09 11:00:00,Solution & Aging Heat Treatment Furnace,Heat Treatment & Quenching,56.58,natural_gas,32.92,514.3,1.0,Shift A (Morning),516.6,1.18
2026-09-09 11:00:00,Screw Air Compressor (100 HP),Compressed Air Utility,62.91,none,0.0,0.0,1.0,Shift A (Morning),42.3,7.45
2026-09-09 11:00:00,Die Cooling Water Circulation System,Cooling Utility,36.79,none,0.0,0.0,1.0,Shift A (Morning),26.3,4.06
2026-09-09 12:00:00,HPDC Die Casting Cell #01 (800T),High Pressure Die Casting,48.34,none,0.0,382.7,1.0,Shift A (Morning),671.7,118.83
2026-09-09 12:00:00,Aluminum Induction Melting Furnace,Melting & Holding,187.82,none,0.0,629.4,1.0,Shift A (Morning),710.8,1.0
2026-09-09 12:00:00,Continuous Shot Blasting Machine,Surface Finishing & Cleaning,38.53,none,0.0,456.2,1.0,Shift A (Morning),35.5,6.31
2026-09-09 12:00:00,CNC 5-Axis Machining Center,Machining & Milling,30.97,none,0.0,329.1,1.0,Shift A (Morning),27.6,2.49
2026-09-09 12:00:00,Solution & Aging Heat Treatment Furnace,Heat Treatment & Quenching,53.77,natural_gas,31.28,488.8,1.0,Shift A (Morning),515.5,1.18
2026-09-09 12:00:00,Screw Air Compressor (100 HP),Compressed Air Utility,62.52,none,0.0,0.0,1.0,Shift A (Morning),41.3,7.7
2026-09-09 12:00:00,Die Cooling Water Circulation System,Cooling Utility,36.45,none,0.0,0.0,1.0,Shift A (Morning),26.3,4.11
2026-09-09 13:00:00,HPDC Die Casting Cell #01 (800T),High Pressure Die Casting,48.53,none,0.0,384.2,1.0,Shift A (Morning),685.7,117.26
2026-09-09 13:00:00,Aluminum Induction Melting Furnace,Melting & Holding,190.28,none,0.0,637.7,1.0,Shift A (Morning),709.3,1.01
2026-09-09 13:00:00,Continuous Shot Blasting Machine,Surface Finishing & Cleaning,39.22,none,0.0,464.4,1.0,Shift A (Morning),35.1,6.68
2026-09-09 13:00:00,CNC 5-Axis Machining Center,Machining & Milling,33.01,none,0.0,350.8,1.0,Shift A (Morning),28.2,2.46
2026-09-09 13:00:00,Solution & Aging Heat Treatment Furnace,Heat Treatment & Quenching,54.85,natural_gas,31.92,498.7,1.0,Shift A (Morning),529.1,1.21
2026-09-09 13:00:00,Screw Air Compressor (100 HP),Compressed Air Utility,67.2,none,0.0,0.0,1.0,Shift A (Morning),41.6,7.47
2026-09-09 13:00:00,Die Cooling Water Circulation System,Cooling Utility,37.16,none,0.0,0.0,1.0,Shift A (Morning),26.3,3.96
2026-09-09 14:00:00,HPDC Die Casting Cell #01 (800T),High Pressure Die Casting,46.7,none,0.0,369.7,1.0,Shift B (Evening),668.4,122.0
2026-09-09 14:00:00,Aluminum Induction Melting Furnace,Melting & Holding,183.27,none,0.0,614.2,1.0,Shift B (Evening),715.2,0.97
2026-09-09 14:00:00,Continuous Shot Blasting Machine,Surface Finishing & Cleaning,39.39,none,0.0,466.4,1.0,Shift B (Evening),34.7,6.48
2026-09-09 14:00:00,CNC 5-Axis Machining Center,Machining & Milling,31.98,none,0.0,339.8,1.0,Shift B (Evening),28.5,2.52
2026-09-09 14:00:00,Solution & Aging Heat Treatment Furnace,Heat Treatment & Quenching,53.59,natural_gas,31.18,487.1,1.0,Shift B (Evening),519.8,1.17
2026-09-09 14:00:00,Screw Air Compressor (100 HP),Compressed Air Utility,66.4,none,0.0,0.0,1.0,Shift B (Evening),41.5,7.56
2026-09-09 14:00:00,Die Cooling Water Circulation System,Cooling Utility,37.19,none,0.0,0.0,1.0,Shift B (Evening),26.2,3.9
2026-09-09 15:00:00,HPDC Die Casting Cell #01 (800T),High Pressure Die Casting,46.36,none,0.0,367.0,1.0,Shift B (Evening),681.9,118.2
2026-09-09 15:00:00,Aluminum Induction Melting Furnace,Melting & Holding,184.2,none,0.0,617.3,1.0,Shift B (Evening),731.4,0.98
2026-09-09 15:00:00,Continuous Shot Blasting Machine,Surface Finishing & Cleaning,38.43,none,0.0,455.1,1.0,Shift B (Evening),35.6,6.56
2026-09-09 15:00:00,CNC 5-Axis Machining Center,Machining & Milling,31.4,none,0.0,333.6,1.0,Shift B (Evening),28.2,2.56
2026-09-09 15:00:00,Solution & Aging Heat Treatment Furnace,Heat Treatment & Quenching,55.33,natural_gas,32.19,503.0,1.0,Shift B (Evening),520.3,1.23
2026-09-09 15:00:00,Screw Air Compressor (100 HP),Compressed Air Utility,64.95,none,0.0,0.0,1.0,Shift B (Evening),41.9,7.65
2026-09-09 15:00:00,Die Cooling Water Circulation System,Cooling Utility,36.81,none,0.0,0.0,1.0,Shift B (Evening),26.3,4.01
2026-09-09 16:00:00,HPDC Die Casting Cell #01 (800T),High Pressure Die Casting,46.09,none,0.0,364.9,1.0,Shift B (Evening),692.4,122.29
2026-09-09 16:00:00,Aluminum Induction Melting Furnace,Melting & Holding,184.73,none,0.0,619.1,1.0,Shift B (Evening),721.9,1.03
2026-09-09 16:00:00,Continuous Shot Blasting Machine,Surface Finishing & Cleaning,37.57,none,0.0,444.9,1.0,Shift B (Evening),35.3,6.46
2026-09-09 16:00:00,CNC 5-Axis Machining Center,Machining & Milling,32.34,none,0.0,343.6,1.0,Shift B (Evening),28.5,2.44
2026-09-09 16:00:00,Solution & Aging Heat Treatment Furnace,Heat Treatment & Quenching,55.15,natural_gas,32.09,501.4,1.0,Shift B (Evening),529.6,1.17
2026-09-09 16:00:00,Screw Air Compressor (100 HP),Compressed Air Utility,64.79,none,0.0,0.0,1.0,Shift B (Evening),42.4,7.57
2026-09-09 16:00:00,Die Cooling Water Circulation System,Cooling Utility,35.07,none,0.0,0.0,1.0,Shift B (Evening),25.5,3.97
2026-09-09 17:00:00,HPDC Die Casting Cell #01 (800T),High Pressure Die Casting,46.81,none,0.0,370.6,1.0,Shift B (Evening),685.3,122.85
2026-09-09 17:00:00,Aluminum Induction Melting Furnace,Melting & Holding,186.93,none,0.0,626.5,1.0,Shift B (Evening),715.9,0.98
2026-09-09 17:00:00,Continuous Shot Blasting Machine,Surface Finishing & Cleaning,38.4,none,0.0,454.8,1.0,Shift B (Evening),35.3,6.36
2026-09-09 17:00:00,CNC 5-Axis Machining Center,Machining & Milling,31.21,none,0.0,331.7,1.0,Shift B (Evening),28.2,2.51
2026-09-09 17:00:00,Solution & Aging Heat Treatment Furnace,Heat Treatment & Quenching,54.95,natural_gas,31.97,499.6,1.0,Shift B (Evening),510.9,1.2
2026-09-09 17:00:00,Screw Air Compressor (100 HP),Compressed Air Utility,64.0,none,0.0,0.0,1.0,Shift B (Evening),42.1,7.65
2026-09-09 17:00:00,Die Cooling Water Circulation System,Cooling Utility,35.85,none,0.0,0.0,1.0,Shift B (Evening),26.5,3.89
2026-09-09 18:00:00,HPDC Die Casting Cell #01 (800T),High Pressure Die Casting,46.3,none,0.0,366.5,1.0,Shift B (Evening),687.8,116.71
2026-09-09 18:00:00,Aluminum Induction Melting Furnace,Melting & Holding,179.35,none,0.0,601.1,1.0,Shift B (Evening),728.8,1.01
2026-09-09 18:00:00,Continuous Shot Blasting Machine,Surface Finishing & Cleaning,37.87,none,0.0,448.5,1.0,Shift B (Evening),35.2,6.65
2026-09-09 18:00:00,CNC 5-Axis Machining Center,Machining & Milling,31.1,none,0.0,330.5,1.0,Shift B (Evening),28.1,2.56
2026-09-09 18:00:00,Solution & Aging Heat Treatment Furnace,Heat Treatment & Quenching,52.96,natural_gas,30.81,481.5,1.0,Shift B (Evening),512.5,1.21
2026-09-09 18:00:00,Screw Air Compressor (100 HP),Compressed Air Utility,64.85,none,0.0,0.0,1.0,Shift B (Evening),42.7,7.3
2026-09-09 18:00:00,Die Cooling Water Circulation System,Cooling Utility,36.58,none,0.0,0.0,1.0,Shift B (Evening),25.6,3.92
2026-09-09 19:00:00,HPDC Die Casting Cell #01 (800T),High Pressure Die Casting,46.27,none,0.0,366.3,1.0,Shift B (Evening),674.8,122.11
2026-09-09 19:00:00,Aluminum Induction Melting Furnace,Melting & Holding,184.35,none,0.0,617.8,1.0,Shift B (Evening),710.5,1.01
2026-09-09 19:00:00,Continuous Shot Blasting Machine,Surface Finishing & Cleaning,38.97,none,0.0,461.4,1.0,Shift B (Evening),34.4,6.5
2026-09-09 19:00:00,CNC 5-Axis Machining Center,Machining & Milling,32.77,none,0.0,348.1,1.0,Shift B (Evening),27.7,2.55
2026-09-09 19:00:00,Solution & Aging Heat Treatment Furnace,Heat Treatment & Quenching,54.68,natural_gas,31.81,497.0,1.0,Shift B (Evening),526.5,1.23
2026-09-09 19:00:00,Screw Air Compressor (100 HP),Compressed Air Utility,65.93,none,0.0,0.0,1.0,Shift B (Evening),41.7,7.71
2026-09-09 19:00:00,Die Cooling Water Circulation System,Cooling Utility,36.22,none,0.0,0.0,1.0,Shift B (Evening),25.6,4.08
2026-09-09 20:00:00,HPDC Die Casting Cell #01 (800T),High Pressure Die Casting,49.13,none,0.0,388.9,1.0,Shift B (Evening),687.2,120.67
2026-09-09 20:00:00,Aluminum Induction Melting Furnace,Melting & Holding,182.57,none,0.0,611.8,1.0,Shift B (Evening),709.1,0.98
2026-09-09 20:00:00,Continuous Shot Blasting Machine,Surface Finishing & Cleaning,37.74,none,0.0,446.9,1.0,Shift B (Evening),35.3,6.52
2026-09-09 20:00:00,CNC 5-Axis Machining Center,Machining & Milling,31.84,none,0.0,338.3,1.0,Shift B (Evening),28.5,2.43
2026-09-09 20:00:00,Solution & Aging Heat Treatment Furnace,Heat Treatment & Quenching,53.24,natural_gas,30.98,484.0,1.0,Shift B (Evening),527.2,1.21
2026-09-09 20:00:00,Screw Air Compressor (100 HP),Compressed Air Utility,66.44,none,0.0,0.0,1.0,Shift B (Evening),41.2,7.49
2026-09-09 20:00:00,Die Cooling Water Circulation System,Cooling Utility,34.58,none,0.0,0.0,1.0,Shift B (Evening),25.7,3.9
2026-09-09 21:00:00,HPDC Die Casting Cell #01 (800T),High Pressure Die Casting,48.58,none,0.0,384.6,1.0,Shift B (Evening),690.5,119.4
2026-09-09 21:00:00,Aluminum Induction Melting Furnace,Melting & Holding,189.55,none,0.0,635.2,1.0,Shift B (Evening),727.8,1.01
2026-09-09 21:00:00,Continuous Shot Blasting Machine,Surface Finishing & Cleaning,37.11,none,0.0,439.4,1.0,Shift B (Evening),35.2,6.51
2026-09-09 21:00:00,CNC 5-Axis Machining Center,Machining & Milling,31.77,none,0.0,337.6,1.0,Shift B (Evening),28.5,2.52
2026-09-09 21:00:00,Solution & Aging Heat Treatment Furnace,Heat Treatment & Quenching,52.97,natural_gas,30.82,481.5,1.0,Shift B (Evening),513.3,1.2
2026-09-09 21:00:00,Screw Air Compressor (100 HP),Compressed Air Utility,67.34,none,0.0,0.0,1.0,Shift B (Evening),42.2,7.63
2026-09-09 21:00:00,Die Cooling Water Circulation System,Cooling Utility,35.56,none,0.0,0.0,1.0,Shift B (Evening),25.5,3.94
2026-09-09 22:00:00,HPDC Die Casting Cell #01 (800T),High Pressure Die Casting,46.53,none,0.0,368.4,1.0,Shift C (Night),680.8,117.09
2026-09-09 22:00:00,Aluminum Induction Melting Furnace,Melting & Holding,182.96,none,0.0,613.2,1.0,Shift C (Night),727.5,1.0
2026-09-09 22:00:00,Continuous Shot Blasting Machine,Surface Finishing & Cleaning,37.15,none,0.0,439.9,1.0,Shift C (Night),35.4,6.56
2026-09-09 22:00:00,CNC 5-Axis Machining Center,Machining & Milling,31.43,none,0.0,333.9,1.0,Shift C (Night),27.7,2.54
2026-09-09 22:00:00,Solution & Aging Heat Treatment Furnace,Heat Treatment & Quenching,55.82,natural_gas,32.47,507.4,1.0,Shift C (Night),529.7,1.2
2026-09-09 22:00:00,Screw Air Compressor (100 HP),Compressed Air Utility,63.32,none,0.0,0.0,1.0,Shift C (Night),42.3,7.29
2026-09-09 22:00:00,Die Cooling Water Circulation System,Cooling Utility,36.42,none,0.0,0.0,1.0,Shift C (Night),25.8,3.98
2026-09-09 23:00:00,HPDC Die Casting Cell #01 (800T),High Pressure Die Casting,47.36,none,0.0,375.0,1.0,Shift C (Night),688.3,121.86
2026-09-09 23:00:00,Aluminum Induction Melting Furnace,Melting & Holding,178.24,none,0.0,597.3,1.0,Shift C (Night),726.9,1.03
2026-09-09 23:00:00,Continuous Shot Blasting Machine,Surface Finishing & Cleaning,0.85,none,0.0,0.0,0.0,Shift C (Night),31.1,0.0
2026-09-09 23:00:00,CNC 5-Axis Machining Center,Machining & Milling,1.28,none,0.0,0.0,0.0,Shift C (Night),28.5,0.0
2026-09-09 23:00:00,Solution & Aging Heat Treatment Furnace,Heat Treatment & Quenching,56.74,natural_gas,33.01,515.8,1.0,Shift C (Night),524.6,1.21
2026-09-09 23:00:00,Screw Air Compressor (100 HP),Compressed Air Utility,26.14,none,0.0,0.0,0.0,Shift C (Night),33.6,6.38
2026-09-09 23:00:00,Die Cooling Water Circulation System,Cooling Utility,35.13,none,0.0,0.0,1.0,Shift C (Night),26.2,3.96
2026-09-10 00:00:00,HPDC Die Casting Cell #01 (800T),High Pressure Die Casting,1.69,none,0.0,0.0,0.0,Shift C (Night),29.3,0.0
2026-09-10 00:00:00,Aluminum Induction Melting Furnace,Melting & Holding,179.05,none,0.0,600.1,1.0,Shift C (Night),726.8,1.02
2026-09-10 00:00:00,Continuous Shot Blasting Machine,Surface Finishing & Cleaning,1.13,none,0.0,0.0,0.0,Shift C (Night),28.9,0.0
2026-09-10 00:00:00,CNC 5-Axis Machining Center,Machining & Milling,1.26,none,0.0,0.0,0.0,Shift C (Night),29.9,0.0
2026-09-10 00:00:00,Solution & Aging Heat Treatment Furnace,Heat Treatment & Quenching,1.85,natural_gas,0.0,0.0,0.0,Shift C (Night),28.6,0.0
2026-09-10 00:00:00,Screw Air Compressor (100 HP),Compressed Air Utility,28.25,none,0.0,0.0,0.0,Shift C (Night),33.6,6.38
2026-09-10 00:00:00,Die Cooling Water Circulation System,Cooling Utility,35.87,none,0.0,0.0,1.0,Shift C (Night),25.9,3.91
2026-09-10 01:00:00,HPDC Die Casting Cell #01 (800T),High Pressure Die Casting,1.61,none,0.0,0.0,0.0,Shift C (Night),30.5,0.0
2026-09-10 01:00:00,Aluminum Induction Melting Furnace,Melting & Holding,192.04,none,0.0,643.6,1.0,Shift C (Night),711.4,0.98
2026-09-10 01:00:00,Continuous Shot Blasting Machine,Surface Finishing & Cleaning,1.57,none,0.0,0.0,0.0,Shift C (Night),28.2,0.0
2026-09-10 01:00:00,CNC 5-Axis Machining Center,Machining & Milling,0.79,none,0.0,0.0,0.0,Shift C (Night),31.4,0.0
2026-09-10 01:00:00,Solution & Aging Heat Treatment Furnace,Heat Treatment & Quenching,1.24,natural_gas,0.0,0.0,0.0,Shift C (Night),28.7,0.0
2026-09-10 01:00:00,Screw Air Compressor (100 HP),Compressed Air Utility,26.2,none,0.0,0.0,0.0,Shift C (Night),33.6,6.38
2026-09-10 01:00:00,Die Cooling Water Circulation System,Cooling Utility,37.11,none,0.0,0.0,1.0,Shift C (Night),26.1,4.07
2026-09-10 02:00:00,HPDC Die Casting Cell #01 (800T),High Pressure Die Casting,1.49,none,0.0,0.0,0.0,Shift C (Night),30.4,0.0
2026-09-10 02:00:00,Aluminum Induction Melting Furnace,Melting & Holding,180.12,none,0.0,603.6,1.0,Shift C (Night),733.5,1.02
2026-09-10 02:00:00,Continuous Shot Blasting Machine,Surface Finishing & Cleaning,0.72,none,0.0,0.0,0.0,Shift C (Night),31.4,0.0
2026-09-10 02:00:00,CNC 5-Axis Machining Center,Machining & Milling,1.28,none,0.0,0.0,0.0,Shift C (Night),32.0,0.0
2026-09-10 02:00:00,Solution & Aging Heat Treatment Furnace,Heat Treatment & Quenching,1.43,natural_gas,0.0,0.0,0.0,Shift C (Night),31.3,0.0
2026-09-10 02:00:00,Screw Air Compressor (100 HP),Compressed Air Utility,25.98,none,0.0,0.0,0.0,Shift C (Night),33.6,6.38
2026-09-10 02:00:00,Die Cooling Water Circulation System,Cooling Utility,36.66,none,0.0,0.0,1.0,Shift C (Night),26.2,3.94
2026-09-10 03:00:00,HPDC Die Casting Cell #01 (800T),High Pressure Die Casting,1.06,none,0.0,0.0,0.0,Shift C (Night),30.3,0.0
2026-09-10 03:00:00,Aluminum Induction Melting Furnace,Melting & Holding,190.8,none,0.0,639.4,1.0,Shift C (Night),722.6,0.98
2026-09-10 03:00:00,Continuous Shot Blasting Machine,Surface Finishing & Cleaning,1.4,none,0.0,0.0,0.0,Shift C (Night),28.0,0.0
2026-09-10 03:00:00,CNC 5-Axis Machining Center,Machining & Milling,1.97,none,0.0,0.0,0.0,Shift C (Night),28.2,0.0
2026-09-10 03:00:00,Solution & Aging Heat Treatment Furnace,Heat Treatment & Quenching,1.26,natural_gas,0.0,0.0,0.0,Shift C (Night),31.1,0.0
2026-09-10 03:00:00,Screw Air Compressor (100 HP),Compressed Air Utility,25.12,none,0.0,0.0,0.0,Shift C (Night),33.6,6.38
2026-09-10 03:00:00,Die Cooling Water Circulation System,Cooling Utility,36.09,none,0.0,0.0,1.0,Shift C (Night),26.0,4.07
2026-09-10 04:00:00,HPDC Die Casting Cell #01 (800T),High Pressure Die Casting,1.75,none,0.0,0.0,0.0,Shift C (Night),29.8,0.0
2026-09-10 04:00:00,Aluminum Induction Melting Furnace,Melting & Holding,181.16,none,0.0,607.1,1.0,Shift C (Night),721.7,0.97
2026-09-10 04:00:00,Continuous Shot Blasting Machine,Surface Finishing & Cleaning,1.62,none,0.0,0.0,0.0,Shift C (Night),31.8,0.0
2026-09-10 04:00:00,CNC 5-Axis Machining Center,Machining & Milling,0.79,none,0.0,0.0,0.0,Shift C (Night),29.2,0.0
2026-09-10 04:00:00,Solution & Aging Heat Treatment Furnace,Heat Treatment & Quenching,1.51,natural_gas,0.0,0.0,0.0,Shift C (Night),28.4,0.0
2026-09-10 04:00:00,Screw Air Compressor (100 HP),Compressed Air Utility,26.68,none,0.0,0.0,0.0,Shift C (Night),33.6,6.38
2026-09-10 04:00:00,Die Cooling Water Circulation System,Cooling Utility,35.44,none,0.0,0.0,1.0,Shift C (Night),26.2,4.09
2026-09-10 05:00:00,HPDC Die Casting Cell #01 (800T),High Pressure Die Casting,1.65,none,0.0,0.0,0.0,Shift C (Night),28.1,0.0
2026-09-10 05:00:00,Aluminum Induction Melting Furnace,Melting & Holding,184.33,none,0.0,617.8,1.0,Shift C (Night),727.8,1.02
2026-09-10 05:00:00,Continuous Shot Blasting Machine,Surface Finishing & Cleaning,1.17,none,0.0,0.0,0.0,Shift C (Night),31.2,0.0
2026-09-10 05:00:00,CNC 5-Axis Machining Center,Machining & Milling,1.12,none,0.0,0.0,0.0,Shift C (Night),29.9,0.0
2026-09-10 05:00:00,Solution & Aging Heat Treatment Furnace,Heat Treatment & Quenching,1.49,natural_gas,0.0,0.0,0.0,Shift C (Night),31.4,0.0
2026-09-10 05:00:00,Screw Air Compressor (100 HP),Compressed Air Utility,25.25,none,0.0,0.0,0.0,Shift C (Night),33.6,6.38
2026-09-10 05:00:00,Die Cooling Water Circulation System,Cooling Utility,37.13,none,0.0,0.0,1.0,Shift C (Night),25.8,3.89
2026-09-10 06:00:00,HPDC Die Casting Cell #01 (800T),High Pressure Die Casting,47.72,none,0.0,377.7,1.0,Shift A (Morning),673.7,123.21
2026-09-10 06:00:00,Aluminum Induction Melting Furnace,Melting & Holding,185.63,none,0.0,622.1,1.0,Shift A (Morning),728.5,1.02
2026-09-10 06:00:00,Continuous Shot Blasting Machine,Surface Finishing & Cleaning,36.73,none,0.0,434.9,1.0,Shift A (Morning),35.5,6.59
2026-09-10 06:00:00,CNC 5-Axis Machining Center,Machining & Milling,30.86,none,0.0,327.9,1.0,Shift A (Morning),28.5,2.53
2026-09-10 06:00:00,Solution & Aging Heat Treatment Furnace,Heat Treatment & Quenching,56.71,natural_gas,32.99,515.5,1.0,Shift A (Morning),511.9,1.19
2026-09-10 06:00:00,Screw Air Compressor (100 HP),Compressed Air Utility,65.62,none,0.0,0.0,1.0,Shift A (Morning),41.8,7.35
2026-09-10 06:00:00,Die Cooling Water Circulation System,Cooling Utility,36.17,none,0.0,0.0,1.0,Shift A (Morning),25.5,4.05
2026-09-10 07:00:00,HPDC Die Casting Cell #01 (800T),High Pressure Die Casting,46.87,none,0.0,371.0,1.0,Shift A (Morning),693.1,118.12
2026-09-10 07:00:00,Aluminum Induction Melting Furnace,Melting & Holding,179.28,none,0.0,600.8,1.0,Shift A (Morning),719.4,1.03
2026-09-10 07:00:00,Continuous Shot Blasting Machine,Surface Finishing & Cleaning,38.24,none,0.0,452.9,1.0,Shift A (Morning),35.6,6.39
2026-09-10 07:00:00,CNC 5-Axis Machining Center,Machining & Milling,32.63,none,0.0,346.7,1.0,Shift A (Morning),27.7,2.48
2026-09-10 07:00:00,Solution & Aging Heat Treatment Furnace,Heat Treatment & Quenching,53.98,natural_gas,31.4,490.7,1.0,Shift A (Morning),523.7,1.18
2026-09-10 07:00:00,Screw Air Compressor (100 HP),Compressed Air Utility,62.73,none,0.0,0.0,1.0,Shift A (Morning),41.7,7.49
2026-09-10 07:00:00,Die Cooling Water Circulation System,Cooling Utility,36.08,none,0.0,0.0,1.0,Shift A (Morning),25.6,4.05
2026-09-10 08:00:00,HPDC Die Casting Cell #01 (800T),High Pressure Die Casting,48.68,none,0.0,385.4,1.0,Shift A (Morning),680.9,118.5
2026-09-10 08:00:00,Aluminum Induction Melting Furnace,Melting & Holding,186.79,none,0.0,626.0,1.0,Shift A (Morning),728.6,1.03
2026-09-10 08:00:00,Continuous Shot Blasting Machine,Surface Finishing & Cleaning,38.94,none,0.0,461.1,1.0,Shift A (Morning),35.6,6.33
2026-09-10 08:00:00,CNC 5-Axis Machining Center,Machining & Milling,33.0,none,0.0,350.7,1.0,Shift A (Morning),28.0,2.44
2026-09-10 08:00:00,Solution & Aging Heat Treatment Furnace,Heat Treatment & Quenching,56.75,natural_gas,33.02,515.9,1.0,Shift A (Morning),515.6,1.23
2026-09-10 08:00:00,Screw Air Compressor (100 HP),Compressed Air Utility,62.97,none,0.0,0.0,1.0,Shift A (Morning),41.6,7.59
2026-09-10 08:00:00,Die Cooling Water Circulation System,Cooling Utility,35.99,none,0.0,0.0,1.0,Shift A (Morning),26.4,4.0
2026-09-10 09:00:00,HPDC Die Casting Cell #01 (800T),High Pressure Die Casting,48.49,none,0.0,383.9,1.0,Shift A (Morning),674.4,123.38
2026-09-10 09:00:00,Aluminum Induction Melting Furnace,Melting & Holding,185.61,none,0.0,622.1,1.0,Shift A (Morning),709.4,0.99
2026-09-10 09:00:00,Continuous Shot Blasting Machine,Surface Finishing & Cleaning,37.83,none,0.0,448.0,1.0,Shift A (Morning),35.2,6.42
2026-09-10 09:00:00,CNC 5-Axis Machining Center,Machining & Milling,30.88,none,0.0,328.1,1.0,Shift A (Morning),28.4,2.46
2026-09-10 09:00:00,Solution & Aging Heat Treatment Furnace,Heat Treatment & Quenching,56.97,natural_gas,33.15,517.9,1.0,Shift A (Morning),523.0,1.19
2026-09-10 09:00:00,Screw Air Compressor (100 HP),Compressed Air Utility,64.18,none,0.0,0.0,1.0,Shift A (Morning),42.2,7.42
2026-09-10 09:00:00,Die Cooling Water Circulation System,Cooling Utility,36.27,none,0.0,0.0,1.0,Shift A (Morning),26.2,4.08
2026-09-10 10:00:00,HPDC Die Casting Cell #01 (800T),High Pressure Die Casting,47.79,none,0.0,378.3,1.0,Shift A (Morning),674.7,117.35
2026-09-10 10:00:00,Aluminum Induction Melting Furnace,Melting & Holding,189.28,none,0.0,634.4,1.0,Shift A (Morning),710.5,0.99
2026-09-10 10:00:00,Continuous Shot Blasting Machine,Surface Finishing & Cleaning,37.95,none,0.0,449.4,1.0,Shift A (Morning),35.7,6.61
2026-09-10 10:00:00,CNC 5-Axis Machining Center,Machining & Milling,30.84,none,0.0,327.7,1.0,Shift A (Morning),27.8,2.49
2026-09-10 10:00:00,Solution & Aging Heat Treatment Furnace,Heat Treatment & Quenching,53.53,natural_gas,31.15,486.7,1.0,Shift A (Morning),528.8,1.22
2026-09-10 10:00:00,Screw Air Compressor (100 HP),Compressed Air Utility,63.88,none,0.0,0.0,1.0,Shift A (Morning),42.8,7.65
2026-09-10 10:00:00,Die Cooling Water Circulation System,Cooling Utility,36.56,none,0.0,0.0,1.0,Shift A (Morning),26.2,3.92
2026-09-10 11:00:00,HPDC Die Casting Cell #01 (800T),High Pressure Die Casting,46.99,none,0.0,372.0,1.0,Shift A (Morning),667.5,118.68
2026-09-10 11:00:00,Aluminum Induction Melting Furnace,Melting & Holding,179.47,none,0.0,601.5,1.0,Shift A (Morning),713.1,0.98
2026-09-10 11:00:00,Continuous Shot Blasting Machine,Surface Finishing & Cleaning,38.19,none,0.0,452.2,1.0,Shift A (Morning),34.3,6.43
2026-09-10 11:00:00,CNC 5-Axis Machining Center,Machining & Milling,31.6,none,0.0,335.8,1.0,Shift A (Morning),27.9,2.51
2026-09-10 11:00:00,Solution & Aging Heat Treatment Furnace,Heat Treatment & Quenching,53.52,natural_gas,31.14,486.5,1.0,Shift A (Morning),515.9,1.23
2026-09-10 11:00:00,Screw Air Compressor (100 HP),Compressed Air Utility,64.5,none,0.0,0.0,1.0,Shift A (Morning),42.0,7.34
2026-09-10 11:00:00,Die Cooling Water Circulation System,Cooling Utility,35.88,none,0.0,0.0,1.0,Shift A (Morning),25.8,3.88
2026-09-10 12:00:00,HPDC Die Casting Cell #01 (800T),High Pressure Die Casting,48.92,none,0.0,387.3,1.0,Shift A (Morning),692.9,118.79
2026-09-10 12:00:00,Aluminum Induction Melting Furnace,Melting & Holding,188.04,none,0.0,630.2,1.0,Shift A (Morning),719.2,0.99
2026-09-10 12:00:00,Continuous Shot Blasting Machine,Surface Finishing & Cleaning,39.35,none,0.0,466.0,1.0,Shift A (Morning),35.7,6.53
2026-09-10 12:00:00,CNC 5-Axis Machining Center,Machining & Milling,31.1,none,0.0,330.4,1.0,Shift A (Morning),28.1,2.56
2026-09-10 12:00:00,Solution & Aging Heat Treatment Furnace,Heat Treatment & Quenching,54.75,natural_gas,31.85,497.7,1.0,Shift A (Morning),523.9,1.22
2026-09-10 12:00:00,Screw Air Compressor (100 HP),Compressed Air Utility,67.08,none,0.0,0.0,1.0,Shift A (Morning),41.4,7.52
2026-09-10 12:00:00,Die Cooling Water Circulation System,Cooling Utility,35.45,none,0.0,0.0,1.0,Shift A (Morning),25.9,4.08
2026-09-10 13:00:00,HPDC Die Casting Cell #01 (800T),High Pressure Die Casting,47.79,none,0.0,378.4,1.0,Shift A (Morning),668.9,116.8
2026-09-10 13:00:00,Aluminum Induction Melting Furnace,Melting & Holding,187.09,none,0.0,627.0,1.0,Shift A (Morning),722.4,0.98
2026-09-10 13:00:00,Continuous Shot Blasting Machine,Surface Finishing & Cleaning,39.32,none,0.0,465.7,1.0,Shift A (Morning),34.7,6.31
2026-09-10 13:00:00,CNC 5-Axis Machining Center,Machining & Milling,32.1,none,0.0,341.0,1.0,Shift A (Morning),27.9,2.53
2026-09-10 13:00:00,Solution & Aging Heat Treatment Furnace,Heat Treatment & Quenching,53.18,natural_gas,30.94,483.5,1.0,Shift A (Morning),520.2,1.18
2026-09-10 13:00:00,Screw Air Compressor (100 HP),Compressed Air Utility,64.05,none,0.0,0.0,1.0,Shift A (Morning),42.2,7.7
2026-09-10 13:00:00,Die Cooling Water Circulation System,Cooling Utility,37.18,none,0.0,0.0,1.0,Shift A (Morning),25.9,3.92
2026-09-10 14:00:00,HPDC Die Casting Cell #01 (800T),High Pressure Die Casting,49.36,none,0.0,390.8,1.0,Shift B (Evening),676.5,119.08
2026-09-10 14:00:00,Aluminum Induction Melting Furnace,Melting & Holding,181.81,none,0.0,609.3,1.0,Shift B (Evening),715.7,1.03
2026-09-10 14:00:00,Continuous Shot Blasting Machine,Surface Finishing & Cleaning,39.14,none,0.0,463.5,1.0,Shift B (Evening),34.4,6.59
2026-09-10 14:00:00,CNC 5-Axis Machining Center,Machining & Milling,31.86,none,0.0,338.5,1.0,Shift B (Evening),28.6,2.55
2026-09-10 14:00:00,Solution & Aging Heat Treatment Furnace,Heat Treatment & Quenching,54.07,natural_gas,31.46,491.5,1.0,Shift B (Evening),526.4,1.23
2026-09-10 14:00:00,Screw Air Compressor (100 HP),Compressed Air Utility,64.6,none,0.0,0.0,1.0,Shift B (Evening),42.7,7.34
2026-09-10 14:00:00,Die Cooling Water Circulation System,Cooling Utility,36.25,none,0.0,0.0,1.0,Shift B (Evening),25.6,3.93
2026-09-10 15:00:00,HPDC Die Casting Cell #01 (800T),High Pressure Die Casting,47.9,none,0.0,379.2,1.0,Shift B (Evening),690.0,123.5
2026-09-10 15:00:00,Aluminum Induction Melting Furnace,Melting & Holding,178.58,none,0.0,598.5,1.0,Shift B (Evening),733.3,1.02
2026-09-10 15:00:00,Continuous Shot Blasting Machine,Surface Finishing & Cleaning,36.75,none,0.0,435.2,1.0,Shift B (Evening),34.9,6.66
2026-09-10 15:00:00,CNC 5-Axis Machining Center,Machining & Milling,31.78,none,0.0,337.7,1.0,Shift B (Evening),28.1,2.53
2026-09-10 15:00:00,Solution & Aging Heat Treatment Furnace,Heat Treatment & Quenching,56.12,natural_gas,32.65,510.2,1.0,Shift B (Evening),512.4,1.18
2026-09-10 15:00:00,Screw Air Compressor (100 HP),Compressed Air Utility,64.39,none,0.0,0.0,1.0,Shift B (Evening),42.1,7.29
2026-09-10 15:00:00,Die Cooling Water Circulation System,Cooling Utility,36.94,none,0.0,0.0,1.0,Shift B (Evening),26.3,3.95
2026-09-10 16:00:00,HPDC Die Casting Cell #01 (800T),High Pressure Die Casting,48.23,none,0.0,381.8,1.0,Shift B (Evening),679.0,116.59
2026-09-10 16:00:00,Aluminum Induction Melting Furnace,Melting & Holding,177.64,none,0.0,595.3,1.0,Shift B (Evening),713.2,1.03
2026-09-10 16:00:00,Continuous Shot Blasting Machine,Surface Finishing & Cleaning,39.02,none,0.0,462.0,1.0,Shift B (Evening),35.0,6.56
2026-09-10 16:00:00,CNC 5-Axis Machining Center,Machining & Milling,33.01,none,0.0,350.7,1.0,Shift B (Evening),27.9,2.5
2026-09-10 16:00:00,Solution & Aging Heat Treatment Furnace,Heat Treatment & Quenching,55.83,natural_gas,32.48,507.5,1.0,Shift B (Evening),514.7,1.17
2026-09-10 16:00:00,Screw Air Compressor (100 HP),Compressed Air Utility,63.84,none,0.0,0.0,1.0,Shift B (Evening),42.8,7.31
2026-09-10 16:00:00,Die Cooling Water Circulation System,Cooling Utility,36.71,none,0.0,0.0,1.0,Shift B (Evening),26.1,4.02
2026-09-10 17:00:00,HPDC Die Casting Cell #01 (800T),High Pressure Die Casting,49.41,none,0.0,391.2,1.0,Shift B (Evening),683.5,119.83
2026-09-10 17:00:00,Aluminum Induction Melting Furnace,Melting & Holding,187.87,none,0.0,629.6,1.0,Shift B (Evening),709.0,1.0
2026-09-10 17:00:00,Continuous Shot Blasting Machine,Surface Finishing & Cleaning,38.23,none,0.0,452.7,1.0,Shift B (Evening),35.5,6.37
2026-09-10 17:00:00,CNC 5-Axis Machining Center,Machining & Milling,30.87,none,0.0,328.0,1.0,Shift B (Evening),27.8,2.56
2026-09-10 17:00:00,Solution & Aging Heat Treatment Furnace,Heat Treatment & Quenching,53.4,natural_gas,31.07,485.4,1.0,Shift B (Evening),513.0,1.18
2026-09-10 17:00:00,Screw Air Compressor (100 HP),Compressed Air Utility,64.58,none,0.0,0.0,1.0,Shift B (Evening),42.7,7.44
2026-09-10 17:00:00,Die Cooling Water Circulation System,Cooling Utility,35.39,none,0.0,0.0,1.0,Shift B (Evening),26.0,4.1
2026-09-10 18:00:00,HPDC Die Casting Cell #01 (800T),High Pressure Die Casting,48.05,none,0.0,380.4,1.0,Shift B (Evening),687.2,117.72
2026-09-10 18:00:00,Aluminum Induction Melting Furnace,Melting & Holding,179.0,none,0.0,599.9,1.0,Shift B (Evening),727.3,1.0
2026-09-10 18:00:00,Continuous Shot Blasting Machine,Surface Finishing & Cleaning,39.13,none,0.0,463.4,1.0,Shift B (Evening),35.5,6.57
2026-09-10 18:00:00,CNC 5-Axis Machining Center,Machining & Milling,31.49,none,0.0,334.6,1.0,Shift B (Evening),28.2,2.53
2026-09-10 18:00:00,Solution & Aging Heat Treatment Furnace,Heat Treatment & Quenching,53.22,natural_gas,30.97,483.8,1.0,Shift B (Evening),521.7,1.22
2026-09-10 18:00:00,Screw Air Compressor (100 HP),Compressed Air Utility,62.47,none,0.0,0.0,1.0,Shift B (Evening),42.0,7.44
2026-09-10 18:00:00,Die Cooling Water Circulation System,Cooling Utility,35.96,none,0.0,0.0,1.0,Shift B (Evening),25.8,4.1
2026-09-10 19:00:00,HPDC Die Casting Cell #01 (800T),High Pressure Die Casting,46.47,none,0.0,367.9,1.0,Shift B (Evening),670.6,117.99
2026-09-10 19:00:00,Aluminum Induction Melting Furnace,Melting & Holding,180.39,none,0.0,604.5,1.0,Shift B (Evening),731.4,1.01
2026-09-10 19:00:00,Continuous Shot Blasting Machine,Surface Finishing & Cleaning,39.01,none,0.0,461.9,1.0,Shift B (Evening),35.0,6.51
2026-09-10 19:00:00,CNC 5-Axis Machining Center,Machining & Milling,32.13,none,0.0,341.4,1.0,Shift B (Evening),28.3,2.44
2026-09-10 19:00:00,Solution & Aging Heat Treatment Furnace,Heat Treatment & Quenching,54.83,natural_gas,31.9,498.4,1.0,Shift B (Evening),511.2,1.22
2026-09-10 19:00:00,Screw Air Compressor (100 HP),Compressed Air Utility,67.2,none,0.0,0.0,1.0,Shift B (Evening),42.0,7.42
2026-09-10 19:00:00,Die Cooling Water Circulation System,Cooling Utility,35.6,none,0.0,0.0,1.0,Shift B (Evening),26.3,4.09
2026-09-10 20:00:00,HPDC Die Casting Cell #01 (800T),High Pressure Die Casting,48.37,none,0.0,383.0,1.0,Shift B (Evening),687.2,118.86
2026-09-10 20:00:00,Aluminum Induction Melting Furnace,Melting & Holding,188.11,none,0.0,630.4,1.0,Shift B (Evening),706.4,1.02
2026-09-10 20:00:00,Continuous Shot Blasting Machine,Surface Finishing & Cleaning,37.16,none,0.0,440.0,1.0,Shift B (Evening),35.5,6.36
2026-09-10 20:00:00,CNC 5-Axis Machining Center,Machining & Milling,31.3,none,0.0,332.6,1.0,Shift B (Evening),27.6,2.44
2026-09-10 20:00:00,Solution & Aging Heat Treatment Furnace,Heat Treatment & Quenching,53.15,natural_gas,30.92,483.1,1.0,Shift B (Evening),524.0,1.22
2026-09-10 20:00:00,Screw Air Compressor (100 HP),Compressed Air Utility,62.8,none,0.0,0.0,1.0,Shift B (Evening),42.5,7.62
2026-09-10 20:00:00,Die Cooling Water Circulation System,Cooling Utility,34.68,none,0.0,0.0,1.0,Shift B (Evening),25.6,4.07
2026-09-10 21:00:00,HPDC Die Casting Cell #01 (800T),High Pressure Die Casting,48.05,none,0.0,380.4,1.0,Shift B (Evening),668.0,117.26
2026-09-10 21:00:00,Aluminum Induction Melting Furnace,Melting & Holding,181.34,none,0.0,607.7,1.0,Shift B (Evening),707.5,1.01
2026-09-10 21:00:00,Continuous Shot Blasting Machine,Surface Finishing & Cleaning,38.77,none,0.0,459.2,1.0,Shift B (Evening),35.4,6.66
2026-09-10 21:00:00,CNC 5-Axis Machining Center,Machining & Milling,31.25,none,0.0,332.0,1.0,Shift B (Evening),28.4,2.45
2026-09-10 21:00:00,Solution & Aging Heat Treatment Furnace,Heat Treatment & Quenching,54.35,natural_gas,31.62,494.1,1.0,Shift B (Evening),511.5,1.22
2026-09-10 21:00:00,Screw Air Compressor (100 HP),Compressed Air Utility,67.3,none,0.0,0.0,1.0,Shift B (Evening),42.8,7.43
2026-09-10 21:00:00,Die Cooling Water Circulation System,Cooling Utility,35.02,none,0.0,0.0,1.0,Shift B (Evening),26.0,4.05
2026-09-10 22:00:00,HPDC Die Casting Cell #01 (800T),High Pressure Die Casting,47.01,none,0.0,372.2,1.0,Shift C (Night),681.9,117.11
2026-09-10 22:00:00,Aluminum Induction Melting Furnace,Melting & Holding,186.16,none,0.0,623.9,1.0,Shift C (Night),706.0,0.98
2026-09-10 22:00:00,Continuous Shot Blasting Machine,Surface Finishing & Cleaning,37.06,none,0.0,438.9,1.0,Shift C (Night),34.7,6.66
2026-09-10 22:00:00,CNC 5-Axis Machining Center,Machining & Milling,32.1,none,0.0,341.0,1.0,Shift C (Night),28.5,2.44
2026-09-10 22:00:00,Solution & Aging Heat Treatment Furnace,Heat Treatment & Quenching,53.74,natural_gas,31.27,488.6,1.0,Shift C (Night),520.1,1.21
2026-09-10 22:00:00,Screw Air Compressor (100 HP),Compressed Air Utility,64.31,none,0.0,0.0,1.0,Shift C (Night),42.2,7.47
2026-09-10 22:00:00,Die Cooling Water Circulation System,Cooling Utility,37.32,none,0.0,0.0,1.0,Shift C (Night),25.7,3.97
2026-09-10 23:00:00,HPDC Die Casting Cell #01 (800T),High Pressure Die Casting,47.54,none,0.0,376.3,1.0,Shift C (Night),672.2,118.04
2026-09-10 23:00:00,Aluminum Induction Melting Furnace,Melting & Holding,179.27,none,0.0,600.8,1.0,Shift C (Night),734.0,0.98
2026-09-10 23:00:00,Continuous Shot Blasting Machine,Surface Finishing & Cleaning,0.75,none,0.0,0.0,0.0,Shift C (Night),28.5,0.0
2026-09-10 23:00:00,CNC 5-Axis Machining Center,Machining & Milling,1.67,none,0.0,0.0,0.0,Shift C (Night),30.8,0.0
2026-09-10 23:00:00,Solution & Aging Heat Treatment Furnace,Heat Treatment & Quenching,55.25,natural_gas,32.15,502.3,1.0,Shift C (Night),510.4,1.19
2026-09-10 23:00:00,Screw Air Compressor (100 HP),Compressed Air Utility,25.41,none,0.0,0.0,0.0,Shift C (Night),33.6,6.38
2026-09-10 23:00:00,Die Cooling Water Circulation System,Cooling Utility,35.38,none,0.0,0.0,1.0,Shift C (Night),26.1,3.95
