timestamp,equipment,process,electricity_kwh,fuel_type,fuel_quantity,production_volume,operating_hours,shift,temperature,pressure
2026-08-28 00:00:00,Rotary Calcination Kiln & Precalciner,Pyroprocessing & Clinkerization,93.45,coal,236.09,1770.7,1.0,Shift C (Night),1477.4,-0.82
2026-08-28 00:00:00,Raw Material Ball Mill #01,Raw Grinding & Homogenization,0.98,none,0.0,0.0,0.0,Shift C (Night),30.7,0.0
2026-08-28 00:00:00,Vertical Roller Finish Mill (VRM),Finish Grinding & Separation,1.54,none,0.0,0.0,0.0,Shift C (Night),28.6,0.0
2026-08-28 00:00:00,Recuperative Clinker Grate Cooler,Clinker Cooling,66.8,none,0.0,1768.2,1.0,Shift C (Night),283.5,0.51
2026-08-28 00:00:00,Primary Limestone Gyratory Crusher,Crushing & Quarry Handling,0.61,none,0.0,0.0,0.0,Shift C (Night),30.4,0.0
2026-08-28 00:00:00,Kiln Exhaust ID Fan & Baghouse Station,Draft & Dust Abatement,144.29,none,0.0,0.0,1.0,Shift C (Night),159.0,-3.58
2026-08-28 00:00:00,Pneumatic Dense-Phase Conveying Compressor,Pneumatic Conveying Utility,32.45,none,0.0,0.0,0.0,Shift C (Night),38.4,4.67
2026-08-28 01:00:00,Rotary Calcination Kiln & Precalciner,Pyroprocessing & Clinkerization,96.28,coal,243.23,1824.2,1.0,Shift C (Night),1450.9,-0.81
2026-08-28 01:00:00,Raw Material Ball Mill #01,Raw Grinding & Homogenization,1.97,none,0.0,0.0,0.0,Shift C (Night),29.7,0.0
2026-08-28 01:00:00,Vertical Roller Finish Mill (VRM),Finish Grinding & Separation,0.98,none,0.0,0.0,0.0,Shift C (Night),30.5,0.0
2026-08-28 01:00:00,Recuperative Clinker Grate Cooler,Clinker Cooling,68.41,none,0.0,1810.9,1.0,Shift C (Night),275.6,0.5
2026-08-28 01:00:00,Primary Limestone Gyratory Crusher,Crushing & Quarry Handling,0.87,none,0.0,0.0,0.0,Shift C (Night),30.2,0.0
2026-08-28 01:00:00,Kiln Exhaust ID Fan & Baghouse Station,Draft & Dust Abatement,147.4,none,0.0,0.0,1.0,Shift C (Night),162.5,-3.49
2026-08-28 01:00:00,Pneumatic Dense-Phase Conveying Compressor,Pneumatic Conveying Utility,33.6,none,0.0,0.0,0.0,Shift C (Night),38.4,4.67
2026-08-28 02:00:00,Rotary Calcination Kiln & Precalciner,Pyroprocessing & Clinkerization,97.51,coal,246.35,1847.6,1.0,Shift C (Night),1428.8,-0.82
2026-08-28 02:00:00,Raw Material Ball Mill #01,Raw Grinding & Homogenization,1.99,none,0.0,0.0,0.0,Shift C (Night),30.7,0.0
2026-08-28 02:00:00,Vertical Roller Finish Mill (VRM),Finish Grinding & Separation,1.47,none,0.0,0.0,0.0,Shift C (Night),30.0,0.0
2026-08-28 02:00:00,Recuperative Clinker Grate Cooler,Clinker Cooling,69.77,none,0.0,1846.7,1.0,Shift C (Night),278.7,0.49
2026-08-28 02:00:00,Primary Limestone Gyratory Crusher,Crushing & Quarry Handling,1.86,none,0.0,0.0,0.0,Shift C (Night),31.1,0.0
2026-08-28 02:00:00,Kiln Exhaust ID Fan & Baghouse Station,Draft & Dust Abatement,139.52,none,0.0,0.0,1.0,Shift C (Night),158.1,-3.48
2026-08-28 02:00:00,Pneumatic Dense-Phase Conveying Compressor,Pneumatic Conveying Utility,35.08,none,0.0,0.0,0.0,Shift C (Night),38.4,4.67
2026-08-28 03:00:00,Rotary Calcination Kiln & Precalciner,Pyroprocessing & Clinkerization,92.58,coal,233.88,1754.1,1.0,Shift C (Night),1454.5,-0.82
2026-08-28 03:00:00,Raw Material Ball Mill #01,Raw Grinding & Homogenization,0.65,none,0.0,0.0,0.0,Shift C (Night),31.8,0.0
2026-08-28 03:00:00,Vertical Roller Finish Mill (VRM),Finish Grinding & Separation,0.94,none,0.0,0.0,0.0,Shift C (Night),29.5,0.0
2026-08-28 03:00:00,Recuperative Clinker Grate Cooler,Clinker Cooling,67.36,none,0.0,1783.0,1.0,Shift C (Night),280.9,0.51
2026-08-28 03:00:00,Primary Limestone Gyratory Crusher,Crushing & Quarry Handling,1.19,none,0.0,0.0,0.0,Shift C (Night),28.7,0.0
2026-08-28 03:00:00,Kiln Exhaust ID Fan & Baghouse Station,Draft & Dust Abatement,141.15,none,0.0,0.0,1.0,Shift C (Night),159.0,-3.44
2026-08-28 03:00:00,Pneumatic Dense-Phase Conveying Compressor,Pneumatic Conveying Utility,33.92,none,0.0,0.0,0.0,Shift C (Night),38.4,4.67
2026-08-28 04:00:00,Rotary Calcination Kiln & Precalciner,Pyroprocessing & Clinkerization,95.52,coal,241.32,1809.9,1.0,Shift C (Night),1426.4,-0.78
2026-08-28 04:00:00,Raw Material Ball Mill #01,Raw Grinding & Homogenization,1.75,none,0.0,0.0,0.0,Shift C (Night),31.1,0.0
2026-08-28 04:00:00,Vertical Roller Finish Mill (VRM),Finish Grinding & Separation,0.87,none,0.0,0.0,0.0,Shift C (Night),30.7,0.0
2026-08-28 04:00:00,Recuperative Clinker Grate Cooler,Clinker Cooling,69.83,none,0.0,1848.4,1.0,Shift C (Night),283.3,0.51
2026-08-28 04:00:00,Primary Limestone Gyratory Crusher,Crushing & Quarry Handling,1.03,none,0.0,0.0,0.0,Shift C (Night),29.1,0.0
2026-08-28 04:00:00,Kiln Exhaust ID Fan & Baghouse Station,Draft & Dust Abatement,146.52,none,0.0,0.0,1.0,Shift C (Night),157.8,-3.4
2026-08-28 04:00:00,Pneumatic Dense-Phase Conveying Compressor,Pneumatic Conveying Utility,34.12,none,0.0,0.0,0.0,Shift C (Night),38.4,4.67
2026-08-28 05:00:00,Rotary Calcination Kiln & Precalciner,Pyroprocessing & Clinkerization,92.55,coal,233.81,1753.6,1.0,Shift C (Night),1464.2,-0.79
2026-08-28 05:00:00,Raw Material Ball Mill #01,Raw Grinding & Homogenization,0.87,none,0.0,0.0,0.0,Shift C (Night),31.2,0.0
2026-08-28 05:00:00,Vertical Roller Finish Mill (VRM),Finish Grinding & Separation,1.54,none,0.0,0.0,0.0,Shift C (Night),30.2,0.0
2026-08-28 05:00:00,Recuperative Clinker Grate Cooler,Clinker Cooling,66.53,none,0.0,1761.1,1.0,Shift C (Night),277.1,0.49
2026-08-28 05:00:00,Primary Limestone Gyratory Crusher,Crushing & Quarry Handling,1.12,none,0.0,0.0,0.0,Shift C (Night),31.8,0.0
2026-08-28 05:00:00,Kiln Exhaust ID Fan & Baghouse Station,Draft & Dust Abatement,147.76,none,0.0,0.0,1.0,Shift C (Night),159.2,-3.58
2026-08-28 05:00:00,Pneumatic Dense-Phase Conveying Compressor,Pneumatic Conveying Utility,33.27,none,0.0,0.0,0.0,Shift C (Night),38.4,4.67
2026-08-28 06:00:00,Rotary Calcination Kiln & Precalciner,Pyroprocessing & Clinkerization,91.48,coal,231.12,1733.4,1.0,Shift A (Morning),1446.2,-0.81
2026-08-28 06:00:00,Raw Material Ball Mill #01,Raw Grinding & Homogenization,189.62,none,0.0,1229.9,1.0,Shift A (Morning),83.9,0.98
2026-08-28 06:00:00,Vertical Roller Finish Mill (VRM),Finish Grinding & Separation,211.04,none,0.0,1406.9,1.0,Shift A (Morning),91.6,1.51
2026-08-28 06:00:00,Recuperative Clinker Grate Cooler,Clinker Cooling,66.01,none,0.0,1747.2,1.0,Shift A (Morning),278.1,0.49
2026-08-28 06:00:00,Primary Limestone Gyratory Crusher,Crushing & Quarry Handling,83.43,none,0.0,932.4,1.0,Shift A (Morning),34.8,1.02
2026-08-28 06:00:00,Kiln Exhaust ID Fan & Baghouse Station,Draft & Dust Abatement,145.9,none,0.0,0.0,1.0,Shift A (Morning),159.0,-3.6
2026-08-28 06:00:00,Pneumatic Dense-Phase Conveying Compressor,Pneumatic Conveying Utility,77.12,none,0.0,0.0,1.0,Shift A (Morning),48.3,5.64
2026-08-28 07:00:00,Rotary Calcination Kiln & Precalciner,Pyroprocessing & Clinkerization,97.33,coal,245.89,1844.2,1.0,Shift A (Morning),1478.3,-0.81
2026-08-28 07:00:00,Raw Material Ball Mill #01,Raw Grinding & Homogenization,190.61,none,0.0,1236.4,1.0,Shift A (Morning),86.4,1.02
2026-08-28 07:00:00,Vertical Roller Finish Mill (VRM),Finish Grinding & Separation,216.14,none,0.0,1441.0,1.0,Shift A (Morning),91.1,1.49
2026-08-28 07:00:00,Recuperative Clinker Grate Cooler,Clinker Cooling,70.2,none,0.0,1858.2,1.0,Shift A (Morning),284.2,0.5
2026-08-28 07:00:00,Primary Limestone Gyratory Crusher,Crushing & Quarry Handling,83.82,none,0.0,936.8,1.0,Shift A (Morning),34.8,0.98
2026-08-28 07:00:00,Kiln Exhaust ID Fan & Baghouse Station,Draft & Dust Abatement,149.2,none,0.0,0.0,1.0,Shift A (Morning),159.4,-3.4
2026-08-28 07:00:00,Pneumatic Dense-Phase Conveying Compressor,Pneumatic Conveying Utility,74.75,none,0.0,0.0,1.0,Shift A (Morning),48.6,5.51
2026-08-28 08:00:00,Rotary Calcination Kiln & Precalciner,Pyroprocessing & Clinkerization,91.23,coal,230.49,1728.7,1.0,Shift A (Morning),1465.2,-0.81
2026-08-28 08:00:00,Raw Material Ball Mill #01,Raw Grinding & Homogenization,182.64,none,0.0,1184.7,1.0,Shift A (Morning),83.8,1.0
2026-08-28 08:00:00,Vertical Roller Finish Mill (VRM),Finish Grinding & Separation,209.25,none,0.0,1395.0,1.0,Shift A (Morning),93.6,1.54
2026-08-28 08:00:00,Recuperative Clinker Grate Cooler,Clinker Cooling,69.3,none,0.0,1834.5,1.0,Shift A (Morning),281.2,0.5
2026-08-28 08:00:00,Primary Limestone Gyratory Crusher,Crushing & Quarry Handling,84.17,none,0.0,940.7,1.0,Shift A (Morning),35.6,1.0
2026-08-28 08:00:00,Kiln Exhaust ID Fan & Baghouse Station,Draft & Dust Abatement,146.03,none,0.0,0.0,1.0,Shift A (Morning),160.7,-3.45
2026-08-28 08:00:00,Pneumatic Dense-Phase Conveying Compressor,Pneumatic Conveying Utility,72.1,none,0.0,0.0,1.0,Shift A (Morning),48.4,5.49
2026-08-28 09:00:00,Rotary Calcination Kiln & Precalciner,Pyroprocessing & Clinkerization,97.69,coal,246.78,1850.9,1.0,Shift A (Morning),1458.3,-0.82
2026-08-28 09:00:00,Raw Material Ball Mill #01,Raw Grinding & Homogenization,190.42,none,0.0,1235.2,1.0,Shift A (Morning),84.8,0.97
2026-08-28 09:00:00,Vertical Roller Finish Mill (VRM),Finish Grinding & Separation,215.82,none,0.0,1438.8,1.0,Shift A (Morning),92.4,1.54
2026-08-28 09:00:00,Recuperative Clinker Grate Cooler,Clinker Cooling,65.72,none,0.0,1739.6,1.0,Shift A (Morning),285.2,0.49
2026-08-28 09:00:00,Primary Limestone Gyratory Crusher,Crushing & Quarry Handling,85.16,none,0.0,951.8,1.0,Shift A (Morning),35.4,1.03
2026-08-28 09:00:00,Kiln Exhaust ID Fan & Baghouse Station,Draft & Dust Abatement,150.02,none,0.0,0.0,1.0,Shift A (Morning),159.7,-3.47
2026-08-28 09:00:00,Pneumatic Dense-Phase Conveying Compressor,Pneumatic Conveying Utility,74.88,none,0.0,0.0,1.0,Shift A (Morning),47.7,5.48
2026-08-28 10:00:00,Rotary Calcination Kiln & Precalciner,Pyroprocessing & Clinkerization,93.68,coal,236.66,1774.9,1.0,Shift A (Morning),1458.9,-0.78
2026-08-28 10:00:00,Raw Material Ball Mill #01,Raw Grinding & Homogenization,188.37,none,0.0,1221.9,1.0,Shift A (Morning),84.7,0.97
2026-08-28 10:00:00,Vertical Roller Finish Mill (VRM),Finish Grinding & Separation,203.21,none,0.0,1354.7,1.0,Shift A (Morning),92.0,1.48
2026-08-28 10:00:00,Recuperative Clinker Grate Cooler,Clinker Cooling,68.34,none,0.0,1809.1,1.0,Shift A (Morning),282.5,0.49
2026-08-28 10:00:00,Primary Limestone Gyratory Crusher,Crushing & Quarry Handling,83.53,none,0.0,933.6,1.0,Shift A (Morning),34.6,1.03
2026-08-28 10:00:00,Kiln Exhaust ID Fan & Baghouse Station,Draft & Dust Abatement,146.28,none,0.0,0.0,1.0,Shift A (Morning),160.9,-3.49
2026-08-28 10:00:00,Pneumatic Dense-Phase Conveying Compressor,Pneumatic Conveying Utility,75.1,none,0.0,0.0,1.0,Shift A (Morning),47.1,5.66
2026-08-28 11:00:00,Rotary Calcination Kiln & Precalciner,Pyroprocessing & Clinkerization,98.24,coal,248.19,1861.4,1.0,Shift A (Morning),1439.8,-0.82
2026-08-28 11:00:00,Raw Material Ball Mill #01,Raw Grinding & Homogenization,187.16,none,0.0,1214.0,1.0,Shift A (Morning),86.0,0.99
2026-08-28 11:00:00,Vertical Roller Finish Mill (VRM),Finish Grinding & Separation,213.48,none,0.0,1423.2,1.0,Shift A (Morning),93.1,1.48
2026-08-28 11:00:00,Recuperative Clinker Grate Cooler,Clinker Cooling,67.15,none,0.0,1777.4,1.0,Shift A (Morning),274.9,0.51
2026-08-28 11:00:00,Primary Limestone Gyratory Crusher,Crushing & Quarry Handling,86.7,none,0.0,969.0,1.0,Shift A (Morning),34.7,0.98
2026-08-28 11:00:00,Kiln Exhaust ID Fan & Baghouse Station,Draft & Dust Abatement,145.71,none,0.0,0.0,1.0,Shift A (Morning),157.3,-3.57
2026-08-28 11:00:00,Pneumatic Dense-Phase Conveying Compressor,Pneumatic Conveying Utility,75.22,none,0.0,0.0,1.0,Shift A (Morning),47.4,5.44
2026-08-28 12:00:00,Rotary Calcination Kiln & Precalciner,Pyroprocessing & Clinkerization,94.59,coal,238.96,1792.2,1.0,Shift A (Morning),1438.4,-0.78
2026-08-28 12:00:00,Raw Material Ball Mill #01,Raw Grinding & Homogenization,179.52,none,0.0,1164.5,1.0,Shift A (Morning),83.5,1.02
2026-08-28 12:00:00,Vertical Roller Finish Mill (VRM),Finish Grinding & Separation,216.04,none,0.0,1440.2,1.0,Shift A (Morning),92.1,1.53
2026-08-28 12:00:00,Recuperative Clinker Grate Cooler,Clinker Cooling,70.71,none,0.0,1871.9,1.0,Shift A (Morning),279.2,0.49
2026-08-28 12:00:00,Primary Limestone Gyratory Crusher,Crushing & Quarry Handling,84.16,none,0.0,940.6,1.0,Shift A (Morning),35.5,1.0
2026-08-28 12:00:00,Kiln Exhaust ID Fan & Baghouse Station,Draft & Dust Abatement,148.36,none,0.0,0.0,1.0,Shift A (Morning),160.8,-3.55
2026-08-28 12:00:00,Pneumatic Dense-Phase Conveying Compressor,Pneumatic Conveying Utility,73.5,none,0.0,0.0,1.0,Shift A (Morning),48.3,5.52
2026-08-28 13:00:00,Rotary Calcination Kiln & Precalciner,Pyroprocessing & Clinkerization,96.97,coal,244.97,1837.3,1.0,Shift A (Morning),1444.6,-0.8
2026-08-28 13:00:00,Raw Material Ball Mill #01,Raw Grinding & Homogenization,178.37,none,0.0,1157.0,1.0,Shift A (Morning),84.6,0.99
2026-08-28 13:00:00,Vertical Roller Finish Mill (VRM),Finish Grinding & Separation,207.49,none,0.0,1383.3,1.0,Shift A (Morning),90.2,1.53
2026-08-28 13:00:00,Recuperative Clinker Grate Cooler,Clinker Cooling,65.4,none,0.0,1731.1,1.0,Shift A (Morning),275.3,0.51
2026-08-28 13:00:00,Primary Limestone Gyratory Crusher,Crushing & Quarry Handling,84.59,none,0.0,945.4,1.0,Shift A (Morning),35.1,1.01
2026-08-28 13:00:00,Kiln Exhaust ID Fan & Baghouse Station,Draft & Dust Abatement,140.18,none,0.0,0.0,1.0,Shift A (Morning),162.0,-3.53
2026-08-28 13:00:00,Pneumatic Dense-Phase Conveying Compressor,Pneumatic Conveying Utility,72.01,none,0.0,0.0,1.0,Shift A (Morning),47.6,5.64
2026-08-28 14:00:00,Rotary Calcination Kiln & Precalciner,Pyroprocessing & Clinkerization,97.73,coal,246.91,1851.8,1.0,Shift B (Evening),1429.6,-0.82
2026-08-28 14:00:00,Raw Material Ball Mill #01,Raw Grinding & Homogenization,188.08,none,0.0,1220.0,1.0,Shift B (Evening),84.9,1.0
2026-08-28 14:00:00,Vertical Roller Finish Mill (VRM),Finish Grinding & Separation,214.35,none,0.0,1429.0,1.0,Shift B (Evening),90.3,1.47
2026-08-28 14:00:00,Recuperative Clinker Grate Cooler,Clinker Cooling,67.06,none,0.0,1775.2,1.0,Shift B (Evening),276.0,0.51
2026-08-28 14:00:00,Primary Limestone Gyratory Crusher,Crushing & Quarry Handling,86.68,none,0.0,968.8,1.0,Shift B (Evening),34.6,0.99
2026-08-28 14:00:00,Kiln Exhaust ID Fan & Baghouse Station,Draft & Dust Abatement,142.46,none,0.0,0.0,1.0,Shift B (Evening),160.8,-3.45
2026-08-28 14:00:00,Pneumatic Dense-Phase Conveying Compressor,Pneumatic Conveying Utility,75.05,none,0.0,0.0,1.0,Shift B (Evening),48.2,5.58
2026-08-28 15:00:00,Rotary Calcination Kiln & Precalciner,Pyroprocessing & Clinkerization,96.66,coal,244.2,1831.5,1.0,Shift B (Evening),1434.5,-0.8
2026-08-28 15:00:00,Raw Material Ball Mill #01,Raw Grinding & Homogenization,187.58,none,0.0,1216.7,1.0,Shift B (Evening),83.8,0.98
2026-08-28 15:00:00,Vertical Roller Finish Mill (VRM),Finish Grinding & Separation,208.99,none,0.0,1393.3,1.0,Shift B (Evening),91.7,1.5
2026-08-28 15:00:00,Recuperative Clinker Grate Cooler,Clinker Cooling,69.86,none,0.0,1849.3,1.0,Shift B (Evening),284.5,0.5
2026-08-28 15:00:00,Primary Limestone Gyratory Crusher,Crushing & Quarry Handling,83.09,none,0.0,928.7,1.0,Shift B (Evening),34.5,1.0
2026-08-28 15:00:00,Kiln Exhaust ID Fan & Baghouse Station,Draft & Dust Abatement,142.45,none,0.0,0.0,1.0,Shift B (Evening),159.1,-3.49
2026-08-28 15:00:00,Pneumatic Dense-Phase Conveying Compressor,Pneumatic Conveying Utility,74.57,none,0.0,0.0,1.0,Shift B (Evening),48.3,5.63
2026-08-28 16:00:00,Rotary Calcination Kiln & Precalciner,Pyroprocessing & Clinkerization,94.15,coal,237.85,1783.9,1.0,Shift B (Evening),1475.7,-0.8
2026-08-28 16:00:00,Raw Material Ball Mill #01,Raw Grinding & Homogenization,182.23,none,0.0,1182.1,1.0,Shift B (Evening),83.4,1.01
2026-08-28 16:00:00,Vertical Roller Finish Mill (VRM),Finish Grinding & Separation,216.88,none,0.0,1445.9,1.0,Shift B (Evening),93.5,1.51
2026-08-28 16:00:00,Recuperative Clinker Grate Cooler,Clinker Cooling,69.71,none,0.0,1845.2,1.0,Shift B (Evening),277.4,0.5
2026-08-28 16:00:00,Primary Limestone Gyratory Crusher,Crushing & Quarry Handling,86.86,none,0.0,970.8,1.0,Shift B (Evening),34.8,0.99
2026-08-28 16:00:00,Kiln Exhaust ID Fan & Baghouse Station,Draft & Dust Abatement,142.53,none,0.0,0.0,1.0,Shift B (Evening),158.3,-3.45
2026-08-28 16:00:00,Pneumatic Dense-Phase Conveying Compressor,Pneumatic Conveying Utility,75.01,none,0.0,0.0,1.0,Shift B (Evening),47.7,5.53
2026-08-28 17:00:00,Rotary Calcination Kiln & Precalciner,Pyroprocessing & Clinkerization,97.65,coal,246.69,1850.2,1.0,Shift B (Evening),1446.9,-0.8
2026-08-28 17:00:00,Raw Material Ball Mill #01,Raw Grinding & Homogenization,181.36,none,0.0,1176.4,1.0,Shift B (Evening),86.1,0.97
2026-08-28 17:00:00,Vertical Roller Finish Mill (VRM),Finish Grinding & Separation,214.25,none,0.0,1428.4,1.0,Shift B (Evening),91.0,1.49
2026-08-28 17:00:00,Recuperative Clinker Grate Cooler,Clinker Cooling,67.56,none,0.0,1788.5,1.0,Shift B (Evening),279.7,0.49
2026-08-28 17:00:00,Primary Limestone Gyratory Crusher,Crushing & Quarry Handling,87.53,none,0.0,978.3,1.0,Shift B (Evening),34.3,1.02
2026-08-28 17:00:00,Kiln Exhaust ID Fan & Baghouse Station,Draft & Dust Abatement,144.09,none,0.0,0.0,1.0,Shift B (Evening),159.1,-3.46
2026-08-28 17:00:00,Pneumatic Dense-Phase Conveying Compressor,Pneumatic Conveying Utility,74.67,none,0.0,0.0,1.0,Shift B (Evening),47.4,5.36
2026-08-28 18:00:00,Rotary Calcination Kiln & Precalciner,Pyroprocessing & Clinkerization,93.61,coal,236.49,1773.7,1.0,Shift B (Evening),1448.3,-0.79
2026-08-28 18:00:00,Raw Material Ball Mill #01,Raw Grinding & Homogenization,189.1,none,0.0,1226.6,1.0,Shift B (Evening),83.5,1.01
2026-08-28 18:00:00,Vertical Roller Finish Mill (VRM),Finish Grinding & Separation,214.85,none,0.0,1432.3,1.0,Shift B (Evening),92.5,1.46
2026-08-28 18:00:00,Recuperative Clinker Grate Cooler,Clinker Cooling,69.91,none,0.0,1850.6,1.0,Shift B (Evening),282.7,0.51
2026-08-28 18:00:00,Primary Limestone Gyratory Crusher,Crushing & Quarry Handling,84.13,none,0.0,940.3,1.0,Shift B (Evening),34.8,1.0
2026-08-28 18:00:00,Kiln Exhaust ID Fan & Baghouse Station,Draft & Dust Abatement,142.01,none,0.0,0.0,1.0,Shift B (Evening),158.7,-3.45
2026-08-28 18:00:00,Pneumatic Dense-Phase Conveying Compressor,Pneumatic Conveying Utility,73.46,none,0.0,0.0,1.0,Shift B (Evening),48.9,5.6
2026-08-28 19:00:00,Rotary Calcination Kiln & Precalciner,Pyroprocessing & Clinkerization,96.18,coal,242.97,1822.3,1.0,Shift B (Evening),1445.5,-0.79
2026-08-28 19:00:00,Raw Material Ball Mill #01,Raw Grinding & Homogenization,191.72,none,0.0,1243.6,1.0,Shift B (Evening),86.4,1.02
2026-08-28 19:00:00,Vertical Roller Finish Mill (VRM),Finish Grinding & Separation,203.79,none,0.0,1358.6,1.0,Shift B (Evening),91.7,1.54
2026-08-28 19:00:00,Recuperative Clinker Grate Cooler,Clinker Cooling,68.71,none,0.0,1818.9,1.0,Shift B (Evening),284.7,0.51
2026-08-28 19:00:00,Primary Limestone Gyratory Crusher,Crushing & Quarry Handling,81.69,none,0.0,913.0,1.0,Shift B (Evening),35.6,0.99
2026-08-28 19:00:00,Kiln Exhaust ID Fan & Baghouse Station,Draft & Dust Abatement,139.54,none,0.0,0.0,1.0,Shift B (Evening),163.2,-3.55
2026-08-28 19:00:00,Pneumatic Dense-Phase Conveying Compressor,Pneumatic Conveying Utility,72.42,none,0.0,0.0,1.0,Shift B (Evening),48.5,5.6
2026-08-28 20:00:00,Rotary Calcination Kiln & Precalciner,Pyroprocessing & Clinkerization,95.65,coal,241.63,1812.2,1.0,Shift B (Evening),1464.7,-0.79
2026-08-28 20:00:00,Raw Material Ball Mill #01,Raw Grinding & Homogenization,183.84,none,0.0,1192.5,1.0,Shift B (Evening),83.6,1.01
2026-08-28 20:00:00,Vertical Roller Finish Mill (VRM),Finish Grinding & Separation,211.64,none,0.0,1411.0,1.0,Shift B (Evening),92.2,1.52
2026-08-28 20:00:00,Recuperative Clinker Grate Cooler,Clinker Cooling,69.81,none,0.0,1848.0,1.0,Shift B (Evening),285.5,0.49
2026-08-28 20:00:00,Primary Limestone Gyratory Crusher,Crushing & Quarry Handling,82.29,none,0.0,919.7,1.0,Shift B (Evening),35.5,1.0
2026-08-28 20:00:00,Kiln Exhaust ID Fan & Baghouse Station,Draft & Dust Abatement,147.89,none,0.0,0.0,1.0,Shift B (Evening),159.7,-3.59
2026-08-28 20:00:00,Pneumatic Dense-Phase Conveying Compressor,Pneumatic Conveying Utility,74.41,none,0.0,0.0,1.0,Shift B (Evening),47.2,5.58
2026-08-28 21:00:00,Rotary Calcination Kiln & Precalciner,Pyroprocessing & Clinkerization,94.77,coal,239.43,1795.7,1.0,Shift B (Evening),1445.7,-0.78
2026-08-28 21:00:00,Raw Material Ball Mill #01,Raw Grinding & Homogenization,187.11,none,0.0,1213.7,1.0,Shift B (Evening),85.5,1.0
2026-08-28 21:00:00,Vertical Roller Finish Mill (VRM),Finish Grinding & Separation,212.84,none,0.0,1418.9,1.0,Shift B (Evening),91.2,1.5
2026-08-28 21:00:00,Recuperative Clinker Grate Cooler,Clinker Cooling,68.45,none,0.0,1812.0,1.0,Shift B (Evening),278.9,0.5
2026-08-28 21:00:00,Primary Limestone Gyratory Crusher,Crushing & Quarry Handling,86.92,none,0.0,971.4,1.0,Shift B (Evening),34.8,1.02
2026-08-28 21:00:00,Kiln Exhaust ID Fan & Baghouse Station,Draft & Dust Abatement,147.41,none,0.0,0.0,1.0,Shift B (Evening),156.9,-3.47
2026-08-28 21:00:00,Pneumatic Dense-Phase Conveying Compressor,Pneumatic Conveying Utility,72.8,none,0.0,0.0,1.0,Shift B (Evening),47.8,5.66
2026-08-28 22:00:00,Rotary Calcination Kiln & Precalciner,Pyroprocessing & Clinkerization,95.65,coal,241.65,1812.4,1.0,Shift C (Night),1422.0,-0.81
2026-08-28 22:00:00,Raw Material Ball Mill #01,Raw Grinding & Homogenization,178.6,none,0.0,1158.5,1.0,Shift C (Night),85.7,1.01
2026-08-28 22:00:00,Vertical Roller Finish Mill (VRM),Finish Grinding & Separation,213.22,none,0.0,1421.5,1.0,Shift C (Night),90.2,1.47
2026-08-28 22:00:00,Recuperative Clinker Grate Cooler,Clinker Cooling,69.11,none,0.0,1829.4,1.0,Shift C (Night),280.0,0.51
2026-08-28 22:00:00,Primary Limestone Gyratory Crusher,Crushing & Quarry Handling,87.42,none,0.0,977.0,1.0,Shift C (Night),34.7,1.02
2026-08-28 22:00:00,Kiln Exhaust ID Fan & Baghouse Station,Draft & Dust Abatement,147.09,none,0.0,0.0,1.0,Shift C (Night),160.8,-3.48
2026-08-28 22:00:00,Pneumatic Dense-Phase Conveying Compressor,Pneumatic Conveying Utility,77.49,none,0.0,0.0,1.0,Shift C (Night),47.2,5.35
2026-08-28 23:00:00,Rotary Calcination Kiln & Precalciner,Pyroprocessing & Clinkerization,91.71,coal,231.69,1737.7,1.0,Shift C (Night),1471.8,-0.8
2026-08-28 23:00:00,Raw Material Ball Mill #01,Raw Grinding & Homogenization,183.17,none,0.0,1188.1,1.0,Shift C (Night),84.3,0.99
2026-08-28 23:00:00,Vertical Roller Finish Mill (VRM),Finish Grinding & Separation,216.18,none,0.0,1441.2,1.0,Shift C (Night),90.9,1.51
2026-08-28 23:00:00,Recuperative Clinker Grate Cooler,Clinker Cooling,65.77,none,0.0,1741.0,1.0,Shift C (Night),279.5,0.51
2026-08-28 23:00:00,Primary Limestone Gyratory Crusher,Crushing & Quarry Handling,1.08,none,0.0,0.0,0.0,Shift C (Night),29.0,0.0
2026-08-28 23:00:00,Kiln Exhaust ID Fan & Baghouse Station,Draft & Dust Abatement,142.67,none,0.0,0.0,1.0,Shift C (Night),158.7,-3.42
2026-08-28 23:00:00,Pneumatic Dense-Phase Conveying Compressor,Pneumatic Conveying Utility,32.94,none,0.0,0.0,0.0,Shift C (Night),38.4,4.67
2026-08-29 00:00:00,Rotary Calcination Kiln & Precalciner,Pyroprocessing & Clinkerization,95.8,coal,242.03,1815.2,1.0,Shift C (Night),1437.4,-0.78
2026-08-29 00:00:00,Raw Material Ball Mill #01,Raw Grinding & Homogenization,1.86,none,0.0,0.0,0.0,Shift C (Night),31.5,0.0
2026-08-29 00:00:00,Vertical Roller Finish Mill (VRM),Finish Grinding & Separation,0.83,none,0.0,0.0,0.0,Shift C (Night),30.9,0.0
2026-08-29 00:00:00,Recuperative Clinker Grate Cooler,Clinker Cooling,69.54,none,0.0,1840.8,1.0,Shift C (Night),279.8,0.49
2026-08-29 00:00:00,Primary Limestone Gyratory Crusher,Crushing & Quarry Handling,1.1,none,0.0,0.0,0.0,Shift C (Night),28.3,0.0
2026-08-29 00:00:00,Kiln Exhaust ID Fan & Baghouse Station,Draft & Dust Abatement,149.82,none,0.0,0.0,1.0,Shift C (Night),161.2,-3.55
2026-08-29 00:00:00,Pneumatic Dense-Phase Conveying Compressor,Pneumatic Conveying Utility,34.03,none,0.0,0.0,0.0,Shift C (Night),38.4,4.67
2026-08-29 01:00:00,Rotary Calcination Kiln & Precalciner,Pyroprocessing & Clinkerization,93.56,coal,236.35,1772.7,1.0,Shift C (Night),1471.3,-0.8
2026-08-29 01:00:00,Raw Material Ball Mill #01,Raw Grinding & Homogenization,1.02,none,0.0,0.0,0.0,Shift C (Night),28.8,0.0
2026-08-29 01:00:00,Vertical Roller Finish Mill (VRM),Finish Grinding & Separation,1.96,none,0.0,0.0,0.0,Shift C (Night),31.7,0.0
2026-08-29 01:00:00,Recuperative Clinker Grate Cooler,Clinker Cooling,65.7,none,0.0,1739.0,1.0,Shift C (Night),282.0,0.49
2026-08-29 01:00:00,Primary Limestone Gyratory Crusher,Crushing & Quarry Handling,1.1,none,0.0,0.0,0.0,Shift C (Night),29.5,0.0
2026-08-29 01:00:00,Kiln Exhaust ID Fan & Baghouse Station,Draft & Dust Abatement,142.3,none,0.0,0.0,1.0,Shift C (Night),162.8,-3.48
2026-08-29 01:00:00,Pneumatic Dense-Phase Conveying Compressor,Pneumatic Conveying Utility,33.59,none,0.0,0.0,0.0,Shift C (Night),38.4,4.67
2026-08-29 02:00:00,Rotary Calcination Kiln & Precalciner,Pyroprocessing & Clinkerization,97.39,coal,246.04,1845.3,1.0,Shift C (Night),1441.3,-0.82
2026-08-29 02:00:00,Raw Material Ball Mill #01,Raw Grinding & Homogenization,1.91,none,0.0,0.0,0.0,Shift C (Night),31.1,0.0
2026-08-29 02:00:00,Vertical Roller Finish Mill (VRM),Finish Grinding & Separation,1.11,none,0.0,0.0,0.0,Shift C (Night),28.7,0.0
2026-08-29 02:00:00,Recuperative Clinker Grate Cooler,Clinker Cooling,65.93,none,0.0,1745.1,1.0,Shift C (Night),280.6,0.49
2026-08-29 02:00:00,Primary Limestone Gyratory Crusher,Crushing & Quarry Handling,1.83,none,0.0,0.0,0.0,Shift C (Night),31.2,0.0
2026-08-29 02:00:00,Kiln Exhaust ID Fan & Baghouse Station,Draft & Dust Abatement,139.87,none,0.0,0.0,1.0,Shift C (Night),160.5,-3.46
2026-08-29 02:00:00,Pneumatic Dense-Phase Conveying Compressor,Pneumatic Conveying Utility,36.43,none,0.0,0.0,0.0,Shift C (Night),38.4,4.67
2026-08-29 03:00:00,Rotary Calcination Kiln & Precalciner,Pyroprocessing & Clinkerization,97.23,coal,245.64,1842.3,1.0,Shift C (Night),1425.4,-0.78
2026-08-29 03:00:00,Raw Material Ball Mill #01,Raw Grinding & Homogenization,2.0,none,0.0,0.0,0.0,Shift C (Night),31.9,0.0
2026-08-29 03:00:00,Vertical Roller Finish Mill (VRM),Finish Grinding & Separation,1.06,none,0.0,0.0,0.0,Shift C (Night),31.2,0.0
2026-08-29 03:00:00,Recuperative Clinker Grate Cooler,Clinker Cooling,69.85,none,0.0,1848.9,1.0,Shift C (Night),285.3,0.49
2026-08-29 03:00:00,Primary Limestone Gyratory Crusher,Crushing & Quarry Handling,1.25,none,0.0,0.0,0.0,Shift C (Night),31.0,0.0
2026-08-29 03:00:00,Kiln Exhaust ID Fan & Baghouse Station,Draft & Dust Abatement,141.26,none,0.0,0.0,1.0,Shift C (Night),160.2,-3.59
2026-08-29 03:00:00,Pneumatic Dense-Phase Conveying Compressor,Pneumatic Conveying Utility,32.49,none,0.0,0.0,0.0,Shift C (Night),38.4,4.67
2026-08-29 04:00:00,Rotary Calcination Kiln & Precalciner,Pyroprocessing & Clinkerization,92.87,coal,234.63,1759.7,1.0,Shift C (Night),1451.9,-0.82
2026-08-29 04:00:00,Raw Material Ball Mill #01,Raw Grinding & Homogenization,0.73,none,0.0,0.0,0.0,Shift C (Night),31.6,0.0
2026-08-29 04:00:00,Vertical Roller Finish Mill (VRM),Finish Grinding & Separation,1.67,none,0.0,0.0,0.0,Shift C (Night),30.9,0.0
2026-08-29 04:00:00,Recuperative Clinker Grate Cooler,Clinker Cooling,70.68,none,0.0,1871.0,1.0,Shift C (Night),285.2,0.49
2026-08-29 04:00:00,Primary Limestone Gyratory Crusher,Crushing & Quarry Handling,0.96,none,0.0,0.0,0.0,Shift C (Night),29.5,0.0
2026-08-29 04:00:00,Kiln Exhaust ID Fan & Baghouse Station,Draft & Dust Abatement,142.21,none,0.0,0.0,1.0,Shift C (Night),161.3,-3.6
2026-08-29 04:00:00,Pneumatic Dense-Phase Conveying Compressor,Pneumatic Conveying Utility,32.87,none,0.0,0.0,0.0,Shift C (Night),38.4,4.67
2026-08-29 05:00:00,Rotary Calcination Kiln & Precalciner,Pyroprocessing & Clinkerization,98.15,coal,247.96,1859.7,1.0,Shift C (Night),1427.0,-0.81
2026-08-29 05:00:00,Raw Material Ball Mill #01,Raw Grinding & Homogenization,1.12,none,0.0,0.0,0.0,Shift C (Night),29.9,0.0
2026-08-29 05:00:00,Vertical Roller Finish Mill (VRM),Finish Grinding & Separation,1.78,none,0.0,0.0,0.0,Shift C (Night),31.9,0.0
2026-08-29 05:00:00,Recuperative Clinker Grate Cooler,Clinker Cooling,69.89,none,0.0,1850.0,1.0,Shift C (Night),283.8,0.51
2026-08-29 05:00:00,Primary Limestone Gyratory Crusher,Crushing & Quarry Handling,0.74,none,0.0,0.0,0.0,Shift C (Night),28.3,0.0
2026-08-29 05:00:00,Kiln Exhaust ID Fan & Baghouse Station,Draft & Dust Abatement,142.85,none,0.0,0.0,1.0,Shift C (Night),159.8,-3.44
2026-08-29 05:00:00,Pneumatic Dense-Phase Conveying Compressor,Pneumatic Conveying Utility,32.45,none,0.0,0.0,0.0,Shift C (Night),38.4,4.67
2026-08-29 06:00:00,Rotary Calcination Kiln & Precalciner,Pyroprocessing & Clinkerization,91.86,coal,232.07,1740.6,1.0,Shift A (Morning),1463.0,-0.78
2026-08-29 06:00:00,Raw Material Ball Mill #01,Raw Grinding & Homogenization,181.29,none,0.0,1175.9,1.0,Shift A (Morning),84.4,1.01
2026-08-29 06:00:00,Vertical Roller Finish Mill (VRM),Finish Grinding & Separation,207.69,none,0.0,1384.6,1.0,Shift A (Morning),93.3,1.54
2026-08-29 06:00:00,Recuperative Clinker Grate Cooler,Clinker Cooling,67.02,none,0.0,1774.2,1.0,Shift A (Morning),274.8,0.49
2026-08-29 06:00:00,Primary Limestone Gyratory Crusher,Crushing & Quarry Handling,1.03,none,0.0,0.0,0.0,Shift A (Morning),28.0,0.0
2026-08-29 06:00:00,Kiln Exhaust ID Fan & Baghouse Station,Draft & Dust Abatement,144.32,none,0.0,0.0,1.0,Shift A (Morning),157.4,-3.54
2026-08-29 06:00:00,Pneumatic Dense-Phase Conveying Compressor,Pneumatic Conveying Utility,36.47,none,0.0,0.0,0.0,Shift A (Morning),38.4,4.67
2026-08-29 07:00:00,Rotary Calcination Kiln & Precalciner,Pyroprocessing & Clinkerization,95.89,coal,242.24,1816.8,1.0,Shift A (Morning),1472.5,-0.8
2026-08-29 07:00:00,Raw Material Ball Mill #01,Raw Grinding & Homogenization,186.69,none,0.0,1210.9,1.0,Shift A (Morning),84.3,1.02
2026-08-29 07:00:00,Vertical Roller Finish Mill (VRM),Finish Grinding & Separation,206.97,none,0.0,1379.8,1.0,Shift A (Morning),91.7,1.53
2026-08-29 07:00:00,Recuperative Clinker Grate Cooler,Clinker Cooling,67.63,none,0.0,1790.2,1.0,Shift A (Morning),282.8,0.49
2026-08-29 07:00:00,Primary Limestone Gyratory Crusher,Crushing & Quarry Handling,1.98,none,0.0,0.0,0.0,Shift A (Morning),29.2,0.0
2026-08-29 07:00:00,Kiln Exhaust ID Fan & Baghouse Station,Draft & Dust Abatement,148.28,none,0.0,0.0,1.0,Shift A (Morning),161.5,-3.43
2026-08-29 07:00:00,Pneumatic Dense-Phase Conveying Compressor,Pneumatic Conveying Utility,34.96,none,0.0,0.0,0.0,Shift A (Morning),38.4,4.67
2026-08-29 08:00:00,Rotary Calcination Kiln & Precalciner,Pyroprocessing & Clinkerization,92.27,coal,233.11,1748.4,1.0,Shift A (Morning),1475.4,-0.82
2026-08-29 08:00:00,Raw Material Ball Mill #01,Raw Grinding & Homogenization,186.45,none,0.0,1209.4,1.0,Shift A (Morning),84.5,0.97
2026-08-29 08:00:00,Vertical Roller Finish Mill (VRM),Finish Grinding & Separation,206.75,none,0.0,1378.4,1.0,Shift A (Morning),90.5,1.51
2026-08-29 08:00:00,Recuperative Clinker Grate Cooler,Clinker Cooling,69.27,none,0.0,1833.7,1.0,Shift A (Morning),275.6,0.5
2026-08-29 08:00:00,Primary Limestone Gyratory Crusher,Crushing & Quarry Handling,0.75,none,0.0,0.0,0.0,Shift A (Morning),30.8,0.0
2026-08-29 08:00:00,Kiln Exhaust ID Fan & Baghouse Station,Draft & Dust Abatement,143.64,none,0.0,0.0,1.0,Shift A (Morning),160.9,-3.54
2026-08-29 08:00:00,Pneumatic Dense-Phase Conveying Compressor,Pneumatic Conveying Utility,32.47,none,0.0,0.0,0.0,Shift A (Morning),38.4,4.67
2026-08-29 09:00:00,Rotary Calcination Kiln & Precalciner,Pyroprocessing & Clinkerization,91.65,coal,231.53,1736.5,1.0,Shift A (Morning),1464.7,-0.82
2026-08-29 09:00:00,Raw Material Ball Mill #01,Raw Grinding & Homogenization,187.99,none,0.0,1219.4,1.0,Shift A (Morning),85.1,0.98
2026-08-29 09:00:00,Vertical Roller Finish Mill (VRM),Finish Grinding & Separation,212.76,none,0.0,1418.4,1.0,Shift A (Morning),90.7,1.52
2026-08-29 09:00:00,Recuperative Clinker Grate Cooler,Clinker Cooling,67.48,none,0.0,1786.2,1.0,Shift A (Morning),276.0,0.51
2026-08-29 09:00:00,Primary Limestone Gyratory Crusher,Crushing & Quarry Handling,1.9,none,0.0,0.0,0.0,Shift A (Morning),28.6,0.0
2026-08-29 09:00:00,Kiln Exhaust ID Fan & Baghouse Station,Draft & Dust Abatement,140.17,none,0.0,0.0,1.0,Shift A (Morning),162.0,-3.47
2026-08-29 09:00:00,Pneumatic Dense-Phase Conveying Compressor,Pneumatic Conveying Utility,35.19,none,0.0,0.0,0.0,Shift A (Morning),38.4,4.67
2026-08-29 10:00:00,Rotary Calcination Kiln & Precalciner,Pyroprocessing & Clinkerization,92.5,coal,233.67,1752.6,1.0,Shift A (Morning),1466.4,-0.82
2026-08-29 10:00:00,Raw Material Ball Mill #01,Raw Grinding & Homogenization,186.01,none,0.0,1206.6,1.0,Shift A (Morning),84.6,0.98
2026-08-29 10:00:00,Vertical Roller Finish Mill (VRM),Finish Grinding & Separation,210.49,none,0.0,1403.3,1.0,Shift A (Morning),92.5,1.5
2026-08-29 10:00:00,Recuperative Clinker Grate Cooler,Clinker Cooling,69.63,none,0.0,1843.1,1.0,Shift A (Morning),282.3,0.51
2026-08-29 10:00:00,Primary Limestone Gyratory Crusher,Crushing & Quarry Handling,0.62,none,0.0,0.0,0.0,Shift A (Morning),30.3,0.0
2026-08-29 10:00:00,Kiln Exhaust ID Fan & Baghouse Station,Draft & Dust Abatement,140.81,none,0.0,0.0,1.0,Shift A (Morning),161.9,-3.53
2026-08-29 10:00:00,Pneumatic Dense-Phase Conveying Compressor,Pneumatic Conveying Utility,36.68,none,0.0,0.0,0.0,Shift A (Morning),38.4,4.67
2026-08-29 11:00:00,Rotary Calcination Kiln & Precalciner,Pyroprocessing & Clinkerization,96.01,coal,242.56,1819.2,1.0,Shift A (Morning),1449.6,-0.81
2026-08-29 11:00:00,Raw Material Ball Mill #01,Raw Grinding & Homogenization,185.76,none,0.0,1204.9,1.0,Shift A (Morning),84.8,1.01
2026-08-29 11:00:00,Vertical Roller Finish Mill (VRM),Finish Grinding & Separation,204.25,none,0.0,1361.7,1.0,Shift A (Morning),90.3,1.54
2026-08-29 11:00:00,Recuperative Clinker Grate Cooler,Clinker Cooling,68.88,none,0.0,1823.2,1.0,Shift A (Morning),284.6,0.49
2026-08-29 11:00:00,Primary Limestone Gyratory Crusher,Crushing & Quarry Handling,1.08,none,0.0,0.0,0.0,Shift A (Morning),30.0,0.0
2026-08-29 11:00:00,Kiln Exhaust ID Fan & Baghouse Station,Draft & Dust Abatement,140.69,none,0.0,0.0,1.0,Shift A (Morning),162.0,-3.51
2026-08-29 11:00:00,Pneumatic Dense-Phase Conveying Compressor,Pneumatic Conveying Utility,36.7,none,0.0,0.0,0.0,Shift A (Morning),38.4,4.67
2026-08-29 12:00:00,Rotary Calcination Kiln & Precalciner,Pyroprocessing & Clinkerization,92.3,coal,233.18,1748.8,1.0,Shift A (Morning),1441.3,-0.79
2026-08-29 12:00:00,Raw Material Ball Mill #01,Raw Grinding & Homogenization,180.36,none,0.0,1169.9,1.0,Shift A (Morning),85.7,0.97
2026-08-29 12:00:00,Vertical Roller Finish Mill (VRM),Finish Grinding & Separation,212.97,none,0.0,1419.8,1.0,Shift A (Morning),92.0,1.54
2026-08-29 12:00:00,Recuperative Clinker Grate Cooler,Clinker Cooling,68.78,none,0.0,1820.5,1.0,Shift A (Morning),282.3,0.49
2026-08-29 12:00:00,Primary Limestone Gyratory Crusher,Crushing & Quarry Handling,1.48,none,0.0,0.0,0.0,Shift A (Morning),30.1,0.0
2026-08-29 12:00:00,Kiln Exhaust ID Fan & Baghouse Station,Draft & Dust Abatement,139.38,none,0.0,0.0,1.0,Shift A (Morning),159.2,-3.46
2026-08-29 12:00:00,Pneumatic Dense-Phase Conveying Compressor,Pneumatic Conveying Utility,32.14,none,0.0,0.0,0.0,Shift A (Morning),38.4,4.67
2026-08-29 13:00:00,Rotary Calcination Kiln & Precalciner,Pyroprocessing & Clinkerization,97.21,coal,245.59,1841.9,1.0,Shift A (Morning),1469.2,-0.79
2026-08-29 13:00:00,Raw Material Ball Mill #01,Raw Grinding & Homogenization,183.79,none,0.0,1192.2,1.0,Shift A (Morning),84.5,0.99
2026-08-29 13:00:00,Vertical Roller Finish Mill (VRM),Finish Grinding & Separation,209.62,none,0.0,1397.4,1.0,Shift A (Morning),91.8,1.53
2026-08-29 13:00:00,Recuperative Clinker Grate Cooler,Clinker Cooling,69.05,none,0.0,1827.7,1.0,Shift A (Morning),281.2,0.5
2026-08-29 13:00:00,Primary Limestone Gyratory Crusher,Crushing & Quarry Handling,1.61,none,0.0,0.0,0.0,Shift A (Morning),28.1,0.0
2026-08-29 13:00:00,Kiln Exhaust ID Fan & Baghouse Station,Draft & Dust Abatement,149.3,none,0.0,0.0,1.0,Shift A (Morning),160.9,-3.6
2026-08-29 13:00:00,Pneumatic Dense-Phase Conveying Compressor,Pneumatic Conveying Utility,34.92,none,0.0,0.0,0.0,Shift A (Morning),38.4,4.67
2026-08-29 14:00:00,Rotary Calcination Kiln & Precalciner,Pyroprocessing & Clinkerization,93.71,coal,236.75,1775.6,1.0,Shift B (Evening),1443.7,-0.81
2026-08-29 14:00:00,Raw Material Ball Mill #01,Raw Grinding & Homogenization,180.62,none,0.0,1171.6,1.0,Shift B (Evening),83.6,0.99
2026-08-29 14:00:00,Vertical Roller Finish Mill (VRM),Finish Grinding & Separation,212.13,none,0.0,1414.2,1.0,Shift B (Evening),91.5,1.53
2026-08-29 14:00:00,Recuperative Clinker Grate Cooler,Clinker Cooling,66.48,none,0.0,1759.8,1.0,Shift B (Evening),280.7,0.5
2026-08-29 14:00:00,Primary Limestone Gyratory Crusher,Crushing & Quarry Handling,1.9,none,0.0,0.0,0.0,Shift B (Evening),29.8,0.0
2026-08-29 14:00:00,Kiln Exhaust ID Fan & Baghouse Station,Draft & Dust Abatement,149.41,none,0.0,0.0,1.0,Shift B (Evening),159.0,-3.54
2026-08-29 14:00:00,Pneumatic Dense-Phase Conveying Compressor,Pneumatic Conveying Utility,36.56,none,0.0,0.0,0.0,Shift B (Evening),38.4,4.67
2026-08-29 15:00:00,Rotary Calcination Kiln & Precalciner,Pyroprocessing & Clinkerization,95.86,coal,242.18,1816.3,1.0,Shift B (Evening),1469.1,-0.78
2026-08-29 15:00:00,Raw Material Ball Mill #01,Raw Grinding & Homogenization,183.36,none,0.0,1189.4,1.0,Shift B (Evening),86.6,1.0
2026-08-29 15:00:00,Vertical Roller Finish Mill (VRM),Finish Grinding & Separation,203.75,none,0.0,1358.3,1.0,Shift B (Evening),93.6,1.53
2026-08-29 15:00:00,Recuperative Clinker Grate Cooler,Clinker Cooling,65.41,none,0.0,1731.3,1.0,Shift B (Evening),275.4,0.49
2026-08-29 15:00:00,Primary Limestone Gyratory Crusher,Crushing & Quarry Handling,1.62,none,0.0,0.0,0.0,Shift B (Evening),28.8,0.0
2026-08-29 15:00:00,Kiln Exhaust ID Fan & Baghouse Station,Draft & Dust Abatement,143.63,none,0.0,0.0,1.0,Shift B (Evening),162.7,-3.5
2026-08-29 15:00:00,Pneumatic Dense-Phase Conveying Compressor,Pneumatic Conveying Utility,34.95,none,0.0,0.0,0.0,Shift B (Evening),38.4,4.67
2026-08-29 16:00:00,Rotary Calcination Kiln & Precalciner,Pyroprocessing & Clinkerization,96.26,coal,243.18,1823.8,1.0,Shift B (Evening),1446.9,-0.82
2026-08-29 16:00:00,Raw Material Ball Mill #01,Raw Grinding & Homogenization,188.75,none,0.0,1224.4,1.0,Shift B (Evening),85.4,0.98
2026-08-29 16:00:00,Vertical Roller Finish Mill (VRM),Finish Grinding & Separation,201.88,none,0.0,1345.9,1.0,Shift B (Evening),91.4,1.52
2026-08-29 16:00:00,Recuperative Clinker Grate Cooler,Clinker Cooling,69.25,none,0.0,1833.2,1.0,Shift B (Evening),284.0,0.5
2026-08-29 16:00:00,Primary Limestone Gyratory Crusher,Crushing & Quarry Handling,1.72,none,0.0,0.0,0.0,Shift B (Evening),31.1,0.0
2026-08-29 16:00:00,Kiln Exhaust ID Fan & Baghouse Station,Draft & Dust Abatement,147.67,none,0.0,0.0,1.0,Shift B (Evening),160.4,-3.59
2026-08-29 16:00:00,Pneumatic Dense-Phase Conveying Compressor,Pneumatic Conveying Utility,34.85,none,0.0,0.0,0.0,Shift B (Evening),38.4,4.67
2026-08-29 17:00:00,Rotary Calcination Kiln & Precalciner,Pyroprocessing & Clinkerization,93.54,coal,236.31,1772.4,1.0,Shift B (Evening),1455.2,-0.81
2026-08-29 17:00:00,Raw Material Ball Mill #01,Raw Grinding & Homogenization,181.44,none,0.0,1176.9,1.0,Shift B (Evening),86.1,1.01
2026-08-29 17:00:00,Vertical Roller Finish Mill (VRM),Finish Grinding & Separation,217.68,none,0.0,1451.2,1.0,Shift B (Evening),91.0,1.49
2026-08-29 17:00:00,Recuperative Clinker Grate Cooler,Clinker Cooling,68.33,none,0.0,1808.8,1.0,Shift B (Evening),281.0,0.51
2026-08-29 17:00:00,Primary Limestone Gyratory Crusher,Crushing & Quarry Handling,1.94,none,0.0,0.0,0.0,Shift B (Evening),29.6,0.0
2026-08-29 17:00:00,Kiln Exhaust ID Fan & Baghouse Station,Draft & Dust Abatement,141.69,none,0.0,0.0,1.0,Shift B (Evening),157.2,-3.51
2026-08-29 17:00:00,Pneumatic Dense-Phase Conveying Compressor,Pneumatic Conveying Utility,35.64,none,0.0,0.0,0.0,Shift B (Evening),38.4,4.67
2026-08-29 18:00:00,Rotary Calcination Kiln & Precalciner,Pyroprocessing & Clinkerization,92.16,coal,232.82,1746.2,1.0,Shift B (Evening),1463.3,-0.8
2026-08-29 18:00:00,Raw Material Ball Mill #01,Raw Grinding & Homogenization,1.73,none,0.0,0.0,0.0,Shift B (Evening),29.0,0.0
2026-08-29 18:00:00,Vertical Roller Finish Mill (VRM),Finish Grinding & Separation,1.31,none,0.0,0.0,0.0,Shift B (Evening),30.1,0.0
2026-08-29 18:00:00,Recuperative Clinker Grate Cooler,Clinker Cooling,69.71,none,0.0,1845.3,1.0,Shift B (Evening),280.3,0.51
2026-08-29 18:00:00,Primary Limestone Gyratory Crusher,Crushing & Quarry Handling,1.77,none,0.0,0.0,0.0,Shift B (Evening),29.3,0.0
2026-08-29 18:00:00,Kiln Exhaust ID Fan & Baghouse Station,Draft & Dust Abatement,147.19,none,0.0,0.0,1.0,Shift B (Evening),157.8,-3.58
2026-08-29 18:00:00,Pneumatic Dense-Phase Conveying Compressor,Pneumatic Conveying Utility,33.84,none,0.0,0.0,0.0,Shift B (Evening),38.4,4.67
2026-08-29 19:00:00,Rotary Calcination Kiln & Precalciner,Pyroprocessing & Clinkerization,96.24,coal,243.14,1823.5,1.0,Shift B (Evening),1459.4,-0.81
2026-08-29 19:00:00,Raw Material Ball Mill #01,Raw Grinding & Homogenization,1.82,none,0.0,0.0,0.0,Shift B (Evening),28.6,0.0
2026-08-29 19:00:00,Vertical Roller Finish Mill (VRM),Finish Grinding & Separation,1.87,none,0.0,0.0,0.0,Shift B (Evening),30.9,0.0
2026-08-29 19:00:00,Recuperative Clinker Grate Cooler,Clinker Cooling,70.18,none,0.0,1857.8,1.0,Shift B (Evening),282.9,0.49
2026-08-29 19:00:00,Primary Limestone Gyratory Crusher,Crushing & Quarry Handling,0.91,none,0.0,0.0,0.0,Shift B (Evening),29.0,0.0
2026-08-29 19:00:00,Kiln Exhaust ID Fan & Baghouse Station,Draft & Dust Abatement,141.63,none,0.0,0.0,1.0,Shift B (Evening),159.6,-3.5
2026-08-29 19:00:00,Pneumatic Dense-Phase Conveying Compressor,Pneumatic Conveying Utility,33.71,none,0.0,0.0,0.0,Shift B (Evening),38.4,4.67
2026-08-29 20:00:00,Rotary Calcination Kiln & Precalciner,Pyroprocessing & Clinkerization,95.27,coal,240.68,1805.1,1.0,Shift B (Evening),1438.3,-0.82
2026-08-29 20:00:00,Raw Material Ball Mill #01,Raw Grinding & Homogenization,1.19,none,0.0,0.0,0.0,Shift B (Evening),31.6,0.0
2026-08-29 20:00:00,Vertical Roller Finish Mill (VRM),Finish Grinding & Separation,1.49,none,0.0,0.0,0.0,Shift B (Evening),30.0,0.0
2026-08-29 20:00:00,Recuperative Clinker Grate Cooler,Clinker Cooling,68.6,none,0.0,1816.0,1.0,Shift B (Evening),278.9,0.49
2026-08-29 20:00:00,Primary Limestone Gyratory Crusher,Crushing & Quarry Handling,1.37,none,0.0,0.0,0.0,Shift B (Evening),29.9,0.0
2026-08-29 20:00:00,Kiln Exhaust ID Fan & Baghouse Station,Draft & Dust Abatement,142.32,none,0.0,0.0,1.0,Shift B (Evening),158.6,-3.46
2026-08-29 20:00:00,Pneumatic Dense-Phase Conveying Compressor,Pneumatic Conveying Utility,34.87,none,0.0,0.0,0.0,Shift B (Evening),38.4,4.67
2026-08-29 21:00:00,Rotary Calcination Kiln & Precalciner,Pyroprocessing & Clinkerization,93.74,coal,236.83,1776.2,1.0,Shift B (Evening),1425.6,-0.79
2026-08-29 21:00:00,Raw Material Ball Mill #01,Raw Grinding & Homogenization,0.88,none,0.0,0.0,0.0,Shift B (Evening),31.8,0.0
2026-08-29 21:00:00,Vertical Roller Finish Mill (VRM),Finish Grinding & Separation,1.05,none,0.0,0.0,0.0,Shift B (Evening),29.4,0.0
2026-08-29 21:00:00,Recuperative Clinker Grate Cooler,Clinker Cooling,69.56,none,0.0,1841.4,1.0,Shift B (Evening),278.1,0.5
2026-08-29 21:00:00,Primary Limestone Gyratory Crusher,Crushing & Quarry Handling,1.89,none,0.0,0.0,0.0,Shift B (Evening),30.8,0.0
2026-08-29 21:00:00,Kiln Exhaust ID Fan & Baghouse Station,Draft & Dust Abatement,144.87,none,0.0,0.0,1.0,Shift B (Evening),160.2,-3.49
2026-08-29 21:00:00,Pneumatic Dense-Phase Conveying Compressor,Pneumatic Conveying Utility,33.38,none,0.0,0.0,0.0,Shift B (Evening),38.4,4.67
2026-08-29 22:00:00,Rotary Calcination Kiln & Precalciner,Pyroprocessing & Clinkerization,98.55,coal,248.97,1867.2,1.0,Shift C (Night),1424.7,-0.81
2026-08-29 22:00:00,Raw Material Ball Mill #01,Raw Grinding & Homogenization,1.96,none,0.0,0.0,0.0,Shift C (Night),29.5,0.0
2026-08-29 22:00:00,Vertical Roller Finish Mill (VRM),Finish Grinding & Separation,1.84,none,0.0,0.0,0.0,Shift C (Night),31.7,0.0
2026-08-29 22:00:00,Recuperative Clinker Grate Cooler,Clinker Cooling,67.61,none,0.0,1789.7,1.0,Shift C (Night),278.0,0.49
2026-08-29 22:00:00,Primary Limestone Gyratory Crusher,Crushing & Quarry Handling,1.65,none,0.0,0.0,0.0,Shift C (Night),28.5,0.0
2026-08-29 22:00:00,Kiln Exhaust ID Fan & Baghouse Station,Draft & Dust Abatement,146.36,none,0.0,0.0,1.0,Shift C (Night),160.0,-3.45
2026-08-29 22:00:00,Pneumatic Dense-Phase Conveying Compressor,Pneumatic Conveying Utility,33.12,none,0.0,0.0,0.0,Shift C (Night),38.4,4.67
2026-08-29 23:00:00,Rotary Calcination Kiln & Precalciner,Pyroprocessing & Clinkerization,95.86,coal,242.17,1816.3,1.0,Shift C (Night),1441.6,-0.79
2026-08-29 23:00:00,Raw Material Ball Mill #01,Raw Grinding & Homogenization,1.67,none,0.0,0.0,0.0,Shift C (Night),31.1,0.0
2026-08-29 23:00:00,Vertical Roller Finish Mill (VRM),Finish Grinding & Separation,1.21,none,0.0,0.0,0.0,Shift C (Night),31.5,0.0
2026-08-29 23:00:00,Recuperative Clinker Grate Cooler,Clinker Cooling,68.61,none,0.0,1816.0,1.0,Shift C (Night),279.3,0.5
2026-08-29 23:00:00,Primary Limestone Gyratory Crusher,Crushing & Quarry Handling,0.93,none,0.0,0.0,0.0,Shift C (Night),30.9,0.0
2026-08-29 23:00:00,Kiln Exhaust ID Fan & Baghouse Station,Draft & Dust Abatement,149.8,none,0.0,0.0,1.0,Shift C (Night),157.1,-3.6
2026-08-29 23:00:00,Pneumatic Dense-Phase Conveying Compressor,Pneumatic Conveying Utility,33.75,none,0.0,0.0,0.0,Shift C (Night),38.4,4.67
2026-08-30 00:00:00,Rotary Calcination Kiln & Precalciner,Pyroprocessing & Clinkerization,95.03,coal,240.08,1800.6,1.0,Shift C (Night),1431.7,-0.82
2026-08-30 00:00:00,Raw Material Ball Mill #01,Raw Grinding & Homogenization,1.15,none,0.0,0.0,0.0,Shift C (Night),28.8,0.0
2026-08-30 00:00:00,Vertical Roller Finish Mill (VRM),Finish Grinding & Separation,0.65,none,0.0,0.0,0.0,Shift C (Night),31.0,0.0
2026-08-30 00:00:00,Recuperative Clinker Grate Cooler,Clinker Cooling,67.06,none,0.0,1775.1,1.0,Shift C (Night),279.7,0.5
2026-08-30 00:00:00,Primary Limestone Gyratory Crusher,Crushing & Quarry Handling,0.84,none,0.0,0.0,0.0,Shift C (Night),29.1,0.0
2026-08-30 00:00:00,Kiln Exhaust ID Fan & Baghouse Station,Draft & Dust Abatement,140.66,none,0.0,0.0,1.0,Shift C (Night),158.6,-3.51
2026-08-30 00:00:00,Pneumatic Dense-Phase Conveying Compressor,Pneumatic Conveying Utility,35.73,none,0.0,0.0,0.0,Shift C (Night),38.4,4.67
2026-08-30 01:00:00,Rotary Calcination Kiln & Precalciner,Pyroprocessing & Clinkerization,93.52,coal,236.26,1772.0,1.0,Shift C (Night),1459.4,-0.78
2026-08-30 01:00:00,Raw Material Ball Mill #01,Raw Grinding & Homogenization,1.13,none,0.0,0.0,0.0,Shift C (Night),30.2,0.0
2026-08-30 01:00:00,Vertical Roller Finish Mill (VRM),Finish Grinding & Separation,1.39,none,0.0,0.0,0.0,Shift C (Night),30.1,0.0
2026-08-30 01:00:00,Recuperative Clinker Grate Cooler,Clinker Cooling,66.66,none,0.0,1764.6,1.0,Shift C (Night),281.7,0.49
2026-08-30 01:00:00,Primary Limestone Gyratory Crusher,Crushing & Quarry Handling,0.72,none,0.0,0.0,0.0,Shift C (Night),30.5,0.0
2026-08-30 01:00:00,Kiln Exhaust ID Fan & Baghouse Station,Draft & Dust Abatement,145.07,none,0.0,0.0,1.0,Shift C (Night),157.0,-3.4
2026-08-30 01:00:00,Pneumatic Dense-Phase Conveying Compressor,Pneumatic Conveying Utility,33.02,none,0.0,0.0,0.0,Shift C (Night),38.4,4.67
2026-08-30 02:00:00,Rotary Calcination Kiln & Precalciner,Pyroprocessing & Clinkerization,98.12,coal,247.87,1859.0,1.0,Shift C (Night),1453.1,-0.78
2026-08-30 02:00:00,Raw Material Ball Mill #01,Raw Grinding & Homogenization,1.8,none,0.0,0.0,0.0,Shift C (Night),31.5,0.0
2026-08-30 02:00:00,Vertical Roller Finish Mill (VRM),Finish Grinding & Separation,1.21,none,0.0,0.0,0.0,Shift C (Night),29.0,0.0
2026-08-30 02:00:00,Recuperative Clinker Grate Cooler,Clinker Cooling,69.6,none,0.0,1842.4,1.0,Shift C (Night),280.3,0.5
2026-08-30 02:00:00,Primary Limestone Gyratory Crusher,Crushing & Quarry Handling,1.65,none,0.0,0.0,0.0,Shift C (Night),28.4,0.0
2026-08-30 02:00:00,Kiln Exhaust ID Fan & Baghouse Station,Draft & Dust Abatement,143.21,none,0.0,0.0,1.0,Shift C (Night),158.5,-3.48
2026-08-30 02:00:00,Pneumatic Dense-Phase Conveying Compressor,Pneumatic Conveying Utility,32.08,none,0.0,0.0,0.0,Shift C (Night),38.4,4.67
2026-08-30 03:00:00,Rotary Calcination Kiln & Precalciner,Pyroprocessing & Clinkerization,93.06,coal,235.1,1763.3,1.0,Shift C (Night),1429.9,-0.79
2026-08-30 03:00:00,Raw Material Ball Mill #01,Raw Grinding & Homogenization,1.46,none,0.0,0.0,0.0,Shift C (Night),29.7,0.0
2026-08-30 03:00:00,Vertical Roller Finish Mill (VRM),Finish Grinding & Separation,1.8,none,0.0,0.0,0.0,Shift C (Night),31.7,0.0
2026-08-30 03:00:00,Recuperative Clinker Grate Cooler,Clinker Cooling,69.77,none,0.0,1846.8,1.0,Shift C (Night),278.9,0.51
2026-08-30 03:00:00,Primary Limestone Gyratory Crusher,Crushing & Quarry Handling,1.29,none,0.0,0.0,0.0,Shift C (Night),28.2,0.0
2026-08-30 03:00:00,Kiln Exhaust ID Fan & Baghouse Station,Draft & Dust Abatement,143.06,none,0.0,0.0,1.0,Shift C (Night),158.1,-3.59
2026-08-30 03:00:00,Pneumatic Dense-Phase Conveying Compressor,Pneumatic Conveying Utility,36.26,none,0.0,0.0,0.0,Shift C (Night),38.4,4.67
2026-08-30 04:00:00,Rotary Calcination Kiln & Precalciner,Pyroprocessing & Clinkerization,93.47,coal,236.14,1771.0,1.0,Shift C (Night),1454.3,-0.78
2026-08-30 04:00:00,Raw Material Ball Mill #01,Raw Grinding & Homogenization,1.57,none,0.0,0.0,0.0,Shift C (Night),30.8,0.0
2026-08-30 04:00:00,Vertical Roller Finish Mill (VRM),Finish Grinding & Separation,1.75,none,0.0,0.0,0.0,Shift C (Night),29.4,0.0
2026-08-30 04:00:00,Recuperative Clinker Grate Cooler,Clinker Cooling,67.7,none,0.0,1792.0,1.0,Shift C (Night),281.4,0.51
2026-08-30 04:00:00,Primary Limestone Gyratory Crusher,Crushing & Quarry Handling,1.72,none,0.0,0.0,0.0,Shift C (Night),29.5,0.0
2026-08-30 04:00:00,Kiln Exhaust ID Fan & Baghouse Station,Draft & Dust Abatement,139.69,none,0.0,0.0,1.0,Shift C (Night),163.1,-3.58
2026-08-30 04:00:00,Pneumatic Dense-Phase Conveying Compressor,Pneumatic Conveying Utility,36.75,none,0.0,0.0,0.0,Shift C (Night),38.4,4.67
2026-08-30 05:00:00,Rotary Calcination Kiln & Precalciner,Pyroprocessing & Clinkerization,98.57,coal,249.02,1867.7,1.0,Shift C (Night),1462.9,-0.82
2026-08-30 05:00:00,Raw Material Ball Mill #01,Raw Grinding & Homogenization,1.51,none,0.0,0.0,0.0,Shift C (Night),30.6,0.0
2026-08-30 05:00:00,Vertical Roller Finish Mill (VRM),Finish Grinding & Separation,1.38,none,0.0,0.0,0.0,Shift C (Night),31.4,0.0
2026-08-30 05:00:00,Recuperative Clinker Grate Cooler,Clinker Cooling,68.94,none,0.0,1825.0,1.0,Shift C (Night),279.5,0.51
2026-08-30 05:00:00,Primary Limestone Gyratory Crusher,Crushing & Quarry Handling,1.37,none,0.0,0.0,0.0,Shift C (Night),28.4,0.0
2026-08-30 05:00:00,Kiln Exhaust ID Fan & Baghouse Station,Draft & Dust Abatement,141.04,none,0.0,0.0,1.0,Shift C (Night),158.0,-3.45
2026-08-30 05:00:00,Pneumatic Dense-Phase Conveying Compressor,Pneumatic Conveying Utility,36.71,none,0.0,0.0,0.0,Shift C (Night),38.4,4.67
2026-08-30 06:00:00,Rotary Calcination Kiln & Precalciner,Pyroprocessing & Clinkerization,94.02,coal,237.52,1781.4,1.0,Shift A (Morning),1448.7,-0.8
2026-08-30 06:00:00,Raw Material Ball Mill #01,Raw Grinding & Homogenization,1.0,none,0.0,0.0,0.0,Shift A (Morning),29.6,0.0
2026-08-30 06:00:00,Vertical Roller Finish Mill (VRM),Finish Grinding & Separation,1.22,none,0.0,0.0,0.0,Shift A (Morning),30.4,0.0
2026-08-30 06:00:00,Recuperative Clinker Grate Cooler,Clinker Cooling,69.81,none,0.0,1847.8,1.0,Shift A (Morning),283.7,0.51
2026-08-30 06:00:00,Primary Limestone Gyratory Crusher,Crushing & Quarry Handling,0.72,none,0.0,0.0,0.0,Shift A (Morning),31.1,0.0
2026-08-30 06:00:00,Kiln Exhaust ID Fan & Baghouse Station,Draft & Dust Abatement,145.73,none,0.0,0.0,1.0,Shift A (Morning),160.4,-3.42
2026-08-30 06:00:00,Pneumatic Dense-Phase Conveying Compressor,Pneumatic Conveying Utility,34.52,none,0.0,0.0,0.0,Shift A (Morning),38.4,4.67
2026-08-30 07:00:00,Rotary Calcination Kiln & Precalciner,Pyroprocessing & Clinkerization,94.67,coal,239.16,1793.7,1.0,Shift A (Morning),1442.7,-0.78
2026-08-30 07:00:00,Raw Material Ball Mill #01,Raw Grinding & Homogenization,1.4,none,0.0,0.0,0.0,Shift A (Morning),30.8,0.0
2026-08-30 07:00:00,Vertical Roller Finish Mill (VRM),Finish Grinding & Separation,1.02,none,0.0,0.0,0.0,Shift A (Morning),31.2,0.0
2026-08-30 07:00:00,Recuperative Clinker Grate Cooler,Clinker Cooling,68.57,none,0.0,1815.0,1.0,Shift A (Morning),276.3,0.49
2026-08-30 07:00:00,Primary Limestone Gyratory Crusher,Crushing & Quarry Handling,0.74,none,0.0,0.0,0.0,Shift A (Morning),31.7,0.0
2026-08-30 07:00:00,Kiln Exhaust ID Fan & Baghouse Station,Draft & Dust Abatement,146.39,none,0.0,0.0,1.0,Shift A (Morning),157.9,-3.55
2026-08-30 07:00:00,Pneumatic Dense-Phase Conveying Compressor,Pneumatic Conveying Utility,35.8,none,0.0,0.0,0.0,Shift A (Morning),38.4,4.67
2026-08-30 08:00:00,Rotary Calcination Kiln & Precalciner,Pyroprocessing & Clinkerization,95.13,coal,240.33,1802.5,1.0,Shift A (Morning),1458.4,-0.81
2026-08-30 08:00:00,Raw Material Ball Mill #01,Raw Grinding & Homogenization,1.27,none,0.0,0.0,0.0,Shift A (Morning),29.8,0.0
2026-08-30 08:00:00,Vertical Roller Finish Mill (VRM),Finish Grinding & Separation,1.21,none,0.0,0.0,0.0,Shift A (Morning),29.5,0.0
2026-08-30 08:00:00,Recuperative Clinker Grate Cooler,Clinker Cooling,67.02,none,0.0,1774.0,1.0,Shift A (Morning),284.5,0.5
2026-08-30 08:00:00,Primary Limestone Gyratory Crusher,Crushing & Quarry Handling,1.11,none,0.0,0.0,0.0,Shift A (Morning),29.2,0.0
2026-08-30 08:00:00,Kiln Exhaust ID Fan & Baghouse Station,Draft & Dust Abatement,146.31,none,0.0,0.0,1.0,Shift A (Morning),161.0,-3.54
2026-08-30 08:00:00,Pneumatic Dense-Phase Conveying Compressor,Pneumatic Conveying Utility,35.19,none,0.0,0.0,0.0,Shift A (Morning),38.4,4.67
2026-08-30 09:00:00,Rotary Calcination Kiln & Precalciner,Pyroprocessing & Clinkerization,93.52,coal,236.27,1772.1,1.0,Shift A (Morning),1478.1,-0.8
2026-08-30 09:00:00,Raw Material Ball Mill #01,Raw Grinding & Homogenization,1.26,none,0.0,0.0,0.0,Shift A (Morning),30.0,0.0
2026-08-30 09:00:00,Vertical Roller Finish Mill (VRM),Finish Grinding & Separation,1.07,none,0.0,0.0,0.0,Shift A (Morning),29.6,0.0
2026-08-30 09:00:00,Recuperative Clinker Grate Cooler,Clinker Cooling,68.35,none,0.0,1809.2,1.0,Shift A (Morning),285.0,0.51
2026-08-30 09:00:00,Primary Limestone Gyratory Crusher,Crushing & Quarry Handling,1.76,none,0.0,0.0,0.0,Shift A (Morning),29.1,0.0
2026-08-30 09:00:00,Kiln Exhaust ID Fan & Baghouse Station,Draft & Dust Abatement,146.3,none,0.0,0.0,1.0,Shift A (Morning),162.5,-3.5
2026-08-30 09:00:00,Pneumatic Dense-Phase Conveying Compressor,Pneumatic Conveying Utility,36.73,none,0.0,0.0,0.0,Shift A (Morning),38.4,4.67
2026-08-30 10:00:00,Rotary Calcination Kiln & Precalciner,Pyroprocessing & Clinkerization,96.47,coal,243.72,1827.9,1.0,Shift A (Morning),1438.3,-0.78
2026-08-30 10:00:00,Raw Material Ball Mill #01,Raw Grinding & Homogenization,0.89,none,0.0,0.0,0.0,Shift A (Morning),30.4,0.0
2026-08-30 10:00:00,Vertical Roller Finish Mill (VRM),Finish Grinding & Separation,1.25,none,0.0,0.0,0.0,Shift A (Morning),32.0,0.0
2026-08-30 10:00:00,Recuperative Clinker Grate Cooler,Clinker Cooling,68.89,none,0.0,1823.6,1.0,Shift A (Morning),275.6,0.51
2026-08-30 10:00:00,Primary Limestone Gyratory Crusher,Crushing & Quarry Handling,1.5,none,0.0,0.0,0.0,Shift A (Morning),29.8,0.0
2026-08-30 10:00:00,Kiln Exhaust ID Fan & Baghouse Station,Draft & Dust Abatement,149.16,none,0.0,0.0,1.0,Shift A (Morning),161.7,-3.52
2026-08-30 10:00:00,Pneumatic Dense-Phase Conveying Compressor,Pneumatic Conveying Utility,33.31,none,0.0,0.0,0.0,Shift A (Morning),38.4,4.67
2026-08-30 11:00:00,Rotary Calcination Kiln & Precalciner,Pyroprocessing & Clinkerization,96.24,coal,243.13,1823.5,1.0,Shift A (Morning),1468.5,-0.81
2026-08-30 11:00:00,Raw Material Ball Mill #01,Raw Grinding & Homogenization,1.57,none,0.0,0.0,0.0,Shift A (Morning),29.9,0.0
2026-08-30 11:00:00,Vertical Roller Finish Mill (VRM),Finish Grinding & Separation,0.84,none,0.0,0.0,0.0,Shift A (Morning),31.8,0.0
2026-08-30 11:00:00,Recuperative Clinker Grate Cooler,Clinker Cooling,67.83,none,0.0,1795.4,1.0,Shift A (Morning),280.0,0.5
2026-08-30 11:00:00,Primary Limestone Gyratory Crusher,Crushing & Quarry Handling,0.75,none,0.0,0.0,0.0,Shift A (Morning),29.4,0.0
2026-08-30 11:00:00,Kiln Exhaust ID Fan & Baghouse Station,Draft & Dust Abatement,146.72,none,0.0,0.0,1.0,Shift A (Morning),161.5,-3.5
2026-08-30 11:00:00,Pneumatic Dense-Phase Conveying Compressor,Pneumatic Conveying Utility,32.48,none,0.0,0.0,0.0,Shift A (Morning),38.4,4.67
2026-08-30 12:00:00,Rotary Calcination Kiln & Precalciner,Pyroprocessing & Clinkerization,95.26,coal,240.65,1804.9,1.0,Shift A (Morning),1471.8,-0.79
2026-08-30 12:00:00,Raw Material Ball Mill #01,Raw Grinding & Homogenization,0.9,none,0.0,0.0,0.0,Shift A (Morning),30.7,0.0
2026-08-30 12:00:00,Vertical Roller Finish Mill (VRM),Finish Grinding & Separation,0.81,none,0.0,0.0,0.0,Shift A (Morning),31.4,0.0
2026-08-30 12:00:00,Recuperative Clinker Grate Cooler,Clinker Cooling,68.2,none,0.0,1805.2,1.0,Shift A (Morning),285.2,0.5
2026-08-30 12:00:00,Primary Limestone Gyratory Crusher,Crushing & Quarry Handling,0.62,none,0.0,0.0,0.0,Shift A (Morning),31.1,0.0
2026-08-30 12:00:00,Kiln Exhaust ID Fan & Baghouse Station,Draft & Dust Abatement,147.9,none,0.0,0.0,1.0,Shift A (Morning),161.8,-3.57
2026-08-30 12:00:00,Pneumatic Dense-Phase Conveying Compressor,Pneumatic Conveying Utility,34.43,none,0.0,0.0,0.0,Shift A (Morning),38.4,4.67
2026-08-30 13:00:00,Rotary Calcination Kiln & Precalciner,Pyroprocessing & Clinkerization,95.74,coal,241.88,1814.1,1.0,Shift A (Morning),1469.3,-0.79
2026-08-30 13:00:00,Raw Material Ball Mill #01,Raw Grinding & Homogenization,1.3,none,0.0,0.0,0.0,Shift A (Morning),30.6,0.0
2026-08-30 13:00:00,Vertical Roller Finish Mill (VRM),Finish Grinding & Separation,1.16,none,0.0,0.0,0.0,Shift A (Morning),28.6,0.0
2026-08-30 13:00:00,Recuperative Clinker Grate Cooler,Clinker Cooling,70.16,none,0.0,1857.3,1.0,Shift A (Morning),280.3,0.51
2026-08-30 13:00:00,Primary Limestone Gyratory Crusher,Crushing & Quarry Handling,1.48,none,0.0,0.0,0.0,Shift A (Morning),28.5,0.0
2026-08-30 13:00:00,Kiln Exhaust ID Fan & Baghouse Station,Draft & Dust Abatement,141.44,none,0.0,0.0,1.0,Shift A (Morning),157.9,-3.44
2026-08-30 13:00:00,Pneumatic Dense-Phase Conveying Compressor,Pneumatic Conveying Utility,35.68,none,0.0,0.0,0.0,Shift A (Morning),38.4,4.67
2026-08-30 14:00:00,Rotary Calcination Kiln & Precalciner,Pyroprocessing & Clinkerization,97.18,coal,245.51,1841.3,1.0,Shift B (Evening),1458.0,-0.8
2026-08-30 14:00:00,Raw Material Ball Mill #01,Raw Grinding & Homogenization,1.02,none,0.0,0.0,0.0,Shift B (Evening),29.9,0.0
2026-08-30 14:00:00,Vertical Roller Finish Mill (VRM),Finish Grinding & Separation,0.95,none,0.0,0.0,0.0,Shift B (Evening),31.2,0.0
2026-08-30 14:00:00,Recuperative Clinker Grate Cooler,Clinker Cooling,70.7,none,0.0,1871.6,1.0,Shift B (Evening),279.4,0.51
2026-08-30 14:00:00,Primary Limestone Gyratory Crusher,Crushing & Quarry Handling,0.96,none,0.0,0.0,0.0,Shift B (Evening),31.9,0.0
2026-08-30 14:00:00,Kiln Exhaust ID Fan & Baghouse Station,Draft & Dust Abatement,146.97,none,0.0,0.0,1.0,Shift B (Evening),159.9,-3.56
2026-08-30 14:00:00,Pneumatic Dense-Phase Conveying Compressor,Pneumatic Conveying Utility,36.1,none,0.0,0.0,0.0,Shift B (Evening),38.4,4.67
2026-08-30 15:00:00,Rotary Calcination Kiln & Precalciner,Pyroprocessing & Clinkerization,93.07,coal,235.11,1763.4,1.0,Shift B (Evening),1437.9,-0.8
2026-08-30 15:00:00,Raw Material Ball Mill #01,Raw Grinding & Homogenization,1.6,none,0.0,0.0,0.0,Shift B (Evening),30.3,0.0
2026-08-30 15:00:00,Vertical Roller Finish Mill (VRM),Finish Grinding & Separation,1.99,none,0.0,0.0,0.0,Shift B (Evening),30.1,0.0
2026-08-30 15:00:00,Recuperative Clinker Grate Cooler,Clinker Cooling,66.46,none,0.0,1759.2,1.0,Shift B (Evening),284.9,0.5
2026-08-30 15:00:00,Primary Limestone Gyratory Crusher,Crushing & Quarry Handling,1.67,none,0.0,0.0,0.0,Shift B (Evening),28.1,0.0
2026-08-30 15:00:00,Kiln Exhaust ID Fan & Baghouse Station,Draft & Dust Abatement,144.55,none,0.0,0.0,1.0,Shift B (Evening),158.0,-3.57
2026-08-30 15:00:00,Pneumatic Dense-Phase Conveying Compressor,Pneumatic Conveying Utility,32.5,none,0.0,0.0,0.0,Shift B (Evening),38.4,4.67
2026-08-30 16:00:00,Rotary Calcination Kiln & Precalciner,Pyroprocessing & Clinkerization,91.79,coal,231.89,1739.2,1.0,Shift B (Evening),1441.2,-0.81
2026-08-30 16:00:00,Raw Material Ball Mill #01,Raw Grinding & Homogenization,1.52,none,0.0,0.0,0.0,Shift B (Evening),28.2,0.0
2026-08-30 16:00:00,Vertical Roller Finish Mill (VRM),Finish Grinding & Separation,0.75,none,0.0,0.0,0.0,Shift B (Evening),31.0,0.0
2026-08-30 16:00:00,Recuperative Clinker Grate Cooler,Clinker Cooling,70.39,none,0.0,1863.4,1.0,Shift B (Evening),279.6,0.51
2026-08-30 16:00:00,Primary Limestone Gyratory Crusher,Crushing & Quarry Handling,0.98,none,0.0,0.0,0.0,Shift B (Evening),28.1,0.0
2026-08-30 16:00:00,Kiln Exhaust ID Fan & Baghouse Station,Draft & Dust Abatement,145.5,none,0.0,0.0,1.0,Shift B (Evening),161.3,-3.43
2026-08-30 16:00:00,Pneumatic Dense-Phase Conveying Compressor,Pneumatic Conveying Utility,34.65,none,0.0,0.0,0.0,Shift B (Evening),38.4,4.67
2026-08-30 17:00:00,Rotary Calcination Kiln & Precalciner,Pyroprocessing & Clinkerization,93.59,coal,236.43,1773.2,1.0,Shift B (Evening),1426.7,-0.82
2026-08-30 17:00:00,Raw Material Ball Mill #01,Raw Grinding & Homogenization,0.82,none,0.0,0.0,0.0,Shift B (Evening),31.0,0.0
2026-08-30 17:00:00,Vertical Roller Finish Mill (VRM),Finish Grinding & Separation,1.11,none,0.0,0.0,0.0,Shift B (Evening),31.2,0.0
2026-08-30 17:00:00,Recuperative Clinker Grate Cooler,Clinker Cooling,66.57,none,0.0,1762.0,1.0,Shift B (Evening),280.6,0.51
2026-08-30 17:00:00,Primary Limestone Gyratory Crusher,Crushing & Quarry Handling,1.42,none,0.0,0.0,0.0,Shift B (Evening),29.8,0.0
2026-08-30 17:00:00,Kiln Exhaust ID Fan & Baghouse Station,Draft & Dust Abatement,147.05,none,0.0,0.0,1.0,Shift B (Evening),159.1,-3.44
2026-08-30 17:00:00,Pneumatic Dense-Phase Conveying Compressor,Pneumatic Conveying Utility,34.14,none,0.0,0.0,0.0,Shift B (Evening),38.4,4.67
2026-08-30 18:00:00,Rotary Calcination Kiln & Precalciner,Pyroprocessing & Clinkerization,98.8,coal,249.6,1872.0,1.0,Shift B (Evening),1442.3,-0.81
2026-08-30 18:00:00,Raw Material Ball Mill #01,Raw Grinding & Homogenization,1.1,none,0.0,0.0,0.0,Shift B (Evening),30.1,0.0
2026-08-30 18:00:00,Vertical Roller Finish Mill (VRM),Finish Grinding & Separation,1.17,none,0.0,0.0,0.0,Shift B (Evening),30.0,0.0
2026-08-30 18:00:00,Recuperative Clinker Grate Cooler,Clinker Cooling,67.75,none,0.0,1793.4,1.0,Shift B (Evening),275.9,0.5
2026-08-30 18:00:00,Primary Limestone Gyratory Crusher,Crushing & Quarry Handling,0.98,none,0.0,0.0,0.0,Shift B (Evening),28.3,0.0
2026-08-30 18:00:00,Kiln Exhaust ID Fan & Baghouse Station,Draft & Dust Abatement,141.68,none,0.0,0.0,1.0,Shift B (Evening),161.9,-3.57
2026-08-30 18:00:00,Pneumatic Dense-Phase Conveying Compressor,Pneumatic Conveying Utility,35.77,none,0.0,0.0,0.0,Shift B (Evening),38.4,4.67
2026-08-30 19:00:00,Rotary Calcination Kiln & Precalciner,Pyroprocessing & Clinkerization,95.85,coal,242.15,1816.1,1.0,Shift B (Evening),1425.3,-0.79
2026-08-30 19:00:00,Raw Material Ball Mill #01,Raw Grinding & Homogenization,1.45,none,0.0,0.0,0.0,Shift B (Evening),31.6,0.0
2026-08-30 19:00:00,Vertical Roller Finish Mill (VRM),Finish Grinding & Separation,1.03,none,0.0,0.0,0.0,Shift B (Evening),30.0,0.0
2026-08-30 19:00:00,Recuperative Clinker Grate Cooler,Clinker Cooling,66.97,none,0.0,1772.6,1.0,Shift B (Evening),281.3,0.5
2026-08-30 19:00:00,Primary Limestone Gyratory Crusher,Crushing & Quarry Handling,1.79,none,0.0,0.0,0.0,Shift B (Evening),31.7,0.0
2026-08-30 19:00:00,Kiln Exhaust ID Fan & Baghouse Station,Draft & Dust Abatement,142.84,none,0.0,0.0,1.0,Shift B (Evening),161.4,-3.55
2026-08-30 19:00:00,Pneumatic Dense-Phase Conveying Compressor,Pneumatic Conveying Utility,34.07,none,0.0,0.0,0.0,Shift B (Evening),38.4,4.67
2026-08-30 20:00:00,Rotary Calcination Kiln & Precalciner,Pyroprocessing & Clinkerization,97.04,coal,245.16,1838.7,1.0,Shift B (Evening),1472.3,-0.82
2026-08-30 20:00:00,Raw Material Ball Mill #01,Raw Grinding & Homogenization,0.98,none,0.0,0.0,0.0,Shift B (Evening),31.9,0.0
2026-08-30 20:00:00,Vertical Roller Finish Mill (VRM),Finish Grinding & Separation,0.87,none,0.0,0.0,0.0,Shift B (Evening),31.1,0.0
2026-08-30 20:00:00,Recuperative Clinker Grate Cooler,Clinker Cooling,70.58,none,0.0,1868.2,1.0,Shift B (Evening),281.9,0.5
2026-08-30 20:00:00,Primary Limestone Gyratory Crusher,Crushing & Quarry Handling,1.88,none,0.0,0.0,0.0,Shift B (Evening),30.7,0.0
2026-08-30 20:00:00,Kiln Exhaust ID Fan & Baghouse Station,Draft & Dust Abatement,141.85,none,0.0,0.0,1.0,Shift B (Evening),159.1,-3.53
2026-08-30 20:00:00,Pneumatic Dense-Phase Conveying Compressor,Pneumatic Conveying Utility,36.22,none,0.0,0.0,0.0,Shift B (Evening),38.4,4.67
2026-08-30 21:00:00,Rotary Calcination Kiln & Precalciner,Pyroprocessing & Clinkerization,95.46,coal,241.17,1808.7,1.0,Shift B (Evening),1429.9,-0.82
2026-08-30 21:00:00,Raw Material Ball Mill #01,Raw Grinding & Homogenization,1.32,none,0.0,0.0,0.0,Shift B (Evening),31.9,0.0
2026-08-30 21:00:00,Vertical Roller Finish Mill (VRM),Finish Grinding & Separation,1.08,none,0.0,0.0,0.0,Shift B (Evening),31.8,0.0
2026-08-30 21:00:00,Recuperative Clinker Grate Cooler,Clinker Cooling,68.92,none,0.0,1824.4,1.0,Shift B (Evening),277.1,0.51
2026-08-30 21:00:00,Primary Limestone Gyratory Crusher,Crushing & Quarry Handling,1.73,none,0.0,0.0,0.0,Shift B (Evening),31.8,0.0
2026-08-30 21:00:00,Kiln Exhaust ID Fan & Baghouse Station,Draft & Dust Abatement,147.41,none,0.0,0.0,1.0,Shift B (Evening),161.9,-3.42
2026-08-30 21:00:00,Pneumatic Dense-Phase Conveying Compressor,Pneumatic Conveying Utility,34.53,none,0.0,0.0,0.0,Shift B (Evening),38.4,4.67
2026-08-30 22:00:00,Rotary Calcination Kiln & Precalciner,Pyroprocessing & Clinkerization,97.0,coal,245.06,1838.0,1.0,Shift C (Night),1443.6,-0.82
2026-08-30 22:00:00,Raw Material Ball Mill #01,Raw Grinding & Homogenization,0.75,none,0.0,0.0,0.0,Shift C (Night),31.2,0.0
2026-08-30 22:00:00,Vertical Roller Finish Mill (VRM),Finish Grinding & Separation,1.54,none,0.0,0.0,0.0,Shift C (Night),31.8,0.0
2026-08-30 22:00:00,Recuperative Clinker Grate Cooler,Clinker Cooling,69.61,none,0.0,1842.7,1.0,Shift C (Night),276.3,0.49
2026-08-30 22:00:00,Primary Limestone Gyratory Crusher,Crushing & Quarry Handling,1.52,none,0.0,0.0,0.0,Shift C (Night),29.3,0.0
2026-08-30 22:00:00,Kiln Exhaust ID Fan & Baghouse Station,Draft & Dust Abatement,141.05,none,0.0,0.0,1.0,Shift C (Night),159.2,-3.59
2026-08-30 22:00:00,Pneumatic Dense-Phase Conveying Compressor,Pneumatic Conveying Utility,34.93,none,0.0,0.0,0.0,Shift C (Night),38.4,4.67
2026-08-30 23:00:00,Rotary Calcination Kiln & Precalciner,Pyroprocessing & Clinkerization,97.2,coal,245.56,1841.7,1.0,Shift C (Night),1452.7,-0.81
2026-08-30 23:00:00,Raw Material Ball Mill #01,Raw Grinding & Homogenization,0.81,none,0.0,0.0,0.0,Shift C (Night),29.3,0.0
2026-08-30 23:00:00,Vertical Roller Finish Mill (VRM),Finish Grinding & Separation,1.47,none,0.0,0.0,0.0,Shift C (Night),29.2,0.0
2026-08-30 23:00:00,Recuperative Clinker Grate Cooler,Clinker Cooling,70.59,none,0.0,1868.7,1.0,Shift C (Night),282.9,0.5
2026-08-30 23:00:00,Primary Limestone Gyratory Crusher,Crushing & Quarry Handling,0.97,none,0.0,0.0,0.0,Shift C (Night),30.5,0.0
2026-08-30 23:00:00,Kiln Exhaust ID Fan & Baghouse Station,Draft & Dust Abatement,143.58,none,0.0,0.0,1.0,Shift C (Night),159.2,-3.44
2026-08-30 23:00:00,Pneumatic Dense-Phase Conveying Compressor,Pneumatic Conveying Utility,33.87,none,0.0,0.0,0.0,Shift C (Night),38.4,4.67
2026-08-31 00:00:00,Rotary Calcination Kiln & Precalciner,Pyroprocessing & Clinkerization,97.42,coal,246.12,1845.9,1.0,Shift C (Night),1437.2,-0.82
2026-08-31 00:00:00,Raw Material Ball Mill #01,Raw Grinding & Homogenization,0.75,none,0.0,0.0,0.0,Shift C (Night),28.4,0.0
2026-08-31 00:00:00,Vertical Roller Finish Mill (VRM),Finish Grinding & Separation,1.68,none,0.0,0.0,0.0,Shift C (Night),30.1,0.0
2026-08-31 00:00:00,Recuperative Clinker Grate Cooler,Clinker Cooling,69.9,none,0.0,1850.4,1.0,Shift C (Night),284.5,0.5
2026-08-31 00:00:00,Primary Limestone Gyratory Crusher,Crushing & Quarry Handling,0.9,none,0.0,0.0,0.0,Shift C (Night),31.7,0.0
2026-08-31 00:00:00,Kiln Exhaust ID Fan & Baghouse Station,Draft & Dust Abatement,141.38,none,0.0,0.0,1.0,Shift C (Night),163.0,-3.54
2026-08-31 00:00:00,Pneumatic Dense-Phase Conveying Compressor,Pneumatic Conveying Utility,32.72,none,0.0,0.0,0.0,Shift C (Night),38.4,4.67
2026-08-31 01:00:00,Rotary Calcination Kiln & Precalciner,Pyroprocessing & Clinkerization,92.77,coal,234.36,1757.7,1.0,Shift C (Night),1468.9,-0.81
2026-08-31 01:00:00,Raw Material Ball Mill #01,Raw Grinding & Homogenization,0.74,none,0.0,0.0,0.0,Shift C (Night),30.4,0.0
2026-08-31 01:00:00,Vertical Roller Finish Mill (VRM),Finish Grinding & Separation,1.22,none,0.0,0.0,0.0,Shift C (Night),31.8,0.0
2026-08-31 01:00:00,Recuperative Clinker Grate Cooler,Clinker Cooling,67.61,none,0.0,1789.8,1.0,Shift C (Night),277.8,0.49
2026-08-31 01:00:00,Primary Limestone Gyratory Crusher,Crushing & Quarry Handling,1.69,none,0.0,0.0,0.0,Shift C (Night),29.1,0.0
2026-08-31 01:00:00,Kiln Exhaust ID Fan & Baghouse Station,Draft & Dust Abatement,144.96,none,0.0,0.0,1.0,Shift C (Night),157.3,-3.48
2026-08-31 01:00:00,Pneumatic Dense-Phase Conveying Compressor,Pneumatic Conveying Utility,32.67,none,0.0,0.0,0.0,Shift C (Night),38.4,4.67
2026-08-31 02:00:00,Rotary Calcination Kiln & Precalciner,Pyroprocessing & Clinkerization,91.41,coal,230.94,1732.0,1.0,Shift C (Night),1425.3,-0.81
2026-08-31 02:00:00,Raw Material Ball Mill #01,Raw Grinding & Homogenization,0.94,none,0.0,0.0,0.0,Shift C (Night),29.0,0.0
2026-08-31 02:00:00,Vertical Roller Finish Mill (VRM),Finish Grinding & Separation,0.97,none,0.0,0.0,0.0,Shift C (Night),28.2,0.0
2026-08-31 02:00:00,Recuperative Clinker Grate Cooler,Clinker Cooling,65.81,none,0.0,1742.0,1.0,Shift C (Night),276.5,0.49
2026-08-31 02:00:00,Primary Limestone Gyratory Crusher,Crushing & Quarry Handling,0.89,none,0.0,0.0,0.0,Shift C (Night),29.6,0.0
2026-08-31 02:00:00,Kiln Exhaust ID Fan & Baghouse Station,Draft & Dust Abatement,141.47,none,0.0,0.0,1.0,Shift C (Night),160.1,-3.58
2026-08-31 02:00:00,Pneumatic Dense-Phase Conveying Compressor,Pneumatic Conveying Utility,33.97,none,0.0,0.0,0.0,Shift C (Night),38.4,4.67
2026-08-31 03:00:00,Rotary Calcination Kiln & Precalciner,Pyroprocessing & Clinkerization,93.41,coal,235.99,1769.9,1.0,Shift C (Night),1473.7,-0.78
2026-08-31 03:00:00,Raw Material Ball Mill #01,Raw Grinding & Homogenization,1.4,none,0.0,0.0,0.0,Shift C (Night),32.0,0.0
2026-08-31 03:00:00,Vertical Roller Finish Mill (VRM),Finish Grinding & Separation,1.53,none,0.0,0.0,0.0,Shift C (Night),29.9,0.0
2026-08-31 03:00:00,Recuperative Clinker Grate Cooler,Clinker Cooling,65.87,none,0.0,1743.6,1.0,Shift C (Night),280.5,0.51
2026-08-31 03:00:00,Primary Limestone Gyratory Crusher,Crushing & Quarry Handling,1.13,none,0.0,0.0,0.0,Shift C (Night),31.0,0.0
2026-08-31 03:00:00,Kiln Exhaust ID Fan & Baghouse Station,Draft & Dust Abatement,143.53,none,0.0,0.0,1.0,Shift C (Night),159.9,-3.53
2026-08-31 03:00:00,Pneumatic Dense-Phase Conveying Compressor,Pneumatic Conveying Utility,35.45,none,0.0,0.0,0.0,Shift C (Night),38.4,4.67
2026-08-31 04:00:00,Rotary Calcination Kiln & Precalciner,Pyroprocessing & Clinkerization,91.7,coal,231.66,1737.5,1.0,Shift C (Night),1445.1,-0.82
2026-08-31 04:00:00,Raw Material Ball Mill #01,Raw Grinding & Homogenization,1.3,none,0.0,0.0,0.0,Shift C (Night),28.2,0.0
2026-08-31 04:00:00,Vertical Roller Finish Mill (VRM),Finish Grinding & Separation,1.36,none,0.0,0.0,0.0,Shift C (Night),31.4,0.0
2026-08-31 04:00:00,Recuperative Clinker Grate Cooler,Clinker Cooling,67.43,none,0.0,1784.8,1.0,Shift C (Night),275.0,0.49
2026-08-31 04:00:00,Primary Limestone Gyratory Crusher,Crushing & Quarry Handling,1.3,none,0.0,0.0,0.0,Shift C (Night),31.3,0.0
2026-08-31 04:00:00,Kiln Exhaust ID Fan & Baghouse Station,Draft & Dust Abatement,141.78,none,0.0,0.0,1.0,Shift C (Night),158.2,-3.57
2026-08-31 04:00:00,Pneumatic Dense-Phase Conveying Compressor,Pneumatic Conveying Utility,32.81,none,0.0,0.0,0.0,Shift C (Night),38.4,4.67
2026-08-31 05:00:00,Rotary Calcination Kiln & Precalciner,Pyroprocessing & Clinkerization,97.62,coal,246.62,1849.7,1.0,Shift C (Night),1459.0,-0.81
2026-08-31 05:00:00,Raw Material Ball Mill #01,Raw Grinding & Homogenization,0.96,none,0.0,0.0,0.0,Shift C (Night),29.7,0.0
2026-08-31 05:00:00,Vertical Roller Finish Mill (VRM),Finish Grinding & Separation,1.02,none,0.0,0.0,0.0,Shift C (Night),30.4,0.0
2026-08-31 05:00:00,Recuperative Clinker Grate Cooler,Clinker Cooling,65.73,none,0.0,1740.0,1.0,Shift C (Night),274.8,0.51
2026-08-31 05:00:00,Primary Limestone Gyratory Crusher,Crushing & Quarry Handling,1.56,none,0.0,0.0,0.0,Shift C (Night),28.9,0.0
2026-08-31 05:00:00,Kiln Exhaust ID Fan & Baghouse Station,Draft & Dust Abatement,147.11,none,0.0,0.0,1.0,Shift C (Night),159.3,-3.59
2026-08-31 05:00:00,Pneumatic Dense-Phase Conveying Compressor,Pneumatic Conveying Utility,35.98,none,0.0,0.0,0.0,Shift C (Night),38.4,4.67
2026-08-31 06:00:00,Rotary Calcination Kiln & Precalciner,Pyroprocessing & Clinkerization,95.53,coal,241.33,1810.0,1.0,Shift A (Morning),1477.0,-0.81
2026-08-31 06:00:00,Raw Material Ball Mill #01,Raw Grinding & Homogenization,188.71,none,0.0,1224.1,1.0,Shift A (Morning),85.5,0.98
2026-08-31 06:00:00,Vertical Roller Finish Mill (VRM),Finish Grinding & Separation,203.8,none,0.0,1358.6,1.0,Shift A (Morning),93.2,1.54
2026-08-31 06:00:00,Recuperative Clinker Grate Cooler,Clinker Cooling,69.12,none,0.0,1829.5,1.0,Shift A (Morning),281.1,0.51
2026-08-31 06:00:00,Primary Limestone Gyratory Crusher,Crushing & Quarry Handling,82.44,none,0.0,921.4,1.0,Shift A (Morning),34.4,1.02
2026-08-31 06:00:00,Kiln Exhaust ID Fan & Baghouse Station,Draft & Dust Abatement,145.68,none,0.0,0.0,1.0,Shift A (Morning),157.4,-3.48
2026-08-31 06:00:00,Pneumatic Dense-Phase Conveying Compressor,Pneumatic Conveying Utility,75.27,none,0.0,0.0,1.0,Shift A (Morning),48.2,5.49
2026-08-31 07:00:00,Rotary Calcination Kiln & Precalciner,Pyroprocessing & Clinkerization,91.28,coal,230.61,1729.6,1.0,Shift A (Morning),1437.1,-0.78
2026-08-31 07:00:00,Raw Material Ball Mill #01,Raw Grinding & Homogenization,182.52,none,0.0,1183.9,1.0,Shift A (Morning),84.1,1.01
2026-08-31 07:00:00,Vertical Roller Finish Mill (VRM),Finish Grinding & Separation,212.31,none,0.0,1415.4,1.0,Shift A (Morning),91.6,1.47
2026-08-31 07:00:00,Recuperative Clinker Grate Cooler,Clinker Cooling,70.04,none,0.0,1853.9,1.0,Shift A (Morning),285.1,0.5
2026-08-31 07:00:00,Primary Limestone Gyratory Crusher,Crushing & Quarry Handling,81.62,none,0.0,912.3,1.0,Shift A (Morning),34.5,1.0
2026-08-31 07:00:00,Kiln Exhaust ID Fan & Baghouse Station,Draft & Dust Abatement,147.73,none,0.0,0.0,1.0,Shift A (Morning),161.6,-3.51
2026-08-31 07:00:00,Pneumatic Dense-Phase Conveying Compressor,Pneumatic Conveying Utility,75.06,none,0.0,0.0,1.0,Shift A (Morning),47.7,5.43
2026-08-31 08:00:00,Rotary Calcination Kiln & Precalciner,Pyroprocessing & Clinkerization,91.28,coal,230.6,1729.5,1.0,Shift A (Morning),1471.2,-0.82
2026-08-31 08:00:00,Raw Material Ball Mill #01,Raw Grinding & Homogenization,181.03,none,0.0,1174.3,1.0,Shift A (Morning),85.9,0.99
2026-08-31 08:00:00,Vertical Roller Finish Mill (VRM),Finish Grinding & Separation,205.48,none,0.0,1369.8,1.0,Shift A (Morning),92.0,1.48
2026-08-31 08:00:00,Recuperative Clinker Grate Cooler,Clinker Cooling,68.99,none,0.0,1826.3,1.0,Shift A (Morning),281.4,0.49
2026-08-31 08:00:00,Primary Limestone Gyratory Crusher,Crushing & Quarry Handling,84.38,none,0.0,943.0,1.0,Shift A (Morning),34.9,1.02
2026-08-31 08:00:00,Kiln Exhaust ID Fan & Baghouse Station,Draft & Dust Abatement,142.98,none,0.0,0.0,1.0,Shift A (Morning),157.3,-3.46
2026-08-31 08:00:00,Pneumatic Dense-Phase Conveying Compressor,Pneumatic Conveying Utility,77.51,none,0.0,0.0,1.0,Shift A (Morning),47.8,5.41
2026-08-31 09:00:00,Rotary Calcination Kiln & Precalciner,Pyroprocessing & Clinkerization,96.45,coal,243.65,1827.4,1.0,Shift A (Morning),1441.0,-0.78
2026-08-31 09:00:00,Raw Material Ball Mill #01,Raw Grinding & Homogenization,180.01,none,0.0,1167.6,1.0,Shift A (Morning),83.6,0.97
2026-08-31 09:00:00,Vertical Roller Finish Mill (VRM),Finish Grinding & Separation,215.17,none,0.0,1434.5,1.0,Shift A (Morning),90.5,1.54
2026-08-31 09:00:00,Recuperative Clinker Grate Cooler,Clinker Cooling,66.61,none,0.0,1763.2,1.0,Shift A (Morning),275.4,0.49
2026-08-31 09:00:00,Primary Limestone Gyratory Crusher,Crushing & Quarry Handling,85.09,none,0.0,951.0,1.0,Shift A (Morning),35.2,1.01
2026-08-31 09:00:00,Kiln Exhaust ID Fan & Baghouse Station,Draft & Dust Abatement,145.77,none,0.0,0.0,1.0,Shift A (Morning),156.9,-3.44
2026-08-31 09:00:00,Pneumatic Dense-Phase Conveying Compressor,Pneumatic Conveying Utility,76.85,none,0.0,0.0,1.0,Shift A (Morning),48.7,5.48
2026-08-31 10:00:00,Rotary Calcination Kiln & Precalciner,Pyroprocessing & Clinkerization,94.95,coal,239.86,1799.0,1.0,Shift A (Morning),1449.6,-0.82
2026-08-31 10:00:00,Raw Material Ball Mill #01,Raw Grinding & Homogenization,187.95,none,0.0,1219.1,1.0,Shift A (Morning),84.0,0.99
2026-08-31 10:00:00,Vertical Roller Finish Mill (VRM),Finish Grinding & Separation,210.01,none,0.0,1400.0,1.0,Shift A (Morning),93.5,1.54
2026-08-31 10:00:00,Recuperative Clinker Grate Cooler,Clinker Cooling,66.93,none,0.0,1771.7,1.0,Shift A (Morning),275.9,0.51
2026-08-31 10:00:00,Primary Limestone Gyratory Crusher,Crushing & Quarry Handling,86.35,none,0.0,965.1,1.0,Shift A (Morning),34.3,0.98
2026-08-31 10:00:00,Kiln Exhaust ID Fan & Baghouse Station,Draft & Dust Abatement,143.75,none,0.0,0.0,1.0,Shift A (Morning),160.3,-3.44
2026-08-31 10:00:00,Pneumatic Dense-Phase Conveying Compressor,Pneumatic Conveying Utility,75.81,none,0.0,0.0,1.0,Shift A (Morning),48.1,5.44
2026-08-31 11:00:00,Rotary Calcination Kiln & Precalciner,Pyroprocessing & Clinkerization,93.02,coal,234.99,1762.4,1.0,Shift A (Morning),1443.3,-0.79
2026-08-31 11:00:00,Raw Material Ball Mill #01,Raw Grinding & Homogenization,188.79,none,0.0,1224.6,1.0,Shift A (Morning),84.8,1.02
2026-08-31 11:00:00,Vertical Roller Finish Mill (VRM),Finish Grinding & Separation,209.29,none,0.0,1395.2,1.0,Shift A (Morning),93.3,1.49
2026-08-31 11:00:00,Recuperative Clinker Grate Cooler,Clinker Cooling,65.61,none,0.0,1736.7,1.0,Shift A (Morning),278.7,0.49
2026-08-31 11:00:00,Primary Limestone Gyratory Crusher,Crushing & Quarry Handling,83.81,none,0.0,936.7,1.0,Shift A (Morning),35.6,1.02
2026-08-31 11:00:00,Kiln Exhaust ID Fan & Baghouse Station,Draft & Dust Abatement,150.0,none,0.0,0.0,1.0,Shift A (Morning),161.9,-3.49
2026-08-31 11:00:00,Pneumatic Dense-Phase Conveying Compressor,Pneumatic Conveying Utility,75.81,none,0.0,0.0,1.0,Shift A (Morning),48.7,5.61
2026-08-31 12:00:00,Rotary Calcination Kiln & Precalciner,Pyroprocessing & Clinkerization,96.06,coal,242.67,1820.0,1.0,Shift A (Morning),1448.4,-0.79
2026-08-31 12:00:00,Raw Material Ball Mill #01,Raw Grinding & Homogenization,180.97,none,0.0,1173.9,1.0,Shift A (Morning),83.9,1.0
2026-08-31 12:00:00,Vertical Roller Finish Mill (VRM),Finish Grinding & Separation,208.66,none,0.0,1391.1,1.0,Shift A (Morning),93.2,1.52
2026-08-31 12:00:00,Recuperative Clinker Grate Cooler,Clinker Cooling,67.09,none,0.0,1776.0,1.0,Shift A (Morning),282.9,0.5
2026-08-31 12:00:00,Primary Limestone Gyratory Crusher,Crushing & Quarry Handling,88.26,none,0.0,986.5,1.0,Shift A (Morning),35.7,0.99
2026-08-31 12:00:00,Kiln Exhaust ID Fan & Baghouse Station,Draft & Dust Abatement,148.24,none,0.0,0.0,1.0,Shift A (Morning),158.7,-3.45
2026-08-31 12:00:00,Pneumatic Dense-Phase Conveying Compressor,Pneumatic Conveying Utility,75.2,none,0.0,0.0,1.0,Shift A (Morning),47.1,5.44
2026-08-31 13:00:00,Rotary Calcination Kiln & Precalciner,Pyroprocessing & Clinkerization,97.84,coal,247.17,1853.7,1.0,Shift A (Morning),1446.4,-0.81
2026-08-31 13:00:00,Raw Material Ball Mill #01,Raw Grinding & Homogenization,190.09,none,0.0,1233.0,1.0,Shift A (Morning),85.1,1.03
2026-08-31 13:00:00,Vertical Roller Finish Mill (VRM),Finish Grinding & Separation,208.1,none,0.0,1387.3,1.0,Shift A (Morning),93.3,1.53
2026-08-31 13:00:00,Recuperative Clinker Grate Cooler,Clinker Cooling,66.16,none,0.0,1751.4,1.0,Shift A (Morning),275.0,0.5
2026-08-31 13:00:00,Primary Limestone Gyratory Crusher,Crushing & Quarry Handling,87.37,none,0.0,976.5,1.0,Shift A (Morning),35.5,0.99
2026-08-31 13:00:00,Kiln Exhaust ID Fan & Baghouse Station,Draft & Dust Abatement,145.92,none,0.0,0.0,1.0,Shift A (Morning),162.5,-3.56
2026-08-31 13:00:00,Pneumatic Dense-Phase Conveying Compressor,Pneumatic Conveying Utility,74.48,none,0.0,0.0,1.0,Shift A (Morning),47.3,5.37
2026-08-31 14:00:00,Rotary Calcination Kiln & Precalciner,Pyroprocessing & Clinkerization,94.88,coal,239.7,1797.7,1.0,Shift B (Evening),1478.6,-0.8
2026-08-31 14:00:00,Raw Material Ball Mill #01,Raw Grinding & Homogenization,182.14,none,0.0,1181.4,1.0,Shift B (Evening),84.8,0.99
2026-08-31 14:00:00,Vertical Roller Finish Mill (VRM),Finish Grinding & Separation,214.09,none,0.0,1427.2,1.0,Shift B (Evening),91.7,1.5
2026-08-31 14:00:00,Recuperative Clinker Grate Cooler,Clinker Cooling,68.06,none,0.0,1801.7,1.0,Shift B (Evening),283.3,0.49
2026-08-31 14:00:00,Primary Limestone Gyratory Crusher,Crushing & Quarry Handling,84.23,none,0.0,941.4,1.0,Shift B (Evening),35.1,0.99
2026-08-31 14:00:00,Kiln Exhaust ID Fan & Baghouse Station,Draft & Dust Abatement,143.12,none,0.0,0.0,1.0,Shift B (Evening),162.8,-3.54
2026-08-31 14:00:00,Pneumatic Dense-Phase Conveying Compressor,Pneumatic Conveying Utility,76.55,none,0.0,0.0,1.0,Shift B (Evening),48.2,5.54
2026-08-31 15:00:00,Rotary Calcination Kiln & Precalciner,Pyroprocessing & Clinkerization,93.16,coal,235.35,1765.1,1.0,Shift B (Evening),1460.7,-0.8
2026-08-31 15:00:00,Raw Material Ball Mill #01,Raw Grinding & Homogenization,182.76,none,0.0,1185.5,1.0,Shift B (Evening),84.7,1.02
2026-08-31 15:00:00,Vertical Roller Finish Mill (VRM),Finish Grinding & Separation,207.97,none,0.0,1386.4,1.0,Shift B (Evening),92.3,1.51
2026-08-31 15:00:00,Recuperative Clinker Grate Cooler,Clinker Cooling,70.3,none,0.0,1860.8,1.0,Shift B (Evening),285.1,0.51
2026-08-31 15:00:00,Primary Limestone Gyratory Crusher,Crushing & Quarry Handling,84.37,none,0.0,943.0,1.0,Shift B (Evening),34.6,0.98
2026-08-31 15:00:00,Kiln Exhaust ID Fan & Baghouse Station,Draft & Dust Abatement,143.95,none,0.0,0.0,1.0,Shift B (Evening),160.3,-3.4
2026-08-31 15:00:00,Pneumatic Dense-Phase Conveying Compressor,Pneumatic Conveying Utility,76.61,none,0.0,0.0,1.0,Shift B (Evening),47.9,5.48
2026-08-31 16:00:00,Rotary Calcination Kiln & Precalciner,Pyroprocessing & Clinkerization,94.67,coal,239.16,1793.7,1.0,Shift B (Evening),1455.6,-0.8
2026-08-31 16:00:00,Raw Material Ball Mill #01,Raw Grinding & Homogenization,188.8,none,0.0,1224.7,1.0,Shift B (Evening),84.0,1.0
2026-08-31 16:00:00,Vertical Roller Finish Mill (VRM),Finish Grinding & Separation,215.47,none,0.0,1436.4,1.0,Shift B (Evening),90.7,1.48
2026-08-31 16:00:00,Recuperative Clinker Grate Cooler,Clinker Cooling,67.83,none,0.0,1795.5,1.0,Shift B (Evening),276.5,0.51
2026-08-31 16:00:00,Primary Limestone Gyratory Crusher,Crushing & Quarry Handling,86.76,none,0.0,969.7,1.0,Shift B (Evening),34.9,1.01
2026-08-31 16:00:00,Kiln Exhaust ID Fan & Baghouse Station,Draft & Dust Abatement,140.19,none,0.0,0.0,1.0,Shift B (Evening),162.9,-3.55
2026-08-31 16:00:00,Pneumatic Dense-Phase Conveying Compressor,Pneumatic Conveying Utility,77.93,none,0.0,0.0,1.0,Shift B (Evening),47.3,5.52
2026-08-31 17:00:00,Rotary Calcination Kiln & Precalciner,Pyroprocessing & Clinkerization,94.39,coal,238.45,1788.4,1.0,Shift B (Evening),1431.9,-0.81
2026-08-31 17:00:00,Raw Material Ball Mill #01,Raw Grinding & Homogenization,183.62,none,0.0,1191.1,1.0,Shift B (Evening),86.6,1.01
2026-08-31 17:00:00,Vertical Roller Finish Mill (VRM),Finish Grinding & Separation,204.42,none,0.0,1362.8,1.0,Shift B (Evening),90.9,1.48
2026-08-31 17:00:00,Recuperative Clinker Grate Cooler,Clinker Cooling,69.0,none,0.0,1826.6,1.0,Shift B (Evening),283.1,0.49
2026-08-31 17:00:00,Primary Limestone Gyratory Crusher,Crushing & Quarry Handling,82.57,none,0.0,922.9,1.0,Shift B (Evening),35.2,1.03
2026-08-31 17:00:00,Kiln Exhaust ID Fan & Baghouse Station,Draft & Dust Abatement,142.13,none,0.0,0.0,1.0,Shift B (Evening),159.2,-3.56
2026-08-31 17:00:00,Pneumatic Dense-Phase Conveying Compressor,Pneumatic Conveying Utility,76.89,none,0.0,0.0,1.0,Shift B (Evening),48.7,5.61
2026-08-31 18:00:00,Rotary Calcination Kiln & Precalciner,Pyroprocessing & Clinkerization,98.43,coal,248.68,1865.1,1.0,Shift B (Evening),1442.9,-0.82
2026-08-31 18:00:00,Raw Material Ball Mill #01,Raw Grinding & Homogenization,181.43,none,0.0,1176.8,1.0,Shift B (Evening),84.1,1.03
2026-08-31 18:00:00,Vertical Roller Finish Mill (VRM),Finish Grinding & Separation,208.3,none,0.0,1388.7,1.0,Shift B (Evening),91.4,1.47
2026-08-31 18:00:00,Recuperative Clinker Grate Cooler,Clinker Cooling,67.14,none,0.0,1777.1,1.0,Shift B (Evening),280.4,0.5
2026-08-31 18:00:00,Primary Limestone Gyratory Crusher,Crushing & Quarry Handling,86.89,none,0.0,971.2,1.0,Shift B (Evening),35.1,0.98
2026-08-31 18:00:00,Kiln Exhaust ID Fan & Baghouse Station,Draft & Dust Abatement,145.07,none,0.0,0.0,1.0,Shift B (Evening),158.4,-3.55
2026-08-31 18:00:00,Pneumatic Dense-Phase Conveying Compressor,Pneumatic Conveying Utility,72.29,none,0.0,0.0,1.0,Shift B (Evening),48.5,5.62
2026-08-31 19:00:00,Rotary Calcination Kiln & Precalciner,Pyroprocessing & Clinkerization,93.21,coal,235.49,1766.1,1.0,Shift B (Evening),1451.8,-0.82
2026-08-31 19:00:00,Raw Material Ball Mill #01,Raw Grinding & Homogenization,182.58,none,0.0,1184.3,1.0,Shift B (Evening),85.1,1.02
2026-08-31 19:00:00,Vertical Roller Finish Mill (VRM),Finish Grinding & Separation,207.32,none,0.0,1382.2,1.0,Shift B (Evening),90.6,1.54
2026-08-31 19:00:00,Recuperative Clinker Grate Cooler,Clinker Cooling,68.72,none,0.0,1819.0,1.0,Shift B (Evening),283.0,0.5
2026-08-31 19:00:00,Primary Limestone Gyratory Crusher,Crushing & Quarry Handling,81.67,none,0.0,912.7,1.0,Shift B (Evening),34.5,0.99
2026-08-31 19:00:00,Kiln Exhaust ID Fan & Baghouse Station,Draft & Dust Abatement,142.81,none,0.0,0.0,1.0,Shift B (Evening),157.7,-3.56
2026-08-31 19:00:00,Pneumatic Dense-Phase Conveying Compressor,Pneumatic Conveying Utility,73.94,none,0.0,0.0,1.0,Shift B (Evening),48.9,5.47
2026-08-31 20:00:00,Rotary Calcination Kiln & Precalciner,Pyroprocessing & Clinkerization,98.75,coal,249.47,1871.0,1.0,Shift B (Evening),1477.3,-0.79
2026-08-31 20:00:00,Raw Material Ball Mill #01,Raw Grinding & Homogenization,189.45,none,0.0,1228.9,1.0,Shift B (Evening),84.9,1.02
2026-08-31 20:00:00,Vertical Roller Finish Mill (VRM),Finish Grinding & Separation,217.58,none,0.0,1450.5,1.0,Shift B (Evening),92.2,1.51
2026-08-31 20:00:00,Recuperative Clinker Grate Cooler,Clinker Cooling,67.71,none,0.0,1792.3,1.0,Shift B (Evening),278.8,0.51
2026-08-31 20:00:00,Primary Limestone Gyratory Crusher,Crushing & Quarry Handling,81.89,none,0.0,915.2,1.0,Shift B (Evening),35.3,1.03
2026-08-31 20:00:00,Kiln Exhaust ID Fan & Baghouse Station,Draft & Dust Abatement,141.16,none,0.0,0.0,1.0,Shift B (Evening),158.4,-3.41
2026-08-31 20:00:00,Pneumatic Dense-Phase Conveying Compressor,Pneumatic Conveying Utility,74.88,none,0.0,0.0,1.0,Shift B (Evening),48.8,5.37
2026-08-31 21:00:00,Rotary Calcination Kiln & Precalciner,Pyroprocessing & Clinkerization,98.56,coal,249.0,1867.5,1.0,Shift B (Evening),1473.4,-0.8
2026-08-31 21:00:00,Raw Material Ball Mill #01,Raw Grinding & Homogenization,191.87,none,0.0,1244.6,1.0,Shift B (Evening),86.4,1.03
2026-08-31 21:00:00,Vertical Roller Finish Mill (VRM),Finish Grinding & Separation,214.63,none,0.0,1430.9,1.0,Shift B (Evening),92.6,1.5
2026-08-31 21:00:00,Recuperative Clinker Grate Cooler,Clinker Cooling,67.85,none,0.0,1796.0,1.0,Shift B (Evening),280.3,0.5
2026-08-31 21:00:00,Primary Limestone Gyratory Crusher,Crushing & Quarry Handling,87.85,none,0.0,981.9,1.0,Shift B (Evening),35.0,0.98
2026-08-31 21:00:00,Kiln Exhaust ID Fan & Baghouse Station,Draft & Dust Abatement,148.45,none,0.0,0.0,1.0,Shift B (Evening),157.3,-3.56
2026-08-31 21:00:00,Pneumatic Dense-Phase Conveying Compressor,Pneumatic Conveying Utility,76.83,none,0.0,0.0,1.0,Shift B (Evening),48.1,5.6
2026-08-31 22:00:00,Rotary Calcination Kiln & Precalciner,Pyroprocessing & Clinkerization,92.52,coal,233.73,1753.0,1.0,Shift C (Night),1468.4,-0.8
2026-08-31 22:00:00,Raw Material Ball Mill #01,Raw Grinding & Homogenization,187.46,none,0.0,1216.0,1.0,Shift C (Night),84.6,0.99
2026-08-31 22:00:00,Vertical Roller Finish Mill (VRM),Finish Grinding & Separation,208.78,none,0.0,1391.8,1.0,Shift C (Night),91.0,1.52
2026-08-31 22:00:00,Recuperative Clinker Grate Cooler,Clinker Cooling,68.23,none,0.0,1806.0,1.0,Shift C (Night),280.1,0.5
2026-08-31 22:00:00,Primary Limestone Gyratory Crusher,Crushing & Quarry Handling,81.73,none,0.0,913.5,1.0,Shift C (Night),34.4,0.97
2026-08-31 22:00:00,Kiln Exhaust ID Fan & Baghouse Station,Draft & Dust Abatement,145.31,none,0.0,0.0,1.0,Shift C (Night),158.8,-3.54
2026-08-31 22:00:00,Pneumatic Dense-Phase Conveying Compressor,Pneumatic Conveying Utility,72.9,none,0.0,0.0,1.0,Shift C (Night),47.1,5.56
2026-08-31 23:00:00,Rotary Calcination Kiln & Precalciner,Pyroprocessing & Clinkerization,96.75,coal,244.43,1833.2,1.0,Shift C (Night),1459.1,-0.78
2026-08-31 23:00:00,Raw Material Ball Mill #01,Raw Grinding & Homogenization,188.3,none,0.0,1221.4,1.0,Shift C (Night),85.0,0.99
2026-08-31 23:00:00,Vertical Roller Finish Mill (VRM),Finish Grinding & Separation,217.51,none,0.0,1450.1,1.0,Shift C (Night),90.4,1.48
2026-08-31 23:00:00,Recuperative Clinker Grate Cooler,Clinker Cooling,67.99,none,0.0,1799.8,1.0,Shift C (Night),275.9,0.51
2026-08-31 23:00:00,Primary Limestone Gyratory Crusher,Crushing & Quarry Handling,0.7,none,0.0,0.0,0.0,Shift C (Night),31.5,0.0
2026-08-31 23:00:00,Kiln Exhaust ID Fan & Baghouse Station,Draft & Dust Abatement,142.32,none,0.0,0.0,1.0,Shift C (Night),159.5,-3.58
2026-08-31 23:00:00,Pneumatic Dense-Phase Conveying Compressor,Pneumatic Conveying Utility,33.6,none,0.0,0.0,0.0,Shift C (Night),38.4,4.67
2026-09-01 00:00:00,Rotary Calcination Kiln & Precalciner,Pyroprocessing & Clinkerization,96.82,coal,244.6,1834.5,1.0,Shift C (Night),1466.2,-0.79
2026-09-01 00:00:00,Raw Material Ball Mill #01,Raw Grinding & Homogenization,1.17,none,0.0,0.0,0.0,Shift C (Night),30.7,0.0
2026-09-01 00:00:00,Vertical Roller Finish Mill (VRM),Finish Grinding & Separation,1.23,none,0.0,0.0,0.0,Shift C (Night),29.1,0.0
2026-09-01 00:00:00,Recuperative Clinker Grate Cooler,Clinker Cooling,69.77,none,0.0,1846.8,1.0,Shift C (Night),277.0,0.51
2026-09-01 00:00:00,Primary Limestone Gyratory Crusher,Crushing & Quarry Handling,0.68,none,0.0,0.0,0.0,Shift C (Night),30.1,0.0
2026-09-01 00:00:00,Kiln Exhaust ID Fan & Baghouse Station,Draft & Dust Abatement,148.1,none,0.0,0.0,1.0,Shift C (Night),158.7,-3.51
2026-09-01 00:00:00,Pneumatic Dense-Phase Conveying Compressor,Pneumatic Conveying Utility,36.69,none,0.0,0.0,0.0,Shift C (Night),38.4,4.67
2026-09-01 01:00:00,Rotary Calcination Kiln & Precalciner,Pyroprocessing & Clinkerization,92.63,coal,234.02,1755.2,1.0,Shift C (Night),1421.8,-0.82
2026-09-01 01:00:00,Raw Material Ball Mill #01,Raw Grinding & Homogenization,1.31,none,0.0,0.0,0.0,Shift C (Night),30.0,0.0
2026-09-01 01:00:00,Vertical Roller Finish Mill (VRM),Finish Grinding & Separation,1.86,none,0.0,0.0,0.0,Shift C (Night),30.8,0.0
2026-09-01 01:00:00,Recuperative Clinker Grate Cooler,Clinker Cooling,66.46,none,0.0,1759.1,1.0,Shift C (Night),280.4,0.5
2026-09-01 01:00:00,Primary Limestone Gyratory Crusher,Crushing & Quarry Handling,1.2,none,0.0,0.0,0.0,Shift C (Night),31.2,0.0
2026-09-01 01:00:00,Kiln Exhaust ID Fan & Baghouse Station,Draft & Dust Abatement,149.23,none,0.0,0.0,1.0,Shift C (Night),158.9,-3.6
2026-09-01 01:00:00,Pneumatic Dense-Phase Conveying Compressor,Pneumatic Conveying Utility,32.77,none,0.0,0.0,0.0,Shift C (Night),38.4,4.67
2026-09-01 02:00:00,Rotary Calcination Kiln & Precalciner,Pyroprocessing & Clinkerization,92.22,coal,232.98,1747.4,1.0,Shift C (Night),1449.2,-0.79
2026-09-01 02:00:00,Raw Material Ball Mill #01,Raw Grinding & Homogenization,1.53,none,0.0,0.0,0.0,Shift C (Night),29.4,0.0
2026-09-01 02:00:00,Vertical Roller Finish Mill (VRM),Finish Grinding & Separation,1.59,none,0.0,0.0,0.0,Shift C (Night),30.5,0.0
2026-09-01 02:00:00,Recuperative Clinker Grate Cooler,Clinker Cooling,67.78,none,0.0,1794.3,1.0,Shift C (Night),275.5,0.49
2026-09-01 02:00:00,Primary Limestone Gyratory Crusher,Crushing & Quarry Handling,0.75,none,0.0,0.0,0.0,Shift C (Night),29.7,0.0
2026-09-01 02:00:00,Kiln Exhaust ID Fan & Baghouse Station,Draft & Dust Abatement,146.27,none,0.0,0.0,1.0,Shift C (Night),162.2,-3.5
2026-09-01 02:00:00,Pneumatic Dense-Phase Conveying Compressor,Pneumatic Conveying Utility,32.66,none,0.0,0.0,0.0,Shift C (Night),38.4,4.67
2026-09-01 03:00:00,Rotary Calcination Kiln & Precalciner,Pyroprocessing & Clinkerization,95.89,coal,242.25,1816.9,1.0,Shift C (Night),1441.3,-0.8
2026-09-01 03:00:00,Raw Material Ball Mill #01,Raw Grinding & Homogenization,0.66,none,0.0,0.0,0.0,Shift C (Night),31.4,0.0
2026-09-01 03:00:00,Vertical Roller Finish Mill (VRM),Finish Grinding & Separation,0.82,none,0.0,0.0,0.0,Shift C (Night),30.9,0.0
2026-09-01 03:00:00,Recuperative Clinker Grate Cooler,Clinker Cooling,67.2,none,0.0,1778.8,1.0,Shift C (Night),277.1,0.51
2026-09-01 03:00:00,Primary Limestone Gyratory Crusher,Crushing & Quarry Handling,1.96,none,0.0,0.0,0.0,Shift C (Night),29.8,0.0
2026-09-01 03:00:00,Kiln Exhaust ID Fan & Baghouse Station,Draft & Dust Abatement,139.24,none,0.0,0.0,1.0,Shift C (Night),158.5,-3.53
2026-09-01 03:00:00,Pneumatic Dense-Phase Conveying Compressor,Pneumatic Conveying Utility,32.99,none,0.0,0.0,0.0,Shift C (Night),38.4,4.67
2026-09-01 04:00:00,Rotary Calcination Kiln & Precalciner,Pyroprocessing & Clinkerization,94.82,coal,239.55,1796.6,1.0,Shift C (Night),1440.7,-0.78
2026-09-01 04:00:00,Raw Material Ball Mill #01,Raw Grinding & Homogenization,1.87,none,0.0,0.0,0.0,Shift C (Night),29.4,0.0
2026-09-01 04:00:00,Vertical Roller Finish Mill (VRM),Finish Grinding & Separation,1.95,none,0.0,0.0,0.0,Shift C (Night),30.5,0.0
2026-09-01 04:00:00,Recuperative Clinker Grate Cooler,Clinker Cooling,67.3,none,0.0,1781.6,1.0,Shift C (Night),278.0,0.49
2026-09-01 04:00:00,Primary Limestone Gyratory Crusher,Crushing & Quarry Handling,1.2,none,0.0,0.0,0.0,Shift C (Night),28.8,0.0
2026-09-01 04:00:00,Kiln Exhaust ID Fan & Baghouse Station,Draft & Dust Abatement,146.21,none,0.0,0.0,1.0,Shift C (Night),159.6,-3.45
2026-09-01 04:00:00,Pneumatic Dense-Phase Conveying Compressor,Pneumatic Conveying Utility,32.82,none,0.0,0.0,0.0,Shift C (Night),38.4,4.67
2026-09-01 05:00:00,Rotary Calcination Kiln & Precalciner,Pyroprocessing & Clinkerization,91.35,coal,230.77,1730.8,1.0,Shift C (Night),1466.7,-0.79
2026-09-01 05:00:00,Raw Material Ball Mill #01,Raw Grinding & Homogenization,1.91,none,0.0,0.0,0.0,Shift C (Night),29.2,0.0
2026-09-01 05:00:00,Vertical Roller Finish Mill (VRM),Finish Grinding & Separation,1.8,none,0.0,0.0,0.0,Shift C (Night),32.0,0.0
2026-09-01 05:00:00,Recuperative Clinker Grate Cooler,Clinker Cooling,70.52,none,0.0,1866.7,1.0,Shift C (Night),284.6,0.49
2026-09-01 05:00:00,Primary Limestone Gyratory Crusher,Crushing & Quarry Handling,1.73,none,0.0,0.0,0.0,Shift C (Night),31.3,0.0
2026-09-01 05:00:00,Kiln Exhaust ID Fan & Baghouse Station,Draft & Dust Abatement,145.96,none,0.0,0.0,1.0,Shift C (Night),157.8,-3.42
2026-09-01 05:00:00,Pneumatic Dense-Phase Conveying Compressor,Pneumatic Conveying Utility,35.01,none,0.0,0.0,0.0,Shift C (Night),38.4,4.67
2026-09-01 06:00:00,Rotary Calcination Kiln & Precalciner,Pyroprocessing & Clinkerization,95.13,coal,240.33,1802.5,1.0,Shift A (Morning),1452.6,-0.81
2026-09-01 06:00:00,Raw Material Ball Mill #01,Raw Grinding & Homogenization,180.23,none,0.0,1169.1,1.0,Shift A (Morning),85.5,1.03
2026-09-01 06:00:00,Vertical Roller Finish Mill (VRM),Finish Grinding & Separation,217.86,none,0.0,1452.4,1.0,Shift A (Morning),93.5,1.52
2026-09-01 06:00:00,Recuperative Clinker Grate Cooler,Clinker Cooling,66.56,none,0.0,1761.9,1.0,Shift A (Morning),284.7,0.5
2026-09-01 06:00:00,Primary Limestone Gyratory Crusher,Crushing & Quarry Handling,86.97,none,0.0,972.0,1.0,Shift A (Morning),35.0,1.02
2026-09-01 06:00:00,Kiln Exhaust ID Fan & Baghouse Station,Draft & Dust Abatement,142.19,none,0.0,0.0,1.0,Shift A (Morning),158.0,-3.46
2026-09-01 06:00:00,Pneumatic Dense-Phase Conveying Compressor,Pneumatic Conveying Utility,75.78,none,0.0,0.0,1.0,Shift A (Morning),47.7,5.44
2026-09-01 07:00:00,Rotary Calcination Kiln & Precalciner,Pyroprocessing & Clinkerization,98.02,coal,247.62,1857.1,1.0,Shift A (Morning),1451.1,-0.78
2026-09-01 07:00:00,Raw Material Ball Mill #01,Raw Grinding & Homogenization,192.02,none,0.0,1245.6,1.0,Shift A (Morning),84.6,1.0
2026-09-01 07:00:00,Vertical Roller Finish Mill (VRM),Finish Grinding & Separation,207.27,none,0.0,1381.8,1.0,Shift A (Morning),91.7,1.52
2026-09-01 07:00:00,Recuperative Clinker Grate Cooler,Clinker Cooling,66.95,none,0.0,1772.3,1.0,Shift A (Morning),284.4,0.51
2026-09-01 07:00:00,Primary Limestone Gyratory Crusher,Crushing & Quarry Handling,86.0,none,0.0,961.2,1.0,Shift A (Morning),35.5,1.01
2026-09-01 07:00:00,Kiln Exhaust ID Fan & Baghouse Station,Draft & Dust Abatement,145.83,none,0.0,0.0,1.0,Shift A (Morning),161.7,-3.44
2026-09-01 07:00:00,Pneumatic Dense-Phase Conveying Compressor,Pneumatic Conveying Utility,77.57,none,0.0,0.0,1.0,Shift A (Morning),48.3,5.55
2026-09-01 08:00:00,Rotary Calcination Kiln & Precalciner,Pyroprocessing & Clinkerization,92.15,coal,232.81,1746.1,1.0,Shift A (Morning),1448.3,-0.82
2026-09-01 08:00:00,Raw Material Ball Mill #01,Raw Grinding & Homogenization,191.82,none,0.0,1244.3,1.0,Shift A (Morning),85.4,1.01
2026-09-01 08:00:00,Vertical Roller Finish Mill (VRM),Finish Grinding & Separation,211.14,none,0.0,1407.6,1.0,Shift A (Morning),90.2,1.46
2026-09-01 08:00:00,Recuperative Clinker Grate Cooler,Clinker Cooling,69.08,none,0.0,1828.7,1.0,Shift A (Morning),279.8,0.5
2026-09-01 08:00:00,Primary Limestone Gyratory Crusher,Crushing & Quarry Handling,82.47,none,0.0,921.7,1.0,Shift A (Morning),35.5,0.99
2026-09-01 08:00:00,Kiln Exhaust ID Fan & Baghouse Station,Draft & Dust Abatement,147.26,none,0.0,0.0,1.0,Shift A (Morning),163.0,-3.57
2026-09-01 08:00:00,Pneumatic Dense-Phase Conveying Compressor,Pneumatic Conveying Utility,72.76,none,0.0,0.0,1.0,Shift A (Morning),47.5,5.39
2026-09-01 09:00:00,Rotary Calcination Kiln & Precalciner,Pyroprocessing & Clinkerization,91.45,coal,231.03,1732.8,1.0,Shift A (Morning),1444.9,-0.8
2026-09-01 09:00:00,Raw Material Ball Mill #01,Raw Grinding & Homogenization,178.39,none,0.0,1157.1,1.0,Shift A (Morning),85.9,1.01
2026-09-01 09:00:00,Vertical Roller Finish Mill (VRM),Finish Grinding & Separation,206.11,none,0.0,1374.1,1.0,Shift A (Morning),93.2,1.54
2026-09-01 09:00:00,Recuperative Clinker Grate Cooler,Clinker Cooling,70.24,none,0.0,1859.4,1.0,Shift A (Morning),282.0,0.49
2026-09-01 09:00:00,Primary Limestone Gyratory Crusher,Crushing & Quarry Handling,83.24,none,0.0,930.4,1.0,Shift A (Morning),35.6,0.98
2026-09-01 09:00:00,Kiln Exhaust ID Fan & Baghouse Station,Draft & Dust Abatement,144.54,none,0.0,0.0,1.0,Shift A (Morning),162.0,-3.48
2026-09-01 09:00:00,Pneumatic Dense-Phase Conveying Compressor,Pneumatic Conveying Utility,77.47,none,0.0,0.0,1.0,Shift A (Morning),47.5,5.65
2026-09-01 10:00:00,Rotary Calcination Kiln & Precalciner,Pyroprocessing & Clinkerization,93.69,coal,236.7,1775.3,1.0,Shift A (Morning),1454.2,-0.81
2026-09-01 10:00:00,Raw Material Ball Mill #01,Raw Grinding & Homogenization,190.61,none,0.0,1236.4,1.0,Shift A (Morning),85.5,1.0
2026-09-01 10:00:00,Vertical Roller Finish Mill (VRM),Finish Grinding & Separation,203.71,none,0.0,1358.1,1.0,Shift A (Morning),92.4,1.48
2026-09-01 10:00:00,Recuperative Clinker Grate Cooler,Clinker Cooling,70.61,none,0.0,1869.0,1.0,Shift A (Morning),281.2,0.51
2026-09-01 10:00:00,Primary Limestone Gyratory Crusher,Crushing & Quarry Handling,83.46,none,0.0,932.7,1.0,Shift A (Morning),35.4,0.98
2026-09-01 10:00:00,Kiln Exhaust ID Fan & Baghouse Station,Draft & Dust Abatement,145.87,none,0.0,0.0,1.0,Shift A (Morning),160.9,-3.57
2026-09-01 10:00:00,Pneumatic Dense-Phase Conveying Compressor,Pneumatic Conveying Utility,77.78,none,0.0,0.0,1.0,Shift A (Morning),48.3,5.44
2026-09-01 11:00:00,Rotary Calcination Kiln & Precalciner,Pyroprocessing & Clinkerization,94.37,coal,238.41,1788.1,1.0,Shift A (Morning),1445.1,-0.81
2026-09-01 11:00:00,Raw Material Ball Mill #01,Raw Grinding & Homogenization,189.26,none,0.0,1227.6,1.0,Shift A (Morning),86.0,0.97
2026-09-01 11:00:00,Vertical Roller Finish Mill (VRM),Finish Grinding & Separation,207.53,none,0.0,1383.5,1.0,Shift A (Morning),93.3,1.46
2026-09-01 11:00:00,Recuperative Clinker Grate Cooler,Clinker Cooling,66.2,none,0.0,1752.3,1.0,Shift A (Morning),279.2,0.51
2026-09-01 11:00:00,Primary Limestone Gyratory Crusher,Crushing & Quarry Handling,86.64,none,0.0,968.4,1.0,Shift A (Morning),35.0,1.02
2026-09-01 11:00:00,Kiln Exhaust ID Fan & Baghouse Station,Draft & Dust Abatement,143.87,none,0.0,0.0,1.0,Shift A (Morning),156.9,-3.55
2026-09-01 11:00:00,Pneumatic Dense-Phase Conveying Compressor,Pneumatic Conveying Utility,72.86,none,0.0,0.0,1.0,Shift A (Morning),48.1,5.52
2026-09-01 12:00:00,Rotary Calcination Kiln & Precalciner,Pyroprocessing & Clinkerization,96.54,coal,243.9,1829.3,1.0,Shift A (Morning),1457.9,-0.8
2026-09-01 12:00:00,Raw Material Ball Mill #01,Raw Grinding & Homogenization,190.07,none,0.0,1232.9,1.0,Shift A (Morning),84.7,1.02
2026-09-01 12:00:00,Vertical Roller Finish Mill (VRM),Finish Grinding & Separation,212.43,none,0.0,1416.2,1.0,Shift A (Morning),91.3,1.5
2026-09-01 12:00:00,Recuperative Clinker Grate Cooler,Clinker Cooling,67.94,none,0.0,1798.4,1.0,Shift A (Morning),283.8,0.51
2026-09-01 12:00:00,Primary Limestone Gyratory Crusher,Crushing & Quarry Handling,83.76,none,0.0,936.2,1.0,Shift A (Morning),35.2,0.97
2026-09-01 12:00:00,Kiln Exhaust ID Fan & Baghouse Station,Draft & Dust Abatement,149.88,none,0.0,0.0,1.0,Shift A (Morning),157.9,-3.45
2026-09-01 12:00:00,Pneumatic Dense-Phase Conveying Compressor,Pneumatic Conveying Utility,74.4,none,0.0,0.0,1.0,Shift A (Morning),48.0,5.38
2026-09-01 13:00:00,Rotary Calcination Kiln & Precalciner,Pyroprocessing & Clinkerization,96.56,coal,243.94,1829.6,1.0,Shift A (Morning),1424.5,-0.8
2026-09-01 13:00:00,Raw Material Ball Mill #01,Raw Grinding & Homogenization,191.67,none,0.0,1243.2,1.0,Shift A (Morning),86.1,0.99
2026-09-01 13:00:00,Vertical Roller Finish Mill (VRM),Finish Grinding & Separation,211.19,none,0.0,1407.9,1.0,Shift A (Morning),92.4,1.48
2026-09-01 13:00:00,Recuperative Clinker Grate Cooler,Clinker Cooling,66.54,none,0.0,1761.3,1.0,Shift A (Morning),280.8,0.5
2026-09-01 13:00:00,Primary Limestone Gyratory Crusher,Crushing & Quarry Handling,83.48,none,0.0,933.1,1.0,Shift A (Morning),35.5,1.01
2026-09-01 13:00:00,Kiln Exhaust ID Fan & Baghouse Station,Draft & Dust Abatement,146.99,none,0.0,0.0,1.0,Shift A (Morning),162.3,-3.56
2026-09-01 13:00:00,Pneumatic Dense-Phase Conveying Compressor,Pneumatic Conveying Utility,76.13,none,0.0,0.0,1.0,Shift A (Morning),47.4,5.49
2026-09-01 14:00:00,Rotary Calcination Kiln & Precalciner,Pyroprocessing & Clinkerization,96.47,coal,243.72,1827.9,1.0,Shift B (Evening),1440.4,-0.79
2026-09-01 14:00:00,Raw Material Ball Mill #01,Raw Grinding & Homogenization,189.84,none,0.0,1231.4,1.0,Shift B (Evening),86.1,0.98
2026-09-01 14:00:00,Vertical Roller Finish Mill (VRM),Finish Grinding & Separation,205.32,none,0.0,1368.8,1.0,Shift B (Evening),90.2,1.5
2026-09-01 14:00:00,Recuperative Clinker Grate Cooler,Clinker Cooling,66.79,none,0.0,1767.9,1.0,Shift B (Evening),277.2,0.51
2026-09-01 14:00:00,Primary Limestone Gyratory Crusher,Crushing & Quarry Handling,86.22,none,0.0,963.6,1.0,Shift B (Evening),34.4,1.03
2026-09-01 14:00:00,Kiln Exhaust ID Fan & Baghouse Station,Draft & Dust Abatement,144.11,none,0.0,0.0,1.0,Shift B (Evening),157.4,-3.43
2026-09-01 14:00:00,Pneumatic Dense-Phase Conveying Compressor,Pneumatic Conveying Utility,73.76,none,0.0,0.0,1.0,Shift B (Evening),48.0,5.42
2026-09-01 15:00:00,Rotary Calcination Kiln & Precalciner,Pyroprocessing & Clinkerization,96.01,coal,242.56,1819.2,1.0,Shift B (Evening),1452.2,-0.79
2026-09-01 15:00:00,Raw Material Ball Mill #01,Raw Grinding & Homogenization,189.72,none,0.0,1230.6,1.0,Shift B (Evening),83.8,0.98
2026-09-01 15:00:00,Vertical Roller Finish Mill (VRM),Finish Grinding & Separation,207.43,none,0.0,1382.8,1.0,Shift B (Evening),91.4,1.46
2026-09-01 15:00:00,Recuperative Clinker Grate Cooler,Clinker Cooling,65.54,none,0.0,1734.9,1.0,Shift B (Evening),277.2,0.49
2026-09-01 15:00:00,Primary Limestone Gyratory Crusher,Crushing & Quarry Handling,82.25,none,0.0,919.3,1.0,Shift B (Evening),34.3,1.01
2026-09-01 15:00:00,Kiln Exhaust ID Fan & Baghouse Station,Draft & Dust Abatement,143.44,none,0.0,0.0,1.0,Shift B (Evening),159.1,-3.51
2026-09-01 15:00:00,Pneumatic Dense-Phase Conveying Compressor,Pneumatic Conveying Utility,74.99,none,0.0,0.0,1.0,Shift B (Evening),48.6,5.65
2026-09-01 16:00:00,Rotary Calcination Kiln & Precalciner,Pyroprocessing & Clinkerization,93.23,coal,235.52,1766.4,1.0,Shift B (Evening),1478.9,-0.78
2026-09-01 16:00:00,Raw Material Ball Mill #01,Raw Grinding & Homogenization,179.85,none,0.0,1166.6,1.0,Shift B (Evening),86.3,1.02
2026-09-01 16:00:00,Vertical Roller Finish Mill (VRM),Finish Grinding & Separation,212.94,none,0.0,1419.6,1.0,Shift B (Evening),93.6,1.49
2026-09-01 16:00:00,Recuperative Clinker Grate Cooler,Clinker Cooling,65.67,none,0.0,1738.3,1.0,Shift B (Evening),281.0,0.49
2026-09-01 16:00:00,Primary Limestone Gyratory Crusher,Crushing & Quarry Handling,87.13,none,0.0,973.8,1.0,Shift B (Evening),35.5,0.98
2026-09-01 16:00:00,Kiln Exhaust ID Fan & Baghouse Station,Draft & Dust Abatement,141.9,none,0.0,0.0,1.0,Shift B (Evening),161.9,-3.4
2026-09-01 16:00:00,Pneumatic Dense-Phase Conveying Compressor,Pneumatic Conveying Utility,74.92,none,0.0,0.0,1.0,Shift B (Evening),48.0,5.53
2026-09-01 17:00:00,Rotary Calcination Kiln & Precalciner,Pyroprocessing & Clinkerization,97.62,coal,246.61,1849.6,1.0,Shift B (Evening),1468.7,-0.81
2026-09-01 17:00:00,Raw Material Ball Mill #01,Raw Grinding & Homogenization,190.71,none,0.0,1237.0,1.0,Shift B (Evening),86.4,0.99
2026-09-01 17:00:00,Vertical Roller Finish Mill (VRM),Finish Grinding & Separation,214.08,none,0.0,1427.2,1.0,Shift B (Evening),92.8,1.48
2026-09-01 17:00:00,Recuperative Clinker Grate Cooler,Clinker Cooling,70.51,none,0.0,1866.4,1.0,Shift B (Evening),284.8,0.51
2026-09-01 17:00:00,Primary Limestone Gyratory Crusher,Crushing & Quarry Handling,85.79,none,0.0,958.9,1.0,Shift B (Evening),35.5,0.98
2026-09-01 17:00:00,Kiln Exhaust ID Fan & Baghouse Station,Draft & Dust Abatement,147.23,none,0.0,0.0,1.0,Shift B (Evening),162.3,-3.46
2026-09-01 17:00:00,Pneumatic Dense-Phase Conveying Compressor,Pneumatic Conveying Utility,74.98,none,0.0,0.0,1.0,Shift B (Evening),47.3,5.64
2026-09-01 18:00:00,Rotary Calcination Kiln & Precalciner,Pyroprocessing & Clinkerization,94.49,coal,238.7,1790.2,1.0,Shift B (Evening),1434.4,-0.82
2026-09-01 18:00:00,Raw Material Ball Mill #01,Raw Grinding & Homogenization,186.95,none,0.0,1212.7,1.0,Shift B (Evening),83.7,0.99
2026-09-01 18:00:00,Vertical Roller Finish Mill (VRM),Finish Grinding & Separation,205.73,none,0.0,1371.6,1.0,Shift B (Evening),93.3,1.49
2026-09-01 18:00:00,Recuperative Clinker Grate Cooler,Clinker Cooling,69.33,none,0.0,1835.3,1.0,Shift B (Evening),275.9,0.51
2026-09-01 18:00:00,Primary Limestone Gyratory Crusher,Crushing & Quarry Handling,86.17,none,0.0,963.0,1.0,Shift B (Evening),35.5,1.01
2026-09-01 18:00:00,Kiln Exhaust ID Fan & Baghouse Station,Draft & Dust Abatement,149.54,none,0.0,0.0,1.0,Shift B (Evening),161.4,-3.44
2026-09-01 18:00:00,Pneumatic Dense-Phase Conveying Compressor,Pneumatic Conveying Utility,72.79,none,0.0,0.0,1.0,Shift B (Evening),48.7,5.34
2026-09-01 19:00:00,Rotary Calcination Kiln & Precalciner,Pyroprocessing & Clinkerization,94.51,coal,238.77,1790.8,1.0,Shift B (Evening),1425.2,-0.78
2026-09-01 19:00:00,Raw Material Ball Mill #01,Raw Grinding & Homogenization,179.88,none,0.0,1166.8,1.0,Shift B (Evening),84.4,1.0
2026-09-01 19:00:00,Vertical Roller Finish Mill (VRM),Finish Grinding & Separation,208.07,none,0.0,1387.2,1.0,Shift B (Evening),93.1,1.52
2026-09-01 19:00:00,Recuperative Clinker Grate Cooler,Clinker Cooling,67.56,none,0.0,1788.5,1.0,Shift B (Evening),279.4,0.51
2026-09-01 19:00:00,Primary Limestone Gyratory Crusher,Crushing & Quarry Handling,83.68,none,0.0,935.3,1.0,Shift B (Evening),35.3,1.01
2026-09-01 19:00:00,Kiln Exhaust ID Fan & Baghouse Station,Draft & Dust Abatement,144.1,none,0.0,0.0,1.0,Shift B (Evening),162.6,-3.5
2026-09-01 19:00:00,Pneumatic Dense-Phase Conveying Compressor,Pneumatic Conveying Utility,76.47,none,0.0,0.0,1.0,Shift B (Evening),48.2,5.37
2026-09-01 20:00:00,Rotary Calcination Kiln & Precalciner,Pyroprocessing & Clinkerization,91.8,coal,231.91,1739.3,1.0,Shift B (Evening),1437.5,-0.81
2026-09-01 20:00:00,Raw Material Ball Mill #01,Raw Grinding & Homogenization,188.44,none,0.0,1222.3,1.0,Shift B (Evening),86.2,1.01
2026-09-01 20:00:00,Vertical Roller Finish Mill (VRM),Finish Grinding & Separation,211.68,none,0.0,1411.2,1.0,Shift B (Evening),91.9,1.5
2026-09-01 20:00:00,Recuperative Clinker Grate Cooler,Clinker Cooling,68.0,none,0.0,1800.1,1.0,Shift B (Evening),275.5,0.5
2026-09-01 20:00:00,Primary Limestone Gyratory Crusher,Crushing & Quarry Handling,81.86,none,0.0,914.9,1.0,Shift B (Evening),35.4,1.02
2026-09-01 20:00:00,Kiln Exhaust ID Fan & Baghouse Station,Draft & Dust Abatement,146.81,none,0.0,0.0,1.0,Shift B (Evening),159.3,-3.45
2026-09-01 20:00:00,Pneumatic Dense-Phase Conveying Compressor,Pneumatic Conveying Utility,75.14,none,0.0,0.0,1.0,Shift B (Evening),47.8,5.5
2026-09-01 21:00:00,Rotary Calcination Kiln & Precalciner,Pyroprocessing & Clinkerization,96.58,coal,243.99,1829.9,1.0,Shift B (Evening),1463.6,-0.78
2026-09-01 21:00:00,Raw Material Ball Mill #01,Raw Grinding & Homogenization,189.7,none,0.0,1230.5,1.0,Shift B (Evening),84.5,1.0
2026-09-01 21:00:00,Vertical Roller Finish Mill (VRM),Finish Grinding & Separation,211.61,none,0.0,1410.7,1.0,Shift B (Evening),93.8,1.51
2026-09-01 21:00:00,Recuperative Clinker Grate Cooler,Clinker Cooling,68.87,none,0.0,1823.2,1.0,Shift B (Evening),278.7,0.51
2026-09-01 21:00:00,Primary Limestone Gyratory Crusher,Crushing & Quarry Handling,86.76,none,0.0,969.7,1.0,Shift B (Evening),35.1,0.98
2026-09-01 21:00:00,Kiln Exhaust ID Fan & Baghouse Station,Draft & Dust Abatement,144.75,none,0.0,0.0,1.0,Shift B (Evening),160.2,-3.4
2026-09-01 21:00:00,Pneumatic Dense-Phase Conveying Compressor,Pneumatic Conveying Utility,77.7,none,0.0,0.0,1.0,Shift B (Evening),48.4,5.39
2026-09-01 22:00:00,Rotary Calcination Kiln & Precalciner,Pyroprocessing & Clinkerization,91.21,coal,230.43,1728.3,1.0,Shift C (Night),1458.0,-0.8
2026-09-01 22:00:00,Raw Material Ball Mill #01,Raw Grinding & Homogenization,187.56,none,0.0,1216.6,1.0,Shift C (Night),86.5,0.99
2026-09-01 22:00:00,Vertical Roller Finish Mill (VRM),Finish Grinding & Separation,204.19,none,0.0,1361.3,1.0,Shift C (Night),90.9,1.47
2026-09-01 22:00:00,Recuperative Clinker Grate Cooler,Clinker Cooling,67.56,none,0.0,1788.5,1.0,Shift C (Night),274.6,0.5
2026-09-01 22:00:00,Primary Limestone Gyratory Crusher,Crushing & Quarry Handling,86.54,none,0.0,967.3,1.0,Shift C (Night),35.3,0.97
2026-09-01 22:00:00,Kiln Exhaust ID Fan & Baghouse Station,Draft & Dust Abatement,145.39,none,0.0,0.0,1.0,Shift C (Night),157.1,-3.48
2026-09-01 22:00:00,Pneumatic Dense-Phase Conveying Compressor,Pneumatic Conveying Utility,74.66,none,0.0,0.0,1.0,Shift C (Night),48.7,5.59
2026-09-01 23:00:00,Rotary Calcination Kiln & Precalciner,Pyroprocessing & Clinkerization,95.64,coal,241.61,1812.1,1.0,Shift C (Night),1478.3,-0.79
2026-09-01 23:00:00,Raw Material Ball Mill #01,Raw Grinding & Homogenization,187.09,none,0.0,1213.6,1.0,Shift C (Night),84.5,0.99
2026-09-01 23:00:00,Vertical Roller Finish Mill (VRM),Finish Grinding & Separation,210.82,none,0.0,1405.4,1.0,Shift C (Night),91.7,1.54
2026-09-01 23:00:00,Recuperative Clinker Grate Cooler,Clinker Cooling,66.7,none,0.0,1765.5,1.0,Shift C (Night),279.8,0.5
2026-09-01 23:00:00,Primary Limestone Gyratory Crusher,Crushing & Quarry Handling,1.92,none,0.0,0.0,0.0,Shift C (Night),29.5,0.0
2026-09-01 23:00:00,Kiln Exhaust ID Fan & Baghouse Station,Draft & Dust Abatement,145.18,none,0.0,0.0,1.0,Shift C (Night),159.5,-3.47
2026-09-01 23:00:00,Pneumatic Dense-Phase Conveying Compressor,Pneumatic Conveying Utility,36.34,none,0.0,0.0,0.0,Shift C (Night),38.4,4.67
2026-09-02 00:00:00,Rotary Calcination Kiln & Precalciner,Pyroprocessing & Clinkerization,93.77,coal,236.88,1776.6,1.0,Shift C (Night),1449.5,-0.78
2026-09-02 00:00:00,Raw Material Ball Mill #01,Raw Grinding & Homogenization,1.19,none,0.0,0.0,0.0,Shift C (Night),29.4,0.0
2026-09-02 00:00:00,Vertical Roller Finish Mill (VRM),Finish Grinding & Separation,0.66,none,0.0,0.0,0.0,Shift C (Night),30.7,0.0
2026-09-02 00:00:00,Recuperative Clinker Grate Cooler,Clinker Cooling,69.61,none,0.0,1842.6,1.0,Shift C (Night),283.6,0.49
2026-09-02 00:00:00,Primary Limestone Gyratory Crusher,Crushing & Quarry Handling,1.03,none,0.0,0.0,0.0,Shift C (Night),31.7,0.0
2026-09-02 00:00:00,Kiln Exhaust ID Fan & Baghouse Station,Draft & Dust Abatement,140.24,none,0.0,0.0,1.0,Shift C (Night),157.1,-3.53
2026-09-02 00:00:00,Pneumatic Dense-Phase Conveying Compressor,Pneumatic Conveying Utility,34.19,none,0.0,0.0,0.0,Shift C (Night),38.4,4.67
2026-09-02 01:00:00,Rotary Calcination Kiln & Precalciner,Pyroprocessing & Clinkerization,95.67,coal,241.7,1812.8,1.0,Shift C (Night),1429.5,-0.81
2026-09-02 01:00:00,Raw Material Ball Mill #01,Raw Grinding & Homogenization,0.79,none,0.0,0.0,0.0,Shift C (Night),30.1,0.0
2026-09-02 01:00:00,Vertical Roller Finish Mill (VRM),Finish Grinding & Separation,1.95,none,0.0,0.0,0.0,Shift C (Night),29.7,0.0
2026-09-02 01:00:00,Recuperative Clinker Grate Cooler,Clinker Cooling,69.41,none,0.0,1837.2,1.0,Shift C (Night),276.8,0.51
2026-09-02 01:00:00,Primary Limestone Gyratory Crusher,Crushing & Quarry Handling,1.58,none,0.0,0.0,0.0,Shift C (Night),29.9,0.0
2026-09-02 01:00:00,Kiln Exhaust ID Fan & Baghouse Station,Draft & Dust Abatement,142.01,none,0.0,0.0,1.0,Shift C (Night),161.1,-3.42
2026-09-02 01:00:00,Pneumatic Dense-Phase Conveying Compressor,Pneumatic Conveying Utility,34.48,none,0.0,0.0,0.0,Shift C (Night),38.4,4.67
2026-09-02 02:00:00,Rotary Calcination Kiln & Precalciner,Pyroprocessing & Clinkerization,95.43,coal,241.1,1808.2,1.0,Shift C (Night),1427.3,-0.81
2026-09-02 02:00:00,Raw Material Ball Mill #01,Raw Grinding & Homogenization,1.78,none,0.0,0.0,0.0,Shift C (Night),28.4,0.0
2026-09-02 02:00:00,Vertical Roller Finish Mill (VRM),Finish Grinding & Separation,1.0,none,0.0,0.0,0.0,Shift C (Night),29.9,0.0
2026-09-02 02:00:00,Recuperative Clinker Grate Cooler,Clinker Cooling,66.12,none,0.0,1750.1,1.0,Shift C (Night),283.9,0.49
2026-09-02 02:00:00,Primary Limestone Gyratory Crusher,Crushing & Quarry Handling,1.53,none,0.0,0.0,0.0,Shift C (Night),28.6,0.0
2026-09-02 02:00:00,Kiln Exhaust ID Fan & Baghouse Station,Draft & Dust Abatement,143.55,none,0.0,0.0,1.0,Shift C (Night),162.0,-3.47
2026-09-02 02:00:00,Pneumatic Dense-Phase Conveying Compressor,Pneumatic Conveying Utility,32.12,none,0.0,0.0,0.0,Shift C (Night),38.4,4.67
2026-09-02 03:00:00,Rotary Calcination Kiln & Precalciner,Pyroprocessing & Clinkerization,91.64,coal,231.51,1736.3,1.0,Shift C (Night),1440.8,-0.8
2026-09-02 03:00:00,Raw Material Ball Mill #01,Raw Grinding & Homogenization,0.64,none,0.0,0.0,0.0,Shift C (Night),32.0,0.0
2026-09-02 03:00:00,Vertical Roller Finish Mill (VRM),Finish Grinding & Separation,1.61,none,0.0,0.0,0.0,Shift C (Night),30.7,0.0
2026-09-02 03:00:00,Recuperative Clinker Grate Cooler,Clinker Cooling,68.47,none,0.0,1812.4,1.0,Shift C (Night),280.6,0.49
2026-09-02 03:00:00,Primary Limestone Gyratory Crusher,Crushing & Quarry Handling,1.79,none,0.0,0.0,0.0,Shift C (Night),29.6,0.0
2026-09-02 03:00:00,Kiln Exhaust ID Fan & Baghouse Station,Draft & Dust Abatement,144.52,none,0.0,0.0,1.0,Shift C (Night),160.1,-3.5
2026-09-02 03:00:00,Pneumatic Dense-Phase Conveying Compressor,Pneumatic Conveying Utility,33.55,none,0.0,0.0,0.0,Shift C (Night),38.4,4.67
2026-09-02 04:00:00,Rotary Calcination Kiln & Precalciner,Pyroprocessing & Clinkerization,91.94,coal,232.27,1742.0,1.0,Shift C (Night),1433.4,-0.79
2026-09-02 04:00:00,Raw Material Ball Mill #01,Raw Grinding & Homogenization,1.71,none,0.0,0.0,0.0,Shift C (Night),29.1,0.0
2026-09-02 04:00:00,Vertical Roller Finish Mill (VRM),Finish Grinding & Separation,1.34,none,0.0,0.0,0.0,Shift C (Night),31.1,0.0
2026-09-02 04:00:00,Recuperative Clinker Grate Cooler,Clinker Cooling,65.6,none,0.0,1736.6,1.0,Shift C (Night),274.7,0.49
2026-09-02 04:00:00,Primary Limestone Gyratory Crusher,Crushing & Quarry Handling,0.91,none,0.0,0.0,0.0,Shift C (Night),28.6,0.0
2026-09-02 04:00:00,Kiln Exhaust ID Fan & Baghouse Station,Draft & Dust Abatement,142.76,none,0.0,0.0,1.0,Shift C (Night),162.8,-3.6
2026-09-02 04:00:00,Pneumatic Dense-Phase Conveying Compressor,Pneumatic Conveying Utility,34.46,none,0.0,0.0,0.0,Shift C (Night),38.4,4.67
2026-09-02 05:00:00,Rotary Calcination Kiln & Precalciner,Pyroprocessing & Clinkerization,98.6,coal,249.09,1868.2,1.0,Shift C (Night),1437.1,-0.8
2026-09-02 05:00:00,Raw Material Ball Mill #01,Raw Grinding & Homogenization,1.4,none,0.0,0.0,0.0,Shift C (Night),31.8,0.0
2026-09-02 05:00:00,Vertical Roller Finish Mill (VRM),Finish Grinding & Separation,1.18,none,0.0,0.0,0.0,Shift C (Night),32.0,0.0
2026-09-02 05:00:00,Recuperative Clinker Grate Cooler,Clinker Cooling,67.53,none,0.0,1787.5,1.0,Shift C (Night),278.7,0.5
2026-09-02 05:00:00,Primary Limestone Gyratory Crusher,Crushing & Quarry Handling,1.3,none,0.0,0.0,0.0,Shift C (Night),28.8,0.0
2026-09-02 05:00:00,Kiln Exhaust ID Fan & Baghouse Station,Draft & Dust Abatement,140.36,none,0.0,0.0,1.0,Shift C (Night),160.7,-3.47
2026-09-02 05:00:00,Pneumatic Dense-Phase Conveying Compressor,Pneumatic Conveying Utility,32.73,none,0.0,0.0,0.0,Shift C (Night),38.4,4.67
2026-09-02 06:00:00,Rotary Calcination Kiln & Precalciner,Pyroprocessing & Clinkerization,92.38,coal,233.38,1750.3,1.0,Shift A (Morning),1466.1,-0.81
2026-09-02 06:00:00,Raw Material Ball Mill #01,Raw Grinding & Homogenization,178.42,none,0.0,1157.3,1.0,Shift A (Morning),83.9,0.98
2026-09-02 06:00:00,Vertical Roller Finish Mill (VRM),Finish Grinding & Separation,203.78,none,0.0,1358.5,1.0,Shift A (Morning),93.5,1.48
2026-09-02 06:00:00,Recuperative Clinker Grate Cooler,Clinker Cooling,67.31,none,0.0,1781.6,1.0,Shift A (Morning),282.7,0.5
2026-09-02 06:00:00,Primary Limestone Gyratory Crusher,Crushing & Quarry Handling,87.37,none,0.0,976.4,1.0,Shift A (Morning),35.6,0.98
2026-09-02 06:00:00,Kiln Exhaust ID Fan & Baghouse Station,Draft & Dust Abatement,140.11,none,0.0,0.0,1.0,Shift A (Morning),159.2,-3.51
2026-09-02 06:00:00,Pneumatic Dense-Phase Conveying Compressor,Pneumatic Conveying Utility,72.26,none,0.0,0.0,1.0,Shift A (Morning),47.5,5.64
2026-09-02 07:00:00,Rotary Calcination Kiln & Precalciner,Pyroprocessing & Clinkerization,97.67,coal,246.74,1850.5,1.0,Shift A (Morning),1430.6,-0.82
2026-09-02 07:00:00,Raw Material Ball Mill #01,Raw Grinding & Homogenization,190.66,none,0.0,1236.7,1.0,Shift A (Morning),83.3,0.97
2026-09-02 07:00:00,Vertical Roller Finish Mill (VRM),Finish Grinding & Separation,208.36,none,0.0,1389.1,1.0,Shift A (Morning),90.3,1.5
2026-09-02 07:00:00,Recuperative Clinker Grate Cooler,Clinker Cooling,65.9,none,0.0,1744.5,1.0,Shift A (Morning),276.4,0.5
2026-09-02 07:00:00,Primary Limestone Gyratory Crusher,Crushing & Quarry Handling,84.92,none,0.0,949.1,1.0,Shift A (Morning),35.1,1.02
2026-09-02 07:00:00,Kiln Exhaust ID Fan & Baghouse Station,Draft & Dust Abatement,144.84,none,0.0,0.0,1.0,Shift A (Morning),160.7,-3.52
2026-09-02 07:00:00,Pneumatic Dense-Phase Conveying Compressor,Pneumatic Conveying Utility,74.29,none,0.0,0.0,1.0,Shift A (Morning),47.4,5.36
2026-09-02 08:00:00,Rotary Calcination Kiln & Precalciner,Pyroprocessing & Clinkerization,92.27,coal,233.1,1748.2,1.0,Shift A (Morning),1443.7,-0.79
2026-09-02 08:00:00,Raw Material Ball Mill #01,Raw Grinding & Homogenization,185.76,none,0.0,1205.0,1.0,Shift A (Morning),86.1,1.02
2026-09-02 08:00:00,Vertical Roller Finish Mill (VRM),Finish Grinding & Separation,206.69,none,0.0,1377.9,1.0,Shift A (Morning),90.7,1.47
2026-09-02 08:00:00,Recuperative Clinker Grate Cooler,Clinker Cooling,69.63,none,0.0,1843.1,1.0,Shift A (Morning),277.3,0.5
2026-09-02 08:00:00,Primary Limestone Gyratory Crusher,Crushing & Quarry Handling,83.31,none,0.0,931.1,1.0,Shift A (Morning),35.1,0.99
2026-09-02 08:00:00,Kiln Exhaust ID Fan & Baghouse Station,Draft & Dust Abatement,147.6,none,0.0,0.0,1.0,Shift A (Morning),158.4,-3.49
2026-09-02 08:00:00,Pneumatic Dense-Phase Conveying Compressor,Pneumatic Conveying Utility,74.77,none,0.0,0.0,1.0,Shift A (Morning),47.6,5.35
2026-09-02 09:00:00,Rotary Calcination Kiln & Precalciner,Pyroprocessing & Clinkerization,98.37,coal,248.51,1863.8,1.0,Shift A (Morning),1469.6,-0.82
2026-09-02 09:00:00,Raw Material Ball Mill #01,Raw Grinding & Homogenization,191.12,none,0.0,1239.7,1.0,Shift A (Morning),83.4,0.98
2026-09-02 09:00:00,Vertical Roller Finish Mill (VRM),Finish Grinding & Separation,213.01,none,0.0,1420.1,1.0,Shift A (Morning),92.5,1.53
2026-09-02 09:00:00,Recuperative Clinker Grate Cooler,Clinker Cooling,70.29,none,0.0,1860.5,1.0,Shift A (Morning),283.2,0.5
2026-09-02 09:00:00,Primary Limestone Gyratory Crusher,Crushing & Quarry Handling,83.29,none,0.0,930.9,1.0,Shift A (Morning),35.1,0.97
2026-09-02 09:00:00,Kiln Exhaust ID Fan & Baghouse Station,Draft & Dust Abatement,140.19,none,0.0,0.0,1.0,Shift A (Morning),158.5,-3.59
2026-09-02 09:00:00,Pneumatic Dense-Phase Conveying Compressor,Pneumatic Conveying Utility,76.73,none,0.0,0.0,1.0,Shift A (Morning),48.7,5.52
2026-09-02 10:00:00,Rotary Calcination Kiln & Precalciner,Pyroprocessing & Clinkerization,96.86,coal,244.69,1835.2,1.0,Shift A (Morning),1469.2,-0.82
2026-09-02 10:00:00,Raw Material Ball Mill #01,Raw Grinding & Homogenization,189.5,none,0.0,1229.2,1.0,Shift A (Morning),85.4,1.01
2026-09-02 10:00:00,Vertical Roller Finish Mill (VRM),Finish Grinding & Separation,215.83,none,0.0,1438.9,1.0,Shift A (Morning),91.6,1.51
2026-09-02 10:00:00,Recuperative Clinker Grate Cooler,Clinker Cooling,68.54,none,0.0,1814.3,1.0,Shift A (Morning),284.3,0.51
2026-09-02 10:00:00,Primary Limestone Gyratory Crusher,Crushing & Quarry Handling,84.38,none,0.0,943.1,1.0,Shift A (Morning),35.1,1.02
2026-09-02 10:00:00,Kiln Exhaust ID Fan & Baghouse Station,Draft & Dust Abatement,142.56,none,0.0,0.0,1.0,Shift A (Morning),163.0,-3.44
2026-09-02 10:00:00,Pneumatic Dense-Phase Conveying Compressor,Pneumatic Conveying Utility,72.47,none,0.0,0.0,1.0,Shift A (Morning),47.2,5.58
2026-09-02 11:00:00,Rotary Calcination Kiln & Precalciner,Pyroprocessing & Clinkerization,95.12,coal,240.3,1802.3,1.0,Shift A (Morning),1427.4,-0.82
2026-09-02 11:00:00,Raw Material Ball Mill #01,Raw Grinding & Homogenization,190.25,none,0.0,1234.1,1.0,Shift A (Morning),85.5,0.99
2026-09-02 11:00:00,Vertical Roller Finish Mill (VRM),Finish Grinding & Separation,217.54,none,0.0,1450.3,1.0,Shift A (Morning),91.4,1.46
2026-09-02 11:00:00,Recuperative Clinker Grate Cooler,Clinker Cooling,69.11,none,0.0,1829.4,1.0,Shift A (Morning),276.2,0.5
2026-09-02 11:00:00,Primary Limestone Gyratory Crusher,Crushing & Quarry Handling,84.63,none,0.0,945.8,1.0,Shift A (Morning),35.1,0.97
2026-09-02 11:00:00,Kiln Exhaust ID Fan & Baghouse Station,Draft & Dust Abatement,142.82,none,0.0,0.0,1.0,Shift A (Morning),157.0,-3.47
2026-09-02 11:00:00,Pneumatic Dense-Phase Conveying Compressor,Pneumatic Conveying Utility,72.01,none,0.0,0.0,1.0,Shift A (Morning),48.5,5.6
2026-09-02 12:00:00,Rotary Calcination Kiln & Precalciner,Pyroprocessing & Clinkerization,97.33,coal,245.89,1844.2,1.0,Shift A (Morning),1473.4,-0.8
2026-09-02 12:00:00,Raw Material Ball Mill #01,Raw Grinding & Homogenization,181.98,none,0.0,1180.4,1.0,Shift A (Morning),86.1,1.0
2026-09-02 12:00:00,Vertical Roller Finish Mill (VRM),Finish Grinding & Separation,205.17,none,0.0,1367.8,1.0,Shift A (Morning),90.2,1.46
2026-09-02 12:00:00,Recuperative Clinker Grate Cooler,Clinker Cooling,69.68,none,0.0,1844.5,1.0,Shift A (Morning),278.4,0.51
2026-09-02 12:00:00,Primary Limestone Gyratory Crusher,Crushing & Quarry Handling,83.45,none,0.0,932.7,1.0,Shift A (Morning),35.0,1.03
2026-09-02 12:00:00,Kiln Exhaust ID Fan & Baghouse Station,Draft & Dust Abatement,140.97,none,0.0,0.0,1.0,Shift A (Morning),158.9,-3.6
2026-09-02 12:00:00,Pneumatic Dense-Phase Conveying Compressor,Pneumatic Conveying Utility,75.6,none,0.0,0.0,1.0,Shift A (Morning),48.6,5.49
2026-09-02 13:00:00,Rotary Calcination Kiln & Precalciner,Pyroprocessing & Clinkerization,93.23,coal,235.54,1766.6,1.0,Shift A (Morning),1433.9,-0.82
2026-09-02 13:00:00,Raw Material Ball Mill #01,Raw Grinding & Homogenization,191.47,none,0.0,1242.0,1.0,Shift A (Morning),84.2,1.01
2026-09-02 13:00:00,Vertical Roller Finish Mill (VRM),Finish Grinding & Separation,211.35,none,0.0,1409.0,1.0,Shift A (Morning),93.5,1.5
2026-09-02 13:00:00,Recuperative Clinker Grate Cooler,Clinker Cooling,65.3,none,0.0,1728.5,1.0,Shift A (Morning),285.0,0.49
2026-09-02 13:00:00,Primary Limestone Gyratory Crusher,Crushing & Quarry Handling,82.32,none,0.0,920.1,1.0,Shift A (Morning),34.6,1.01
2026-09-02 13:00:00,Kiln Exhaust ID Fan & Baghouse Station,Draft & Dust Abatement,150.79,none,0.0,0.0,1.0,Shift A (Morning),158.6,-3.43
2026-09-02 13:00:00,Pneumatic Dense-Phase Conveying Compressor,Pneumatic Conveying Utility,75.78,none,0.0,0.0,1.0,Shift A (Morning),48.9,5.36
2026-09-02 14:00:00,Rotary Calcination Kiln & Precalciner,Pyroprocessing & Clinkerization,97.53,coal,246.4,1848.0,1.0,Shift B (Evening),1422.0,-0.78
2026-09-02 14:00:00,Raw Material Ball Mill #01,Raw Grinding & Homogenization,188.83,none,0.0,1224.9,1.0,Shift B (Evening),84.8,0.98
2026-09-02 14:00:00,Vertical Roller Finish Mill (VRM),Finish Grinding & Separation,202.7,none,0.0,1351.3,1.0,Shift B (Evening),92.5,1.46
2026-09-02 14:00:00,Recuperative Clinker Grate Cooler,Clinker Cooling,67.94,none,0.0,1798.4,1.0,Shift B (Evening),285.0,0.49
2026-09-02 14:00:00,Primary Limestone Gyratory Crusher,Crushing & Quarry Handling,86.26,none,0.0,964.1,1.0,Shift B (Evening),34.4,0.97
2026-09-02 14:00:00,Kiln Exhaust ID Fan & Baghouse Station,Draft & Dust Abatement,145.39,none,0.0,0.0,1.0,Shift B (Evening),159.4,-3.46
2026-09-02 14:00:00,Pneumatic Dense-Phase Conveying Compressor,Pneumatic Conveying Utility,74.44,none,0.0,0.0,1.0,Shift B (Evening),47.2,5.44
2026-09-02 15:00:00,Rotary Calcination Kiln & Precalciner,Pyroprocessing & Clinkerization,94.21,coal,238.01,1785.0,1.0,Shift B (Evening),1443.5,-0.79
2026-09-02 15:00:00,Raw Material Ball Mill #01,Raw Grinding & Homogenization,178.51,none,0.0,1157.9,1.0,Shift B (Evening),84.8,1.03
2026-09-02 15:00:00,Vertical Roller Finish Mill (VRM),Finish Grinding & Separation,208.32,none,0.0,1388.8,1.0,Shift B (Evening),92.4,1.53
2026-09-02 15:00:00,Recuperative Clinker Grate Cooler,Clinker Cooling,67.34,none,0.0,1782.5,1.0,Shift B (Evening),281.5,0.5
2026-09-02 15:00:00,Primary Limestone Gyratory Crusher,Crushing & Quarry Handling,85.13,none,0.0,951.4,1.0,Shift B (Evening),34.7,0.99
2026-09-02 15:00:00,Kiln Exhaust ID Fan & Baghouse Station,Draft & Dust Abatement,140.0,none,0.0,0.0,1.0,Shift B (Evening),156.9,-3.53
2026-09-02 15:00:00,Pneumatic Dense-Phase Conveying Compressor,Pneumatic Conveying Utility,74.43,none,0.0,0.0,1.0,Shift B (Evening),47.2,5.66
2026-09-02 16:00:00,Rotary Calcination Kiln & Precalciner,Pyroprocessing & Clinkerization,98.2,coal,248.09,1860.7,1.0,Shift B (Evening),1447.4,-0.8
2026-09-02 16:00:00,Raw Material Ball Mill #01,Raw Grinding & Homogenization,188.75,none,0.0,1224.3,1.0,Shift B (Evening),84.8,1.03
2026-09-02 16:00:00,Vertical Roller Finish Mill (VRM),Finish Grinding & Separation,214.46,none,0.0,1429.7,1.0,Shift B (Evening),91.0,1.5
2026-09-02 16:00:00,Recuperative Clinker Grate Cooler,Clinker Cooling,68.4,none,0.0,1810.7,1.0,Shift B (Evening),277.9,0.49
2026-09-02 16:00:00,Primary Limestone Gyratory Crusher,Crushing & Quarry Handling,82.97,none,0.0,927.4,1.0,Shift B (Evening),35.7,0.97
2026-09-02 16:00:00,Kiln Exhaust ID Fan & Baghouse Station,Draft & Dust Abatement,145.32,none,0.0,0.0,1.0,Shift B (Evening),157.5,-3.58
2026-09-02 16:00:00,Pneumatic Dense-Phase Conveying Compressor,Pneumatic Conveying Utility,74.65,none,0.0,0.0,1.0,Shift B (Evening),48.1,5.59
2026-09-02 17:00:00,Rotary Calcination Kiln & Precalciner,Pyroprocessing & Clinkerization,97.52,coal,246.38,1847.8,1.0,Shift B (Evening),1478.6,-0.79
2026-09-02 17:00:00,Raw Material Ball Mill #01,Raw Grinding & Homogenization,177.95,none,0.0,1154.3,1.0,Shift B (Evening),86.4,0.99
2026-09-02 17:00:00,Vertical Roller Finish Mill (VRM),Finish Grinding & Separation,206.53,none,0.0,1376.9,1.0,Shift B (Evening),93.6,1.53
2026-09-02 17:00:00,Recuperative Clinker Grate Cooler,Clinker Cooling,67.1,none,0.0,1776.1,1.0,Shift B (Evening),281.0,0.5
2026-09-02 17:00:00,Primary Limestone Gyratory Crusher,Crushing & Quarry Handling,83.15,none,0.0,929.3,1.0,Shift B (Evening),34.6,1.01
2026-09-02 17:00:00,Kiln Exhaust ID Fan & Baghouse Station,Draft & Dust Abatement,142.72,none,0.0,0.0,1.0,Shift B (Evening),160.4,-3.48
2026-09-02 17:00:00,Pneumatic Dense-Phase Conveying Compressor,Pneumatic Conveying Utility,76.21,none,0.0,0.0,1.0,Shift B (Evening),47.7,5.65
2026-09-02 18:00:00,Rotary Calcination Kiln & Precalciner,Pyroprocessing & Clinkerization,92.94,coal,234.79,1760.9,1.0,Shift B (Evening),1478.2,-0.8
2026-09-02 18:00:00,Raw Material Ball Mill #01,Raw Grinding & Homogenization,187.66,none,0.0,1217.3,1.0,Shift B (Evening),86.1,1.01
2026-09-02 18:00:00,Vertical Roller Finish Mill (VRM),Finish Grinding & Separation,207.65,none,0.0,1384.3,1.0,Shift B (Evening),93.5,1.53
2026-09-02 18:00:00,Recuperative Clinker Grate Cooler,Clinker Cooling,69.4,none,0.0,1837.0,1.0,Shift B (Evening),277.9,0.51
2026-09-02 18:00:00,Primary Limestone Gyratory Crusher,Crushing & Quarry Handling,85.58,none,0.0,956.5,1.0,Shift B (Evening),34.6,1.01
2026-09-02 18:00:00,Kiln Exhaust ID Fan & Baghouse Station,Draft & Dust Abatement,150.57,none,0.0,0.0,1.0,Shift B (Evening),158.2,-3.48
2026-09-02 18:00:00,Pneumatic Dense-Phase Conveying Compressor,Pneumatic Conveying Utility,72.67,none,0.0,0.0,1.0,Shift B (Evening),48.5,5.49
2026-09-02 19:00:00,Rotary Calcination Kiln & Precalciner,Pyroprocessing & Clinkerization,97.52,coal,246.36,1847.7,1.0,Shift B (Evening),1434.7,-0.82
2026-09-02 19:00:00,Raw Material Ball Mill #01,Raw Grinding & Homogenization,180.8,none,0.0,1172.8,1.0,Shift B (Evening),85.2,0.99
2026-09-02 19:00:00,Vertical Roller Finish Mill (VRM),Finish Grinding & Separation,208.78,none,0.0,1391.9,1.0,Shift B (Evening),93.5,1.48
2026-09-02 19:00:00,Recuperative Clinker Grate Cooler,Clinker Cooling,67.97,none,0.0,1799.3,1.0,Shift B (Evening),282.5,0.51
2026-09-02 19:00:00,Primary Limestone Gyratory Crusher,Crushing & Quarry Handling,82.93,none,0.0,926.9,1.0,Shift B (Evening),35.3,1.0
2026-09-02 19:00:00,Kiln Exhaust ID Fan & Baghouse Station,Draft & Dust Abatement,143.25,none,0.0,0.0,1.0,Shift B (Evening),160.2,-3.58
2026-09-02 19:00:00,Pneumatic Dense-Phase Conveying Compressor,Pneumatic Conveying Utility,77.82,none,0.0,0.0,1.0,Shift B (Evening),47.5,5.54
2026-09-02 20:00:00,Rotary Calcination Kiln & Precalciner,Pyroprocessing & Clinkerization,97.78,coal,247.02,1852.7,1.0,Shift B (Evening),1459.2,-0.79
2026-09-02 20:00:00,Raw Material Ball Mill #01,Raw Grinding & Homogenization,184.31,none,0.0,1195.5,1.0,Shift B (Evening),83.6,1.01
2026-09-02 20:00:00,Vertical Roller Finish Mill (VRM),Finish Grinding & Separation,218.25,none,0.0,1455.0,1.0,Shift B (Evening),93.7,1.48
2026-09-02 20:00:00,Recuperative Clinker Grate Cooler,Clinker Cooling,66.37,none,0.0,1756.9,1.0,Shift B (Evening),275.8,0.51
2026-09-02 20:00:00,Primary Limestone Gyratory Crusher,Crushing & Quarry Handling,87.84,none,0.0,981.7,1.0,Shift B (Evening),34.8,1.03
2026-09-02 20:00:00,Kiln Exhaust ID Fan & Baghouse Station,Draft & Dust Abatement,144.19,none,0.0,0.0,1.0,Shift B (Evening),159.1,-3.51
2026-09-02 20:00:00,Pneumatic Dense-Phase Conveying Compressor,Pneumatic Conveying Utility,72.61,none,0.0,0.0,1.0,Shift B (Evening),48.7,5.61
2026-09-02 21:00:00,Rotary Calcination Kiln & Precalciner,Pyroprocessing & Clinkerization,94.72,coal,239.28,1794.6,1.0,Shift B (Evening),1428.3,-0.82
2026-09-02 21:00:00,Raw Material Ball Mill #01,Raw Grinding & Homogenization,179.4,none,0.0,1163.7,1.0,Shift B (Evening),83.8,0.97
2026-09-02 21:00:00,Vertical Roller Finish Mill (VRM),Finish Grinding & Separation,213.32,none,0.0,1422.1,1.0,Shift B (Evening),92.3,1.51
2026-09-02 21:00:00,Recuperative Clinker Grate Cooler,Clinker Cooling,70.36,none,0.0,1862.6,1.0,Shift B (Evening),278.6,0.49
2026-09-02 21:00:00,Primary Limestone Gyratory Crusher,Crushing & Quarry Handling,83.66,none,0.0,935.0,1.0,Shift B (Evening),34.6,1.01
2026-09-02 21:00:00,Kiln Exhaust ID Fan & Baghouse Station,Draft & Dust Abatement,147.25,none,0.0,0.0,1.0,Shift B (Evening),159.7,-3.42
2026-09-02 21:00:00,Pneumatic Dense-Phase Conveying Compressor,Pneumatic Conveying Utility,73.78,none,0.0,0.0,1.0,Shift B (Evening),48.9,5.55
2026-09-02 22:00:00,Rotary Calcination Kiln & Precalciner,Pyroprocessing & Clinkerization,93.94,coal,237.32,1779.9,1.0,Shift C (Night),1421.3,-0.82
2026-09-02 22:00:00,Raw Material Ball Mill #01,Raw Grinding & Homogenization,186.47,none,0.0,1209.5,1.0,Shift C (Night),84.1,1.01
2026-09-02 22:00:00,Vertical Roller Finish Mill (VRM),Finish Grinding & Separation,209.59,none,0.0,1397.2,1.0,Shift C (Night),93.3,1.46
2026-09-02 22:00:00,Recuperative Clinker Grate Cooler,Clinker Cooling,68.22,none,0.0,1805.9,1.0,Shift C (Night),278.8,0.51
2026-09-02 22:00:00,Primary Limestone Gyratory Crusher,Crushing & Quarry Handling,85.57,none,0.0,956.3,1.0,Shift C (Night),34.5,0.99
2026-09-02 22:00:00,Kiln Exhaust ID Fan & Baghouse Station,Draft & Dust Abatement,146.21,none,0.0,0.0,1.0,Shift C (Night),162.3,-3.41
2026-09-02 22:00:00,Pneumatic Dense-Phase Conveying Compressor,Pneumatic Conveying Utility,72.14,none,0.0,0.0,1.0,Shift C (Night),48.8,5.46
2026-09-02 23:00:00,Rotary Calcination Kiln & Precalciner,Pyroprocessing & Clinkerization,91.61,coal,231.43,1735.7,1.0,Shift C (Night),1423.8,-0.78
2026-09-02 23:00:00,Raw Material Ball Mill #01,Raw Grinding & Homogenization,191.78,none,0.0,1244.0,1.0,Shift C (Night),86.1,1.01
2026-09-02 23:00:00,Vertical Roller Finish Mill (VRM),Finish Grinding & Separation,214.2,none,0.0,1428.0,1.0,Shift C (Night),90.5,1.48
2026-09-02 23:00:00,Recuperative Clinker Grate Cooler,Clinker Cooling,65.68,none,0.0,1738.6,1.0,Shift C (Night),275.2,0.5
2026-09-02 23:00:00,Primary Limestone Gyratory Crusher,Crushing & Quarry Handling,0.87,none,0.0,0.0,0.0,Shift C (Night),29.0,0.0
2026-09-02 23:00:00,Kiln Exhaust ID Fan & Baghouse Station,Draft & Dust Abatement,142.13,none,0.0,0.0,1.0,Shift C (Night),161.7,-3.53
2026-09-02 23:00:00,Pneumatic Dense-Phase Conveying Compressor,Pneumatic Conveying Utility,34.57,none,0.0,0.0,0.0,Shift C (Night),38.4,4.67
2026-09-03 00:00:00,Rotary Calcination Kiln & Precalciner,Pyroprocessing & Clinkerization,92.26,coal,233.07,1748.1,1.0,Shift C (Night),1426.1,-0.79
2026-09-03 00:00:00,Raw Material Ball Mill #01,Raw Grinding & Homogenization,0.67,none,0.0,0.0,0.0,Shift C (Night),31.0,0.0
2026-09-03 00:00:00,Vertical Roller Finish Mill (VRM),Finish Grinding & Separation,1.32,none,0.0,0.0,0.0,Shift C (Night),30.6,0.0
2026-09-03 00:00:00,Recuperative Clinker Grate Cooler,Clinker Cooling,66.33,none,0.0,1755.8,1.0,Shift C (Night),284.0,0.5
2026-09-03 00:00:00,Primary Limestone Gyratory Crusher,Crushing & Quarry Handling,1.13,none,0.0,0.0,0.0,Shift C (Night),30.3,0.0
2026-09-03 00:00:00,Kiln Exhaust ID Fan & Baghouse Station,Draft & Dust Abatement,139.79,none,0.0,0.0,1.0,Shift C (Night),161.2,-3.59
2026-09-03 00:00:00,Pneumatic Dense-Phase Conveying Compressor,Pneumatic Conveying Utility,36.57,none,0.0,0.0,0.0,Shift C (Night),38.4,4.67
2026-09-03 01:00:00,Rotary Calcination Kiln & Precalciner,Pyroprocessing & Clinkerization,97.43,coal,246.14,1846.1,1.0,Shift C (Night),1470.5,-0.8
2026-09-03 01:00:00,Raw Material Ball Mill #01,Raw Grinding & Homogenization,0.88,none,0.0,0.0,0.0,Shift C (Night),31.7,0.0
2026-09-03 01:00:00,Vertical Roller Finish Mill (VRM),Finish Grinding & Separation,0.7,none,0.0,0.0,0.0,Shift C (Night),29.1,0.0
2026-09-03 01:00:00,Recuperative Clinker Grate Cooler,Clinker Cooling,66.71,none,0.0,1765.8,1.0,Shift C (Night),275.8,0.51
2026-09-03 01:00:00,Primary Limestone Gyratory Crusher,Crushing & Quarry Handling,1.92,none,0.0,0.0,0.0,Shift C (Night),29.9,0.0
2026-09-03 01:00:00,Kiln Exhaust ID Fan & Baghouse Station,Draft & Dust Abatement,146.49,none,0.0,0.0,1.0,Shift C (Night),160.8,-3.48
2026-09-03 01:00:00,Pneumatic Dense-Phase Conveying Compressor,Pneumatic Conveying Utility,36.51,none,0.0,0.0,0.0,Shift C (Night),38.4,4.67
2026-09-03 02:00:00,Rotary Calcination Kiln & Precalciner,Pyroprocessing & Clinkerization,93.96,coal,237.37,1780.2,1.0,Shift C (Night),1439.4,-0.8
2026-09-03 02:00:00,Raw Material Ball Mill #01,Raw Grinding & Homogenization,1.45,none,0.0,0.0,0.0,Shift C (Night),28.5,0.0
2026-09-03 02:00:00,Vertical Roller Finish Mill (VRM),Finish Grinding & Separation,0.7,none,0.0,0.0,0.0,Shift C (Night),32.0,0.0
2026-09-03 02:00:00,Recuperative Clinker Grate Cooler,Clinker Cooling,68.26,none,0.0,1806.8,1.0,Shift C (Night),284.2,0.49
2026-09-03 02:00:00,Primary Limestone Gyratory Crusher,Crushing & Quarry Handling,0.9,none,0.0,0.0,0.0,Shift C (Night),28.3,0.0
2026-09-03 02:00:00,Kiln Exhaust ID Fan & Baghouse Station,Draft & Dust Abatement,147.64,none,0.0,0.0,1.0,Shift C (Night),159.3,-3.46
2026-09-03 02:00:00,Pneumatic Dense-Phase Conveying Compressor,Pneumatic Conveying Utility,34.4,none,0.0,0.0,0.0,Shift C (Night),38.4,4.67
2026-09-03 03:00:00,Rotary Calcination Kiln & Precalciner,Pyroprocessing & Clinkerization,91.68,coal,231.61,1737.1,1.0,Shift C (Night),1457.5,-0.82
2026-09-03 03:00:00,Raw Material Ball Mill #01,Raw Grinding & Homogenization,0.91,none,0.0,0.0,0.0,Shift C (Night),28.1,0.0
2026-09-03 03:00:00,Vertical Roller Finish Mill (VRM),Finish Grinding & Separation,0.87,none,0.0,0.0,0.0,Shift C (Night),29.0,0.0
2026-09-03 03:00:00,Recuperative Clinker Grate Cooler,Clinker Cooling,65.91,none,0.0,1744.8,1.0,Shift C (Night),281.4,0.5
2026-09-03 03:00:00,Primary Limestone Gyratory Crusher,Crushing & Quarry Handling,1.19,none,0.0,0.0,0.0,Shift C (Night),28.8,0.0
2026-09-03 03:00:00,Kiln Exhaust ID Fan & Baghouse Station,Draft & Dust Abatement,149.79,none,0.0,0.0,1.0,Shift C (Night),160.7,-3.41
2026-09-03 03:00:00,Pneumatic Dense-Phase Conveying Compressor,Pneumatic Conveying Utility,36.24,none,0.0,0.0,0.0,Shift C (Night),38.4,4.67
2026-09-03 04:00:00,Rotary Calcination Kiln & Precalciner,Pyroprocessing & Clinkerization,94.5,coal,238.74,1790.6,1.0,Shift C (Night),1421.9,-0.79
2026-09-03 04:00:00,Raw Material Ball Mill #01,Raw Grinding & Homogenization,0.92,none,0.0,0.0,0.0,Shift C (Night),30.3,0.0
2026-09-03 04:00:00,Vertical Roller Finish Mill (VRM),Finish Grinding & Separation,0.69,none,0.0,0.0,0.0,Shift C (Night),30.3,0.0
2026-09-03 04:00:00,Recuperative Clinker Grate Cooler,Clinker Cooling,66.52,none,0.0,1760.8,1.0,Shift C (Night),276.4,0.5
2026-09-03 04:00:00,Primary Limestone Gyratory Crusher,Crushing & Quarry Handling,1.7,none,0.0,0.0,0.0,Shift C (Night),30.1,0.0
2026-09-03 04:00:00,Kiln Exhaust ID Fan & Baghouse Station,Draft & Dust Abatement,149.47,none,0.0,0.0,1.0,Shift C (Night),160.9,-3.48
2026-09-03 04:00:00,Pneumatic Dense-Phase Conveying Compressor,Pneumatic Conveying Utility,34.27,none,0.0,0.0,0.0,Shift C (Night),38.4,4.67
2026-09-03 05:00:00,Rotary Calcination Kiln & Precalciner,Pyroprocessing & Clinkerization,91.97,coal,232.35,1742.6,1.0,Shift C (Night),1443.1,-0.8
2026-09-03 05:00:00,Raw Material Ball Mill #01,Raw Grinding & Homogenization,1.25,none,0.0,0.0,0.0,Shift C (Night),29.0,0.0
2026-09-03 05:00:00,Vertical Roller Finish Mill (VRM),Finish Grinding & Separation,1.78,none,0.0,0.0,0.0,Shift C (Night),30.3,0.0
2026-09-03 05:00:00,Recuperative Clinker Grate Cooler,Clinker Cooling,69.88,none,0.0,1849.8,1.0,Shift C (Night),276.3,0.49
2026-09-03 05:00:00,Primary Limestone Gyratory Crusher,Crushing & Quarry Handling,0.86,none,0.0,0.0,0.0,Shift C (Night),30.5,0.0
2026-09-03 05:00:00,Kiln Exhaust ID Fan & Baghouse Station,Draft & Dust Abatement,148.03,none,0.0,0.0,1.0,Shift C (Night),158.5,-3.54
2026-09-03 05:00:00,Pneumatic Dense-Phase Conveying Compressor,Pneumatic Conveying Utility,33.39,none,0.0,0.0,0.0,Shift C (Night),38.4,4.67
2026-09-03 06:00:00,Rotary Calcination Kiln & Precalciner,Pyroprocessing & Clinkerization,98.51,coal,248.86,1866.4,1.0,Shift A (Morning),1467.5,-0.81
2026-09-03 06:00:00,Raw Material Ball Mill #01,Raw Grinding & Homogenization,183.95,none,0.0,1193.2,1.0,Shift A (Morning),85.7,1.0
2026-09-03 06:00:00,Vertical Roller Finish Mill (VRM),Finish Grinding & Separation,210.12,none,0.0,1400.8,1.0,Shift A (Morning),93.4,1.53
2026-09-03 06:00:00,Recuperative Clinker Grate Cooler,Clinker Cooling,65.68,none,0.0,1738.7,1.0,Shift A (Morning),283.2,0.49
2026-09-03 06:00:00,Primary Limestone Gyratory Crusher,Crushing & Quarry Handling,81.92,none,0.0,915.5,1.0,Shift A (Morning),34.7,1.01
2026-09-03 06:00:00,Kiln Exhaust ID Fan & Baghouse Station,Draft & Dust Abatement,145.23,none,0.0,0.0,1.0,Shift A (Morning),158.9,-3.5
2026-09-03 06:00:00,Pneumatic Dense-Phase Conveying Compressor,Pneumatic Conveying Utility,72.51,none,0.0,0.0,1.0,Shift A (Morning),47.7,5.57
2026-09-03 07:00:00,Rotary Calcination Kiln & Precalciner,Pyroprocessing & Clinkerization,95.71,coal,241.8,1813.5,1.0,Shift A (Morning),1459.3,-0.81
2026-09-03 07:00:00,Raw Material Ball Mill #01,Raw Grinding & Homogenization,189.01,none,0.0,1226.0,1.0,Shift A (Morning),86.4,1.01
2026-09-03 07:00:00,Vertical Roller Finish Mill (VRM),Finish Grinding & Separation,204.4,none,0.0,1362.7,1.0,Shift A (Morning),91.9,1.5
2026-09-03 07:00:00,Recuperative Clinker Grate Cooler,Clinker Cooling,68.6,none,0.0,1815.8,1.0,Shift A (Morning),276.3,0.5
2026-09-03 07:00:00,Primary Limestone Gyratory Crusher,Crushing & Quarry Handling,82.27,none,0.0,919.4,1.0,Shift A (Morning),34.5,1.01
2026-09-03 07:00:00,Kiln Exhaust ID Fan & Baghouse Station,Draft & Dust Abatement,142.29,none,0.0,0.0,1.0,Shift A (Morning),159.3,-3.44
2026-09-03 07:00:00,Pneumatic Dense-Phase Conveying Compressor,Pneumatic Conveying Utility,73.01,none,0.0,0.0,1.0,Shift A (Morning),47.8,5.63
2026-09-03 08:00:00,Rotary Calcination Kiln & Precalciner,Pyroprocessing & Clinkerization,98.55,coal,248.96,1867.2,1.0,Shift A (Morning),1443.9,-0.78
2026-09-03 08:00:00,Raw Material Ball Mill #01,Raw Grinding & Homogenization,179.76,none,0.0,1166.0,1.0,Shift A (Morning),84.4,0.99
2026-09-03 08:00:00,Vertical Roller Finish Mill (VRM),Finish Grinding & Separation,210.59,none,0.0,1403.9,1.0,Shift A (Morning),90.2,1.51
2026-09-03 08:00:00,Recuperative Clinker Grate Cooler,Clinker Cooling,67.16,none,0.0,1777.6,1.0,Shift A (Morning),281.3,0.5
2026-09-03 08:00:00,Primary Limestone Gyratory Crusher,Crushing & Quarry Handling,84.93,none,0.0,949.2,1.0,Shift A (Morning),35.4,1.01
2026-09-03 08:00:00,Kiln Exhaust ID Fan & Baghouse Station,Draft & Dust Abatement,150.45,none,0.0,0.0,1.0,Shift A (Morning),161.9,-3.44
2026-09-03 08:00:00,Pneumatic Dense-Phase Conveying Compressor,Pneumatic Conveying Utility,76.98,none,0.0,0.0,1.0,Shift A (Morning),48.9,5.62
2026-09-03 09:00:00,Rotary Calcination Kiln & Precalciner,Pyroprocessing & Clinkerization,93.6,coal,236.46,1773.5,1.0,Shift A (Morning),1441.1,-0.8
2026-09-03 09:00:00,Raw Material Ball Mill #01,Raw Grinding & Homogenization,187.12,none,0.0,1213.8,1.0,Shift A (Morning),83.8,1.01
2026-09-03 09:00:00,Vertical Roller Finish Mill (VRM),Finish Grinding & Separation,206.13,none,0.0,1374.2,1.0,Shift A (Morning),90.5,1.46
2026-09-03 09:00:00,Recuperative Clinker Grate Cooler,Clinker Cooling,68.95,none,0.0,1825.3,1.0,Shift A (Morning),285.5,0.51
2026-09-03 09:00:00,Primary Limestone Gyratory Crusher,Crushing & Quarry Handling,84.7,none,0.0,946.7,1.0,Shift A (Morning),34.6,1.0
2026-09-03 09:00:00,Kiln Exhaust ID Fan & Baghouse Station,Draft & Dust Abatement,140.92,none,0.0,0.0,1.0,Shift A (Morning),159.1,-3.6
2026-09-03 09:00:00,Pneumatic Dense-Phase Conveying Compressor,Pneumatic Conveying Utility,74.78,none,0.0,0.0,1.0,Shift A (Morning),47.9,5.37
2026-09-03 10:00:00,Rotary Calcination Kiln & Precalciner,Pyroprocessing & Clinkerization,93.97,coal,237.4,1780.5,1.0,Shift A (Morning),1453.2,-0.81
2026-09-03 10:00:00,Raw Material Ball Mill #01,Raw Grinding & Homogenization,179.97,none,0.0,1167.4,1.0,Shift A (Morning),84.0,1.02
2026-09-03 10:00:00,Vertical Roller Finish Mill (VRM),Finish Grinding & Separation,210.72,none,0.0,1404.8,1.0,Shift A (Morning),91.5,1.54
2026-09-03 10:00:00,Recuperative Clinker Grate Cooler,Clinker Cooling,65.45,none,0.0,1732.6,1.0,Shift A (Morning),285.0,0.51
2026-09-03 10:00:00,Primary Limestone Gyratory Crusher,Crushing & Quarry Handling,85.53,none,0.0,955.9,1.0,Shift A (Morning),34.5,0.99
2026-09-03 10:00:00,Kiln Exhaust ID Fan & Baghouse Station,Draft & Dust Abatement,146.59,none,0.0,0.0,1.0,Shift A (Morning),157.7,-3.49
2026-09-03 10:00:00,Pneumatic Dense-Phase Conveying Compressor,Pneumatic Conveying Utility,77.77,none,0.0,0.0,1.0,Shift A (Morning),48.7,5.39
2026-09-03 11:00:00,Rotary Calcination Kiln & Precalciner,Pyroprocessing & Clinkerization,92.04,coal,232.52,1743.9,1.0,Shift A (Morning),1472.5,-0.81
2026-09-03 11:00:00,Raw Material Ball Mill #01,Raw Grinding & Homogenization,185.32,none,0.0,1202.1,1.0,Shift A (Morning),84.0,0.98
2026-09-03 11:00:00,Vertical Roller Finish Mill (VRM),Finish Grinding & Separation,209.02,none,0.0,1393.4,1.0,Shift A (Morning),92.8,1.54
2026-09-03 11:00:00,Recuperative Clinker Grate Cooler,Clinker Cooling,69.43,none,0.0,1837.8,1.0,Shift A (Morning),277.7,0.5
2026-09-03 11:00:00,Primary Limestone Gyratory Crusher,Crushing & Quarry Handling,82.85,none,0.0,926.0,1.0,Shift A (Morning),35.0,0.97
2026-09-03 11:00:00,Kiln Exhaust ID Fan & Baghouse Station,Draft & Dust Abatement,146.36,none,0.0,0.0,1.0,Shift A (Morning),162.2,-3.51
2026-09-03 11:00:00,Pneumatic Dense-Phase Conveying Compressor,Pneumatic Conveying Utility,72.83,none,0.0,0.0,1.0,Shift A (Morning),47.9,5.61
2026-09-03 12:00:00,Rotary Calcination Kiln & Precalciner,Pyroprocessing & Clinkerization,91.73,coal,231.73,1738.0,1.0,Shift A (Morning),1460.5,-0.78
2026-09-03 12:00:00,Raw Material Ball Mill #01,Raw Grinding & Homogenization,186.67,none,0.0,1210.9,1.0,Shift A (Morning),84.8,1.02
2026-09-03 12:00:00,Vertical Roller Finish Mill (VRM),Finish Grinding & Separation,212.17,none,0.0,1414.5,1.0,Shift A (Morning),91.4,1.47
2026-09-03 12:00:00,Recuperative Clinker Grate Cooler,Clinker Cooling,69.26,none,0.0,1833.3,1.0,Shift A (Morning),278.1,0.49
2026-09-03 12:00:00,Primary Limestone Gyratory Crusher,Crushing & Quarry Handling,86.25,none,0.0,964.0,1.0,Shift A (Morning),34.3,1.03
2026-09-03 12:00:00,Kiln Exhaust ID Fan & Baghouse Station,Draft & Dust Abatement,149.47,none,0.0,0.0,1.0,Shift A (Morning),157.0,-3.42
2026-09-03 12:00:00,Pneumatic Dense-Phase Conveying Compressor,Pneumatic Conveying Utility,73.82,none,0.0,0.0,1.0,Shift A (Morning),48.1,5.42
2026-09-03 13:00:00,Rotary Calcination Kiln & Precalciner,Pyroprocessing & Clinkerization,92.18,coal,232.87,1746.6,1.0,Shift A (Morning),1445.9,-0.78
2026-09-03 13:00:00,Raw Material Ball Mill #01,Raw Grinding & Homogenization,187.81,none,0.0,1218.2,1.0,Shift A (Morning),83.3,1.0
2026-09-03 13:00:00,Vertical Roller Finish Mill (VRM),Finish Grinding & Separation,218.33,none,0.0,1455.6,1.0,Shift A (Morning),90.7,1.48
2026-09-03 13:00:00,Recuperative Clinker Grate Cooler,Clinker Cooling,65.49,none,0.0,1733.5,1.0,Shift A (Morning),282.8,0.5
2026-09-03 13:00:00,Primary Limestone Gyratory Crusher,Crushing & Quarry Handling,81.62,none,0.0,912.2,1.0,Shift A (Morning),35.6,1.01
2026-09-03 13:00:00,Kiln Exhaust ID Fan & Baghouse Station,Draft & Dust Abatement,147.12,none,0.0,0.0,1.0,Shift A (Morning),162.4,-3.53
2026-09-03 13:00:00,Pneumatic Dense-Phase Conveying Compressor,Pneumatic Conveying Utility,73.18,none,0.0,0.0,1.0,Shift A (Morning),47.9,5.6
2026-09-03 14:00:00,Rotary Calcination Kiln & Precalciner,Pyroprocessing & Clinkerization,95.56,coal,241.43,1810.7,1.0,Shift B (Evening),1477.9,-0.81
2026-09-03 14:00:00,Raw Material Ball Mill #01,Raw Grinding & Homogenization,179.69,none,0.0,1165.6,1.0,Shift B (Evening),86.6,0.97
2026-09-03 14:00:00,Vertical Roller Finish Mill (VRM),Finish Grinding & Separation,211.78,none,0.0,1411.9,1.0,Shift B (Evening),93.4,1.52
2026-09-03 14:00:00,Recuperative Clinker Grate Cooler,Clinker Cooling,66.48,none,0.0,1759.8,1.0,Shift B (Evening),279.1,0.51
2026-09-03 14:00:00,Primary Limestone Gyratory Crusher,Crushing & Quarry Handling,84.5,none,0.0,944.4,1.0,Shift B (Evening),34.8,1.0
2026-09-03 14:00:00,Kiln Exhaust ID Fan & Baghouse Station,Draft & Dust Abatement,147.63,none,0.0,0.0,1.0,Shift B (Evening),158.8,-3.45
2026-09-03 14:00:00,Pneumatic Dense-Phase Conveying Compressor,Pneumatic Conveying Utility,77.15,none,0.0,0.0,1.0,Shift B (Evening),47.5,5.43
2026-09-03 15:00:00,Rotary Calcination Kiln & Precalciner,Pyroprocessing & Clinkerization,93.12,coal,235.25,1764.4,1.0,Shift B (Evening),1475.7,-0.79
2026-09-03 15:00:00,Raw Material Ball Mill #01,Raw Grinding & Homogenization,184.05,none,0.0,1193.8,1.0,Shift B (Evening),84.2,1.0
2026-09-03 15:00:00,Vertical Roller Finish Mill (VRM),Finish Grinding & Separation,202.11,none,0.0,1347.4,1.0,Shift B (Evening),92.2,1.48
2026-09-03 15:00:00,Recuperative Clinker Grate Cooler,Clinker Cooling,69.28,none,0.0,1833.8,1.0,Shift B (Evening),280.6,0.49
2026-09-03 15:00:00,Primary Limestone Gyratory Crusher,Crushing & Quarry Handling,86.56,none,0.0,967.4,1.0,Shift B (Evening),34.4,0.99
2026-09-03 15:00:00,Kiln Exhaust ID Fan & Baghouse Station,Draft & Dust Abatement,140.86,none,0.0,0.0,1.0,Shift B (Evening),162.9,-3.57
2026-09-03 15:00:00,Pneumatic Dense-Phase Conveying Compressor,Pneumatic Conveying Utility,73.02,none,0.0,0.0,1.0,Shift B (Evening),47.0,5.38
2026-09-03 16:00:00,Rotary Calcination Kiln & Precalciner,Pyroprocessing & Clinkerization,91.93,coal,232.24,1741.8,1.0,Shift B (Evening),1441.8,-0.79
2026-09-03 16:00:00,Raw Material Ball Mill #01,Raw Grinding & Homogenization,177.87,none,0.0,1153.7,1.0,Shift B (Evening),85.4,1.02
2026-09-03 16:00:00,Vertical Roller Finish Mill (VRM),Finish Grinding & Separation,211.94,none,0.0,1412.9,1.0,Shift B (Evening),93.8,1.49
2026-09-03 16:00:00,Recuperative Clinker Grate Cooler,Clinker Cooling,69.26,none,0.0,1833.2,1.0,Shift B (Evening),283.1,0.49
2026-09-03 16:00:00,Primary Limestone Gyratory Crusher,Crushing & Quarry Handling,87.29,none,0.0,975.6,1.0,Shift B (Evening),35.3,0.99
2026-09-03 16:00:00,Kiln Exhaust ID Fan & Baghouse Station,Draft & Dust Abatement,147.3,none,0.0,0.0,1.0,Shift B (Evening),161.3,-3.42
2026-09-03 16:00:00,Pneumatic Dense-Phase Conveying Compressor,Pneumatic Conveying Utility,76.76,none,0.0,0.0,1.0,Shift B (Evening),48.1,5.35
2026-09-03 17:00:00,Rotary Calcination Kiln & Precalciner,Pyroprocessing & Clinkerization,95.02,coal,240.06,1800.5,1.0,Shift B (Evening),1452.8,-0.82
2026-09-03 17:00:00,Raw Material Ball Mill #01,Raw Grinding & Homogenization,187.19,none,0.0,1214.2,1.0,Shift B (Evening),85.5,0.98
2026-09-03 17:00:00,Vertical Roller Finish Mill (VRM),Finish Grinding & Separation,217.08,none,0.0,1447.2,1.0,Shift B (Evening),92.9,1.54
2026-09-03 17:00:00,Recuperative Clinker Grate Cooler,Clinker Cooling,69.91,none,0.0,1850.5,1.0,Shift B (Evening),277.8,0.51
2026-09-03 17:00:00,Primary Limestone Gyratory Crusher,Crushing & Quarry Handling,82.79,none,0.0,925.3,1.0,Shift B (Evening),34.8,1.02
2026-09-03 17:00:00,Kiln Exhaust ID Fan & Baghouse Station,Draft & Dust Abatement,141.5,none,0.0,0.0,1.0,Shift B (Evening),159.1,-3.56
2026-09-03 17:00:00,Pneumatic Dense-Phase Conveying Compressor,Pneumatic Conveying Utility,72.52,none,0.0,0.0,1.0,Shift B (Evening),48.8,5.59
2026-09-03 18:00:00,Rotary Calcination Kiln & Precalciner,Pyroprocessing & Clinkerization,97.41,coal,246.09,1845.7,1.0,Shift B (Evening),1439.5,-0.81
2026-09-03 18:00:00,Raw Material Ball Mill #01,Raw Grinding & Homogenization,189.96,none,0.0,1232.1,1.0,Shift B (Evening),84.9,1.01
2026-09-03 18:00:00,Vertical Roller Finish Mill (VRM),Finish Grinding & Separation,210.88,none,0.0,1405.8,1.0,Shift B (Evening),90.8,1.46
2026-09-03 18:00:00,Recuperative Clinker Grate Cooler,Clinker Cooling,65.73,none,0.0,1739.9,1.0,Shift B (Evening),279.4,0.5
2026-09-03 18:00:00,Primary Limestone Gyratory Crusher,Crushing & Quarry Handling,81.73,none,0.0,913.4,1.0,Shift B (Evening),34.6,0.99
2026-09-03 18:00:00,Kiln Exhaust ID Fan & Baghouse Station,Draft & Dust Abatement,150.38,none,0.0,0.0,1.0,Shift B (Evening),161.9,-3.51
2026-09-03 18:00:00,Pneumatic Dense-Phase Conveying Compressor,Pneumatic Conveying Utility,76.79,none,0.0,0.0,1.0,Shift B (Evening),47.1,5.59
2026-09-03 19:00:00,Rotary Calcination Kiln & Precalciner,Pyroprocessing & Clinkerization,94.78,coal,239.44,1795.8,1.0,Shift B (Evening),1469.5,-0.8
2026-09-03 19:00:00,Raw Material Ball Mill #01,Raw Grinding & Homogenization,189.43,none,0.0,1228.7,1.0,Shift B (Evening),86.2,0.99
2026-09-03 19:00:00,Vertical Roller Finish Mill (VRM),Finish Grinding & Separation,216.74,none,0.0,1444.9,1.0,Shift B (Evening),90.8,1.54
2026-09-03 19:00:00,Recuperative Clinker Grate Cooler,Clinker Cooling,66.48,none,0.0,1759.7,1.0,Shift B (Evening),285.1,0.49
2026-09-03 19:00:00,Primary Limestone Gyratory Crusher,Crushing & Quarry Handling,86.31,none,0.0,964.6,1.0,Shift B (Evening),34.7,1.01
2026-09-03 19:00:00,Kiln Exhaust ID Fan & Baghouse Station,Draft & Dust Abatement,146.12,none,0.0,0.0,1.0,Shift B (Evening),158.0,-3.46
2026-09-03 19:00:00,Pneumatic Dense-Phase Conveying Compressor,Pneumatic Conveying Utility,76.76,none,0.0,0.0,1.0,Shift B (Evening),48.1,5.48
2026-09-03 20:00:00,Rotary Calcination Kiln & Precalciner,Pyroprocessing & Clinkerization,94.58,coal,238.94,1792.1,1.0,Shift B (Evening),1455.8,-0.82
2026-09-03 20:00:00,Raw Material Ball Mill #01,Raw Grinding & Homogenization,178.91,none,0.0,1160.5,1.0,Shift B (Evening),85.6,1.02
2026-09-03 20:00:00,Vertical Roller Finish Mill (VRM),Finish Grinding & Separation,218.22,none,0.0,1454.8,1.0,Shift B (Evening),93.1,1.48
2026-09-03 20:00:00,Recuperative Clinker Grate Cooler,Clinker Cooling,69.14,none,0.0,1830.0,1.0,Shift B (Evening),282.9,0.5
2026-09-03 20:00:00,Primary Limestone Gyratory Crusher,Crushing & Quarry Handling,88.21,none,0.0,985.8,1.0,Shift B (Evening),34.9,0.99
2026-09-03 20:00:00,Kiln Exhaust ID Fan & Baghouse Station,Draft & Dust Abatement,148.1,none,0.0,0.0,1.0,Shift B (Evening),161.2,-3.41
2026-09-03 20:00:00,Pneumatic Dense-Phase Conveying Compressor,Pneumatic Conveying Utility,74.33,none,0.0,0.0,1.0,Shift B (Evening),48.1,5.66
2026-09-03 21:00:00,Rotary Calcination Kiln & Precalciner,Pyroprocessing & Clinkerization,97.65,coal,246.7,1850.2,1.0,Shift B (Evening),1477.1,-0.8
2026-09-03 21:00:00,Raw Material Ball Mill #01,Raw Grinding & Homogenization,191.09,none,0.0,1239.5,1.0,Shift B (Evening),83.4,1.02
2026-09-03 21:00:00,Vertical Roller Finish Mill (VRM),Finish Grinding & Separation,216.35,none,0.0,1442.4,1.0,Shift B (Evening),92.6,1.54
2026-09-03 21:00:00,Recuperative Clinker Grate Cooler,Clinker Cooling,66.27,none,0.0,1754.1,1.0,Shift B (Evening),283.1,0.49
2026-09-03 21:00:00,Primary Limestone Gyratory Crusher,Crushing & Quarry Handling,86.42,none,0.0,965.9,1.0,Shift B (Evening),35.1,0.99
2026-09-03 21:00:00,Kiln Exhaust ID Fan & Baghouse Station,Draft & Dust Abatement,139.29,none,0.0,0.0,1.0,Shift B (Evening),160.1,-3.45
2026-09-03 21:00:00,Pneumatic Dense-Phase Conveying Compressor,Pneumatic Conveying Utility,74.6,none,0.0,0.0,1.0,Shift B (Evening),48.5,5.38
2026-09-03 22:00:00,Rotary Calcination Kiln & Precalciner,Pyroprocessing & Clinkerization,95.06,coal,240.15,1801.1,1.0,Shift C (Night),1454.5,-0.8
2026-09-03 22:00:00,Raw Material Ball Mill #01,Raw Grinding & Homogenization,186.74,none,0.0,1211.3,1.0,Shift C (Night),84.1,1.01
2026-09-03 22:00:00,Vertical Roller Finish Mill (VRM),Finish Grinding & Separation,217.07,none,0.0,1447.1,1.0,Shift C (Night),91.2,1.54
2026-09-03 22:00:00,Recuperative Clinker Grate Cooler,Clinker Cooling,69.31,none,0.0,1834.6,1.0,Shift C (Night),282.8,0.51
2026-09-03 22:00:00,Primary Limestone Gyratory Crusher,Crushing & Quarry Handling,85.49,none,0.0,955.5,1.0,Shift C (Night),35.4,1.0
2026-09-03 22:00:00,Kiln Exhaust ID Fan & Baghouse Station,Draft & Dust Abatement,149.45,none,0.0,0.0,1.0,Shift C (Night),162.2,-3.42
2026-09-03 22:00:00,Pneumatic Dense-Phase Conveying Compressor,Pneumatic Conveying Utility,72.63,none,0.0,0.0,1.0,Shift C (Night),48.8,5.44
2026-09-03 23:00:00,Rotary Calcination Kiln & Precalciner,Pyroprocessing & Clinkerization,94.19,coal,237.96,1784.7,1.0,Shift C (Night),1423.8,-0.81
2026-09-03 23:00:00,Raw Material Ball Mill #01,Raw Grinding & Homogenization,190.16,none,0.0,1233.5,1.0,Shift C (Night),84.0,1.01
2026-09-03 23:00:00,Vertical Roller Finish Mill (VRM),Finish Grinding & Separation,214.17,none,0.0,1427.8,1.0,Shift C (Night),93.4,1.52
2026-09-03 23:00:00,Recuperative Clinker Grate Cooler,Clinker Cooling,70.08,none,0.0,1855.1,1.0,Shift C (Night),276.0,0.5
2026-09-03 23:00:00,Primary Limestone Gyratory Crusher,Crushing & Quarry Handling,1.5,none,0.0,0.0,0.0,Shift C (Night),31.8,0.0
2026-09-03 23:00:00,Kiln Exhaust ID Fan & Baghouse Station,Draft & Dust Abatement,149.19,none,0.0,0.0,1.0,Shift C (Night),160.1,-3.5
2026-09-03 23:00:00,Pneumatic Dense-Phase Conveying Compressor,Pneumatic Conveying Utility,32.52,none,0.0,0.0,0.0,Shift C (Night),38.4,4.67
2026-09-04 00:00:00,Rotary Calcination Kiln & Precalciner,Pyroprocessing & Clinkerization,97.07,coal,331.07,1839.3,1.0,Shift C (Night),1378.6,-0.79
2026-09-04 00:00:00,Raw Material Ball Mill #01,Raw Grinding & Homogenization,1.41,none,0.0,0.0,0.0,Shift C (Night),29.6,0.0
2026-09-04 00:00:00,Vertical Roller Finish Mill (VRM),Finish Grinding & Separation,0.94,none,0.0,0.0,0.0,Shift C (Night),30.8,0.0
2026-09-04 00:00:00,Recuperative Clinker Grate Cooler,Clinker Cooling,70.16,none,0.0,1857.1,1.0,Shift C (Night),274.5,0.49
2026-09-04 00:00:00,Primary Limestone Gyratory Crusher,Crushing & Quarry Handling,0.93,none,0.0,0.0,0.0,Shift C (Night),30.3,0.0
2026-09-04 00:00:00,Kiln Exhaust ID Fan & Baghouse Station,Draft & Dust Abatement,146.34,none,0.0,0.0,1.0,Shift C (Night),163.1,-3.57
2026-09-04 00:00:00,Pneumatic Dense-Phase Conveying Compressor,Pneumatic Conveying Utility,36.71,none,0.0,0.0,0.0,Shift C (Night),38.4,4.67
2026-09-04 01:00:00,Rotary Calcination Kiln & Precalciner,Pyroprocessing & Clinkerization,96.17,coal,327.98,1822.1,1.0,Shift C (Night),1380.7,-0.79
2026-09-04 01:00:00,Raw Material Ball Mill #01,Raw Grinding & Homogenization,1.25,none,0.0,0.0,0.0,Shift C (Night),31.6,0.0
2026-09-04 01:00:00,Vertical Roller Finish Mill (VRM),Finish Grinding & Separation,1.52,none,0.0,0.0,0.0,Shift C (Night),31.5,0.0
2026-09-04 01:00:00,Recuperative Clinker Grate Cooler,Clinker Cooling,66.96,none,0.0,1772.6,1.0,Shift C (Night),275.6,0.51
2026-09-04 01:00:00,Primary Limestone Gyratory Crusher,Crushing & Quarry Handling,1.23,none,0.0,0.0,0.0,Shift C (Night),30.3,0.0
2026-09-04 01:00:00,Kiln Exhaust ID Fan & Baghouse Station,Draft & Dust Abatement,148.81,none,0.0,0.0,1.0,Shift C (Night),161.6,-3.42
2026-09-04 01:00:00,Pneumatic Dense-Phase Conveying Compressor,Pneumatic Conveying Utility,35.2,none,0.0,0.0,0.0,Shift C (Night),38.4,4.67
2026-09-04 02:00:00,Rotary Calcination Kiln & Precalciner,Pyroprocessing & Clinkerization,98.24,coal,335.04,1861.4,1.0,Shift C (Night),1380.0,-0.79
2026-09-04 02:00:00,Raw Material Ball Mill #01,Raw Grinding & Homogenization,1.68,none,0.0,0.0,0.0,Shift C (Night),31.3,0.0
2026-09-04 02:00:00,Vertical Roller Finish Mill (VRM),Finish Grinding & Separation,1.99,none,0.0,0.0,0.0,Shift C (Night),28.4,0.0
2026-09-04 02:00:00,Recuperative Clinker Grate Cooler,Clinker Cooling,67.41,none,0.0,1784.3,1.0,Shift C (Night),284.9,0.51
2026-09-04 02:00:00,Primary Limestone Gyratory Crusher,Crushing & Quarry Handling,0.95,none,0.0,0.0,0.0,Shift C (Night),30.3,0.0
2026-09-04 02:00:00,Kiln Exhaust ID Fan & Baghouse Station,Draft & Dust Abatement,149.87,none,0.0,0.0,1.0,Shift C (Night),158.1,-3.52
2026-09-04 02:00:00,Pneumatic Dense-Phase Conveying Compressor,Pneumatic Conveying Utility,33.65,none,0.0,0.0,0.0,Shift C (Night),38.4,4.67
2026-09-04 03:00:00,Rotary Calcination Kiln & Precalciner,Pyroprocessing & Clinkerization,95.96,coal,327.28,1818.2,1.0,Shift C (Night),1403.7,-0.8
2026-09-04 03:00:00,Raw Material Ball Mill #01,Raw Grinding & Homogenization,0.68,none,0.0,0.0,0.0,Shift C (Night),31.2,0.0
2026-09-04 03:00:00,Vertical Roller Finish Mill (VRM),Finish Grinding & Separation,1.59,none,0.0,0.0,0.0,Shift C (Night),30.3,0.0
2026-09-04 03:00:00,Recuperative Clinker Grate Cooler,Clinker Cooling,67.61,none,0.0,1789.8,1.0,Shift C (Night),280.1,0.49
2026-09-04 03:00:00,Primary Limestone Gyratory Crusher,Crushing & Quarry Handling,1.31,none,0.0,0.0,0.0,Shift C (Night),28.9,0.0
2026-09-04 03:00:00,Kiln Exhaust ID Fan & Baghouse Station,Draft & Dust Abatement,146.99,none,0.0,0.0,1.0,Shift C (Night),158.9,-3.53
2026-09-04 03:00:00,Pneumatic Dense-Phase Conveying Compressor,Pneumatic Conveying Utility,35.99,none,0.0,0.0,0.0,Shift C (Night),38.4,4.67
2026-09-04 04:00:00,Rotary Calcination Kiln & Precalciner,Pyroprocessing & Clinkerization,91.75,coal,312.9,1738.4,1.0,Shift C (Night),1390.8,-0.79
2026-09-04 04:00:00,Raw Material Ball Mill #01,Raw Grinding & Homogenization,1.75,none,0.0,0.0,0.0,Shift C (Night),32.0,0.0
2026-09-04 04:00:00,Vertical Roller Finish Mill (VRM),Finish Grinding & Separation,1.55,none,0.0,0.0,0.0,Shift C (Night),30.0,0.0
2026-09-04 04:00:00,Recuperative Clinker Grate Cooler,Clinker Cooling,70.48,none,0.0,1865.6,1.0,Shift C (Night),276.8,0.51
2026-09-04 04:00:00,Primary Limestone Gyratory Crusher,Crushing & Quarry Handling,1.51,none,0.0,0.0,0.0,Shift C (Night),28.4,0.0
2026-09-04 04:00:00,Kiln Exhaust ID Fan & Baghouse Station,Draft & Dust Abatement,147.17,none,0.0,0.0,1.0,Shift C (Night),159.8,-3.6
2026-09-04 04:00:00,Pneumatic Dense-Phase Conveying Compressor,Pneumatic Conveying Utility,32.47,none,0.0,0.0,0.0,Shift C (Night),38.4,4.67
2026-09-04 05:00:00,Rotary Calcination Kiln & Precalciner,Pyroprocessing & Clinkerization,98.2,coal,334.92,1860.7,1.0,Shift C (Night),1399.6,-0.79
2026-09-04 05:00:00,Raw Material Ball Mill #01,Raw Grinding & Homogenization,1.52,none,0.0,0.0,0.0,Shift C (Night),30.6,0.0
2026-09-04 05:00:00,Vertical Roller Finish Mill (VRM),Finish Grinding & Separation,0.6,none,0.0,0.0,0.0,Shift C (Night),30.0,0.0
2026-09-04 05:00:00,Recuperative Clinker Grate Cooler,Clinker Cooling,66.47,none,0.0,1759.4,1.0,Shift C (Night),280.9,0.49
2026-09-04 05:00:00,Primary Limestone Gyratory Crusher,Crushing & Quarry Handling,0.88,none,0.0,0.0,0.0,Shift C (Night),30.8,0.0
2026-09-04 05:00:00,Kiln Exhaust ID Fan & Baghouse Station,Draft & Dust Abatement,142.93,none,0.0,0.0,1.0,Shift C (Night),156.9,-3.58
2026-09-04 05:00:00,Pneumatic Dense-Phase Conveying Compressor,Pneumatic Conveying Utility,34.04,none,0.0,0.0,0.0,Shift C (Night),38.4,4.67
2026-09-04 06:00:00,Rotary Calcination Kiln & Precalciner,Pyroprocessing & Clinkerization,95.67,coal,326.28,1812.7,1.0,Shift A (Morning),1383.1,-0.82
2026-09-04 06:00:00,Raw Material Ball Mill #01,Raw Grinding & Homogenization,182.53,none,0.0,1184.0,1.0,Shift A (Morning),85.9,1.01
2026-09-04 06:00:00,Vertical Roller Finish Mill (VRM),Finish Grinding & Separation,205.37,none,0.0,1369.1,1.0,Shift A (Morning),93.0,1.54
2026-09-04 06:00:00,Recuperative Clinker Grate Cooler,Clinker Cooling,70.34,none,0.0,1861.9,1.0,Shift A (Morning),282.1,0.5
2026-09-04 06:00:00,Primary Limestone Gyratory Crusher,Crushing & Quarry Handling,82.93,none,0.0,926.9,1.0,Shift A (Morning),34.9,0.99
2026-09-04 06:00:00,Kiln Exhaust ID Fan & Baghouse Station,Draft & Dust Abatement,146.98,none,0.0,0.0,1.0,Shift A (Morning),158.9,-3.42
2026-09-04 06:00:00,Pneumatic Dense-Phase Conveying Compressor,Pneumatic Conveying Utility,75.74,none,0.0,0.0,1.0,Shift A (Morning),47.3,5.53
2026-09-04 07:00:00,Rotary Calcination Kiln & Precalciner,Pyroprocessing & Clinkerization,91.61,coal,312.43,1735.7,1.0,Shift A (Morning),1371.9,-0.78
2026-09-04 07:00:00,Raw Material Ball Mill #01,Raw Grinding & Homogenization,181.56,none,0.0,1177.7,1.0,Shift A (Morning),85.0,0.99
2026-09-04 07:00:00,Vertical Roller Finish Mill (VRM),Finish Grinding & Separation,214.91,none,0.0,1432.7,1.0,Shift A (Morning),91.4,1.46
2026-09-04 07:00:00,Recuperative Clinker Grate Cooler,Clinker Cooling,66.6,none,0.0,1763.0,1.0,Shift A (Morning),278.4,0.5
2026-09-04 07:00:00,Primary Limestone Gyratory Crusher,Crushing & Quarry Handling,86.33,none,0.0,964.8,1.0,Shift A (Morning),35.7,0.97
2026-09-04 07:00:00,Kiln Exhaust ID Fan & Baghouse Station,Draft & Dust Abatement,150.59,none,0.0,0.0,1.0,Shift A (Morning),157.0,-3.48
2026-09-04 07:00:00,Pneumatic Dense-Phase Conveying Compressor,Pneumatic Conveying Utility,74.82,none,0.0,0.0,1.0,Shift A (Morning),47.2,5.47
2026-09-04 08:00:00,Rotary Calcination Kiln & Precalciner,Pyroprocessing & Clinkerization,93.55,coal,319.06,1772.5,1.0,Shift A (Morning),1416.3,-0.81
2026-09-04 08:00:00,Raw Material Ball Mill #01,Raw Grinding & Homogenization,185.94,none,0.0,1206.1,1.0,Shift A (Morning),86.0,1.02
2026-09-04 08:00:00,Vertical Roller Finish Mill (VRM),Finish Grinding & Separation,203.47,none,0.0,1356.4,1.0,Shift A (Morning),90.7,1.5
2026-09-04 08:00:00,Recuperative Clinker Grate Cooler,Clinker Cooling,66.64,none,0.0,1763.9,1.0,Shift A (Morning),281.8,0.49
2026-09-04 08:00:00,Primary Limestone Gyratory Crusher,Crushing & Quarry Handling,85.92,none,0.0,960.2,1.0,Shift A (Morning),35.0,1.01
2026-09-04 08:00:00,Kiln Exhaust ID Fan & Baghouse Station,Draft & Dust Abatement,148.31,none,0.0,0.0,1.0,Shift A (Morning),162.2,-3.46
2026-09-04 08:00:00,Pneumatic Dense-Phase Conveying Compressor,Pneumatic Conveying Utility,74.63,none,0.0,0.0,1.0,Shift A (Morning),47.8,5.63
2026-09-04 09:00:00,Rotary Calcination Kiln & Precalciner,Pyroprocessing & Clinkerization,92.48,coal,315.41,1752.3,1.0,Shift A (Morning),1372.5,-0.82
2026-09-04 09:00:00,Raw Material Ball Mill #01,Raw Grinding & Homogenization,187.21,none,0.0,1214.3,1.0,Shift A (Morning),85.5,1.01
2026-09-04 09:00:00,Vertical Roller Finish Mill (VRM),Finish Grinding & Separation,207.73,none,0.0,1384.8,1.0,Shift A (Morning),91.2,1.49
2026-09-04 09:00:00,Recuperative Clinker Grate Cooler,Clinker Cooling,69.06,none,0.0,1828.1,1.0,Shift A (Morning),277.2,0.49
2026-09-04 09:00:00,Primary Limestone Gyratory Crusher,Crushing & Quarry Handling,83.35,none,0.0,931.5,1.0,Shift A (Morning),34.8,1.02
2026-09-04 09:00:00,Kiln Exhaust ID Fan & Baghouse Station,Draft & Dust Abatement,143.15,none,0.0,0.0,1.0,Shift A (Morning),158.9,-3.42
2026-09-04 09:00:00,Pneumatic Dense-Phase Conveying Compressor,Pneumatic Conveying Utility,74.45,none,0.0,0.0,1.0,Shift A (Morning),48.4,5.48
2026-09-04 10:00:00,Rotary Calcination Kiln & Precalciner,Pyroprocessing & Clinkerization,95.0,coal,323.99,1800.0,1.0,Shift A (Morning),1391.3,-0.8
2026-09-04 10:00:00,Raw Material Ball Mill #01,Raw Grinding & Homogenization,189.47,none,0.0,1229.0,1.0,Shift A (Morning),84.4,1.02
2026-09-04 10:00:00,Vertical Roller Finish Mill (VRM),Finish Grinding & Separation,205.5,none,0.0,1370.0,1.0,Shift A (Morning),90.7,1.49
2026-09-04 10:00:00,Recuperative Clinker Grate Cooler,Clinker Cooling,70.64,none,0.0,1870.0,1.0,Shift A (Morning),280.9,0.5
2026-09-04 10:00:00,Primary Limestone Gyratory Crusher,Crushing & Quarry Handling,83.39,none,0.0,932.0,1.0,Shift A (Morning),35.5,0.97
2026-09-04 10:00:00,Kiln Exhaust ID Fan & Baghouse Station,Draft & Dust Abatement,145.23,none,0.0,0.0,1.0,Shift A (Morning),161.2,-3.57
2026-09-04 10:00:00,Pneumatic Dense-Phase Conveying Compressor,Pneumatic Conveying Utility,74.4,none,0.0,0.0,1.0,Shift A (Morning),47.8,5.55
2026-09-04 11:00:00,Rotary Calcination Kiln & Precalciner,Pyroprocessing & Clinkerization,97.43,coal,332.29,1846.0,1.0,Shift A (Morning),1372.0,-0.82
2026-09-04 11:00:00,Raw Material Ball Mill #01,Raw Grinding & Homogenization,190.77,none,0.0,1237.4,1.0,Shift A (Morning),85.2,0.98
2026-09-04 11:00:00,Vertical Roller Finish Mill (VRM),Finish Grinding & Separation,213.12,none,0.0,1420.8,1.0,Shift A (Morning),90.7,1.51
2026-09-04 11:00:00,Recuperative Clinker Grate Cooler,Clinker Cooling,67.32,none,0.0,1781.9,1.0,Shift A (Morning),278.2,0.49
2026-09-04 11:00:00,Primary Limestone Gyratory Crusher,Crushing & Quarry Handling,82.31,none,0.0,919.9,1.0,Shift A (Morning),35.4,0.97
2026-09-04 11:00:00,Kiln Exhaust ID Fan & Baghouse Station,Draft & Dust Abatement,146.66,none,0.0,0.0,1.0,Shift A (Morning),162.7,-3.4
2026-09-04 11:00:00,Pneumatic Dense-Phase Conveying Compressor,Pneumatic Conveying Utility,76.33,none,0.0,0.0,1.0,Shift A (Morning),48.9,5.56
2026-09-04 12:00:00,Rotary Calcination Kiln & Precalciner,Pyroprocessing & Clinkerization,92.51,coal,315.51,1752.9,1.0,Shift A (Morning),1367.2,-0.8
2026-09-04 12:00:00,Raw Material Ball Mill #01,Raw Grinding & Homogenization,180.69,none,0.0,1172.0,1.0,Shift A (Morning),84.4,0.97
2026-09-04 12:00:00,Vertical Roller Finish Mill (VRM),Finish Grinding & Separation,208.93,none,0.0,1392.9,1.0,Shift A (Morning),91.9,1.47
2026-09-04 12:00:00,Recuperative Clinker Grate Cooler,Clinker Cooling,65.9,none,0.0,1744.5,1.0,Shift A (Morning),276.4,0.49
2026-09-04 12:00:00,Primary Limestone Gyratory Crusher,Crushing & Quarry Handling,86.01,none,0.0,961.3,1.0,Shift A (Morning),35.3,1.02
2026-09-04 12:00:00,Kiln Exhaust ID Fan & Baghouse Station,Draft & Dust Abatement,148.69,none,0.0,0.0,1.0,Shift A (Morning),160.6,-3.53
2026-09-04 12:00:00,Pneumatic Dense-Phase Conveying Compressor,Pneumatic Conveying Utility,77.03,none,0.0,0.0,1.0,Shift A (Morning),48.5,5.39
2026-09-04 13:00:00,Rotary Calcination Kiln & Precalciner,Pyroprocessing & Clinkerization,98.19,coal,334.88,1860.5,1.0,Shift A (Morning),1407.7,-0.81
2026-09-04 13:00:00,Raw Material Ball Mill #01,Raw Grinding & Homogenization,179.26,none,0.0,1162.8,1.0,Shift A (Morning),86.2,0.98
2026-09-04 13:00:00,Vertical Roller Finish Mill (VRM),Finish Grinding & Separation,209.67,none,0.0,1397.8,1.0,Shift A (Morning),90.7,1.54
2026-09-04 13:00:00,Recuperative Clinker Grate Cooler,Clinker Cooling,65.51,none,0.0,1734.1,1.0,Shift A (Morning),275.0,0.5
2026-09-04 13:00:00,Primary Limestone Gyratory Crusher,Crushing & Quarry Handling,87.61,none,0.0,979.2,1.0,Shift A (Morning),35.0,1.01
2026-09-04 13:00:00,Kiln Exhaust ID Fan & Baghouse Station,Draft & Dust Abatement,144.36,none,0.0,0.0,1.0,Shift A (Morning),158.6,-3.49
2026-09-04 13:00:00,Pneumatic Dense-Phase Conveying Compressor,Pneumatic Conveying Utility,72.32,none,0.0,0.0,1.0,Shift A (Morning),47.6,5.52
2026-09-04 14:00:00,Rotary Calcination Kiln & Precalciner,Pyroprocessing & Clinkerization,94.93,coal,323.77,1798.7,1.0,Shift B (Evening),1394.3,-0.82
2026-09-04 14:00:00,Raw Material Ball Mill #01,Raw Grinding & Homogenization,189.28,none,0.0,1227.8,1.0,Shift B (Evening),86.3,1.03
2026-09-04 14:00:00,Vertical Roller Finish Mill (VRM),Finish Grinding & Separation,202.64,none,0.0,1351.0,1.0,Shift B (Evening),90.9,1.47
2026-09-04 14:00:00,Recuperative Clinker Grate Cooler,Clinker Cooling,68.87,none,0.0,1823.1,1.0,Shift B (Evening),283.7,0.51
2026-09-04 14:00:00,Primary Limestone Gyratory Crusher,Crushing & Quarry Handling,81.78,none,0.0,914.0,1.0,Shift B (Evening),34.4,1.03
2026-09-04 14:00:00,Kiln Exhaust ID Fan & Baghouse Station,Draft & Dust Abatement,144.09,none,0.0,0.0,1.0,Shift B (Evening),160.5,-3.41
2026-09-04 14:00:00,Pneumatic Dense-Phase Conveying Compressor,Pneumatic Conveying Utility,73.75,none,0.0,0.0,1.0,Shift B (Evening),47.8,5.47
2026-09-04 15:00:00,Rotary Calcination Kiln & Precalciner,Pyroprocessing & Clinkerization,95.02,coal,324.08,1800.5,1.0,Shift B (Evening),1382.2,-0.81
2026-09-04 15:00:00,Raw Material Ball Mill #01,Raw Grinding & Homogenization,181.61,none,0.0,1178.0,1.0,Shift B (Evening),84.7,1.02
2026-09-04 15:00:00,Vertical Roller Finish Mill (VRM),Finish Grinding & Separation,208.6,none,0.0,1390.7,1.0,Shift B (Evening),92.7,1.46
2026-09-04 15:00:00,Recuperative Clinker Grate Cooler,Clinker Cooling,67.6,none,0.0,1789.4,1.0,Shift B (Evening),283.7,0.49
2026-09-04 15:00:00,Primary Limestone Gyratory Crusher,Crushing & Quarry Handling,82.66,none,0.0,923.8,1.0,Shift B (Evening),35.2,1.03
2026-09-04 15:00:00,Kiln Exhaust ID Fan & Baghouse Station,Draft & Dust Abatement,150.79,none,0.0,0.0,1.0,Shift B (Evening),157.9,-3.49
2026-09-04 15:00:00,Pneumatic Dense-Phase Conveying Compressor,Pneumatic Conveying Utility,74.72,none,0.0,0.0,1.0,Shift B (Evening),47.9,5.42
2026-09-04 16:00:00,Rotary Calcination Kiln & Precalciner,Pyroprocessing & Clinkerization,94.96,coal,323.87,1799.3,1.0,Shift B (Evening),1414.7,-0.79
2026-09-04 16:00:00,Raw Material Ball Mill #01,Raw Grinding & Homogenization,184.13,none,0.0,1194.4,1.0,Shift B (Evening),86.1,1.01
2026-09-04 16:00:00,Vertical Roller Finish Mill (VRM),Finish Grinding & Separation,206.18,none,0.0,1374.5,1.0,Shift B (Evening),91.3,1.5
2026-09-04 16:00:00,Recuperative Clinker Grate Cooler,Clinker Cooling,69.5,none,0.0,1839.7,1.0,Shift B (Evening),275.0,0.5
2026-09-04 16:00:00,Primary Limestone Gyratory Crusher,Crushing & Quarry Handling,82.57,none,0.0,922.8,1.0,Shift B (Evening),35.2,1.0
2026-09-04 16:00:00,Kiln Exhaust ID Fan & Baghouse Station,Draft & Dust Abatement,144.46,none,0.0,0.0,1.0,Shift B (Evening),162.7,-3.51
2026-09-04 16:00:00,Pneumatic Dense-Phase Conveying Compressor,Pneumatic Conveying Utility,72.93,none,0.0,0.0,1.0,Shift B (Evening),48.0,5.6
2026-09-04 17:00:00,Rotary Calcination Kiln & Precalciner,Pyroprocessing & Clinkerization,92.24,coal,314.58,1747.6,1.0,Shift B (Evening),1408.5,-0.78
2026-09-04 17:00:00,Raw Material Ball Mill #01,Raw Grinding & Homogenization,183.54,none,0.0,1190.5,1.0,Shift B (Evening),85.7,1.01
2026-09-04 17:00:00,Vertical Roller Finish Mill (VRM),Finish Grinding & Separation,214.3,none,0.0,1428.7,1.0,Shift B (Evening),91.1,1.49
2026-09-04 17:00:00,Recuperative Clinker Grate Cooler,Clinker Cooling,65.29,none,0.0,1728.2,1.0,Shift B (Evening),276.6,0.5
2026-09-04 17:00:00,Primary Limestone Gyratory Crusher,Crushing & Quarry Handling,85.99,none,0.0,961.1,1.0,Shift B (Evening),35.6,0.97
2026-09-04 17:00:00,Kiln Exhaust ID Fan & Baghouse Station,Draft & Dust Abatement,143.69,none,0.0,0.0,1.0,Shift B (Evening),161.4,-3.51
2026-09-04 17:00:00,Pneumatic Dense-Phase Conveying Compressor,Pneumatic Conveying Utility,72.06,none,0.0,0.0,1.0,Shift B (Evening),47.4,5.56
2026-09-04 18:00:00,Rotary Calcination Kiln & Precalciner,Pyroprocessing & Clinkerization,98.52,coal,336.02,1866.8,1.0,Shift B (Evening),1386.5,-0.79
2026-09-04 18:00:00,Raw Material Ball Mill #01,Raw Grinding & Homogenization,184.58,none,0.0,1197.3,1.0,Shift B (Evening),86.3,1.02
2026-09-04 18:00:00,Vertical Roller Finish Mill (VRM),Finish Grinding & Separation,212.28,none,0.0,1415.2,1.0,Shift B (Evening),90.7,1.51
2026-09-04 18:00:00,Recuperative Clinker Grate Cooler,Clinker Cooling,66.32,none,0.0,1755.5,1.0,Shift B (Evening),275.8,0.49
2026-09-04 18:00:00,Primary Limestone Gyratory Crusher,Crushing & Quarry Handling,86.78,none,0.0,969.9,1.0,Shift B (Evening),34.7,1.0
2026-09-04 18:00:00,Kiln Exhaust ID Fan & Baghouse Station,Draft & Dust Abatement,143.39,none,0.0,0.0,1.0,Shift B (Evening),163.1,-3.54
2026-09-04 18:00:00,Pneumatic Dense-Phase Conveying Compressor,Pneumatic Conveying Utility,73.62,none,0.0,0.0,1.0,Shift B (Evening),48.6,5.6
2026-09-04 19:00:00,Rotary Calcination Kiln & Precalciner,Pyroprocessing & Clinkerization,91.84,coal,313.24,1740.2,1.0,Shift B (Evening),1397.8,-0.82
2026-09-04 19:00:00,Raw Material Ball Mill #01,Raw Grinding & Homogenization,185.83,none,0.0,1205.4,1.0,Shift B (Evening),84.2,0.97
2026-09-04 19:00:00,Vertical Roller Finish Mill (VRM),Finish Grinding & Separation,208.99,none,0.0,1393.3,1.0,Shift B (Evening),93.6,1.47
2026-09-04 19:00:00,Recuperative Clinker Grate Cooler,Clinker Cooling,65.29,none,0.0,1728.2,1.0,Shift B (Evening),280.2,0.51
2026-09-04 19:00:00,Primary Limestone Gyratory Crusher,Crushing & Quarry Handling,84.32,none,0.0,942.4,1.0,Shift B (Evening),35.5,0.98
2026-09-04 19:00:00,Kiln Exhaust ID Fan & Baghouse Station,Draft & Dust Abatement,141.18,none,0.0,0.0,1.0,Shift B (Evening),159.9,-3.53
2026-09-04 19:00:00,Pneumatic Dense-Phase Conveying Compressor,Pneumatic Conveying Utility,76.35,none,0.0,0.0,1.0,Shift B (Evening),47.1,5.61
2026-09-04 20:00:00,Rotary Calcination Kiln & Precalciner,Pyroprocessing & Clinkerization,91.64,coal,312.55,1736.4,1.0,Shift B (Evening),1376.7,-0.8
2026-09-04 20:00:00,Raw Material Ball Mill #01,Raw Grinding & Homogenization,185.71,none,0.0,1204.6,1.0,Shift B (Evening),84.6,1.0
2026-09-04 20:00:00,Vertical Roller Finish Mill (VRM),Finish Grinding & Separation,207.97,none,0.0,1386.5,1.0,Shift B (Evening),92.7,1.51
2026-09-04 20:00:00,Recuperative Clinker Grate Cooler,Clinker Cooling,66.88,none,0.0,1770.3,1.0,Shift B (Evening),275.3,0.49
2026-09-04 20:00:00,Primary Limestone Gyratory Crusher,Crushing & Quarry Handling,88.23,none,0.0,986.1,1.0,Shift B (Evening),34.4,1.03
2026-09-04 20:00:00,Kiln Exhaust ID Fan & Baghouse Station,Draft & Dust Abatement,145.82,none,0.0,0.0,1.0,Shift B (Evening),156.8,-3.54
2026-09-04 20:00:00,Pneumatic Dense-Phase Conveying Compressor,Pneumatic Conveying Utility,72.31,none,0.0,0.0,1.0,Shift B (Evening),47.2,5.52
2026-09-04 21:00:00,Rotary Calcination Kiln & Precalciner,Pyroprocessing & Clinkerization,93.95,coal,320.42,1780.1,1.0,Shift B (Evening),1404.6,-0.78
2026-09-04 21:00:00,Raw Material Ball Mill #01,Raw Grinding & Homogenization,178.31,none,0.0,1156.6,1.0,Shift B (Evening),84.5,0.99
2026-09-04 21:00:00,Vertical Roller Finish Mill (VRM),Finish Grinding & Separation,209.56,none,0.0,1397.0,1.0,Shift B (Evening),92.7,1.54
2026-09-04 21:00:00,Recuperative Clinker Grate Cooler,Clinker Cooling,66.53,none,0.0,1761.1,1.0,Shift B (Evening),282.0,0.49
2026-09-04 21:00:00,Primary Limestone Gyratory Crusher,Crushing & Quarry Handling,82.16,none,0.0,918.2,1.0,Shift B (Evening),35.7,0.98
2026-09-04 21:00:00,Kiln Exhaust ID Fan & Baghouse Station,Draft & Dust Abatement,149.65,none,0.0,0.0,1.0,Shift B (Evening),159.8,-3.58
2026-09-04 21:00:00,Pneumatic Dense-Phase Conveying Compressor,Pneumatic Conveying Utility,76.74,none,0.0,0.0,1.0,Shift B (Evening),47.9,5.55
2026-09-04 22:00:00,Rotary Calcination Kiln & Precalciner,Pyroprocessing & Clinkerization,96.33,coal,328.52,1825.1,1.0,Shift C (Night),1400.5,-0.82
2026-09-04 22:00:00,Raw Material Ball Mill #01,Raw Grinding & Homogenization,182.54,none,0.0,1184.0,1.0,Shift C (Night),84.1,1.01
2026-09-04 22:00:00,Vertical Roller Finish Mill (VRM),Finish Grinding & Separation,207.0,none,0.0,1380.0,1.0,Shift C (Night),93.4,1.54
2026-09-04 22:00:00,Recuperative Clinker Grate Cooler,Clinker Cooling,69.35,none,0.0,1835.7,1.0,Shift C (Night),277.2,0.51
2026-09-04 22:00:00,Primary Limestone Gyratory Crusher,Crushing & Quarry Handling,83.96,none,0.0,938.3,1.0,Shift C (Night),34.8,1.01
2026-09-04 22:00:00,Kiln Exhaust ID Fan & Baghouse Station,Draft & Dust Abatement,146.34,none,0.0,0.0,1.0,Shift C (Night),161.5,-3.54
2026-09-04 22:00:00,Pneumatic Dense-Phase Conveying Compressor,Pneumatic Conveying Utility,72.99,none,0.0,0.0,1.0,Shift C (Night),47.6,5.47
2026-09-04 23:00:00,Rotary Calcination Kiln & Precalciner,Pyroprocessing & Clinkerization,92.06,coal,313.97,1744.3,1.0,Shift C (Night),1407.6,-0.79
2026-09-04 23:00:00,Raw Material Ball Mill #01,Raw Grinding & Homogenization,181.92,none,0.0,1180.0,1.0,Shift C (Night),86.5,1.02
2026-09-04 23:00:00,Vertical Roller Finish Mill (VRM),Finish Grinding & Separation,215.89,none,0.0,1439.3,1.0,Shift C (Night),90.5,1.54
2026-09-04 23:00:00,Recuperative Clinker Grate Cooler,Clinker Cooling,66.3,none,0.0,1755.0,1.0,Shift C (Night),279.5,0.51
2026-09-04 23:00:00,Primary Limestone Gyratory Crusher,Crushing & Quarry Handling,1.46,none,0.0,0.0,0.0,Shift C (Night),28.9,0.0
2026-09-04 23:00:00,Kiln Exhaust ID Fan & Baghouse Station,Draft & Dust Abatement,144.35,none,0.0,0.0,1.0,Shift C (Night),159.5,-3.55
2026-09-04 23:00:00,Pneumatic Dense-Phase Conveying Compressor,Pneumatic Conveying Utility,35.71,none,0.0,0.0,0.0,Shift C (Night),38.4,4.67
2026-09-05 00:00:00,Rotary Calcination Kiln & Precalciner,Pyroprocessing & Clinkerization,97.06,coal,331.03,1839.1,1.0,Shift C (Night),1402.4,-0.8
2026-09-05 00:00:00,Raw Material Ball Mill #01,Raw Grinding & Homogenization,1.35,none,0.0,0.0,0.0,Shift C (Night),31.0,0.0
2026-09-05 00:00:00,Vertical Roller Finish Mill (VRM),Finish Grinding & Separation,1.86,none,0.0,0.0,0.0,Shift C (Night),31.1,0.0
2026-09-05 00:00:00,Recuperative Clinker Grate Cooler,Clinker Cooling,65.31,none,0.0,1728.7,1.0,Shift C (Night),280.3,0.5
2026-09-05 00:00:00,Primary Limestone Gyratory Crusher,Crushing & Quarry Handling,1.67,none,0.0,0.0,0.0,Shift C (Night),31.2,0.0
2026-09-05 00:00:00,Kiln Exhaust ID Fan & Baghouse Station,Draft & Dust Abatement,144.51,none,0.0,0.0,1.0,Shift C (Night),160.6,-3.4
2026-09-05 00:00:00,Pneumatic Dense-Phase Conveying Compressor,Pneumatic Conveying Utility,33.82,none,0.0,0.0,0.0,Shift C (Night),38.4,4.67
2026-09-05 01:00:00,Rotary Calcination Kiln & Precalciner,Pyroprocessing & Clinkerization,93.47,coal,318.78,1771.0,1.0,Shift C (Night),1404.5,-0.8
2026-09-05 01:00:00,Raw Material Ball Mill #01,Raw Grinding & Homogenization,0.71,none,0.0,0.0,0.0,Shift C (Night),29.1,0.0
2026-09-05 01:00:00,Vertical Roller Finish Mill (VRM),Finish Grinding & Separation,1.46,none,0.0,0.0,0.0,Shift C (Night),30.1,0.0
2026-09-05 01:00:00,Recuperative Clinker Grate Cooler,Clinker Cooling,66.43,none,0.0,1758.4,1.0,Shift C (Night),283.6,0.5
2026-09-05 01:00:00,Primary Limestone Gyratory Crusher,Crushing & Quarry Handling,1.16,none,0.0,0.0,0.0,Shift C (Night),29.1,0.0
2026-09-05 01:00:00,Kiln Exhaust ID Fan & Baghouse Station,Draft & Dust Abatement,139.72,none,0.0,0.0,1.0,Shift C (Night),159.1,-3.45
2026-09-05 01:00:00,Pneumatic Dense-Phase Conveying Compressor,Pneumatic Conveying Utility,33.65,none,0.0,0.0,0.0,Shift C (Night),38.4,4.67
2026-09-05 02:00:00,Rotary Calcination Kiln & Precalciner,Pyroprocessing & Clinkerization,95.49,coal,325.69,1809.4,1.0,Shift C (Night),1396.3,-0.8
2026-09-05 02:00:00,Raw Material Ball Mill #01,Raw Grinding & Homogenization,0.86,none,0.0,0.0,0.0,Shift C (Night),29.5,0.0
2026-09-05 02:00:00,Vertical Roller Finish Mill (VRM),Finish Grinding & Separation,0.94,none,0.0,0.0,0.0,Shift C (Night),28.6,0.0
2026-09-05 02:00:00,Recuperative Clinker Grate Cooler,Clinker Cooling,67.68,none,0.0,1791.6,1.0,Shift C (Night),281.0,0.49
2026-09-05 02:00:00,Primary Limestone Gyratory Crusher,Crushing & Quarry Handling,0.76,none,0.0,0.0,0.0,Shift C (Night),30.8,0.0
2026-09-05 02:00:00,Kiln Exhaust ID Fan & Baghouse Station,Draft & Dust Abatement,139.86,none,0.0,0.0,1.0,Shift C (Night),161.3,-3.47
2026-09-05 02:00:00,Pneumatic Dense-Phase Conveying Compressor,Pneumatic Conveying Utility,35.46,none,0.0,0.0,0.0,Shift C (Night),38.4,4.67
2026-09-05 03:00:00,Rotary Calcination Kiln & Precalciner,Pyroprocessing & Clinkerization,91.74,coal,312.88,1738.2,1.0,Shift C (Night),1393.9,-0.8
2026-09-05 03:00:00,Raw Material Ball Mill #01,Raw Grinding & Homogenization,1.19,none,0.0,0.0,0.0,Shift C (Night),30.0,0.0
2026-09-05 03:00:00,Vertical Roller Finish Mill (VRM),Finish Grinding & Separation,1.38,none,0.0,0.0,0.0,Shift C (Night),32.0,0.0
2026-09-05 03:00:00,Recuperative Clinker Grate Cooler,Clinker Cooling,67.03,none,0.0,1774.3,1.0,Shift C (Night),276.9,0.49
2026-09-05 03:00:00,Primary Limestone Gyratory Crusher,Crushing & Quarry Handling,0.94,none,0.0,0.0,0.0,Shift C (Night),31.3,0.0
2026-09-05 03:00:00,Kiln Exhaust ID Fan & Baghouse Station,Draft & Dust Abatement,143.98,none,0.0,0.0,1.0,Shift C (Night),160.0,-3.44
2026-09-05 03:00:00,Pneumatic Dense-Phase Conveying Compressor,Pneumatic Conveying Utility,36.09,none,0.0,0.0,0.0,Shift C (Night),38.4,4.67
2026-09-05 04:00:00,Rotary Calcination Kiln & Precalciner,Pyroprocessing & Clinkerization,94.65,coal,322.81,1793.4,1.0,Shift C (Night),1402.8,-0.81
2026-09-05 04:00:00,Raw Material Ball Mill #01,Raw Grinding & Homogenization,1.57,none,0.0,0.0,0.0,Shift C (Night),31.4,0.0
2026-09-05 04:00:00,Vertical Roller Finish Mill (VRM),Finish Grinding & Separation,0.61,none,0.0,0.0,0.0,Shift C (Night),31.0,0.0
2026-09-05 04:00:00,Recuperative Clinker Grate Cooler,Clinker Cooling,70.09,none,0.0,1855.4,1.0,Shift C (Night),276.1,0.51
2026-09-05 04:00:00,Primary Limestone Gyratory Crusher,Crushing & Quarry Handling,0.97,none,0.0,0.0,0.0,Shift C (Night),29.4,0.0
2026-09-05 04:00:00,Kiln Exhaust ID Fan & Baghouse Station,Draft & Dust Abatement,150.43,none,0.0,0.0,1.0,Shift C (Night),160.0,-3.59
2026-09-05 04:00:00,Pneumatic Dense-Phase Conveying Compressor,Pneumatic Conveying Utility,32.04,none,0.0,0.0,0.0,Shift C (Night),38.4,4.67
2026-09-05 05:00:00,Rotary Calcination Kiln & Precalciner,Pyroprocessing & Clinkerization,97.67,coal,333.11,1850.6,1.0,Shift C (Night),1380.7,-0.82
2026-09-05 05:00:00,Raw Material Ball Mill #01,Raw Grinding & Homogenization,1.75,none,0.0,0.0,0.0,Shift C (Night),30.1,0.0
2026-09-05 05:00:00,Vertical Roller Finish Mill (VRM),Finish Grinding & Separation,1.84,none,0.0,0.0,0.0,Shift C (Night),29.9,0.0
2026-09-05 05:00:00,Recuperative Clinker Grate Cooler,Clinker Cooling,69.59,none,0.0,1842.0,1.0,Shift C (Night),284.1,0.51
2026-09-05 05:00:00,Primary Limestone Gyratory Crusher,Crushing & Quarry Handling,0.8,none,0.0,0.0,0.0,Shift C (Night),28.3,0.0
2026-09-05 05:00:00,Kiln Exhaust ID Fan & Baghouse Station,Draft & Dust Abatement,148.0,none,0.0,0.0,1.0,Shift C (Night),158.6,-3.6
2026-09-05 05:00:00,Pneumatic Dense-Phase Conveying Compressor,Pneumatic Conveying Utility,33.28,none,0.0,0.0,0.0,Shift C (Night),38.4,4.67
2026-09-05 06:00:00,Rotary Calcination Kiln & Precalciner,Pyroprocessing & Clinkerization,96.74,coal,329.93,1833.0,1.0,Shift A (Morning),1379.7,-0.79
2026-09-05 06:00:00,Raw Material Ball Mill #01,Raw Grinding & Homogenization,177.67,none,0.0,1152.5,1.0,Shift A (Morning),83.9,0.98
2026-09-05 06:00:00,Vertical Roller Finish Mill (VRM),Finish Grinding & Separation,209.26,none,0.0,1395.0,1.0,Shift A (Morning),90.5,1.52
2026-09-05 06:00:00,Recuperative Clinker Grate Cooler,Clinker Cooling,70.28,none,0.0,1860.3,1.0,Shift A (Morning),282.0,0.51
2026-09-05 06:00:00,Primary Limestone Gyratory Crusher,Crushing & Quarry Handling,1.83,none,0.0,0.0,0.0,Shift A (Morning),28.3,0.0
2026-09-05 06:00:00,Kiln Exhaust ID Fan & Baghouse Station,Draft & Dust Abatement,144.19,none,0.0,0.0,1.0,Shift A (Morning),159.7,-3.5
2026-09-05 06:00:00,Pneumatic Dense-Phase Conveying Compressor,Pneumatic Conveying Utility,34.68,none,0.0,0.0,0.0,Shift A (Morning),38.4,4.67
2026-09-05 07:00:00,Rotary Calcination Kiln & Precalciner,Pyroprocessing & Clinkerization,97.35,coal,332.01,1844.4,1.0,Shift A (Morning),1383.4,-0.78
2026-09-05 07:00:00,Raw Material Ball Mill #01,Raw Grinding & Homogenization,189.92,none,0.0,1231.9,1.0,Shift A (Morning),83.9,1.0
2026-09-05 07:00:00,Vertical Roller Finish Mill (VRM),Finish Grinding & Separation,217.44,none,0.0,1449.6,1.0,Shift A (Morning),91.7,1.54
2026-09-05 07:00:00,Recuperative Clinker Grate Cooler,Clinker Cooling,68.1,none,0.0,1802.7,1.0,Shift A (Morning),281.3,0.5
2026-09-05 07:00:00,Primary Limestone Gyratory Crusher,Crushing & Quarry Handling,1.36,none,0.0,0.0,0.0,Shift A (Morning),29.8,0.0
2026-09-05 07:00:00,Kiln Exhaust ID Fan & Baghouse Station,Draft & Dust Abatement,144.66,none,0.0,0.0,1.0,Shift A (Morning),158.7,-3.46
2026-09-05 07:00:00,Pneumatic Dense-Phase Conveying Compressor,Pneumatic Conveying Utility,33.29,none,0.0,0.0,0.0,Shift A (Morning),38.4,4.67
2026-09-05 08:00:00,Rotary Calcination Kiln & Precalciner,Pyroprocessing & Clinkerization,94.63,coal,322.76,1793.1,1.0,Shift A (Morning),1380.6,-0.78
2026-09-05 08:00:00,Raw Material Ball Mill #01,Raw Grinding & Homogenization,181.71,none,0.0,1178.7,1.0,Shift A (Morning),83.7,1.01
2026-09-05 08:00:00,Vertical Roller Finish Mill (VRM),Finish Grinding & Separation,218.32,none,0.0,1455.5,1.0,Shift A (Morning),92.8,1.51
2026-09-05 08:00:00,Recuperative Clinker Grate Cooler,Clinker Cooling,69.04,none,0.0,1827.6,1.0,Shift A (Morning),276.8,0.51
2026-09-05 08:00:00,Primary Limestone Gyratory Crusher,Crushing & Quarry Handling,1.88,none,0.0,0.0,0.0,Shift A (Morning),30.8,0.0
2026-09-05 08:00:00,Kiln Exhaust ID Fan & Baghouse Station,Draft & Dust Abatement,150.37,none,0.0,0.0,1.0,Shift A (Morning),159.6,-3.54
2026-09-05 08:00:00,Pneumatic Dense-Phase Conveying Compressor,Pneumatic Conveying Utility,33.66,none,0.0,0.0,0.0,Shift A (Morning),38.4,4.67
2026-09-05 09:00:00,Rotary Calcination Kiln & Precalciner,Pyroprocessing & Clinkerization,98.73,coal,336.73,1870.7,1.0,Shift A (Morning),1419.2,-0.8
2026-09-05 09:00:00,Raw Material Ball Mill #01,Raw Grinding & Homogenization,181.32,none,0.0,1176.1,1.0,Shift A (Morning),86.3,1.0
2026-09-05 09:00:00,Vertical Roller Finish Mill (VRM),Finish Grinding & Separation,202.06,none,0.0,1347.0,1.0,Shift A (Morning),90.7,1.48
2026-09-05 09:00:00,Recuperative Clinker Grate Cooler,Clinker Cooling,70.6,none,0.0,1868.8,1.0,Shift A (Morning),277.6,0.49
2026-09-05 09:00:00,Primary Limestone Gyratory Crusher,Crushing & Quarry Handling,1.45,none,0.0,0.0,0.0,Shift A (Morning),29.7,0.0
2026-09-05 09:00:00,Kiln Exhaust ID Fan & Baghouse Station,Draft & Dust Abatement,148.34,none,0.0,0.0,1.0,Shift A (Morning),159.0,-3.42
2026-09-05 09:00:00,Pneumatic Dense-Phase Conveying Compressor,Pneumatic Conveying Utility,36.44,none,0.0,0.0,0.0,Shift A (Morning),38.4,4.67
2026-09-05 10:00:00,Rotary Calcination Kiln & Precalciner,Pyroprocessing & Clinkerization,98.66,coal,336.47,1869.3,1.0,Shift A (Morning),1387.0,-0.81
2026-09-05 10:00:00,Raw Material Ball Mill #01,Raw Grinding & Homogenization,179.61,none,0.0,1165.1,1.0,Shift A (Morning),83.7,1.03
2026-09-05 10:00:00,Vertical Roller Finish Mill (VRM),Finish Grinding & Separation,216.18,none,0.0,1441.2,1.0,Shift A (Morning),90.4,1.54
2026-09-05 10:00:00,Recuperative Clinker Grate Cooler,Clinker Cooling,67.81,none,0.0,1795.0,1.0,Shift A (Morning),281.8,0.5
2026-09-05 10:00:00,Primary Limestone Gyratory Crusher,Crushing & Quarry Handling,0.95,none,0.0,0.0,0.0,Shift A (Morning),28.1,0.0
2026-09-05 10:00:00,Kiln Exhaust ID Fan & Baghouse Station,Draft & Dust Abatement,142.87,none,0.0,0.0,1.0,Shift A (Morning),158.3,-3.47
2026-09-05 10:00:00,Pneumatic Dense-Phase Conveying Compressor,Pneumatic Conveying Utility,32.66,none,0.0,0.0,0.0,Shift A (Morning),38.4,4.67
2026-09-05 11:00:00,Rotary Calcination Kiln & Precalciner,Pyroprocessing & Clinkerization,92.19,coal,314.43,1746.8,1.0,Shift A (Morning),1399.6,-0.79
2026-09-05 11:00:00,Raw Material Ball Mill #01,Raw Grinding & Homogenization,181.27,none,0.0,1175.8,1.0,Shift A (Morning),84.0,1.0
2026-09-05 11:00:00,Vertical Roller Finish Mill (VRM),Finish Grinding & Separation,212.94,none,0.0,1419.6,1.0,Shift A (Morning),93.1,1.54
2026-09-05 11:00:00,Recuperative Clinker Grate Cooler,Clinker Cooling,69.17,none,0.0,1831.0,1.0,Shift A (Morning),284.6,0.49
2026-09-05 11:00:00,Primary Limestone Gyratory Crusher,Crushing & Quarry Handling,1.18,none,0.0,0.0,0.0,Shift A (Morning),30.6,0.0
2026-09-05 11:00:00,Kiln Exhaust ID Fan & Baghouse Station,Draft & Dust Abatement,142.5,none,0.0,0.0,1.0,Shift A (Morning),159.7,-3.58
2026-09-05 11:00:00,Pneumatic Dense-Phase Conveying Compressor,Pneumatic Conveying Utility,34.09,none,0.0,0.0,0.0,Shift A (Morning),38.4,4.67
2026-09-05 12:00:00,Rotary Calcination Kiln & Precalciner,Pyroprocessing & Clinkerization,97.75,coal,333.37,1852.1,1.0,Shift A (Morning),1408.7,-0.78
2026-09-05 12:00:00,Raw Material Ball Mill #01,Raw Grinding & Homogenization,186.86,none,0.0,1212.1,1.0,Shift A (Morning),84.0,1.01
2026-09-05 12:00:00,Vertical Roller Finish Mill (VRM),Finish Grinding & Separation,209.86,none,0.0,1399.1,1.0,Shift A (Morning),93.3,1.51
2026-09-05 12:00:00,Recuperative Clinker Grate Cooler,Clinker Cooling,67.94,none,0.0,1798.3,1.0,Shift A (Morning),282.9,0.49
2026-09-05 12:00:00,Primary Limestone Gyratory Crusher,Crushing & Quarry Handling,1.15,none,0.0,0.0,0.0,Shift A (Morning),28.3,0.0
2026-09-05 12:00:00,Kiln Exhaust ID Fan & Baghouse Station,Draft & Dust Abatement,147.28,none,0.0,0.0,1.0,Shift A (Morning),158.7,-3.53
2026-09-05 12:00:00,Pneumatic Dense-Phase Conveying Compressor,Pneumatic Conveying Utility,34.55,none,0.0,0.0,0.0,Shift A (Morning),38.4,4.67
2026-09-05 13:00:00,Rotary Calcination Kiln & Precalciner,Pyroprocessing & Clinkerization,95.1,coal,324.35,1802.0,1.0,Shift A (Morning),1385.1,-0.79
2026-09-05 13:00:00,Raw Material Ball Mill #01,Raw Grinding & Homogenization,182.43,none,0.0,1183.3,1.0,Shift A (Morning),86.1,0.97
2026-09-05 13:00:00,Vertical Roller Finish Mill (VRM),Finish Grinding & Separation,217.23,none,0.0,1448.2,1.0,Shift A (Morning),90.8,1.53
2026-09-05 13:00:00,Recuperative Clinker Grate Cooler,Clinker Cooling,68.98,none,0.0,1826.0,1.0,Shift A (Morning),276.4,0.49
2026-09-05 13:00:00,Primary Limestone Gyratory Crusher,Crushing & Quarry Handling,1.91,none,0.0,0.0,0.0,Shift A (Morning),31.7,0.0
2026-09-05 13:00:00,Kiln Exhaust ID Fan & Baghouse Station,Draft & Dust Abatement,145.27,none,0.0,0.0,1.0,Shift A (Morning),160.3,-3.49
2026-09-05 13:00:00,Pneumatic Dense-Phase Conveying Compressor,Pneumatic Conveying Utility,32.21,none,0.0,0.0,0.0,Shift A (Morning),38.4,4.67
2026-09-05 14:00:00,Rotary Calcination Kiln & Precalciner,Pyroprocessing & Clinkerization,98.23,coal,335.03,1861.2,1.0,Shift B (Evening),1410.6,-0.81
2026-09-05 14:00:00,Raw Material Ball Mill #01,Raw Grinding & Homogenization,183.37,none,0.0,1189.5,1.0,Shift B (Evening),86.4,1.01
2026-09-05 14:00:00,Vertical Roller Finish Mill (VRM),Finish Grinding & Separation,214.39,none,0.0,1429.3,1.0,Shift B (Evening),90.8,1.5
2026-09-05 14:00:00,Recuperative Clinker Grate Cooler,Clinker Cooling,66.13,none,0.0,1750.5,1.0,Shift B (Evening),282.2,0.5
2026-09-05 14:00:00,Primary Limestone Gyratory Crusher,Crushing & Quarry Handling,1.0,none,0.0,0.0,0.0,Shift B (Evening),31.5,0.0
2026-09-05 14:00:00,Kiln Exhaust ID Fan & Baghouse Station,Draft & Dust Abatement,143.01,none,0.0,0.0,1.0,Shift B (Evening),157.1,-3.41
2026-09-05 14:00:00,Pneumatic Dense-Phase Conveying Compressor,Pneumatic Conveying Utility,33.1,none,0.0,0.0,0.0,Shift B (Evening),38.4,4.67
2026-09-05 15:00:00,Rotary Calcination Kiln & Precalciner,Pyroprocessing & Clinkerization,96.33,coal,328.52,1825.1,1.0,Shift B (Evening),1409.5,-0.8
2026-09-05 15:00:00,Raw Material Ball Mill #01,Raw Grinding & Homogenization,190.43,none,0.0,1235.2,1.0,Shift B (Evening),84.9,1.02
2026-09-05 15:00:00,Vertical Roller Finish Mill (VRM),Finish Grinding & Separation,214.28,none,0.0,1428.5,1.0,Shift B (Evening),90.8,1.52
2026-09-05 15:00:00,Recuperative Clinker Grate Cooler,Clinker Cooling,70.27,none,0.0,1860.2,1.0,Shift B (Evening),276.7,0.5
2026-09-05 15:00:00,Primary Limestone Gyratory Crusher,Crushing & Quarry Handling,1.13,none,0.0,0.0,0.0,Shift B (Evening),29.7,0.0
2026-09-05 15:00:00,Kiln Exhaust ID Fan & Baghouse Station,Draft & Dust Abatement,142.6,none,0.0,0.0,1.0,Shift B (Evening),161.8,-3.59
2026-09-05 15:00:00,Pneumatic Dense-Phase Conveying Compressor,Pneumatic Conveying Utility,35.74,none,0.0,0.0,0.0,Shift B (Evening),38.4,4.67
2026-09-05 16:00:00,Rotary Calcination Kiln & Precalciner,Pyroprocessing & Clinkerization,95.34,coal,325.17,1806.5,1.0,Shift B (Evening),1371.7,-0.82
2026-09-05 16:00:00,Raw Material Ball Mill #01,Raw Grinding & Homogenization,188.0,none,0.0,1219.4,1.0,Shift B (Evening),85.9,0.98
2026-09-05 16:00:00,Vertical Roller Finish Mill (VRM),Finish Grinding & Separation,204.02,none,0.0,1360.1,1.0,Shift B (Evening),91.9,1.49
2026-09-05 16:00:00,Recuperative Clinker Grate Cooler,Clinker Cooling,65.44,none,0.0,1732.2,1.0,Shift B (Evening),277.1,0.49
2026-09-05 16:00:00,Primary Limestone Gyratory Crusher,Crushing & Quarry Handling,1.99,none,0.0,0.0,0.0,Shift B (Evening),29.9,0.0
2026-09-05 16:00:00,Kiln Exhaust ID Fan & Baghouse Station,Draft & Dust Abatement,145.71,none,0.0,0.0,1.0,Shift B (Evening),162.1,-3.49
2026-09-05 16:00:00,Pneumatic Dense-Phase Conveying Compressor,Pneumatic Conveying Utility,32.4,none,0.0,0.0,0.0,Shift B (Evening),38.4,4.67
2026-09-05 17:00:00,Rotary Calcination Kiln & Precalciner,Pyroprocessing & Clinkerization,96.85,coal,330.3,1835.0,1.0,Shift B (Evening),1386.8,-0.81
2026-09-05 17:00:00,Raw Material Ball Mill #01,Raw Grinding & Homogenization,180.97,none,0.0,1173.8,1.0,Shift B (Evening),84.1,1.01
2026-09-05 17:00:00,Vertical Roller Finish Mill (VRM),Finish Grinding & Separation,207.43,none,0.0,1382.9,1.0,Shift B (Evening),93.4,1.52
2026-09-05 17:00:00,Recuperative Clinker Grate Cooler,Clinker Cooling,70.48,none,0.0,1865.7,1.0,Shift B (Evening),282.3,0.5
2026-09-05 17:00:00,Primary Limestone Gyratory Crusher,Crushing & Quarry Handling,1.08,none,0.0,0.0,0.0,Shift B (Evening),29.7,0.0
2026-09-05 17:00:00,Kiln Exhaust ID Fan & Baghouse Station,Draft & Dust Abatement,141.44,none,0.0,0.0,1.0,Shift B (Evening),161.0,-3.58
2026-09-05 17:00:00,Pneumatic Dense-Phase Conveying Compressor,Pneumatic Conveying Utility,36.26,none,0.0,0.0,0.0,Shift B (Evening),38.4,4.67
2026-09-05 18:00:00,Rotary Calcination Kiln & Precalciner,Pyroprocessing & Clinkerization,94.64,coal,322.79,1793.2,1.0,Shift B (Evening),1400.1,-0.81
2026-09-05 18:00:00,Raw Material Ball Mill #01,Raw Grinding & Homogenization,0.68,none,0.0,0.0,0.0,Shift B (Evening),29.3,0.0
2026-09-05 18:00:00,Vertical Roller Finish Mill (VRM),Finish Grinding & Separation,1.08,none,0.0,0.0,0.0,Shift B (Evening),29.4,0.0
2026-09-05 18:00:00,Recuperative Clinker Grate Cooler,Clinker Cooling,68.46,none,0.0,1812.1,1.0,Shift B (Evening),276.8,0.51
2026-09-05 18:00:00,Primary Limestone Gyratory Crusher,Crushing & Quarry Handling,1.69,none,0.0,0.0,0.0,Shift B (Evening),28.9,0.0
2026-09-05 18:00:00,Kiln Exhaust ID Fan & Baghouse Station,Draft & Dust Abatement,146.58,none,0.0,0.0,1.0,Shift B (Evening),162.1,-3.43
2026-09-05 18:00:00,Pneumatic Dense-Phase Conveying Compressor,Pneumatic Conveying Utility,33.72,none,0.0,0.0,0.0,Shift B (Evening),38.4,4.67
2026-09-05 19:00:00,Rotary Calcination Kiln & Precalciner,Pyroprocessing & Clinkerization,98.23,coal,335.0,1861.1,1.0,Shift B (Evening),1389.1,-0.82
2026-09-05 19:00:00,Raw Material Ball Mill #01,Raw Grinding & Homogenization,1.04,none,0.0,0.0,0.0,Shift B (Evening),28.7,0.0
2026-09-05 19:00:00,Vertical Roller Finish Mill (VRM),Finish Grinding & Separation,0.96,none,0.0,0.0,0.0,Shift B (Evening),31.1,0.0
2026-09-05 19:00:00,Recuperative Clinker Grate Cooler,Clinker Cooling,70.56,none,0.0,1867.8,1.0,Shift B (Evening),278.1,0.5
2026-09-05 19:00:00,Primary Limestone Gyratory Crusher,Crushing & Quarry Handling,1.87,none,0.0,0.0,0.0,Shift B (Evening),30.1,0.0
2026-09-05 19:00:00,Kiln Exhaust ID Fan & Baghouse Station,Draft & Dust Abatement,147.63,none,0.0,0.0,1.0,Shift B (Evening),161.3,-3.44
2026-09-05 19:00:00,Pneumatic Dense-Phase Conveying Compressor,Pneumatic Conveying Utility,34.89,none,0.0,0.0,0.0,Shift B (Evening),38.4,4.67
2026-09-05 20:00:00,Rotary Calcination Kiln & Precalciner,Pyroprocessing & Clinkerization,94.62,coal,322.7,1792.8,1.0,Shift B (Evening),1415.1,-0.8
2026-09-05 20:00:00,Raw Material Ball Mill #01,Raw Grinding & Homogenization,0.65,none,0.0,0.0,0.0,Shift B (Evening),28.4,0.0
2026-09-05 20:00:00,Vertical Roller Finish Mill (VRM),Finish Grinding & Separation,1.18,none,0.0,0.0,0.0,Shift B (Evening),31.9,0.0
2026-09-05 20:00:00,Recuperative Clinker Grate Cooler,Clinker Cooling,68.2,none,0.0,1805.4,1.0,Shift B (Evening),285.1,0.5
2026-09-05 20:00:00,Primary Limestone Gyratory Crusher,Crushing & Quarry Handling,1.42,none,0.0,0.0,0.0,Shift B (Evening),30.6,0.0
2026-09-05 20:00:00,Kiln Exhaust ID Fan & Baghouse Station,Draft & Dust Abatement,149.23,none,0.0,0.0,1.0,Shift B (Evening),159.4,-3.53
2026-09-05 20:00:00,Pneumatic Dense-Phase Conveying Compressor,Pneumatic Conveying Utility,33.16,none,0.0,0.0,0.0,Shift B (Evening),38.4,4.67
2026-09-05 21:00:00,Rotary Calcination Kiln & Precalciner,Pyroprocessing & Clinkerization,94.17,coal,321.18,1784.3,1.0,Shift B (Evening),1407.9,-0.82
2026-09-05 21:00:00,Raw Material Ball Mill #01,Raw Grinding & Homogenization,1.13,none,0.0,0.0,0.0,Shift B (Evening),28.0,0.0
2026-09-05 21:00:00,Vertical Roller Finish Mill (VRM),Finish Grinding & Separation,1.95,none,0.0,0.0,0.0,Shift B (Evening),29.1,0.0
2026-09-05 21:00:00,Recuperative Clinker Grate Cooler,Clinker Cooling,68.93,none,0.0,1824.7,1.0,Shift B (Evening),284.5,0.51
2026-09-05 21:00:00,Primary Limestone Gyratory Crusher,Crushing & Quarry Handling,1.2,none,0.0,0.0,0.0,Shift B (Evening),31.0,0.0
2026-09-05 21:00:00,Kiln Exhaust ID Fan & Baghouse Station,Draft & Dust Abatement,141.6,none,0.0,0.0,1.0,Shift B (Evening),161.4,-3.53
2026-09-05 21:00:00,Pneumatic Dense-Phase Conveying Compressor,Pneumatic Conveying Utility,32.35,none,0.0,0.0,0.0,Shift B (Evening),38.4,4.67
2026-09-05 22:00:00,Rotary Calcination Kiln & Precalciner,Pyroprocessing & Clinkerization,96.44,coal,328.91,1827.3,1.0,Shift C (Night),1379.9,-0.8
2026-09-05 22:00:00,Raw Material Ball Mill #01,Raw Grinding & Homogenization,1.09,none,0.0,0.0,0.0,Shift C (Night),29.9,0.0
2026-09-05 22:00:00,Vertical Roller Finish Mill (VRM),Finish Grinding & Separation,1.57,none,0.0,0.0,0.0,Shift C (Night),28.1,0.0
2026-09-05 22:00:00,Recuperative Clinker Grate Cooler,Clinker Cooling,68.87,none,0.0,1822.9,1.0,Shift C (Night),279.1,0.49
2026-09-05 22:00:00,Primary Limestone Gyratory Crusher,Crushing & Quarry Handling,1.55,none,0.0,0.0,0.0,Shift C (Night),29.0,0.0
2026-09-05 22:00:00,Kiln Exhaust ID Fan & Baghouse Station,Draft & Dust Abatement,142.83,none,0.0,0.0,1.0,Shift C (Night),162.2,-3.54
2026-09-05 22:00:00,Pneumatic Dense-Phase Conveying Compressor,Pneumatic Conveying Utility,33.4,none,0.0,0.0,0.0,Shift C (Night),38.4,4.67
2026-09-05 23:00:00,Rotary Calcination Kiln & Precalciner,Pyroprocessing & Clinkerization,92.41,coal,315.18,1751.0,1.0,Shift C (Night),1379.4,-0.8
2026-09-05 23:00:00,Raw Material Ball Mill #01,Raw Grinding & Homogenization,0.63,none,0.0,0.0,0.0,Shift C (Night),30.2,0.0
2026-09-05 23:00:00,Vertical Roller Finish Mill (VRM),Finish Grinding & Separation,1.05,none,0.0,0.0,0.0,Shift C (Night),28.2,0.0
2026-09-05 23:00:00,Recuperative Clinker Grate Cooler,Clinker Cooling,65.98,none,0.0,1746.5,1.0,Shift C (Night),282.4,0.49
2026-09-05 23:00:00,Primary Limestone Gyratory Crusher,Crushing & Quarry Handling,1.94,none,0.0,0.0,0.0,Shift C (Night),30.3,0.0
2026-09-05 23:00:00,Kiln Exhaust ID Fan & Baghouse Station,Draft & Dust Abatement,139.54,none,0.0,0.0,1.0,Shift C (Night),157.6,-3.55
2026-09-05 23:00:00,Pneumatic Dense-Phase Conveying Compressor,Pneumatic Conveying Utility,34.52,none,0.0,0.0,0.0,Shift C (Night),38.4,4.67
2026-09-06 00:00:00,Rotary Calcination Kiln & Precalciner,Pyroprocessing & Clinkerization,91.89,coal,232.15,1741.1,1.0,Shift C (Night),1465.0,-0.78
2026-09-06 00:00:00,Raw Material Ball Mill #01,Raw Grinding & Homogenization,0.91,none,0.0,0.0,0.0,Shift C (Night),29.4,0.0
2026-09-06 00:00:00,Vertical Roller Finish Mill (VRM),Finish Grinding & Separation,1.37,none,0.0,0.0,0.0,Shift C (Night),28.2,0.0
2026-09-06 00:00:00,Recuperative Clinker Grate Cooler,Clinker Cooling,70.13,none,0.0,1856.3,1.0,Shift C (Night),280.5,0.51
2026-09-06 00:00:00,Primary Limestone Gyratory Crusher,Crushing & Quarry Handling,0.65,none,0.0,0.0,0.0,Shift C (Night),30.7,0.0
2026-09-06 00:00:00,Kiln Exhaust ID Fan & Baghouse Station,Draft & Dust Abatement,150.18,none,0.0,0.0,1.0,Shift C (Night),159.1,-3.44
2026-09-06 00:00:00,Pneumatic Dense-Phase Conveying Compressor,Pneumatic Conveying Utility,34.29,none,0.0,0.0,0.0,Shift C (Night),38.4,4.67
2026-09-06 01:00:00,Rotary Calcination Kiln & Precalciner,Pyroprocessing & Clinkerization,97.57,coal,246.48,1848.6,1.0,Shift C (Night),1432.5,-0.8
2026-09-06 01:00:00,Raw Material Ball Mill #01,Raw Grinding & Homogenization,0.63,none,0.0,0.0,0.0,Shift C (Night),30.5,0.0
2026-09-06 01:00:00,Vertical Roller Finish Mill (VRM),Finish Grinding & Separation,1.23,none,0.0,0.0,0.0,Shift C (Night),28.7,0.0
2026-09-06 01:00:00,Recuperative Clinker Grate Cooler,Clinker Cooling,69.45,none,0.0,1838.4,1.0,Shift C (Night),275.2,0.49
2026-09-06 01:00:00,Primary Limestone Gyratory Crusher,Crushing & Quarry Handling,1.13,none,0.0,0.0,0.0,Shift C (Night),30.4,0.0
2026-09-06 01:00:00,Kiln Exhaust ID Fan & Baghouse Station,Draft & Dust Abatement,146.86,none,0.0,0.0,1.0,Shift C (Night),159.2,-3.54
2026-09-06 01:00:00,Pneumatic Dense-Phase Conveying Compressor,Pneumatic Conveying Utility,34.91,none,0.0,0.0,0.0,Shift C (Night),38.4,4.67
2026-09-06 02:00:00,Rotary Calcination Kiln & Precalciner,Pyroprocessing & Clinkerization,98.02,coal,247.64,1857.3,1.0,Shift C (Night),1441.5,-0.8
2026-09-06 02:00:00,Raw Material Ball Mill #01,Raw Grinding & Homogenization,1.4,none,0.0,0.0,0.0,Shift C (Night),30.4,0.0
2026-09-06 02:00:00,Vertical Roller Finish Mill (VRM),Finish Grinding & Separation,1.12,none,0.0,0.0,0.0,Shift C (Night),29.5,0.0
2026-09-06 02:00:00,Recuperative Clinker Grate Cooler,Clinker Cooling,70.13,none,0.0,1856.3,1.0,Shift C (Night),278.0,0.5
2026-09-06 02:00:00,Primary Limestone Gyratory Crusher,Crushing & Quarry Handling,1.56,none,0.0,0.0,0.0,Shift C (Night),29.5,0.0
2026-09-06 02:00:00,Kiln Exhaust ID Fan & Baghouse Station,Draft & Dust Abatement,145.73,none,0.0,0.0,1.0,Shift C (Night),160.8,-3.49
2026-09-06 02:00:00,Pneumatic Dense-Phase Conveying Compressor,Pneumatic Conveying Utility,33.5,none,0.0,0.0,0.0,Shift C (Night),38.4,4.67
2026-09-06 03:00:00,Rotary Calcination Kiln & Precalciner,Pyroprocessing & Clinkerization,93.97,coal,237.4,1780.5,1.0,Shift C (Night),1472.6,-0.82
2026-09-06 03:00:00,Raw Material Ball Mill #01,Raw Grinding & Homogenization,1.86,none,0.0,0.0,0.0,Shift C (Night),30.2,0.0
2026-09-06 03:00:00,Vertical Roller Finish Mill (VRM),Finish Grinding & Separation,1.47,none,0.0,0.0,0.0,Shift C (Night),31.8,0.0
2026-09-06 03:00:00,Recuperative Clinker Grate Cooler,Clinker Cooling,69.03,none,0.0,1827.3,1.0,Shift C (Night),275.9,0.51
2026-09-06 03:00:00,Primary Limestone Gyratory Crusher,Crushing & Quarry Handling,1.86,none,0.0,0.0,0.0,Shift C (Night),28.6,0.0
2026-09-06 03:00:00,Kiln Exhaust ID Fan & Baghouse Station,Draft & Dust Abatement,150.02,none,0.0,0.0,1.0,Shift C (Night),162.8,-3.58
2026-09-06 03:00:00,Pneumatic Dense-Phase Conveying Compressor,Pneumatic Conveying Utility,35.87,none,0.0,0.0,0.0,Shift C (Night),38.4,4.67
2026-09-06 04:00:00,Rotary Calcination Kiln & Precalciner,Pyroprocessing & Clinkerization,96.1,coal,242.79,1820.9,1.0,Shift C (Night),1450.0,-0.81
2026-09-06 04:00:00,Raw Material Ball Mill #01,Raw Grinding & Homogenization,0.7,none,0.0,0.0,0.0,Shift C (Night),30.6,0.0
2026-09-06 04:00:00,Vertical Roller Finish Mill (VRM),Finish Grinding & Separation,0.73,none,0.0,0.0,0.0,Shift C (Night),28.3,0.0
2026-09-06 04:00:00,Recuperative Clinker Grate Cooler,Clinker Cooling,68.7,none,0.0,1818.6,1.0,Shift C (Night),276.5,0.49
2026-09-06 04:00:00,Primary Limestone Gyratory Crusher,Crushing & Quarry Handling,1.87,none,0.0,0.0,0.0,Shift C (Night),30.0,0.0
2026-09-06 04:00:00,Kiln Exhaust ID Fan & Baghouse Station,Draft & Dust Abatement,147.44,none,0.0,0.0,1.0,Shift C (Night),158.8,-3.41
2026-09-06 04:00:00,Pneumatic Dense-Phase Conveying Compressor,Pneumatic Conveying Utility,33.02,none,0.0,0.0,0.0,Shift C (Night),38.4,4.67
2026-09-06 05:00:00,Rotary Calcination Kiln & Precalciner,Pyroprocessing & Clinkerization,97.2,coal,245.56,1841.7,1.0,Shift C (Night),1459.6,-0.8
2026-09-06 05:00:00,Raw Material Ball Mill #01,Raw Grinding & Homogenization,1.14,none,0.0,0.0,0.0,Shift C (Night),30.5,0.0
2026-09-06 05:00:00,Vertical Roller Finish Mill (VRM),Finish Grinding & Separation,0.97,none,0.0,0.0,0.0,Shift C (Night),28.8,0.0
2026-09-06 05:00:00,Recuperative Clinker Grate Cooler,Clinker Cooling,68.07,none,0.0,1801.9,1.0,Shift C (Night),283.1,0.49
2026-09-06 05:00:00,Primary Limestone Gyratory Crusher,Crushing & Quarry Handling,1.93,none,0.0,0.0,0.0,Shift C (Night),28.8,0.0
2026-09-06 05:00:00,Kiln Exhaust ID Fan & Baghouse Station,Draft & Dust Abatement,147.65,none,0.0,0.0,1.0,Shift C (Night),161.2,-3.45
2026-09-06 05:00:00,Pneumatic Dense-Phase Conveying Compressor,Pneumatic Conveying Utility,35.62,none,0.0,0.0,0.0,Shift C (Night),38.4,4.67
2026-09-06 06:00:00,Rotary Calcination Kiln & Precalciner,Pyroprocessing & Clinkerization,91.9,coal,232.16,1741.2,1.0,Shift A (Morning),1430.8,-0.82
2026-09-06 06:00:00,Raw Material Ball Mill #01,Raw Grinding & Homogenization,1.83,none,0.0,0.0,0.0,Shift A (Morning),29.1,0.0
2026-09-06 06:00:00,Vertical Roller Finish Mill (VRM),Finish Grinding & Separation,1.63,none,0.0,0.0,0.0,Shift A (Morning),28.7,0.0
2026-09-06 06:00:00,Recuperative Clinker Grate Cooler,Clinker Cooling,66.37,none,0.0,1756.8,1.0,Shift A (Morning),283.1,0.49
2026-09-06 06:00:00,Primary Limestone Gyratory Crusher,Crushing & Quarry Handling,1.5,none,0.0,0.0,0.0,Shift A (Morning),31.2,0.0
2026-09-06 06:00:00,Kiln Exhaust ID Fan & Baghouse Station,Draft & Dust Abatement,139.46,none,0.0,0.0,1.0,Shift A (Morning),158.4,-3.43
2026-09-06 06:00:00,Pneumatic Dense-Phase Conveying Compressor,Pneumatic Conveying Utility,35.58,none,0.0,0.0,0.0,Shift A (Morning),38.4,4.67
2026-09-06 07:00:00,Rotary Calcination Kiln & Precalciner,Pyroprocessing & Clinkerization,97.45,coal,246.2,1846.5,1.0,Shift A (Morning),1473.3,-0.79
2026-09-06 07:00:00,Raw Material Ball Mill #01,Raw Grinding & Homogenization,1.76,none,0.0,0.0,0.0,Shift A (Morning),28.7,0.0
2026-09-06 07:00:00,Vertical Roller Finish Mill (VRM),Finish Grinding & Separation,1.27,none,0.0,0.0,0.0,Shift A (Morning),29.3,0.0
2026-09-06 07:00:00,Recuperative Clinker Grate Cooler,Clinker Cooling,68.37,none,0.0,1809.8,1.0,Shift A (Morning),282.3,0.49
2026-09-06 07:00:00,Primary Limestone Gyratory Crusher,Crushing & Quarry Handling,1.74,none,0.0,0.0,0.0,Shift A (Morning),30.4,0.0
2026-09-06 07:00:00,Kiln Exhaust ID Fan & Baghouse Station,Draft & Dust Abatement,142.13,none,0.0,0.0,1.0,Shift A (Morning),157.7,-3.59
2026-09-06 07:00:00,Pneumatic Dense-Phase Conveying Compressor,Pneumatic Conveying Utility,33.18,none,0.0,0.0,0.0,Shift A (Morning),38.4,4.67
2026-09-06 08:00:00,Rotary Calcination Kiln & Precalciner,Pyroprocessing & Clinkerization,92.37,coal,233.35,1750.2,1.0,Shift A (Morning),1438.5,-0.78
2026-09-06 08:00:00,Raw Material Ball Mill #01,Raw Grinding & Homogenization,1.38,none,0.0,0.0,0.0,Shift A (Morning),30.4,0.0
2026-09-06 08:00:00,Vertical Roller Finish Mill (VRM),Finish Grinding & Separation,1.94,none,0.0,0.0,0.0,Shift A (Morning),31.1,0.0
2026-09-06 08:00:00,Recuperative Clinker Grate Cooler,Clinker Cooling,66.39,none,0.0,1757.4,1.0,Shift A (Morning),277.8,0.51
2026-09-06 08:00:00,Primary Limestone Gyratory Crusher,Crushing & Quarry Handling,1.97,none,0.0,0.0,0.0,Shift A (Morning),29.0,0.0
2026-09-06 08:00:00,Kiln Exhaust ID Fan & Baghouse Station,Draft & Dust Abatement,145.03,none,0.0,0.0,1.0,Shift A (Morning),159.1,-3.41
2026-09-06 08:00:00,Pneumatic Dense-Phase Conveying Compressor,Pneumatic Conveying Utility,33.07,none,0.0,0.0,0.0,Shift A (Morning),38.4,4.67
2026-09-06 09:00:00,Rotary Calcination Kiln & Precalciner,Pyroprocessing & Clinkerization,97.03,coal,245.13,1838.5,1.0,Shift A (Morning),1457.2,-0.81
2026-09-06 09:00:00,Raw Material Ball Mill #01,Raw Grinding & Homogenization,1.85,none,0.0,0.0,0.0,Shift A (Morning),29.7,0.0
2026-09-06 09:00:00,Vertical Roller Finish Mill (VRM),Finish Grinding & Separation,1.18,none,0.0,0.0,0.0,Shift A (Morning),28.7,0.0
2026-09-06 09:00:00,Recuperative Clinker Grate Cooler,Clinker Cooling,66.58,none,0.0,1762.4,1.0,Shift A (Morning),283.6,0.49
2026-09-06 09:00:00,Primary Limestone Gyratory Crusher,Crushing & Quarry Handling,0.76,none,0.0,0.0,0.0,Shift A (Morning),28.1,0.0
2026-09-06 09:00:00,Kiln Exhaust ID Fan & Baghouse Station,Draft & Dust Abatement,141.12,none,0.0,0.0,1.0,Shift A (Morning),157.4,-3.54
2026-09-06 09:00:00,Pneumatic Dense-Phase Conveying Compressor,Pneumatic Conveying Utility,33.02,none,0.0,0.0,0.0,Shift A (Morning),38.4,4.67
2026-09-06 10:00:00,Rotary Calcination Kiln & Precalciner,Pyroprocessing & Clinkerization,91.84,coal,232.0,1740.0,1.0,Shift A (Morning),1434.0,-0.78
2026-09-06 10:00:00,Raw Material Ball Mill #01,Raw Grinding & Homogenization,1.43,none,0.0,0.0,0.0,Shift A (Morning),29.2,0.0
2026-09-06 10:00:00,Vertical Roller Finish Mill (VRM),Finish Grinding & Separation,0.65,none,0.0,0.0,0.0,Shift A (Morning),30.5,0.0
2026-09-06 10:00:00,Recuperative Clinker Grate Cooler,Clinker Cooling,70.45,none,0.0,1864.9,1.0,Shift A (Morning),275.0,0.5
2026-09-06 10:00:00,Primary Limestone Gyratory Crusher,Crushing & Quarry Handling,1.34,none,0.0,0.0,0.0,Shift A (Morning),28.3,0.0
2026-09-06 10:00:00,Kiln Exhaust ID Fan & Baghouse Station,Draft & Dust Abatement,143.61,none,0.0,0.0,1.0,Shift A (Morning),159.4,-3.57
2026-09-06 10:00:00,Pneumatic Dense-Phase Conveying Compressor,Pneumatic Conveying Utility,32.79,none,0.0,0.0,0.0,Shift A (Morning),38.4,4.67
2026-09-06 11:00:00,Rotary Calcination Kiln & Precalciner,Pyroprocessing & Clinkerization,92.09,coal,232.65,1744.9,1.0,Shift A (Morning),1454.2,-0.81
2026-09-06 11:00:00,Raw Material Ball Mill #01,Raw Grinding & Homogenization,1.82,none,0.0,0.0,0.0,Shift A (Morning),28.1,0.0
2026-09-06 11:00:00,Vertical Roller Finish Mill (VRM),Finish Grinding & Separation,0.82,none,0.0,0.0,0.0,Shift A (Morning),30.7,0.0
2026-09-06 11:00:00,Recuperative Clinker Grate Cooler,Clinker Cooling,66.33,none,0.0,1755.7,1.0,Shift A (Morning),278.8,0.5
2026-09-06 11:00:00,Primary Limestone Gyratory Crusher,Crushing & Quarry Handling,1.74,none,0.0,0.0,0.0,Shift A (Morning),28.8,0.0
2026-09-06 11:00:00,Kiln Exhaust ID Fan & Baghouse Station,Draft & Dust Abatement,144.33,none,0.0,0.0,1.0,Shift A (Morning),157.8,-3.55
2026-09-06 11:00:00,Pneumatic Dense-Phase Conveying Compressor,Pneumatic Conveying Utility,36.41,none,0.0,0.0,0.0,Shift A (Morning),38.4,4.67
2026-09-06 12:00:00,Rotary Calcination Kiln & Precalciner,Pyroprocessing & Clinkerization,95.96,coal,242.42,1818.1,1.0,Shift A (Morning),1449.4,-0.82
2026-09-06 12:00:00,Raw Material Ball Mill #01,Raw Grinding & Homogenization,1.96,none,0.0,0.0,0.0,Shift A (Morning),30.8,0.0
2026-09-06 12:00:00,Vertical Roller Finish Mill (VRM),Finish Grinding & Separation,1.57,none,0.0,0.0,0.0,Shift A (Morning),28.3,0.0
2026-09-06 12:00:00,Recuperative Clinker Grate Cooler,Clinker Cooling,67.91,none,0.0,1797.7,1.0,Shift A (Morning),274.5,0.5
2026-09-06 12:00:00,Primary Limestone Gyratory Crusher,Crushing & Quarry Handling,1.57,none,0.0,0.0,0.0,Shift A (Morning),31.6,0.0
2026-09-06 12:00:00,Kiln Exhaust ID Fan & Baghouse Station,Draft & Dust Abatement,140.27,none,0.0,0.0,1.0,Shift A (Morning),157.5,-3.5
2026-09-06 12:00:00,Pneumatic Dense-Phase Conveying Compressor,Pneumatic Conveying Utility,35.81,none,0.0,0.0,0.0,Shift A (Morning),38.4,4.67
2026-09-06 13:00:00,Rotary Calcination Kiln & Precalciner,Pyroprocessing & Clinkerization,93.41,coal,235.98,1769.8,1.0,Shift A (Morning),1439.6,-0.82
2026-09-06 13:00:00,Raw Material Ball Mill #01,Raw Grinding & Homogenization,0.76,none,0.0,0.0,0.0,Shift A (Morning),30.9,0.0
2026-09-06 13:00:00,Vertical Roller Finish Mill (VRM),Finish Grinding & Separation,1.69,none,0.0,0.0,0.0,Shift A (Morning),28.1,0.0
2026-09-06 13:00:00,Recuperative Clinker Grate Cooler,Clinker Cooling,70.11,none,0.0,1855.8,1.0,Shift A (Morning),277.2,0.51
2026-09-06 13:00:00,Primary Limestone Gyratory Crusher,Crushing & Quarry Handling,0.97,none,0.0,0.0,0.0,Shift A (Morning),29.5,0.0
2026-09-06 13:00:00,Kiln Exhaust ID Fan & Baghouse Station,Draft & Dust Abatement,139.52,none,0.0,0.0,1.0,Shift A (Morning),160.0,-3.45
2026-09-06 13:00:00,Pneumatic Dense-Phase Conveying Compressor,Pneumatic Conveying Utility,34.6,none,0.0,0.0,0.0,Shift A (Morning),38.4,4.67
2026-09-06 14:00:00,Rotary Calcination Kiln & Precalciner,Pyroprocessing & Clinkerization,97.05,coal,245.18,1838.9,1.0,Shift B (Evening),1441.0,-0.82
2026-09-06 14:00:00,Raw Material Ball Mill #01,Raw Grinding & Homogenization,1.29,none,0.0,0.0,0.0,Shift B (Evening),29.4,0.0
2026-09-06 14:00:00,Vertical Roller Finish Mill (VRM),Finish Grinding & Separation,1.58,none,0.0,0.0,0.0,Shift B (Evening),29.4,0.0
2026-09-06 14:00:00,Recuperative Clinker Grate Cooler,Clinker Cooling,69.96,none,0.0,1851.8,1.0,Shift B (Evening),279.5,0.49
2026-09-06 14:00:00,Primary Limestone Gyratory Crusher,Crushing & Quarry Handling,1.76,none,0.0,0.0,0.0,Shift B (Evening),31.0,0.0
2026-09-06 14:00:00,Kiln Exhaust ID Fan & Baghouse Station,Draft & Dust Abatement,141.62,none,0.0,0.0,1.0,Shift B (Evening),159.3,-3.57
2026-09-06 14:00:00,Pneumatic Dense-Phase Conveying Compressor,Pneumatic Conveying Utility,35.31,none,0.0,0.0,0.0,Shift B (Evening),38.4,4.67
2026-09-06 15:00:00,Rotary Calcination Kiln & Precalciner,Pyroprocessing & Clinkerization,98.49,coal,248.83,1866.2,1.0,Shift B (Evening),1450.2,-0.78
2026-09-06 15:00:00,Raw Material Ball Mill #01,Raw Grinding & Homogenization,1.51,none,0.0,0.0,0.0,Shift B (Evening),31.4,0.0
2026-09-06 15:00:00,Vertical Roller Finish Mill (VRM),Finish Grinding & Separation,1.64,none,0.0,0.0,0.0,Shift B (Evening),31.1,0.0
2026-09-06 15:00:00,Recuperative Clinker Grate Cooler,Clinker Cooling,67.0,none,0.0,1773.4,1.0,Shift B (Evening),284.4,0.51
2026-09-06 15:00:00,Primary Limestone Gyratory Crusher,Crushing & Quarry Handling,1.97,none,0.0,0.0,0.0,Shift B (Evening),31.9,0.0
2026-09-06 15:00:00,Kiln Exhaust ID Fan & Baghouse Station,Draft & Dust Abatement,150.27,none,0.0,0.0,1.0,Shift B (Evening),161.7,-3.52
2026-09-06 15:00:00,Pneumatic Dense-Phase Conveying Compressor,Pneumatic Conveying Utility,33.9,none,0.0,0.0,0.0,Shift B (Evening),38.4,4.67
2026-09-06 16:00:00,Rotary Calcination Kiln & Precalciner,Pyroprocessing & Clinkerization,97.06,coal,245.21,1839.1,1.0,Shift B (Evening),1424.5,-0.8
2026-09-06 16:00:00,Raw Material Ball Mill #01,Raw Grinding & Homogenization,1.25,none,0.0,0.0,0.0,Shift B (Evening),28.1,0.0
2026-09-06 16:00:00,Vertical Roller Finish Mill (VRM),Finish Grinding & Separation,1.43,none,0.0,0.0,0.0,Shift B (Evening),29.1,0.0
2026-09-06 16:00:00,Recuperative Clinker Grate Cooler,Clinker Cooling,70.25,none,0.0,1859.6,1.0,Shift B (Evening),284.1,0.51
2026-09-06 16:00:00,Primary Limestone Gyratory Crusher,Crushing & Quarry Handling,1.16,none,0.0,0.0,0.0,Shift B (Evening),30.4,0.0
2026-09-06 16:00:00,Kiln Exhaust ID Fan & Baghouse Station,Draft & Dust Abatement,149.19,none,0.0,0.0,1.0,Shift B (Evening),157.7,-3.56
2026-09-06 16:00:00,Pneumatic Dense-Phase Conveying Compressor,Pneumatic Conveying Utility,33.09,none,0.0,0.0,0.0,Shift B (Evening),38.4,4.67
2026-09-06 17:00:00,Rotary Calcination Kiln & Precalciner,Pyroprocessing & Clinkerization,94.71,coal,239.26,1794.4,1.0,Shift B (Evening),1422.7,-0.78
2026-09-06 17:00:00,Raw Material Ball Mill #01,Raw Grinding & Homogenization,1.55,none,0.0,0.0,0.0,Shift B (Evening),30.1,0.0
2026-09-06 17:00:00,Vertical Roller Finish Mill (VRM),Finish Grinding & Separation,0.61,none,0.0,0.0,0.0,Shift B (Evening),28.1,0.0
2026-09-06 17:00:00,Recuperative Clinker Grate Cooler,Clinker Cooling,67.98,none,0.0,1799.3,1.0,Shift B (Evening),284.6,0.49
2026-09-06 17:00:00,Primary Limestone Gyratory Crusher,Crushing & Quarry Handling,0.67,none,0.0,0.0,0.0,Shift B (Evening),29.7,0.0
2026-09-06 17:00:00,Kiln Exhaust ID Fan & Baghouse Station,Draft & Dust Abatement,142.1,none,0.0,0.0,1.0,Shift B (Evening),158.2,-3.44
2026-09-06 17:00:00,Pneumatic Dense-Phase Conveying Compressor,Pneumatic Conveying Utility,32.15,none,0.0,0.0,0.0,Shift B (Evening),38.4,4.67
2026-09-06 18:00:00,Rotary Calcination Kiln & Precalciner,Pyroprocessing & Clinkerization,96.92,coal,244.85,1836.4,1.0,Shift B (Evening),1440.6,-0.8
2026-09-06 18:00:00,Raw Material Ball Mill #01,Raw Grinding & Homogenization,1.29,none,0.0,0.0,0.0,Shift B (Evening),29.1,0.0
2026-09-06 18:00:00,Vertical Roller Finish Mill (VRM),Finish Grinding & Separation,1.57,none,0.0,0.0,0.0,Shift B (Evening),30.8,0.0
2026-09-06 18:00:00,Recuperative Clinker Grate Cooler,Clinker Cooling,68.28,none,0.0,1807.5,1.0,Shift B (Evening),281.4,0.5
2026-09-06 18:00:00,Primary Limestone Gyratory Crusher,Crushing & Quarry Handling,0.94,none,0.0,0.0,0.0,Shift B (Evening),29.3,0.0
2026-09-06 18:00:00,Kiln Exhaust ID Fan & Baghouse Station,Draft & Dust Abatement,147.69,none,0.0,0.0,1.0,Shift B (Evening),162.2,-3.5
2026-09-06 18:00:00,Pneumatic Dense-Phase Conveying Compressor,Pneumatic Conveying Utility,32.71,none,0.0,0.0,0.0,Shift B (Evening),38.4,4.67
2026-09-06 19:00:00,Rotary Calcination Kiln & Precalciner,Pyroprocessing & Clinkerization,97.67,coal,246.74,1850.5,1.0,Shift B (Evening),1439.9,-0.8
2026-09-06 19:00:00,Raw Material Ball Mill #01,Raw Grinding & Homogenization,1.57,none,0.0,0.0,0.0,Shift B (Evening),30.7,0.0
2026-09-06 19:00:00,Vertical Roller Finish Mill (VRM),Finish Grinding & Separation,1.37,none,0.0,0.0,0.0,Shift B (Evening),29.4,0.0
2026-09-06 19:00:00,Recuperative Clinker Grate Cooler,Clinker Cooling,66.77,none,0.0,1767.5,1.0,Shift B (Evening),277.9,0.51
2026-09-06 19:00:00,Primary Limestone Gyratory Crusher,Crushing & Quarry Handling,0.9,none,0.0,0.0,0.0,Shift B (Evening),31.1,0.0
2026-09-06 19:00:00,Kiln Exhaust ID Fan & Baghouse Station,Draft & Dust Abatement,149.57,none,0.0,0.0,1.0,Shift B (Evening),162.9,-3.56
2026-09-06 19:00:00,Pneumatic Dense-Phase Conveying Compressor,Pneumatic Conveying Utility,36.82,none,0.0,0.0,0.0,Shift B (Evening),38.4,4.67
2026-09-06 20:00:00,Rotary Calcination Kiln & Precalciner,Pyroprocessing & Clinkerization,98.19,coal,248.05,1860.4,1.0,Shift B (Evening),1451.1,-0.78
2026-09-06 20:00:00,Raw Material Ball Mill #01,Raw Grinding & Homogenization,1.65,none,0.0,0.0,0.0,Shift B (Evening),29.7,0.0
2026-09-06 20:00:00,Vertical Roller Finish Mill (VRM),Finish Grinding & Separation,1.36,none,0.0,0.0,0.0,Shift B (Evening),31.6,0.0
2026-09-06 20:00:00,Recuperative Clinker Grate Cooler,Clinker Cooling,68.26,none,0.0,1806.9,1.0,Shift B (Evening),279.9,0.5
2026-09-06 20:00:00,Primary Limestone Gyratory Crusher,Crushing & Quarry Handling,1.39,none,0.0,0.0,0.0,Shift B (Evening),30.5,0.0
2026-09-06 20:00:00,Kiln Exhaust ID Fan & Baghouse Station,Draft & Dust Abatement,140.89,none,0.0,0.0,1.0,Shift B (Evening),158.3,-3.4
2026-09-06 20:00:00,Pneumatic Dense-Phase Conveying Compressor,Pneumatic Conveying Utility,33.29,none,0.0,0.0,0.0,Shift B (Evening),38.4,4.67
2026-09-06 21:00:00,Rotary Calcination Kiln & Precalciner,Pyroprocessing & Clinkerization,92.99,coal,234.92,1761.9,1.0,Shift B (Evening),1435.8,-0.79
2026-09-06 21:00:00,Raw Material Ball Mill #01,Raw Grinding & Homogenization,1.04,none,0.0,0.0,0.0,Shift B (Evening),29.7,0.0
2026-09-06 21:00:00,Vertical Roller Finish Mill (VRM),Finish Grinding & Separation,1.72,none,0.0,0.0,0.0,Shift B (Evening),30.1,0.0
2026-09-06 21:00:00,Recuperative Clinker Grate Cooler,Clinker Cooling,69.3,none,0.0,1834.3,1.0,Shift B (Evening),285.0,0.49
2026-09-06 21:00:00,Primary Limestone Gyratory Crusher,Crushing & Quarry Handling,1.15,none,0.0,0.0,0.0,Shift B (Evening),30.0,0.0
2026-09-06 21:00:00,Kiln Exhaust ID Fan & Baghouse Station,Draft & Dust Abatement,140.22,none,0.0,0.0,1.0,Shift B (Evening),157.0,-3.44
2026-09-06 21:00:00,Pneumatic Dense-Phase Conveying Compressor,Pneumatic Conveying Utility,34.29,none,0.0,0.0,0.0,Shift B (Evening),38.4,4.67
2026-09-06 22:00:00,Rotary Calcination Kiln & Precalciner,Pyroprocessing & Clinkerization,93.82,coal,237.03,1777.7,1.0,Shift C (Night),1430.8,-0.8
2026-09-06 22:00:00,Raw Material Ball Mill #01,Raw Grinding & Homogenization,1.16,none,0.0,0.0,0.0,Shift C (Night),28.5,0.0
2026-09-06 22:00:00,Vertical Roller Finish Mill (VRM),Finish Grinding & Separation,1.1,none,0.0,0.0,0.0,Shift C (Night),29.2,0.0
2026-09-06 22:00:00,Recuperative Clinker Grate Cooler,Clinker Cooling,68.07,none,0.0,1801.9,1.0,Shift C (Night),275.6,0.51
2026-09-06 22:00:00,Primary Limestone Gyratory Crusher,Crushing & Quarry Handling,0.95,none,0.0,0.0,0.0,Shift C (Night),28.3,0.0
2026-09-06 22:00:00,Kiln Exhaust ID Fan & Baghouse Station,Draft & Dust Abatement,144.3,none,0.0,0.0,1.0,Shift C (Night),160.3,-3.54
2026-09-06 22:00:00,Pneumatic Dense-Phase Conveying Compressor,Pneumatic Conveying Utility,35.56,none,0.0,0.0,0.0,Shift C (Night),38.4,4.67
2026-09-06 23:00:00,Rotary Calcination Kiln & Precalciner,Pyroprocessing & Clinkerization,96.54,coal,243.9,1829.2,1.0,Shift C (Night),1472.7,-0.78
2026-09-06 23:00:00,Raw Material Ball Mill #01,Raw Grinding & Homogenization,1.35,none,0.0,0.0,0.0,Shift C (Night),28.5,0.0
2026-09-06 23:00:00,Vertical Roller Finish Mill (VRM),Finish Grinding & Separation,1.03,none,0.0,0.0,0.0,Shift C (Night),31.7,0.0
2026-09-06 23:00:00,Recuperative Clinker Grate Cooler,Clinker Cooling,69.96,none,0.0,1851.8,1.0,Shift C (Night),284.2,0.49
2026-09-06 23:00:00,Primary Limestone Gyratory Crusher,Crushing & Quarry Handling,1.32,none,0.0,0.0,0.0,Shift C (Night),28.7,0.0
2026-09-06 23:00:00,Kiln Exhaust ID Fan & Baghouse Station,Draft & Dust Abatement,147.88,none,0.0,0.0,1.0,Shift C (Night),156.9,-3.46
2026-09-06 23:00:00,Pneumatic Dense-Phase Conveying Compressor,Pneumatic Conveying Utility,33.7,none,0.0,0.0,0.0,Shift C (Night),38.4,4.67
2026-09-07 00:00:00,Rotary Calcination Kiln & Precalciner,Pyroprocessing & Clinkerization,95.99,coal,242.51,1818.8,1.0,Shift C (Night),1443.0,-0.79
2026-09-07 00:00:00,Raw Material Ball Mill #01,Raw Grinding & Homogenization,0.96,none,0.0,0.0,0.0,Shift C (Night),31.0,0.0
2026-09-07 00:00:00,Vertical Roller Finish Mill (VRM),Finish Grinding & Separation,1.3,none,0.0,0.0,0.0,Shift C (Night),29.0,0.0
2026-09-07 00:00:00,Recuperative Clinker Grate Cooler,Clinker Cooling,68.04,none,0.0,1800.9,1.0,Shift C (Night),277.3,0.51
2026-09-07 00:00:00,Primary Limestone Gyratory Crusher,Crushing & Quarry Handling,1.69,none,0.0,0.0,0.0,Shift C (Night),31.4,0.0
2026-09-07 00:00:00,Kiln Exhaust ID Fan & Baghouse Station,Draft & Dust Abatement,141.89,none,0.0,0.0,1.0,Shift C (Night),159.7,-3.6
2026-09-07 00:00:00,Pneumatic Dense-Phase Conveying Compressor,Pneumatic Conveying Utility,36.03,none,0.0,0.0,0.0,Shift C (Night),38.4,4.67
2026-09-07 01:00:00,Rotary Calcination Kiln & Precalciner,Pyroprocessing & Clinkerization,92.71,coal,234.21,1756.6,1.0,Shift C (Night),1471.9,-0.81
2026-09-07 01:00:00,Raw Material Ball Mill #01,Raw Grinding & Homogenization,1.48,none,0.0,0.0,0.0,Shift C (Night),29.3,0.0
2026-09-07 01:00:00,Vertical Roller Finish Mill (VRM),Finish Grinding & Separation,1.99,none,0.0,0.0,0.0,Shift C (Night),31.4,0.0
2026-09-07 01:00:00,Recuperative Clinker Grate Cooler,Clinker Cooling,67.21,none,0.0,1779.0,1.0,Shift C (Night),279.0,0.5
2026-09-07 01:00:00,Primary Limestone Gyratory Crusher,Crushing & Quarry Handling,0.61,none,0.0,0.0,0.0,Shift C (Night),32.0,0.0
2026-09-07 01:00:00,Kiln Exhaust ID Fan & Baghouse Station,Draft & Dust Abatement,149.07,none,0.0,0.0,1.0,Shift C (Night),157.4,-3.6
2026-09-07 01:00:00,Pneumatic Dense-Phase Conveying Compressor,Pneumatic Conveying Utility,35.22,none,0.0,0.0,0.0,Shift C (Night),38.4,4.67
2026-09-07 02:00:00,Rotary Calcination Kiln & Precalciner,Pyroprocessing & Clinkerization,92.25,coal,233.04,1747.8,1.0,Shift C (Night),1449.8,-0.78
2026-09-07 02:00:00,Raw Material Ball Mill #01,Raw Grinding & Homogenization,0.91,none,0.0,0.0,0.0,Shift C (Night),30.1,0.0
2026-09-07 02:00:00,Vertical Roller Finish Mill (VRM),Finish Grinding & Separation,1.72,none,0.0,0.0,0.0,Shift C (Night),29.9,0.0
2026-09-07 02:00:00,Recuperative Clinker Grate Cooler,Clinker Cooling,66.73,none,0.0,1766.5,1.0,Shift C (Night),275.8,0.49
2026-09-07 02:00:00,Primary Limestone Gyratory Crusher,Crushing & Quarry Handling,1.8,none,0.0,0.0,0.0,Shift C (Night),31.9,0.0
2026-09-07 02:00:00,Kiln Exhaust ID Fan & Baghouse Station,Draft & Dust Abatement,144.36,none,0.0,0.0,1.0,Shift C (Night),162.4,-3.44
2026-09-07 02:00:00,Pneumatic Dense-Phase Conveying Compressor,Pneumatic Conveying Utility,35.99,none,0.0,0.0,0.0,Shift C (Night),38.4,4.67
2026-09-07 03:00:00,Rotary Calcination Kiln & Precalciner,Pyroprocessing & Clinkerization,92.96,coal,234.85,1761.4,1.0,Shift C (Night),1442.3,-0.81
2026-09-07 03:00:00,Raw Material Ball Mill #01,Raw Grinding & Homogenization,0.68,none,0.0,0.0,0.0,Shift C (Night),30.3,0.0
2026-09-07 03:00:00,Vertical Roller Finish Mill (VRM),Finish Grinding & Separation,1.77,none,0.0,0.0,0.0,Shift C (Night),30.5,0.0
2026-09-07 03:00:00,Recuperative Clinker Grate Cooler,Clinker Cooling,65.4,none,0.0,1731.1,1.0,Shift C (Night),283.2,0.49
2026-09-07 03:00:00,Primary Limestone Gyratory Crusher,Crushing & Quarry Handling,0.64,none,0.0,0.0,0.0,Shift C (Night),30.9,0.0
2026-09-07 03:00:00,Kiln Exhaust ID Fan & Baghouse Station,Draft & Dust Abatement,145.85,none,0.0,0.0,1.0,Shift C (Night),159.4,-3.59
2026-09-07 03:00:00,Pneumatic Dense-Phase Conveying Compressor,Pneumatic Conveying Utility,33.8,none,0.0,0.0,0.0,Shift C (Night),38.4,4.67
2026-09-07 04:00:00,Rotary Calcination Kiln & Precalciner,Pyroprocessing & Clinkerization,95.33,coal,240.84,1806.3,1.0,Shift C (Night),1425.0,-0.8
2026-09-07 04:00:00,Raw Material Ball Mill #01,Raw Grinding & Homogenization,1.57,none,0.0,0.0,0.0,Shift C (Night),29.0,0.0
2026-09-07 04:00:00,Vertical Roller Finish Mill (VRM),Finish Grinding & Separation,1.85,none,0.0,0.0,0.0,Shift C (Night),31.1,0.0
2026-09-07 04:00:00,Recuperative Clinker Grate Cooler,Clinker Cooling,65.38,none,0.0,1730.8,1.0,Shift C (Night),277.5,0.5
2026-09-07 04:00:00,Primary Limestone Gyratory Crusher,Crushing & Quarry Handling,0.95,none,0.0,0.0,0.0,Shift C (Night),29.1,0.0
2026-09-07 04:00:00,Kiln Exhaust ID Fan & Baghouse Station,Draft & Dust Abatement,149.31,none,0.0,0.0,1.0,Shift C (Night),163.0,-3.57
2026-09-07 04:00:00,Pneumatic Dense-Phase Conveying Compressor,Pneumatic Conveying Utility,32.17,none,0.0,0.0,0.0,Shift C (Night),38.4,4.67
2026-09-07 05:00:00,Rotary Calcination Kiln & Precalciner,Pyroprocessing & Clinkerization,96.45,coal,243.67,1827.5,1.0,Shift C (Night),1431.0,-0.8
2026-09-07 05:00:00,Raw Material Ball Mill #01,Raw Grinding & Homogenization,1.4,none,0.0,0.0,0.0,Shift C (Night),30.9,0.0
2026-09-07 05:00:00,Vertical Roller Finish Mill (VRM),Finish Grinding & Separation,1.41,none,0.0,0.0,0.0,Shift C (Night),31.5,0.0
2026-09-07 05:00:00,Recuperative Clinker Grate Cooler,Clinker Cooling,65.96,none,0.0,1745.9,1.0,Shift C (Night),283.5,0.5
2026-09-07 05:00:00,Primary Limestone Gyratory Crusher,Crushing & Quarry Handling,1.1,none,0.0,0.0,0.0,Shift C (Night),29.1,0.0
2026-09-07 05:00:00,Kiln Exhaust ID Fan & Baghouse Station,Draft & Dust Abatement,147.89,none,0.0,0.0,1.0,Shift C (Night),159.5,-3.46
2026-09-07 05:00:00,Pneumatic Dense-Phase Conveying Compressor,Pneumatic Conveying Utility,32.69,none,0.0,0.0,0.0,Shift C (Night),38.4,4.67
2026-09-07 06:00:00,Rotary Calcination Kiln & Precalciner,Pyroprocessing & Clinkerization,91.84,coal,232.02,1740.2,1.0,Shift A (Morning),1464.0,-0.81
2026-09-07 06:00:00,Raw Material Ball Mill #01,Raw Grinding & Homogenization,190.07,none,0.0,1232.9,1.0,Shift A (Morning),85.7,0.99
2026-09-07 06:00:00,Vertical Roller Finish Mill (VRM),Finish Grinding & Separation,208.91,none,0.0,1392.7,1.0,Shift A (Morning),91.9,1.47
2026-09-07 06:00:00,Recuperative Clinker Grate Cooler,Clinker Cooling,65.32,none,0.0,1729.1,1.0,Shift A (Morning),274.5,0.5
2026-09-07 06:00:00,Primary Limestone Gyratory Crusher,Crushing & Quarry Handling,87.93,none,0.0,982.7,1.0,Shift A (Morning),35.5,1.02
2026-09-07 06:00:00,Kiln Exhaust ID Fan & Baghouse Station,Draft & Dust Abatement,147.53,none,0.0,0.0,1.0,Shift A (Morning),157.2,-3.6
2026-09-07 06:00:00,Pneumatic Dense-Phase Conveying Compressor,Pneumatic Conveying Utility,73.23,none,0.0,0.0,1.0,Shift A (Morning),47.6,5.53
2026-09-07 07:00:00,Rotary Calcination Kiln & Precalciner,Pyroprocessing & Clinkerization,97.15,coal,245.44,1840.8,1.0,Shift A (Morning),1461.4,-0.79
2026-09-07 07:00:00,Raw Material Ball Mill #01,Raw Grinding & Homogenization,180.33,none,0.0,1169.7,1.0,Shift A (Morning),84.4,0.98
2026-09-07 07:00:00,Vertical Roller Finish Mill (VRM),Finish Grinding & Separation,208.48,none,0.0,1389.8,1.0,Shift A (Morning),90.9,1.48
2026-09-07 07:00:00,Recuperative Clinker Grate Cooler,Clinker Cooling,66.16,none,0.0,1751.4,1.0,Shift A (Morning),277.5,0.51
2026-09-07 07:00:00,Primary Limestone Gyratory Crusher,Crushing & Quarry Handling,85.72,none,0.0,958.1,1.0,Shift A (Morning),35.3,1.01
2026-09-07 07:00:00,Kiln Exhaust ID Fan & Baghouse Station,Draft & Dust Abatement,147.13,none,0.0,0.0,1.0,Shift A (Morning),157.1,-3.41
2026-09-07 07:00:00,Pneumatic Dense-Phase Conveying Compressor,Pneumatic Conveying Utility,72.08,none,0.0,0.0,1.0,Shift A (Morning),48.1,5.65
2026-09-07 08:00:00,Rotary Calcination Kiln & Precalciner,Pyroprocessing & Clinkerization,92.15,coal,232.81,1746.1,1.0,Shift A (Morning),1462.3,-0.79
2026-09-07 08:00:00,Raw Material Ball Mill #01,Raw Grinding & Homogenization,187.31,none,0.0,1215.0,1.0,Shift A (Morning),84.8,1.03
2026-09-07 08:00:00,Vertical Roller Finish Mill (VRM),Finish Grinding & Separation,213.99,none,0.0,1426.6,1.0,Shift A (Morning),91.0,1.53
2026-09-07 08:00:00,Recuperative Clinker Grate Cooler,Clinker Cooling,70.03,none,0.0,1853.8,1.0,Shift A (Morning),283.1,0.51
2026-09-07 08:00:00,Primary Limestone Gyratory Crusher,Crushing & Quarry Handling,83.65,none,0.0,934.9,1.0,Shift A (Morning),34.7,1.01
2026-09-07 08:00:00,Kiln Exhaust ID Fan & Baghouse Station,Draft & Dust Abatement,149.1,none,0.0,0.0,1.0,Shift A (Morning),157.9,-3.54
2026-09-07 08:00:00,Pneumatic Dense-Phase Conveying Compressor,Pneumatic Conveying Utility,75.82,none,0.0,0.0,1.0,Shift A (Morning),48.7,5.42
2026-09-07 09:00:00,Rotary Calcination Kiln & Precalciner,Pyroprocessing & Clinkerization,96.62,coal,244.1,1830.8,1.0,Shift A (Morning),1465.9,-0.81
2026-09-07 09:00:00,Raw Material Ball Mill #01,Raw Grinding & Homogenization,190.73,none,0.0,1237.2,1.0,Shift A (Morning),86.3,0.98
2026-09-07 09:00:00,Vertical Roller Finish Mill (VRM),Finish Grinding & Separation,205.18,none,0.0,1367.9,1.0,Shift A (Morning),90.8,1.5
2026-09-07 09:00:00,Recuperative Clinker Grate Cooler,Clinker Cooling,67.85,none,0.0,1795.9,1.0,Shift A (Morning),278.4,0.5
2026-09-07 09:00:00,Primary Limestone Gyratory Crusher,Crushing & Quarry Handling,84.95,none,0.0,949.4,1.0,Shift A (Morning),35.7,0.98
2026-09-07 09:00:00,Kiln Exhaust ID Fan & Baghouse Station,Draft & Dust Abatement,141.61,none,0.0,0.0,1.0,Shift A (Morning),162.7,-3.48
2026-09-07 09:00:00,Pneumatic Dense-Phase Conveying Compressor,Pneumatic Conveying Utility,73.95,none,0.0,0.0,1.0,Shift A (Morning),47.6,5.49
2026-09-07 10:00:00,Rotary Calcination Kiln & Precalciner,Pyroprocessing & Clinkerization,96.6,coal,244.05,1830.4,1.0,Shift A (Morning),1426.6,-0.78
2026-09-07 10:00:00,Raw Material Ball Mill #01,Raw Grinding & Homogenization,185.26,none,0.0,1201.7,1.0,Shift A (Morning),83.7,1.01
2026-09-07 10:00:00,Vertical Roller Finish Mill (VRM),Finish Grinding & Separation,218.14,none,0.0,1454.3,1.0,Shift A (Morning),93.2,1.53
2026-09-07 10:00:00,Recuperative Clinker Grate Cooler,Clinker Cooling,70.5,none,0.0,1866.3,1.0,Shift A (Morning),285.1,0.51
2026-09-07 10:00:00,Primary Limestone Gyratory Crusher,Crushing & Quarry Handling,85.15,none,0.0,951.7,1.0,Shift A (Morning),35.1,0.97
2026-09-07 10:00:00,Kiln Exhaust ID Fan & Baghouse Station,Draft & Dust Abatement,147.57,none,0.0,0.0,1.0,Shift A (Morning),156.8,-3.55
2026-09-07 10:00:00,Pneumatic Dense-Phase Conveying Compressor,Pneumatic Conveying Utility,72.72,none,0.0,0.0,1.0,Shift A (Morning),48.9,5.37
2026-09-07 11:00:00,Rotary Calcination Kiln & Precalciner,Pyroprocessing & Clinkerization,93.49,coal,236.17,1771.3,1.0,Shift A (Morning),1444.3,-0.79
2026-09-07 11:00:00,Raw Material Ball Mill #01,Raw Grinding & Homogenization,188.15,none,0.0,1220.4,1.0,Shift A (Morning),83.6,0.98
2026-09-07 11:00:00,Vertical Roller Finish Mill (VRM),Finish Grinding & Separation,211.39,none,0.0,1409.2,1.0,Shift A (Morning),92.0,1.46
2026-09-07 11:00:00,Recuperative Clinker Grate Cooler,Clinker Cooling,68.42,none,0.0,1811.0,1.0,Shift A (Morning),278.5,0.49
2026-09-07 11:00:00,Primary Limestone Gyratory Crusher,Crushing & Quarry Handling,86.57,none,0.0,967.6,1.0,Shift A (Morning),34.7,1.03
2026-09-07 11:00:00,Kiln Exhaust ID Fan & Baghouse Station,Draft & Dust Abatement,141.67,none,0.0,0.0,1.0,Shift A (Morning),161.5,-3.56
2026-09-07 11:00:00,Pneumatic Dense-Phase Conveying Compressor,Pneumatic Conveying Utility,75.1,none,0.0,0.0,1.0,Shift A (Morning),48.1,5.55
2026-09-07 12:00:00,Rotary Calcination Kiln & Precalciner,Pyroprocessing & Clinkerization,93.76,coal,236.86,1776.5,1.0,Shift A (Morning),1462.2,-0.79
2026-09-07 12:00:00,Raw Material Ball Mill #01,Raw Grinding & Homogenization,192.4,none,0.0,1248.0,1.0,Shift A (Morning),85.6,1.03
2026-09-07 12:00:00,Vertical Roller Finish Mill (VRM),Finish Grinding & Separation,211.0,none,0.0,1406.7,1.0,Shift A (Morning),93.2,1.52
2026-09-07 12:00:00,Recuperative Clinker Grate Cooler,Clinker Cooling,67.77,none,0.0,1794.0,1.0,Shift A (Morning),275.0,0.5
2026-09-07 12:00:00,Primary Limestone Gyratory Crusher,Crushing & Quarry Handling,87.63,none,0.0,979.4,1.0,Shift A (Morning),35.2,0.99
2026-09-07 12:00:00,Kiln Exhaust ID Fan & Baghouse Station,Draft & Dust Abatement,141.2,none,0.0,0.0,1.0,Shift A (Morning),162.8,-3.43
2026-09-07 12:00:00,Pneumatic Dense-Phase Conveying Compressor,Pneumatic Conveying Utility,76.51,none,0.0,0.0,1.0,Shift A (Morning),48.4,5.52
2026-09-07 13:00:00,Rotary Calcination Kiln & Precalciner,Pyroprocessing & Clinkerization,91.43,coal,230.99,1732.4,1.0,Shift A (Morning),1477.2,-0.81
2026-09-07 13:00:00,Raw Material Ball Mill #01,Raw Grinding & Homogenization,183.61,none,0.0,1191.0,1.0,Shift A (Morning),85.2,1.01
2026-09-07 13:00:00,Vertical Roller Finish Mill (VRM),Finish Grinding & Separation,211.92,none,0.0,1412.8,1.0,Shift A (Morning),92.6,1.49
2026-09-07 13:00:00,Recuperative Clinker Grate Cooler,Clinker Cooling,65.39,none,0.0,1730.8,1.0,Shift A (Morning),280.5,0.5
2026-09-07 13:00:00,Primary Limestone Gyratory Crusher,Crushing & Quarry Handling,86.49,none,0.0,966.6,1.0,Shift A (Morning),34.6,1.03
2026-09-07 13:00:00,Kiln Exhaust ID Fan & Baghouse Station,Draft & Dust Abatement,148.82,none,0.0,0.0,1.0,Shift A (Morning),160.9,-3.47
2026-09-07 13:00:00,Pneumatic Dense-Phase Conveying Compressor,Pneumatic Conveying Utility,72.38,none,0.0,0.0,1.0,Shift A (Morning),47.6,5.59
2026-09-07 14:00:00,Rotary Calcination Kiln & Precalciner,Pyroprocessing & Clinkerization,96.28,coal,243.24,1824.3,1.0,Shift B (Evening),1428.7,-0.78
2026-09-07 14:00:00,Raw Material Ball Mill #01,Raw Grinding & Homogenization,188.22,none,0.0,1220.9,1.0,Shift B (Evening),86.1,0.98
2026-09-07 14:00:00,Vertical Roller Finish Mill (VRM),Finish Grinding & Separation,218.28,none,0.0,1455.2,1.0,Shift B (Evening),91.9,1.53
2026-09-07 14:00:00,Recuperative Clinker Grate Cooler,Clinker Cooling,69.36,none,0.0,1835.9,1.0,Shift B (Evening),283.8,0.49
2026-09-07 14:00:00,Primary Limestone Gyratory Crusher,Crushing & Quarry Handling,81.92,none,0.0,915.5,1.0,Shift B (Evening),34.6,1.0
2026-09-07 14:00:00,Kiln Exhaust ID Fan & Baghouse Station,Draft & Dust Abatement,139.9,none,0.0,0.0,1.0,Shift B (Evening),160.8,-3.55
2026-09-07 14:00:00,Pneumatic Dense-Phase Conveying Compressor,Pneumatic Conveying Utility,74.5,none,0.0,0.0,1.0,Shift B (Evening),48.4,5.59
2026-09-07 15:00:00,Rotary Calcination Kiln & Precalciner,Pyroprocessing & Clinkerization,96.91,coal,244.83,1836.2,1.0,Shift B (Evening),1475.5,-0.79
2026-09-07 15:00:00,Raw Material Ball Mill #01,Raw Grinding & Homogenization,178.14,none,0.0,1155.5,1.0,Shift B (Evening),86.0,1.02
2026-09-07 15:00:00,Vertical Roller Finish Mill (VRM),Finish Grinding & Separation,213.47,none,0.0,1423.1,1.0,Shift B (Evening),92.3,1.54
2026-09-07 15:00:00,Recuperative Clinker Grate Cooler,Clinker Cooling,68.08,none,0.0,1802.1,1.0,Shift B (Evening),277.5,0.49
2026-09-07 15:00:00,Primary Limestone Gyratory Crusher,Crushing & Quarry Handling,82.65,none,0.0,923.7,1.0,Shift B (Evening),35.3,1.0
2026-09-07 15:00:00,Kiln Exhaust ID Fan & Baghouse Station,Draft & Dust Abatement,147.58,none,0.0,0.0,1.0,Shift B (Evening),160.3,-3.58
2026-09-07 15:00:00,Pneumatic Dense-Phase Conveying Compressor,Pneumatic Conveying Utility,77.6,none,0.0,0.0,1.0,Shift B (Evening),47.4,5.47
2026-09-07 16:00:00,Rotary Calcination Kiln & Precalciner,Pyroprocessing & Clinkerization,91.65,coal,231.54,1736.5,1.0,Shift B (Evening),1448.5,-0.79
2026-09-07 16:00:00,Raw Material Ball Mill #01,Raw Grinding & Homogenization,190.38,none,0.0,1234.9,1.0,Shift B (Evening),86.1,0.99
2026-09-07 16:00:00,Vertical Roller Finish Mill (VRM),Finish Grinding & Separation,209.02,none,0.0,1393.5,1.0,Shift B (Evening),91.7,1.49
2026-09-07 16:00:00,Recuperative Clinker Grate Cooler,Clinker Cooling,68.96,none,0.0,1825.5,1.0,Shift B (Evening),275.4,0.5
2026-09-07 16:00:00,Primary Limestone Gyratory Crusher,Crushing & Quarry Handling,82.69,none,0.0,924.2,1.0,Shift B (Evening),34.4,1.03
2026-09-07 16:00:00,Kiln Exhaust ID Fan & Baghouse Station,Draft & Dust Abatement,142.35,none,0.0,0.0,1.0,Shift B (Evening),159.9,-3.47
2026-09-07 16:00:00,Pneumatic Dense-Phase Conveying Compressor,Pneumatic Conveying Utility,77.15,none,0.0,0.0,1.0,Shift B (Evening),48.6,5.4
2026-09-07 17:00:00,Rotary Calcination Kiln & Precalciner,Pyroprocessing & Clinkerization,93.74,coal,236.81,1776.1,1.0,Shift B (Evening),1428.7,-0.78
2026-09-07 17:00:00,Raw Material Ball Mill #01,Raw Grinding & Homogenization,180.35,none,0.0,1169.8,1.0,Shift B (Evening),86.6,0.99
2026-09-07 17:00:00,Vertical Roller Finish Mill (VRM),Finish Grinding & Separation,218.26,none,0.0,1455.1,1.0,Shift B (Evening),91.0,1.47
2026-09-07 17:00:00,Recuperative Clinker Grate Cooler,Clinker Cooling,69.88,none,0.0,1849.7,1.0,Shift B (Evening),278.8,0.51
2026-09-07 17:00:00,Primary Limestone Gyratory Crusher,Crushing & Quarry Handling,83.34,none,0.0,931.4,1.0,Shift B (Evening),34.5,1.03
2026-09-07 17:00:00,Kiln Exhaust ID Fan & Baghouse Station,Draft & Dust Abatement,150.25,none,0.0,0.0,1.0,Shift B (Evening),158.2,-3.4
2026-09-07 17:00:00,Pneumatic Dense-Phase Conveying Compressor,Pneumatic Conveying Utility,77.46,none,0.0,0.0,1.0,Shift B (Evening),48.5,5.66
2026-09-07 18:00:00,Rotary Calcination Kiln & Precalciner,Pyroprocessing & Clinkerization,94.71,coal,239.26,1794.4,1.0,Shift B (Evening),1466.0,-0.79
2026-09-07 18:00:00,Raw Material Ball Mill #01,Raw Grinding & Homogenization,188.86,none,0.0,1225.0,1.0,Shift B (Evening),85.8,0.98
2026-09-07 18:00:00,Vertical Roller Finish Mill (VRM),Finish Grinding & Separation,203.05,none,0.0,1353.7,1.0,Shift B (Evening),92.1,1.47
2026-09-07 18:00:00,Recuperative Clinker Grate Cooler,Clinker Cooling,66.09,none,0.0,1749.4,1.0,Shift B (Evening),279.6,0.51
2026-09-07 18:00:00,Primary Limestone Gyratory Crusher,Crushing & Quarry Handling,84.1,none,0.0,940.0,1.0,Shift B (Evening),34.5,1.01
2026-09-07 18:00:00,Kiln Exhaust ID Fan & Baghouse Station,Draft & Dust Abatement,141.52,none,0.0,0.0,1.0,Shift B (Evening),161.7,-3.52
2026-09-07 18:00:00,Pneumatic Dense-Phase Conveying Compressor,Pneumatic Conveying Utility,77.9,none,0.0,0.0,1.0,Shift B (Evening),47.2,5.6
2026-09-07 19:00:00,Rotary Calcination Kiln & Precalciner,Pyroprocessing & Clinkerization,97.59,coal,246.54,1849.0,1.0,Shift B (Evening),1472.0,-0.8
2026-09-07 19:00:00,Raw Material Ball Mill #01,Raw Grinding & Homogenization,191.28,none,0.0,1240.7,1.0,Shift B (Evening),84.7,1.03
2026-09-07 19:00:00,Vertical Roller Finish Mill (VRM),Finish Grinding & Separation,204.86,none,0.0,1365.7,1.0,Shift B (Evening),92.0,1.48
2026-09-07 19:00:00,Recuperative Clinker Grate Cooler,Clinker Cooling,70.68,none,0.0,1871.0,1.0,Shift B (Evening),275.9,0.5
2026-09-07 19:00:00,Primary Limestone Gyratory Crusher,Crushing & Quarry Handling,84.01,none,0.0,939.0,1.0,Shift B (Evening),34.9,1.02
2026-09-07 19:00:00,Kiln Exhaust ID Fan & Baghouse Station,Draft & Dust Abatement,148.14,none,0.0,0.0,1.0,Shift B (Evening),158.3,-3.42
2026-09-07 19:00:00,Pneumatic Dense-Phase Conveying Compressor,Pneumatic Conveying Utility,76.72,none,0.0,0.0,1.0,Shift B (Evening),48.7,5.41
2026-09-07 20:00:00,Rotary Calcination Kiln & Precalciner,Pyroprocessing & Clinkerization,96.32,coal,243.34,1825.1,1.0,Shift B (Evening),1431.8,-0.81
2026-09-07 20:00:00,Raw Material Ball Mill #01,Raw Grinding & Homogenization,180.68,none,0.0,1172.0,1.0,Shift B (Evening),83.4,1.02
2026-09-07 20:00:00,Vertical Roller Finish Mill (VRM),Finish Grinding & Separation,213.65,none,0.0,1424.4,1.0,Shift B (Evening),93.2,1.52
2026-09-07 20:00:00,Recuperative Clinker Grate Cooler,Clinker Cooling,69.17,none,0.0,1830.9,1.0,Shift B (Evening),275.0,0.5
2026-09-07 20:00:00,Primary Limestone Gyratory Crusher,Crushing & Quarry Handling,85.57,none,0.0,956.4,1.0,Shift B (Evening),34.5,0.98
2026-09-07 20:00:00,Kiln Exhaust ID Fan & Baghouse Station,Draft & Dust Abatement,150.05,none,0.0,0.0,1.0,Shift B (Evening),157.0,-3.55
2026-09-07 20:00:00,Pneumatic Dense-Phase Conveying Compressor,Pneumatic Conveying Utility,72.07,none,0.0,0.0,1.0,Shift B (Evening),47.4,5.41
2026-09-07 21:00:00,Rotary Calcination Kiln & Precalciner,Pyroprocessing & Clinkerization,96.99,coal,245.02,1837.7,1.0,Shift B (Evening),1460.6,-0.81
2026-09-07 21:00:00,Raw Material Ball Mill #01,Raw Grinding & Homogenization,185.55,none,0.0,1203.6,1.0,Shift B (Evening),86.1,0.98
2026-09-07 21:00:00,Vertical Roller Finish Mill (VRM),Finish Grinding & Separation,206.32,none,0.0,1375.5,1.0,Shift B (Evening),91.6,1.52
2026-09-07 21:00:00,Recuperative Clinker Grate Cooler,Clinker Cooling,65.73,none,0.0,1739.9,1.0,Shift B (Evening),278.4,0.5
2026-09-07 21:00:00,Primary Limestone Gyratory Crusher,Crushing & Quarry Handling,85.32,none,0.0,953.6,1.0,Shift B (Evening),35.6,0.99
2026-09-07 21:00:00,Kiln Exhaust ID Fan & Baghouse Station,Draft & Dust Abatement,141.74,none,0.0,0.0,1.0,Shift B (Evening),157.4,-3.5
2026-09-07 21:00:00,Pneumatic Dense-Phase Conveying Compressor,Pneumatic Conveying Utility,76.27,none,0.0,0.0,1.0,Shift B (Evening),48.2,5.58
2026-09-07 22:00:00,Rotary Calcination Kiln & Precalciner,Pyroprocessing & Clinkerization,96.42,coal,243.59,1826.9,1.0,Shift C (Night),1427.6,-0.82
2026-09-07 22:00:00,Raw Material Ball Mill #01,Raw Grinding & Homogenization,186.06,none,0.0,1206.9,1.0,Shift C (Night),84.6,0.97
2026-09-07 22:00:00,Vertical Roller Finish Mill (VRM),Finish Grinding & Separation,218.02,none,0.0,1453.5,1.0,Shift C (Night),92.5,1.48
2026-09-07 22:00:00,Recuperative Clinker Grate Cooler,Clinker Cooling,69.87,none,0.0,1849.6,1.0,Shift C (Night),278.4,0.49
2026-09-07 22:00:00,Primary Limestone Gyratory Crusher,Crushing & Quarry Handling,87.26,none,0.0,975.2,1.0,Shift C (Night),34.5,0.99
2026-09-07 22:00:00,Kiln Exhaust ID Fan & Baghouse Station,Draft & Dust Abatement,146.92,none,0.0,0.0,1.0,Shift C (Night),160.3,-3.44
2026-09-07 22:00:00,Pneumatic Dense-Phase Conveying Compressor,Pneumatic Conveying Utility,75.72,none,0.0,0.0,1.0,Shift C (Night),47.3,5.43
2026-09-07 23:00:00,Rotary Calcination Kiln & Precalciner,Pyroprocessing & Clinkerization,93.66,coal,236.61,1774.5,1.0,Shift C (Night),1462.4,-0.81
2026-09-07 23:00:00,Raw Material Ball Mill #01,Raw Grinding & Homogenization,184.26,none,0.0,1195.2,1.0,Shift C (Night),85.5,1.03
2026-09-07 23:00:00,Vertical Roller Finish Mill (VRM),Finish Grinding & Separation,211.72,none,0.0,1411.5,1.0,Shift C (Night),92.1,1.49
2026-09-07 23:00:00,Recuperative Clinker Grate Cooler,Clinker Cooling,66.39,none,0.0,1757.4,1.0,Shift C (Night),282.5,0.49
2026-09-07 23:00:00,Primary Limestone Gyratory Crusher,Crushing & Quarry Handling,1.99,none,0.0,0.0,0.0,Shift C (Night),28.9,0.0
2026-09-07 23:00:00,Kiln Exhaust ID Fan & Baghouse Station,Draft & Dust Abatement,148.51,none,0.0,0.0,1.0,Shift C (Night),157.0,-3.52
2026-09-07 23:00:00,Pneumatic Dense-Phase Conveying Compressor,Pneumatic Conveying Utility,35.07,none,0.0,0.0,0.0,Shift C (Night),38.4,4.67
2026-09-08 00:00:00,Rotary Calcination Kiln & Precalciner,Pyroprocessing & Clinkerization,95.81,coal,242.06,1815.4,1.0,Shift C (Night),1474.0,-0.81
2026-09-08 00:00:00,Raw Material Ball Mill #01,Raw Grinding & Homogenization,1.33,none,0.0,0.0,0.0,Shift C (Night),28.9,0.0
2026-09-08 00:00:00,Vertical Roller Finish Mill (VRM),Finish Grinding & Separation,0.9,none,0.0,0.0,0.0,Shift C (Night),30.8,0.0
2026-09-08 00:00:00,Recuperative Clinker Grate Cooler,Clinker Cooling,65.4,none,0.0,1731.3,1.0,Shift C (Night),276.2,0.5
2026-09-08 00:00:00,Primary Limestone Gyratory Crusher,Crushing & Quarry Handling,1.12,none,0.0,0.0,0.0,Shift C (Night),30.3,0.0
2026-09-08 00:00:00,Kiln Exhaust ID Fan & Baghouse Station,Draft & Dust Abatement,208.77,none,0.0,0.0,1.0,Shift C (Night),163.0,-3.56
2026-09-08 00:00:00,Pneumatic Dense-Phase Conveying Compressor,Pneumatic Conveying Utility,35.9,none,0.0,0.0,0.0,Shift C (Night),38.4,4.67
2026-09-08 01:00:00,Rotary Calcination Kiln & Precalciner,Pyroprocessing & Clinkerization,96.38,coal,243.47,1826.1,1.0,Shift C (Night),1463.2,-0.78
2026-09-08 01:00:00,Raw Material Ball Mill #01,Raw Grinding & Homogenization,0.62,none,0.0,0.0,0.0,Shift C (Night),29.7,0.0
2026-09-08 01:00:00,Vertical Roller Finish Mill (VRM),Finish Grinding & Separation,1.83,none,0.0,0.0,0.0,Shift C (Night),30.9,0.0
2026-09-08 01:00:00,Recuperative Clinker Grate Cooler,Clinker Cooling,68.13,none,0.0,1803.5,1.0,Shift C (Night),281.5,0.51
2026-09-08 01:00:00,Primary Limestone Gyratory Crusher,Crushing & Quarry Handling,1.16,none,0.0,0.0,0.0,Shift C (Night),29.8,0.0
2026-09-08 01:00:00,Kiln Exhaust ID Fan & Baghouse Station,Draft & Dust Abatement,213.98,none,0.0,0.0,1.0,Shift C (Night),160.0,-3.49
2026-09-08 01:00:00,Pneumatic Dense-Phase Conveying Compressor,Pneumatic Conveying Utility,36.35,none,0.0,0.0,0.0,Shift C (Night),38.4,4.67
2026-09-08 02:00:00,Rotary Calcination Kiln & Precalciner,Pyroprocessing & Clinkerization,97.5,coal,246.31,1847.4,1.0,Shift C (Night),1454.5,-0.8
2026-09-08 02:00:00,Raw Material Ball Mill #01,Raw Grinding & Homogenization,0.95,none,0.0,0.0,0.0,Shift C (Night),30.2,0.0
2026-09-08 02:00:00,Vertical Roller Finish Mill (VRM),Finish Grinding & Separation,1.1,none,0.0,0.0,0.0,Shift C (Night),30.5,0.0
2026-09-08 02:00:00,Recuperative Clinker Grate Cooler,Clinker Cooling,70.12,none,0.0,1856.2,1.0,Shift C (Night),274.4,0.5
2026-09-08 02:00:00,Primary Limestone Gyratory Crusher,Crushing & Quarry Handling,0.86,none,0.0,0.0,0.0,Shift C (Night),28.6,0.0
2026-09-08 02:00:00,Kiln Exhaust ID Fan & Baghouse Station,Draft & Dust Abatement,205.4,none,0.0,0.0,1.0,Shift C (Night),157.9,-3.42
2026-09-08 02:00:00,Pneumatic Dense-Phase Conveying Compressor,Pneumatic Conveying Utility,33.76,none,0.0,0.0,0.0,Shift C (Night),38.4,4.67
2026-09-08 03:00:00,Rotary Calcination Kiln & Precalciner,Pyroprocessing & Clinkerization,96.97,coal,244.98,1837.3,1.0,Shift C (Night),1435.0,-0.81
2026-09-08 03:00:00,Raw Material Ball Mill #01,Raw Grinding & Homogenization,1.01,none,0.0,0.0,0.0,Shift C (Night),30.3,0.0
2026-09-08 03:00:00,Vertical Roller Finish Mill (VRM),Finish Grinding & Separation,1.98,none,0.0,0.0,0.0,Shift C (Night),28.9,0.0
2026-09-08 03:00:00,Recuperative Clinker Grate Cooler,Clinker Cooling,68.56,none,0.0,1814.9,1.0,Shift C (Night),281.3,0.51
2026-09-08 03:00:00,Primary Limestone Gyratory Crusher,Crushing & Quarry Handling,1.0,none,0.0,0.0,0.0,Shift C (Night),28.8,0.0
2026-09-08 03:00:00,Kiln Exhaust ID Fan & Baghouse Station,Draft & Dust Abatement,206.94,none,0.0,0.0,1.0,Shift C (Night),158.9,-3.55
2026-09-08 03:00:00,Pneumatic Dense-Phase Conveying Compressor,Pneumatic Conveying Utility,34.07,none,0.0,0.0,0.0,Shift C (Night),38.4,4.67
2026-09-08 04:00:00,Rotary Calcination Kiln & Precalciner,Pyroprocessing & Clinkerization,94.51,coal,238.76,1790.7,1.0,Shift C (Night),1459.4,-0.79
2026-09-08 04:00:00,Raw Material Ball Mill #01,Raw Grinding & Homogenization,0.7,none,0.0,0.0,0.0,Shift C (Night),28.2,0.0
2026-09-08 04:00:00,Vertical Roller Finish Mill (VRM),Finish Grinding & Separation,1.29,none,0.0,0.0,0.0,Shift C (Night),28.1,0.0
2026-09-08 04:00:00,Recuperative Clinker Grate Cooler,Clinker Cooling,66.09,none,0.0,1749.5,1.0,Shift C (Night),283.9,0.49
2026-09-08 04:00:00,Primary Limestone Gyratory Crusher,Crushing & Quarry Handling,0.81,none,0.0,0.0,0.0,Shift C (Night),31.2,0.0
2026-09-08 04:00:00,Kiln Exhaust ID Fan & Baghouse Station,Draft & Dust Abatement,205.37,none,0.0,0.0,1.0,Shift C (Night),158.1,-3.54
2026-09-08 04:00:00,Pneumatic Dense-Phase Conveying Compressor,Pneumatic Conveying Utility,33.11,none,0.0,0.0,0.0,Shift C (Night),38.4,4.67
2026-09-08 05:00:00,Rotary Calcination Kiln & Precalciner,Pyroprocessing & Clinkerization,96.85,coal,244.66,1835.0,1.0,Shift C (Night),1430.7,-0.81
2026-09-08 05:00:00,Raw Material Ball Mill #01,Raw Grinding & Homogenization,1.52,none,0.0,0.0,0.0,Shift C (Night),29.8,0.0
2026-09-08 05:00:00,Vertical Roller Finish Mill (VRM),Finish Grinding & Separation,1.61,none,0.0,0.0,0.0,Shift C (Night),31.3,0.0
2026-09-08 05:00:00,Recuperative Clinker Grate Cooler,Clinker Cooling,66.2,none,0.0,1752.5,1.0,Shift C (Night),282.6,0.49
2026-09-08 05:00:00,Primary Limestone Gyratory Crusher,Crushing & Quarry Handling,1.31,none,0.0,0.0,0.0,Shift C (Night),29.1,0.0
2026-09-08 05:00:00,Kiln Exhaust ID Fan & Baghouse Station,Draft & Dust Abatement,201.19,none,0.0,0.0,1.0,Shift C (Night),163.1,-3.48
2026-09-08 05:00:00,Pneumatic Dense-Phase Conveying Compressor,Pneumatic Conveying Utility,33.96,none,0.0,0.0,0.0,Shift C (Night),38.4,4.67
2026-09-08 06:00:00,Rotary Calcination Kiln & Precalciner,Pyroprocessing & Clinkerization,97.26,coal,245.7,1842.8,1.0,Shift A (Morning),1454.7,-0.78
2026-09-08 06:00:00,Raw Material Ball Mill #01,Raw Grinding & Homogenization,177.75,none,0.0,1153.0,1.0,Shift A (Morning),85.2,1.0
2026-09-08 06:00:00,Vertical Roller Finish Mill (VRM),Finish Grinding & Separation,213.7,none,0.0,1424.6,1.0,Shift A (Morning),92.8,1.52
2026-09-08 06:00:00,Recuperative Clinker Grate Cooler,Clinker Cooling,66.41,none,0.0,1757.9,1.0,Shift A (Morning),284.0,0.49
2026-09-08 06:00:00,Primary Limestone Gyratory Crusher,Crushing & Quarry Handling,83.7,none,0.0,935.5,1.0,Shift A (Morning),35.6,1.0
2026-09-08 06:00:00,Kiln Exhaust ID Fan & Baghouse Station,Draft & Dust Abatement,210.33,none,0.0,0.0,1.0,Shift A (Morning),162.5,-3.53
2026-09-08 06:00:00,Pneumatic Dense-Phase Conveying Compressor,Pneumatic Conveying Utility,73.19,none,0.0,0.0,1.0,Shift A (Morning),47.9,5.45
2026-09-08 07:00:00,Rotary Calcination Kiln & Precalciner,Pyroprocessing & Clinkerization,93.96,coal,237.37,1780.3,1.0,Shift A (Morning),1475.5,-0.78
2026-09-08 07:00:00,Raw Material Ball Mill #01,Raw Grinding & Homogenization,192.28,none,0.0,1247.2,1.0,Shift A (Morning),86.0,1.02
2026-09-08 07:00:00,Vertical Roller Finish Mill (VRM),Finish Grinding & Separation,211.95,none,0.0,1413.0,1.0,Shift A (Morning),90.2,1.47
2026-09-08 07:00:00,Recuperative Clinker Grate Cooler,Clinker Cooling,65.81,none,0.0,1741.9,1.0,Shift A (Morning),279.0,0.51
2026-09-08 07:00:00,Primary Limestone Gyratory Crusher,Crushing & Quarry Handling,86.84,none,0.0,970.6,1.0,Shift A (Morning),35.2,0.99
2026-09-08 07:00:00,Kiln Exhaust ID Fan & Baghouse Station,Draft & Dust Abatement,213.31,none,0.0,0.0,1.0,Shift A (Morning),157.5,-3.45
2026-09-08 07:00:00,Pneumatic Dense-Phase Conveying Compressor,Pneumatic Conveying Utility,76.51,none,0.0,0.0,1.0,Shift A (Morning),48.6,5.57
2026-09-08 08:00:00,Rotary Calcination Kiln & Precalciner,Pyroprocessing & Clinkerization,94.38,coal,238.43,1788.3,1.0,Shift A (Morning),1476.8,-0.82
2026-09-08 08:00:00,Raw Material Ball Mill #01,Raw Grinding & Homogenization,181.37,none,0.0,1176.5,1.0,Shift A (Morning),85.0,0.98
2026-09-08 08:00:00,Vertical Roller Finish Mill (VRM),Finish Grinding & Separation,217.73,none,0.0,1451.6,1.0,Shift A (Morning),91.0,1.49
2026-09-08 08:00:00,Recuperative Clinker Grate Cooler,Clinker Cooling,68.27,none,0.0,1807.1,1.0,Shift A (Morning),275.0,0.51
2026-09-08 08:00:00,Primary Limestone Gyratory Crusher,Crushing & Quarry Handling,87.66,none,0.0,979.8,1.0,Shift A (Morning),35.3,0.98
2026-09-08 08:00:00,Kiln Exhaust ID Fan & Baghouse Station,Draft & Dust Abatement,213.2,none,0.0,0.0,1.0,Shift A (Morning),157.0,-3.46
2026-09-08 08:00:00,Pneumatic Dense-Phase Conveying Compressor,Pneumatic Conveying Utility,74.62,none,0.0,0.0,1.0,Shift A (Morning),48.8,5.36
2026-09-08 09:00:00,Rotary Calcination Kiln & Precalciner,Pyroprocessing & Clinkerization,92.65,coal,234.07,1755.6,1.0,Shift A (Morning),1452.5,-0.82
2026-09-08 09:00:00,Raw Material Ball Mill #01,Raw Grinding & Homogenization,188.55,none,0.0,1223.1,1.0,Shift A (Morning),84.8,1.01
2026-09-08 09:00:00,Vertical Roller Finish Mill (VRM),Finish Grinding & Separation,217.1,none,0.0,1447.3,1.0,Shift A (Morning),92.1,1.48
2026-09-08 09:00:00,Recuperative Clinker Grate Cooler,Clinker Cooling,67.7,none,0.0,1792.1,1.0,Shift A (Morning),277.1,0.49
2026-09-08 09:00:00,Primary Limestone Gyratory Crusher,Crushing & Quarry Handling,81.9,none,0.0,915.3,1.0,Shift A (Morning),35.4,1.0
2026-09-08 09:00:00,Kiln Exhaust ID Fan & Baghouse Station,Draft & Dust Abatement,207.86,none,0.0,0.0,1.0,Shift A (Morning),160.0,-3.48
2026-09-08 09:00:00,Pneumatic Dense-Phase Conveying Compressor,Pneumatic Conveying Utility,76.48,none,0.0,0.0,1.0,Shift A (Morning),47.2,5.41
2026-09-08 10:00:00,Rotary Calcination Kiln & Precalciner,Pyroprocessing & Clinkerization,95.09,coal,240.22,1801.7,1.0,Shift A (Morning),1454.1,-0.8
2026-09-08 10:00:00,Raw Material Ball Mill #01,Raw Grinding & Homogenization,187.56,none,0.0,1216.6,1.0,Shift A (Morning),84.3,1.02
2026-09-08 10:00:00,Vertical Roller Finish Mill (VRM),Finish Grinding & Separation,217.6,none,0.0,1450.7,1.0,Shift A (Morning),90.8,1.54
2026-09-08 10:00:00,Recuperative Clinker Grate Cooler,Clinker Cooling,66.9,none,0.0,1770.9,1.0,Shift A (Morning),284.2,0.5
2026-09-08 10:00:00,Primary Limestone Gyratory Crusher,Crushing & Quarry Handling,85.19,none,0.0,952.2,1.0,Shift A (Morning),35.1,0.98
2026-09-08 10:00:00,Kiln Exhaust ID Fan & Baghouse Station,Draft & Dust Abatement,199.51,none,0.0,0.0,1.0,Shift A (Morning),162.0,-3.54
2026-09-08 10:00:00,Pneumatic Dense-Phase Conveying Compressor,Pneumatic Conveying Utility,74.33,none,0.0,0.0,1.0,Shift A (Morning),48.6,5.5
2026-09-08 11:00:00,Rotary Calcination Kiln & Precalciner,Pyroprocessing & Clinkerization,91.68,coal,231.62,1737.1,1.0,Shift A (Morning),1451.2,-0.78
2026-09-08 11:00:00,Raw Material Ball Mill #01,Raw Grinding & Homogenization,182.49,none,0.0,1183.7,1.0,Shift A (Morning),84.4,1.01
2026-09-08 11:00:00,Vertical Roller Finish Mill (VRM),Finish Grinding & Separation,208.01,none,0.0,1386.8,1.0,Shift A (Morning),90.2,1.48
2026-09-08 11:00:00,Recuperative Clinker Grate Cooler,Clinker Cooling,69.64,none,0.0,1843.5,1.0,Shift A (Morning),276.8,0.5
2026-09-08 11:00:00,Primary Limestone Gyratory Crusher,Crushing & Quarry Handling,84.6,none,0.0,945.5,1.0,Shift A (Morning),34.9,1.01
2026-09-08 11:00:00,Kiln Exhaust ID Fan & Baghouse Station,Draft & Dust Abatement,207.26,none,0.0,0.0,1.0,Shift A (Morning),161.0,-3.58
2026-09-08 11:00:00,Pneumatic Dense-Phase Conveying Compressor,Pneumatic Conveying Utility,74.56,none,0.0,0.0,1.0,Shift A (Morning),47.4,5.37
2026-09-08 12:00:00,Rotary Calcination Kiln & Precalciner,Pyroprocessing & Clinkerization,93.77,coal,236.89,1776.7,1.0,Shift A (Morning),1478.1,-0.79
2026-09-08 12:00:00,Raw Material Ball Mill #01,Raw Grinding & Homogenization,186.1,none,0.0,1207.2,1.0,Shift A (Morning),85.6,1.01
2026-09-08 12:00:00,Vertical Roller Finish Mill (VRM),Finish Grinding & Separation,218.05,none,0.0,1453.7,1.0,Shift A (Morning),92.2,1.49
2026-09-08 12:00:00,Recuperative Clinker Grate Cooler,Clinker Cooling,68.01,none,0.0,1800.4,1.0,Shift A (Morning),284.8,0.49
2026-09-08 12:00:00,Primary Limestone Gyratory Crusher,Crushing & Quarry Handling,85.43,none,0.0,954.8,1.0,Shift A (Morning),35.2,0.97
2026-09-08 12:00:00,Kiln Exhaust ID Fan & Baghouse Station,Draft & Dust Abatement,211.31,none,0.0,0.0,1.0,Shift A (Morning),157.6,-3.5
2026-09-08 12:00:00,Pneumatic Dense-Phase Conveying Compressor,Pneumatic Conveying Utility,73.33,none,0.0,0.0,1.0,Shift A (Morning),47.5,5.38
2026-09-08 13:00:00,Rotary Calcination Kiln & Precalciner,Pyroprocessing & Clinkerization,95.33,coal,240.84,1806.3,1.0,Shift A (Morning),1462.4,-0.81
2026-09-08 13:00:00,Raw Material Ball Mill #01,Raw Grinding & Homogenization,177.62,none,0.0,1152.1,1.0,Shift A (Morning),86.1,1.0
2026-09-08 13:00:00,Vertical Roller Finish Mill (VRM),Finish Grinding & Separation,206.9,none,0.0,1379.4,1.0,Shift A (Morning),90.2,1.53
2026-09-08 13:00:00,Recuperative Clinker Grate Cooler,Clinker Cooling,66.19,none,0.0,1752.1,1.0,Shift A (Morning),278.2,0.51
2026-09-08 13:00:00,Primary Limestone Gyratory Crusher,Crushing & Quarry Handling,82.91,none,0.0,926.7,1.0,Shift A (Morning),35.0,0.98
2026-09-08 13:00:00,Kiln Exhaust ID Fan & Baghouse Station,Draft & Dust Abatement,212.09,none,0.0,0.0,1.0,Shift A (Morning),157.0,-3.43
2026-09-08 13:00:00,Pneumatic Dense-Phase Conveying Compressor,Pneumatic Conveying Utility,73.77,none,0.0,0.0,1.0,Shift A (Morning),47.7,5.49
2026-09-08 14:00:00,Rotary Calcination Kiln & Precalciner,Pyroprocessing & Clinkerization,98.52,coal,248.89,1866.7,1.0,Shift B (Evening),1426.4,-0.79
2026-09-08 14:00:00,Raw Material Ball Mill #01,Raw Grinding & Homogenization,178.41,none,0.0,1157.3,1.0,Shift B (Evening),85.8,1.01
2026-09-08 14:00:00,Vertical Roller Finish Mill (VRM),Finish Grinding & Separation,203.12,none,0.0,1354.1,1.0,Shift B (Evening),91.2,1.51
2026-09-08 14:00:00,Recuperative Clinker Grate Cooler,Clinker Cooling,68.43,none,0.0,1811.3,1.0,Shift B (Evening),276.5,0.5
2026-09-08 14:00:00,Primary Limestone Gyratory Crusher,Crushing & Quarry Handling,86.93,none,0.0,971.6,1.0,Shift B (Evening),34.8,1.02
2026-09-08 14:00:00,Kiln Exhaust ID Fan & Baghouse Station,Draft & Dust Abatement,203.2,none,0.0,0.0,1.0,Shift B (Evening),160.5,-3.54
2026-09-08 14:00:00,Pneumatic Dense-Phase Conveying Compressor,Pneumatic Conveying Utility,76.44,none,0.0,0.0,1.0,Shift B (Evening),48.2,5.61
2026-09-08 15:00:00,Rotary Calcination Kiln & Precalciner,Pyroprocessing & Clinkerization,95.58,coal,241.47,1811.0,1.0,Shift B (Evening),1451.9,-0.78
2026-09-08 15:00:00,Raw Material Ball Mill #01,Raw Grinding & Homogenization,184.01,none,0.0,1193.6,1.0,Shift B (Evening),85.5,0.97
2026-09-08 15:00:00,Vertical Roller Finish Mill (VRM),Finish Grinding & Separation,201.73,none,0.0,1344.9,1.0,Shift B (Evening),90.2,1.48
2026-09-08 15:00:00,Recuperative Clinker Grate Cooler,Clinker Cooling,70.44,none,0.0,1864.5,1.0,Shift B (Evening),281.1,0.49
2026-09-08 15:00:00,Primary Limestone Gyratory Crusher,Crushing & Quarry Handling,82.71,none,0.0,924.4,1.0,Shift B (Evening),35.5,1.03
2026-09-08 15:00:00,Kiln Exhaust ID Fan & Baghouse Station,Draft & Dust Abatement,206.87,none,0.0,0.0,1.0,Shift B (Evening),161.4,-3.56
2026-09-08 15:00:00,Pneumatic Dense-Phase Conveying Compressor,Pneumatic Conveying Utility,77.61,none,0.0,0.0,1.0,Shift B (Evening),47.7,5.5
2026-09-08 16:00:00,Rotary Calcination Kiln & Precalciner,Pyroprocessing & Clinkerization,98.13,coal,247.91,1859.3,1.0,Shift B (Evening),1426.9,-0.8
2026-09-08 16:00:00,Raw Material Ball Mill #01,Raw Grinding & Homogenization,179.87,none,0.0,1166.8,1.0,Shift B (Evening),85.3,0.98
2026-09-08 16:00:00,Vertical Roller Finish Mill (VRM),Finish Grinding & Separation,203.96,none,0.0,1359.7,1.0,Shift B (Evening),93.0,1.48
2026-09-08 16:00:00,Recuperative Clinker Grate Cooler,Clinker Cooling,67.2,none,0.0,1778.8,1.0,Shift B (Evening),285.2,0.49
2026-09-08 16:00:00,Primary Limestone Gyratory Crusher,Crushing & Quarry Handling,87.53,none,0.0,978.2,1.0,Shift B (Evening),35.5,1.02
2026-09-08 16:00:00,Kiln Exhaust ID Fan & Baghouse Station,Draft & Dust Abatement,198.35,none,0.0,0.0,1.0,Shift B (Evening),157.1,-3.6
2026-09-08 16:00:00,Pneumatic Dense-Phase Conveying Compressor,Pneumatic Conveying Utility,73.28,none,0.0,0.0,1.0,Shift B (Evening),48.7,5.36
2026-09-08 17:00:00,Rotary Calcination Kiln & Precalciner,Pyroprocessing & Clinkerization,98.26,coal,248.24,1861.8,1.0,Shift B (Evening),1449.8,-0.8
2026-09-08 17:00:00,Raw Material Ball Mill #01,Raw Grinding & Homogenization,182.76,none,0.0,1185.5,1.0,Shift B (Evening),83.8,1.0
2026-09-08 17:00:00,Vertical Roller Finish Mill (VRM),Finish Grinding & Separation,210.69,none,0.0,1404.6,1.0,Shift B (Evening),91.6,1.46
2026-09-08 17:00:00,Recuperative Clinker Grate Cooler,Clinker Cooling,69.04,none,0.0,1827.4,1.0,Shift B (Evening),284.4,0.51
2026-09-08 17:00:00,Primary Limestone Gyratory Crusher,Crushing & Quarry Handling,87.75,none,0.0,980.8,1.0,Shift B (Evening),35.4,1.01
2026-09-08 17:00:00,Kiln Exhaust ID Fan & Baghouse Station,Draft & Dust Abatement,209.54,none,0.0,0.0,1.0,Shift B (Evening),161.0,-3.59
2026-09-08 17:00:00,Pneumatic Dense-Phase Conveying Compressor,Pneumatic Conveying Utility,77.97,none,0.0,0.0,1.0,Shift B (Evening),48.2,5.61
2026-09-08 18:00:00,Rotary Calcination Kiln & Precalciner,Pyroprocessing & Clinkerization,98.37,coal,248.51,1863.8,1.0,Shift B (Evening),1445.9,-0.8
2026-09-08 18:00:00,Raw Material Ball Mill #01,Raw Grinding & Homogenization,178.98,none,0.0,1161.0,1.0,Shift B (Evening),83.7,1.0
2026-09-08 18:00:00,Vertical Roller Finish Mill (VRM),Finish Grinding & Separation,202.41,none,0.0,1349.4,1.0,Shift B (Evening),92.5,1.5
2026-09-08 18:00:00,Recuperative Clinker Grate Cooler,Clinker Cooling,70.17,none,0.0,1857.5,1.0,Shift B (Evening),281.9,0.49
2026-09-08 18:00:00,Primary Limestone Gyratory Crusher,Crushing & Quarry Handling,86.14,none,0.0,962.8,1.0,Shift B (Evening),35.2,0.98
2026-09-08 18:00:00,Kiln Exhaust ID Fan & Baghouse Station,Draft & Dust Abatement,208.85,none,0.0,0.0,1.0,Shift B (Evening),162.2,-3.59
2026-09-08 18:00:00,Pneumatic Dense-Phase Conveying Compressor,Pneumatic Conveying Utility,73.17,none,0.0,0.0,1.0,Shift B (Evening),47.4,5.45
2026-09-08 19:00:00,Rotary Calcination Kiln & Precalciner,Pyroprocessing & Clinkerization,97.85,coal,247.2,1854.0,1.0,Shift B (Evening),1450.5,-0.8
2026-09-08 19:00:00,Raw Material Ball Mill #01,Raw Grinding & Homogenization,188.27,none,0.0,1221.2,1.0,Shift B (Evening),83.8,1.0
2026-09-08 19:00:00,Vertical Roller Finish Mill (VRM),Finish Grinding & Separation,204.13,none,0.0,1360.9,1.0,Shift B (Evening),90.6,1.48
2026-09-08 19:00:00,Recuperative Clinker Grate Cooler,Clinker Cooling,68.89,none,0.0,1823.4,1.0,Shift B (Evening),281.1,0.5
2026-09-08 19:00:00,Primary Limestone Gyratory Crusher,Crushing & Quarry Handling,86.28,none,0.0,964.3,1.0,Shift B (Evening),35.3,1.03
2026-09-08 19:00:00,Kiln Exhaust ID Fan & Baghouse Station,Draft & Dust Abatement,211.1,none,0.0,0.0,1.0,Shift B (Evening),162.2,-3.58
2026-09-08 19:00:00,Pneumatic Dense-Phase Conveying Compressor,Pneumatic Conveying Utility,76.22,none,0.0,0.0,1.0,Shift B (Evening),48.3,5.52
2026-09-08 20:00:00,Rotary Calcination Kiln & Precalciner,Pyroprocessing & Clinkerization,94.27,coal,238.17,1786.3,1.0,Shift B (Evening),1452.8,-0.82
2026-09-08 20:00:00,Raw Material Ball Mill #01,Raw Grinding & Homogenization,182.92,none,0.0,1186.5,1.0,Shift B (Evening),84.5,0.98
2026-09-08 20:00:00,Vertical Roller Finish Mill (VRM),Finish Grinding & Separation,203.97,none,0.0,1359.8,1.0,Shift B (Evening),90.3,1.47
2026-09-08 20:00:00,Recuperative Clinker Grate Cooler,Clinker Cooling,67.58,none,0.0,1788.8,1.0,Shift B (Evening),280.2,0.5
2026-09-08 20:00:00,Primary Limestone Gyratory Crusher,Crushing & Quarry Handling,83.46,none,0.0,932.8,1.0,Shift B (Evening),34.4,1.01
2026-09-08 20:00:00,Kiln Exhaust ID Fan & Baghouse Station,Draft & Dust Abatement,206.84,none,0.0,0.0,1.0,Shift B (Evening),156.9,-3.45
2026-09-08 20:00:00,Pneumatic Dense-Phase Conveying Compressor,Pneumatic Conveying Utility,76.78,none,0.0,0.0,1.0,Shift B (Evening),47.8,5.35
2026-09-08 21:00:00,Rotary Calcination Kiln & Precalciner,Pyroprocessing & Clinkerization,95.31,coal,240.79,1805.9,1.0,Shift B (Evening),1425.4,-0.81
2026-09-08 21:00:00,Raw Material Ball Mill #01,Raw Grinding & Homogenization,191.02,none,0.0,1239.1,1.0,Shift B (Evening),84.2,1.02
2026-09-08 21:00:00,Vertical Roller Finish Mill (VRM),Finish Grinding & Separation,210.87,none,0.0,1405.8,1.0,Shift B (Evening),91.0,1.49
2026-09-08 21:00:00,Recuperative Clinker Grate Cooler,Clinker Cooling,67.05,none,0.0,1774.9,1.0,Shift B (Evening),277.5,0.51
2026-09-08 21:00:00,Primary Limestone Gyratory Crusher,Crushing & Quarry Handling,81.8,none,0.0,914.3,1.0,Shift B (Evening),34.9,1.01
2026-09-08 21:00:00,Kiln Exhaust ID Fan & Baghouse Station,Draft & Dust Abatement,211.03,none,0.0,0.0,1.0,Shift B (Evening),161.5,-3.57
2026-09-08 21:00:00,Pneumatic Dense-Phase Conveying Compressor,Pneumatic Conveying Utility,77.47,none,0.0,0.0,1.0,Shift B (Evening),47.1,5.61
2026-09-08 22:00:00,Rotary Calcination Kiln & Precalciner,Pyroprocessing & Clinkerization,96.46,coal,243.69,1827.7,1.0,Shift C (Night),1447.5,-0.79
2026-09-08 22:00:00,Raw Material Ball Mill #01,Raw Grinding & Homogenization,184.0,none,0.0,1193.5,1.0,Shift C (Night),85.2,1.01
2026-09-08 22:00:00,Vertical Roller Finish Mill (VRM),Finish Grinding & Separation,212.31,none,0.0,1415.4,1.0,Shift C (Night),93.5,1.49
2026-09-08 22:00:00,Recuperative Clinker Grate Cooler,Clinker Cooling,68.84,none,0.0,1822.2,1.0,Shift C (Night),279.9,0.49
2026-09-08 22:00:00,Primary Limestone Gyratory Crusher,Crushing & Quarry Handling,88.28,none,0.0,986.7,1.0,Shift C (Night),34.4,0.98
2026-09-08 22:00:00,Kiln Exhaust ID Fan & Baghouse Station,Draft & Dust Abatement,207.86,none,0.0,0.0,1.0,Shift C (Night),156.9,-3.53
2026-09-08 22:00:00,Pneumatic Dense-Phase Conveying Compressor,Pneumatic Conveying Utility,74.73,none,0.0,0.0,1.0,Shift C (Night),48.7,5.55
2026-09-08 23:00:00,Rotary Calcination Kiln & Precalciner,Pyroprocessing & Clinkerization,98.1,coal,247.83,1858.7,1.0,Shift C (Night),1431.4,-0.82
2026-09-08 23:00:00,Raw Material Ball Mill #01,Raw Grinding & Homogenization,187.58,none,0.0,1216.8,1.0,Shift C (Night),85.4,0.99
2026-09-08 23:00:00,Vertical Roller Finish Mill (VRM),Finish Grinding & Separation,208.42,none,0.0,1389.5,1.0,Shift C (Night),91.6,1.46
2026-09-08 23:00:00,Recuperative Clinker Grate Cooler,Clinker Cooling,68.55,none,0.0,1814.5,1.0,Shift C (Night),278.3,0.49
2026-09-08 23:00:00,Primary Limestone Gyratory Crusher,Crushing & Quarry Handling,1.15,none,0.0,0.0,0.0,Shift C (Night),31.4,0.0
2026-09-08 23:00:00,Kiln Exhaust ID Fan & Baghouse Station,Draft & Dust Abatement,202.36,none,0.0,0.0,1.0,Shift C (Night),157.7,-3.6
2026-09-08 23:00:00,Pneumatic Dense-Phase Conveying Compressor,Pneumatic Conveying Utility,34.0,none,0.0,0.0,0.0,Shift C (Night),38.4,4.67
2026-09-09 00:00:00,Rotary Calcination Kiln & Precalciner,Pyroprocessing & Clinkerization,94.77,coal,239.41,1795.6,1.0,Shift C (Night),1438.0,-0.81
2026-09-09 00:00:00,Raw Material Ball Mill #01,Raw Grinding & Homogenization,1.85,none,0.0,0.0,0.0,Shift C (Night),29.3,0.0
2026-09-09 00:00:00,Vertical Roller Finish Mill (VRM),Finish Grinding & Separation,1.87,none,0.0,0.0,0.0,Shift C (Night),28.5,0.0
2026-09-09 00:00:00,Recuperative Clinker Grate Cooler,Clinker Cooling,69.54,none,0.0,1840.7,1.0,Shift C (Night),282.1,0.49
2026-09-09 00:00:00,Primary Limestone Gyratory Crusher,Crushing & Quarry Handling,1.73,none,0.0,0.0,0.0,Shift C (Night),31.8,0.0
2026-09-09 00:00:00,Kiln Exhaust ID Fan & Baghouse Station,Draft & Dust Abatement,199.06,none,0.0,0.0,1.0,Shift C (Night),161.7,-3.48
2026-09-09 00:00:00,Pneumatic Dense-Phase Conveying Compressor,Pneumatic Conveying Utility,35.84,none,0.0,0.0,0.0,Shift C (Night),38.4,4.67
2026-09-09 01:00:00,Rotary Calcination Kiln & Precalciner,Pyroprocessing & Clinkerization,95.31,coal,240.77,1805.8,1.0,Shift C (Night),1446.3,-0.81
2026-09-09 01:00:00,Raw Material Ball Mill #01,Raw Grinding & Homogenization,1.03,none,0.0,0.0,0.0,Shift C (Night),30.1,0.0
2026-09-09 01:00:00,Vertical Roller Finish Mill (VRM),Finish Grinding & Separation,0.98,none,0.0,0.0,0.0,Shift C (Night),31.8,0.0
2026-09-09 01:00:00,Recuperative Clinker Grate Cooler,Clinker Cooling,70.05,none,0.0,1854.2,1.0,Shift C (Night),281.1,0.5
2026-09-09 01:00:00,Primary Limestone Gyratory Crusher,Crushing & Quarry Handling,1.7,none,0.0,0.0,0.0,Shift C (Night),29.7,0.0
2026-09-09 01:00:00,Kiln Exhaust ID Fan & Baghouse Station,Draft & Dust Abatement,208.38,none,0.0,0.0,1.0,Shift C (Night),157.6,-3.47
2026-09-09 01:00:00,Pneumatic Dense-Phase Conveying Compressor,Pneumatic Conveying Utility,32.79,none,0.0,0.0,0.0,Shift C (Night),38.4,4.67
2026-09-09 02:00:00,Rotary Calcination Kiln & Precalciner,Pyroprocessing & Clinkerization,94.98,coal,239.95,1799.7,1.0,Shift C (Night),1449.5,-0.81
2026-09-09 02:00:00,Raw Material Ball Mill #01,Raw Grinding & Homogenization,0.66,none,0.0,0.0,0.0,Shift C (Night),28.3,0.0
2026-09-09 02:00:00,Vertical Roller Finish Mill (VRM),Finish Grinding & Separation,1.11,none,0.0,0.0,0.0,Shift C (Night),31.7,0.0
2026-09-09 02:00:00,Recuperative Clinker Grate Cooler,Clinker Cooling,70.46,none,0.0,1865.1,1.0,Shift C (Night),276.7,0.51
2026-09-09 02:00:00,Primary Limestone Gyratory Crusher,Crushing & Quarry Handling,0.81,none,0.0,0.0,0.0,Shift C (Night),28.6,0.0
2026-09-09 02:00:00,Kiln Exhaust ID Fan & Baghouse Station,Draft & Dust Abatement,200.62,none,0.0,0.0,1.0,Shift C (Night),158.1,-3.43
2026-09-09 02:00:00,Pneumatic Dense-Phase Conveying Compressor,Pneumatic Conveying Utility,36.14,none,0.0,0.0,0.0,Shift C (Night),38.4,4.67
2026-09-09 03:00:00,Rotary Calcination Kiln & Precalciner,Pyroprocessing & Clinkerization,94.17,coal,237.89,1784.2,1.0,Shift C (Night),1423.0,-0.8
2026-09-09 03:00:00,Raw Material Ball Mill #01,Raw Grinding & Homogenization,1.64,none,0.0,0.0,0.0,Shift C (Night),30.1,0.0
2026-09-09 03:00:00,Vertical Roller Finish Mill (VRM),Finish Grinding & Separation,1.47,none,0.0,0.0,0.0,Shift C (Night),30.4,0.0
2026-09-09 03:00:00,Recuperative Clinker Grate Cooler,Clinker Cooling,70.06,none,0.0,1854.5,1.0,Shift C (Night),279.5,0.49
2026-09-09 03:00:00,Primary Limestone Gyratory Crusher,Crushing & Quarry Handling,1.94,none,0.0,0.0,0.0,Shift C (Night),28.2,0.0
2026-09-09 03:00:00,Kiln Exhaust ID Fan & Baghouse Station,Draft & Dust Abatement,210.39,none,0.0,0.0,1.0,Shift C (Night),156.9,-3.47
2026-09-09 03:00:00,Pneumatic Dense-Phase Conveying Compressor,Pneumatic Conveying Utility,35.66,none,0.0,0.0,0.0,Shift C (Night),38.4,4.67
2026-09-09 04:00:00,Rotary Calcination Kiln & Precalciner,Pyroprocessing & Clinkerization,92.93,coal,234.77,1760.8,1.0,Shift C (Night),1432.6,-0.78
2026-09-09 04:00:00,Raw Material Ball Mill #01,Raw Grinding & Homogenization,1.61,none,0.0,0.0,0.0,Shift C (Night),30.1,0.0
2026-09-09 04:00:00,Vertical Roller Finish Mill (VRM),Finish Grinding & Separation,1.12,none,0.0,0.0,0.0,Shift C (Night),29.7,0.0
2026-09-09 04:00:00,Recuperative Clinker Grate Cooler,Clinker Cooling,67.07,none,0.0,1775.4,1.0,Shift C (Night),285.2,0.5
2026-09-09 04:00:00,Primary Limestone Gyratory Crusher,Crushing & Quarry Handling,1.0,none,0.0,0.0,0.0,Shift C (Night),28.6,0.0
2026-09-09 04:00:00,Kiln Exhaust ID Fan & Baghouse Station,Draft & Dust Abatement,200.12,none,0.0,0.0,1.0,Shift C (Night),161.4,-3.54
2026-09-09 04:00:00,Pneumatic Dense-Phase Conveying Compressor,Pneumatic Conveying Utility,32.03,none,0.0,0.0,0.0,Shift C (Night),38.4,4.67
2026-09-09 05:00:00,Rotary Calcination Kiln & Precalciner,Pyroprocessing & Clinkerization,91.85,coal,232.04,1740.3,1.0,Shift C (Night),1429.5,-0.82
2026-09-09 05:00:00,Raw Material Ball Mill #01,Raw Grinding & Homogenization,0.98,none,0.0,0.0,0.0,Shift C (Night),29.0,0.0
2026-09-09 05:00:00,Vertical Roller Finish Mill (VRM),Finish Grinding & Separation,1.64,none,0.0,0.0,0.0,Shift C (Night),30.9,0.0
2026-09-09 05:00:00,Recuperative Clinker Grate Cooler,Clinker Cooling,69.59,none,0.0,1842.2,1.0,Shift C (Night),277.5,0.51
2026-09-09 05:00:00,Primary Limestone Gyratory Crusher,Crushing & Quarry Handling,1.72,none,0.0,0.0,0.0,Shift C (Night),29.1,0.0
2026-09-09 05:00:00,Kiln Exhaust ID Fan & Baghouse Station,Draft & Dust Abatement,198.18,none,0.0,0.0,1.0,Shift C (Night),162.6,-3.59
2026-09-09 05:00:00,Pneumatic Dense-Phase Conveying Compressor,Pneumatic Conveying Utility,34.43,none,0.0,0.0,0.0,Shift C (Night),38.4,4.67
2026-09-09 06:00:00,Rotary Calcination Kiln & Precalciner,Pyroprocessing & Clinkerization,92.89,coal,234.67,1760.0,1.0,Shift A (Morning),1461.3,-0.81
2026-09-09 06:00:00,Raw Material Ball Mill #01,Raw Grinding & Homogenization,180.51,none,0.0,1170.9,1.0,Shift A (Morning),86.2,1.0
2026-09-09 06:00:00,Vertical Roller Finish Mill (VRM),Finish Grinding & Separation,215.62,none,0.0,1437.5,1.0,Shift A (Morning),92.3,1.5
2026-09-09 06:00:00,Recuperative Clinker Grate Cooler,Clinker Cooling,69.03,none,0.0,1827.2,1.0,Shift A (Morning),277.8,0.51
2026-09-09 06:00:00,Primary Limestone Gyratory Crusher,Crushing & Quarry Handling,82.26,none,0.0,919.3,1.0,Shift A (Morning),34.5,1.03
2026-09-09 06:00:00,Kiln Exhaust ID Fan & Baghouse Station,Draft & Dust Abatement,200.09,none,0.0,0.0,1.0,Shift A (Morning),157.4,-3.5
2026-09-09 06:00:00,Pneumatic Dense-Phase Conveying Compressor,Pneumatic Conveying Utility,77.64,none,0.0,0.0,1.0,Shift A (Morning),48.7,5.63
2026-09-09 07:00:00,Rotary Calcination Kiln & Precalciner,Pyroprocessing & Clinkerization,95.13,coal,240.33,1802.5,1.0,Shift A (Morning),1450.1,-0.81
2026-09-09 07:00:00,Raw Material Ball Mill #01,Raw Grinding & Homogenization,191.81,none,0.0,1244.2,1.0,Shift A (Morning),86.0,1.0
2026-09-09 07:00:00,Vertical Roller Finish Mill (VRM),Finish Grinding & Separation,204.13,none,0.0,1360.9,1.0,Shift A (Morning),91.3,1.54
2026-09-09 07:00:00,Recuperative Clinker Grate Cooler,Clinker Cooling,67.15,none,0.0,1777.5,1.0,Shift A (Morning),279.6,0.51
2026-09-09 07:00:00,Primary Limestone Gyratory Crusher,Crushing & Quarry Handling,86.73,none,0.0,969.4,1.0,Shift A (Morning),34.9,0.98
2026-09-09 07:00:00,Kiln Exhaust ID Fan & Baghouse Station,Draft & Dust Abatement,203.15,none,0.0,0.0,1.0,Shift A (Morning),160.0,-3.49
2026-09-09 07:00:00,Pneumatic Dense-Phase Conveying Compressor,Pneumatic Conveying Utility,73.69,none,0.0,0.0,1.0,Shift A (Morning),48.9,5.45
2026-09-09 08:00:00,Rotary Calcination Kiln & Precalciner,Pyroprocessing & Clinkerization,92.17,coal,232.85,1746.4,1.0,Shift A (Morning),1433.4,-0.81
2026-09-09 08:00:00,Raw Material Ball Mill #01,Raw Grinding & Homogenization,185.03,none,0.0,1200.2,1.0,Shift A (Morning),86.5,0.98
2026-09-09 08:00:00,Vertical Roller Finish Mill (VRM),Finish Grinding & Separation,214.18,none,0.0,1427.9,1.0,Shift A (Morning),93.8,1.53
2026-09-09 08:00:00,Recuperative Clinker Grate Cooler,Clinker Cooling,66.09,none,0.0,1749.5,1.0,Shift A (Morning),277.9,0.51
2026-09-09 08:00:00,Primary Limestone Gyratory Crusher,Crushing & Quarry Handling,82.47,none,0.0,921.7,1.0,Shift A (Morning),34.8,0.99
2026-09-09 08:00:00,Kiln Exhaust ID Fan & Baghouse Station,Draft & Dust Abatement,198.77,none,0.0,0.0,1.0,Shift A (Morning),159.8,-3.51
2026-09-09 08:00:00,Pneumatic Dense-Phase Conveying Compressor,Pneumatic Conveying Utility,75.34,none,0.0,0.0,1.0,Shift A (Morning),47.4,5.34
2026-09-09 09:00:00,Rotary Calcination Kiln & Precalciner,Pyroprocessing & Clinkerization,91.55,coal,231.28,1734.6,1.0,Shift A (Morning),1435.5,-0.79
2026-09-09 09:00:00,Raw Material Ball Mill #01,Raw Grinding & Homogenization,181.01,none,0.0,1174.1,1.0,Shift A (Morning),85.8,0.98
2026-09-09 09:00:00,Vertical Roller Finish Mill (VRM),Finish Grinding & Separation,217.76,none,0.0,1451.8,1.0,Shift A (Morning),90.7,1.54
2026-09-09 09:00:00,Recuperative Clinker Grate Cooler,Clinker Cooling,67.68,none,0.0,1791.6,1.0,Shift A (Morning),279.7,0.5
2026-09-09 09:00:00,Primary Limestone Gyratory Crusher,Crushing & Quarry Handling,84.18,none,0.0,940.8,1.0,Shift A (Morning),34.4,0.98
2026-09-09 09:00:00,Kiln Exhaust ID Fan & Baghouse Station,Draft & Dust Abatement,206.65,none,0.0,0.0,1.0,Shift A (Morning),160.0,-3.46
2026-09-09 09:00:00,Pneumatic Dense-Phase Conveying Compressor,Pneumatic Conveying Utility,76.18,none,0.0,0.0,1.0,Shift A (Morning),48.0,5.36
2026-09-09 10:00:00,Rotary Calcination Kiln & Precalciner,Pyroprocessing & Clinkerization,96.25,coal,243.17,1823.8,1.0,Shift A (Morning),1424.2,-0.8
2026-09-09 10:00:00,Raw Material Ball Mill #01,Raw Grinding & Homogenization,180.67,none,0.0,1171.9,1.0,Shift A (Morning),85.6,1.02
2026-09-09 10:00:00,Vertical Roller Finish Mill (VRM),Finish Grinding & Separation,213.64,none,0.0,1424.3,1.0,Shift A (Morning),91.6,1.49
2026-09-09 10:00:00,Recuperative Clinker Grate Cooler,Clinker Cooling,66.31,none,0.0,1755.3,1.0,Shift A (Morning),278.6,0.51
2026-09-09 10:00:00,Primary Limestone Gyratory Crusher,Crushing & Quarry Handling,82.53,none,0.0,922.4,1.0,Shift A (Morning),34.5,1.01
2026-09-09 10:00:00,Kiln Exhaust ID Fan & Baghouse Station,Draft & Dust Abatement,198.23,none,0.0,0.0,1.0,Shift A (Morning),162.2,-3.54
2026-09-09 10:00:00,Pneumatic Dense-Phase Conveying Compressor,Pneumatic Conveying Utility,77.64,none,0.0,0.0,1.0,Shift A (Morning),47.5,5.65
2026-09-09 11:00:00,Rotary Calcination Kiln & Precalciner,Pyroprocessing & Clinkerization,92.87,coal,234.62,1759.7,1.0,Shift A (Morning),1457.9,-0.78
2026-09-09 11:00:00,Raw Material Ball Mill #01,Raw Grinding & Homogenization,189.52,none,0.0,1229.3,1.0,Shift A (Morning),83.6,1.03
2026-09-09 11:00:00,Vertical Roller Finish Mill (VRM),Finish Grinding & Separation,207.57,none,0.0,1383.8,1.0,Shift A (Morning),92.3,1.53
2026-09-09 11:00:00,Recuperative Clinker Grate Cooler,Clinker Cooling,67.36,none,0.0,1783.0,1.0,Shift A (Morning),277.8,0.51
2026-09-09 11:00:00,Primary Limestone Gyratory Crusher,Crushing & Quarry Handling,83.72,none,0.0,935.7,1.0,Shift A (Morning),35.6,0.98
2026-09-09 11:00:00,Kiln Exhaust ID Fan & Baghouse Station,Draft & Dust Abatement,207.46,none,0.0,0.0,1.0,Shift A (Morning),160.7,-3.5
2026-09-09 11:00:00,Pneumatic Dense-Phase Conveying Compressor,Pneumatic Conveying Utility,76.86,none,0.0,0.0,1.0,Shift A (Morning),48.4,5.45
2026-09-09 12:00:00,Rotary Calcination Kiln & Precalciner,Pyroprocessing & Clinkerization,92.93,coal,234.76,1760.7,1.0,Shift A (Morning),1435.1,-0.79
2026-09-09 12:00:00,Raw Material Ball Mill #01,Raw Grinding & Homogenization,186.19,none,0.0,1207.7,1.0,Shift A (Morning),84.8,1.01
2026-09-09 12:00:00,Vertical Roller Finish Mill (VRM),Finish Grinding & Separation,215.75,none,0.0,1438.3,1.0,Shift A (Morning),91.9,1.46
2026-09-09 12:00:00,Recuperative Clinker Grate Cooler,Clinker Cooling,69.36,none,0.0,1836.0,1.0,Shift A (Morning),282.8,0.51
2026-09-09 12:00:00,Primary Limestone Gyratory Crusher,Crushing & Quarry Handling,83.66,none,0.0,935.0,1.0,Shift A (Morning),34.7,1.01
2026-09-09 12:00:00,Kiln Exhaust ID Fan & Baghouse Station,Draft & Dust Abatement,205.84,none,0.0,0.0,1.0,Shift A (Morning),161.5,-3.51
2026-09-09 12:00:00,Pneumatic Dense-Phase Conveying Compressor,Pneumatic Conveying Utility,74.14,none,0.0,0.0,1.0,Shift A (Morning),48.1,5.47
2026-09-09 13:00:00,Rotary Calcination Kiln & Precalciner,Pyroprocessing & Clinkerization,91.72,coal,231.72,1737.9,1.0,Shift A (Morning),1451.8,-0.8
2026-09-09 13:00:00,Raw Material Ball Mill #01,Raw Grinding & Homogenization,190.0,none,0.0,1232.4,1.0,Shift A (Morning),84.9,0.99
2026-09-09 13:00:00,Vertical Roller Finish Mill (VRM),Finish Grinding & Separation,217.53,none,0.0,1450.2,1.0,Shift A (Morning),93.8,1.53
2026-09-09 13:00:00,Recuperative Clinker Grate Cooler,Clinker Cooling,65.99,none,0.0,1746.8,1.0,Shift A (Morning),278.5,0.5
2026-09-09 13:00:00,Primary Limestone Gyratory Crusher,Crushing & Quarry Handling,84.99,none,0.0,949.9,1.0,Shift A (Morning),34.7,1.0
2026-09-09 13:00:00,Kiln Exhaust ID Fan & Baghouse Station,Draft & Dust Abatement,213.77,none,0.0,0.0,1.0,Shift A (Morning),158.2,-3.42
2026-09-09 13:00:00,Pneumatic Dense-Phase Conveying Compressor,Pneumatic Conveying Utility,77.42,none,0.0,0.0,1.0,Shift A (Morning),48.2,5.35
2026-09-09 14:00:00,Rotary Calcination Kiln & Precalciner,Pyroprocessing & Clinkerization,98.19,coal,248.06,1860.5,1.0,Shift B (Evening),1433.4,-0.78
2026-09-09 14:00:00,Raw Material Ball Mill #01,Raw Grinding & Homogenization,180.36,none,0.0,1169.9,1.0,Shift B (Evening),86.3,0.99
2026-09-09 14:00:00,Vertical Roller Finish Mill (VRM),Finish Grinding & Separation,210.95,none,0.0,1406.4,1.0,Shift B (Evening),93.6,1.49
2026-09-09 14:00:00,Recuperative Clinker Grate Cooler,Clinker Cooling,66.86,none,0.0,1769.7,1.0,Shift B (Evening),276.7,0.49
2026-09-09 14:00:00,Primary Limestone Gyratory Crusher,Crushing & Quarry Handling,83.72,none,0.0,935.7,1.0,Shift B (Evening),35.6,1.01
2026-09-09 14:00:00,Kiln Exhaust ID Fan & Baghouse Station,Draft & Dust Abatement,212.55,none,0.0,0.0,1.0,Shift B (Evening),158.2,-3.48
2026-09-09 14:00:00,Pneumatic Dense-Phase Conveying Compressor,Pneumatic Conveying Utility,74.78,none,0.0,0.0,1.0,Shift B (Evening),47.9,5.57
2026-09-09 15:00:00,Rotary Calcination Kiln & Precalciner,Pyroprocessing & Clinkerization,94.97,coal,239.93,1799.5,1.0,Shift B (Evening),1421.4,-0.78
2026-09-09 15:00:00,Raw Material Ball Mill #01,Raw Grinding & Homogenization,183.56,none,0.0,1190.7,1.0,Shift B (Evening),84.7,1.03
2026-09-09 15:00:00,Vertical Roller Finish Mill (VRM),Finish Grinding & Separation,214.41,none,0.0,1429.4,1.0,Shift B (Evening),91.6,1.46
2026-09-09 15:00:00,Recuperative Clinker Grate Cooler,Clinker Cooling,70.54,none,0.0,1867.2,1.0,Shift B (Evening),278.6,0.51
2026-09-09 15:00:00,Primary Limestone Gyratory Crusher,Crushing & Quarry Handling,82.7,none,0.0,924.3,1.0,Shift B (Evening),35.7,1.02
2026-09-09 15:00:00,Kiln Exhaust ID Fan & Baghouse Station,Draft & Dust Abatement,199.64,none,0.0,0.0,1.0,Shift B (Evening),163.0,-3.56
2026-09-09 15:00:00,Pneumatic Dense-Phase Conveying Compressor,Pneumatic Conveying Utility,75.87,none,0.0,0.0,1.0,Shift B (Evening),47.3,5.53
2026-09-09 16:00:00,Rotary Calcination Kiln & Precalciner,Pyroprocessing & Clinkerization,98.25,coal,248.22,1861.6,1.0,Shift B (Evening),1470.8,-0.8
2026-09-09 16:00:00,Raw Material Ball Mill #01,Raw Grinding & Homogenization,190.41,none,0.0,1235.1,1.0,Shift B (Evening),85.1,1.0
2026-09-09 16:00:00,Vertical Roller Finish Mill (VRM),Finish Grinding & Separation,214.87,none,0.0,1432.5,1.0,Shift B (Evening),93.0,1.47
2026-09-09 16:00:00,Recuperative Clinker Grate Cooler,Clinker Cooling,66.7,none,0.0,1765.6,1.0,Shift B (Evening),283.3,0.5
2026-09-09 16:00:00,Primary Limestone Gyratory Crusher,Crushing & Quarry Handling,82.94,none,0.0,927.0,1.0,Shift B (Evening),34.3,0.99
2026-09-09 16:00:00,Kiln Exhaust ID Fan & Baghouse Station,Draft & Dust Abatement,210.5,none,0.0,0.0,1.0,Shift B (Evening),160.9,-3.6
2026-09-09 16:00:00,Pneumatic Dense-Phase Conveying Compressor,Pneumatic Conveying Utility,74.59,none,0.0,0.0,1.0,Shift B (Evening),47.4,5.59
2026-09-09 17:00:00,Rotary Calcination Kiln & Precalciner,Pyroprocessing & Clinkerization,98.04,coal,247.68,1857.6,1.0,Shift B (Evening),1444.3,-0.82
2026-09-09 17:00:00,Raw Material Ball Mill #01,Raw Grinding & Homogenization,178.08,none,0.0,1155.1,1.0,Shift B (Evening),84.2,0.99
2026-09-09 17:00:00,Vertical Roller Finish Mill (VRM),Finish Grinding & Separation,205.49,none,0.0,1369.9,1.0,Shift B (Evening),90.8,1.48
2026-09-09 17:00:00,Recuperative Clinker Grate Cooler,Clinker Cooling,70.25,none,0.0,1859.6,1.0,Shift B (Evening),276.7,0.5
2026-09-09 17:00:00,Primary Limestone Gyratory Crusher,Crushing & Quarry Handling,87.12,none,0.0,973.7,1.0,Shift B (Evening),34.7,1.02
2026-09-09 17:00:00,Kiln Exhaust ID Fan & Baghouse Station,Draft & Dust Abatement,206.92,none,0.0,0.0,1.0,Shift B (Evening),157.5,-3.5
2026-09-09 17:00:00,Pneumatic Dense-Phase Conveying Compressor,Pneumatic Conveying Utility,73.86,none,0.0,0.0,1.0,Shift B (Evening),48.7,5.48
2026-09-09 18:00:00,Rotary Calcination Kiln & Precalciner,Pyroprocessing & Clinkerization,91.95,coal,232.28,1742.1,1.0,Shift B (Evening),1477.1,-0.78
2026-09-09 18:00:00,Raw Material Ball Mill #01,Raw Grinding & Homogenization,178.03,none,0.0,1154.8,1.0,Shift B (Evening),84.6,0.98
2026-09-09 18:00:00,Vertical Roller Finish Mill (VRM),Finish Grinding & Separation,210.96,none,0.0,1406.4,1.0,Shift B (Evening),90.5,1.52
2026-09-09 18:00:00,Recuperative Clinker Grate Cooler,Clinker Cooling,65.38,none,0.0,1730.7,1.0,Shift B (Evening),280.7,0.51
2026-09-09 18:00:00,Primary Limestone Gyratory Crusher,Crushing & Quarry Handling,83.13,none,0.0,929.1,1.0,Shift B (Evening),34.8,1.01
2026-09-09 18:00:00,Kiln Exhaust ID Fan & Baghouse Station,Draft & Dust Abatement,206.38,none,0.0,0.0,1.0,Shift B (Evening),157.3,-3.48
2026-09-09 18:00:00,Pneumatic Dense-Phase Conveying Compressor,Pneumatic Conveying Utility,74.03,none,0.0,0.0,1.0,Shift B (Evening),47.7,5.45
2026-09-09 19:00:00,Rotary Calcination Kiln & Precalciner,Pyroprocessing & Clinkerization,98.68,coal,249.31,1869.8,1.0,Shift B (Evening),1453.0,-0.81
2026-09-09 19:00:00,Raw Material Ball Mill #01,Raw Grinding & Homogenization,183.11,none,0.0,1187.7,1.0,Shift B (Evening),86.5,0.98
2026-09-09 19:00:00,Vertical Roller Finish Mill (VRM),Finish Grinding & Separation,212.06,none,0.0,1413.7,1.0,Shift B (Evening),92.0,1.52
2026-09-09 19:00:00,Recuperative Clinker Grate Cooler,Clinker Cooling,70.29,none,0.0,1860.7,1.0,Shift B (Evening),276.7,0.51
2026-09-09 19:00:00,Primary Limestone Gyratory Crusher,Crushing & Quarry Handling,82.92,none,0.0,926.7,1.0,Shift B (Evening),35.3,0.99
2026-09-09 19:00:00,Kiln Exhaust ID Fan & Baghouse Station,Draft & Dust Abatement,205.84,none,0.0,0.0,1.0,Shift B (Evening),159.9,-3.49
2026-09-09 19:00:00,Pneumatic Dense-Phase Conveying Compressor,Pneumatic Conveying Utility,75.12,none,0.0,0.0,1.0,Shift B (Evening),48.0,5.46
2026-09-09 20:00:00,Rotary Calcination Kiln & Precalciner,Pyroprocessing & Clinkerization,92.79,coal,234.42,1758.2,1.0,Shift B (Evening),1466.7,-0.8
2026-09-09 20:00:00,Raw Material Ball Mill #01,Raw Grinding & Homogenization,180.69,none,0.0,1172.0,1.0,Shift B (Evening),85.9,0.98
2026-09-09 20:00:00,Vertical Roller Finish Mill (VRM),Finish Grinding & Separation,205.91,none,0.0,1372.8,1.0,Shift B (Evening),92.4,1.51
2026-09-09 20:00:00,Recuperative Clinker Grate Cooler,Clinker Cooling,66.48,none,0.0,1759.7,1.0,Shift B (Evening),283.5,0.5
2026-09-09 20:00:00,Primary Limestone Gyratory Crusher,Crushing & Quarry Handling,88.13,none,0.0,985.0,1.0,Shift B (Evening),35.2,1.02
2026-09-09 20:00:00,Kiln Exhaust ID Fan & Baghouse Station,Draft & Dust Abatement,200.62,none,0.0,0.0,1.0,Shift B (Evening),161.8,-3.57
2026-09-09 20:00:00,Pneumatic Dense-Phase Conveying Compressor,Pneumatic Conveying Utility,73.15,none,0.0,0.0,1.0,Shift B (Evening),48.2,5.34
2026-09-09 21:00:00,Rotary Calcination Kiln & Precalciner,Pyroprocessing & Clinkerization,97.37,coal,245.98,1844.8,1.0,Shift B (Evening),1470.3,-0.78
2026-09-09 21:00:00,Raw Material Ball Mill #01,Raw Grinding & Homogenization,190.42,none,0.0,1235.1,1.0,Shift B (Evening),83.4,0.97
2026-09-09 21:00:00,Vertical Roller Finish Mill (VRM),Finish Grinding & Separation,205.36,none,0.0,1369.1,1.0,Shift B (Evening),90.6,1.48
2026-09-09 21:00:00,Recuperative Clinker Grate Cooler,Clinker Cooling,70.54,none,0.0,1867.3,1.0,Shift B (Evening),277.8,0.49
2026-09-09 21:00:00,Primary Limestone Gyratory Crusher,Crushing & Quarry Handling,82.95,none,0.0,927.1,1.0,Shift B (Evening),35.7,1.0
2026-09-09 21:00:00,Kiln Exhaust ID Fan & Baghouse Station,Draft & Dust Abatement,200.23,none,0.0,0.0,1.0,Shift B (Evening),157.3,-3.6
2026-09-09 21:00:00,Pneumatic Dense-Phase Conveying Compressor,Pneumatic Conveying Utility,75.62,none,0.0,0.0,1.0,Shift B (Evening),47.2,5.62
2026-09-09 22:00:00,Rotary Calcination Kiln & Precalciner,Pyroprocessing & Clinkerization,95.19,coal,240.47,1803.5,1.0,Shift C (Night),1443.8,-0.81
2026-09-09 22:00:00,Raw Material Ball Mill #01,Raw Grinding & Homogenization,183.29,none,0.0,1188.9,1.0,Shift C (Night),86.1,1.02
2026-09-09 22:00:00,Vertical Roller Finish Mill (VRM),Finish Grinding & Separation,215.47,none,0.0,1436.5,1.0,Shift C (Night),92.8,1.46
2026-09-09 22:00:00,Recuperative Clinker Grate Cooler,Clinker Cooling,69.85,none,0.0,1848.9,1.0,Shift C (Night),285.4,0.5
2026-09-09 22:00:00,Primary Limestone Gyratory Crusher,Crushing & Quarry Handling,85.48,none,0.0,955.4,1.0,Shift C (Night),34.4,1.03
2026-09-09 22:00:00,Kiln Exhaust ID Fan & Baghouse Station,Draft & Dust Abatement,205.59,none,0.0,0.0,1.0,Shift C (Night),160.2,-3.59
2026-09-09 22:00:00,Pneumatic Dense-Phase Conveying Compressor,Pneumatic Conveying Utility,74.29,none,0.0,0.0,1.0,Shift C (Night),48.2,5.52
2026-09-09 23:00:00,Rotary Calcination Kiln & Precalciner,Pyroprocessing & Clinkerization,94.71,coal,239.27,1794.5,1.0,Shift C (Night),1434.4,-0.8
2026-09-09 23:00:00,Raw Material Ball Mill #01,Raw Grinding & Homogenization,192.07,none,0.0,1245.9,1.0,Shift C (Night),85.3,0.99
2026-09-09 23:00:00,Vertical Roller Finish Mill (VRM),Finish Grinding & Separation,202.36,none,0.0,1349.0,1.0,Shift C (Night),90.8,1.47
2026-09-09 23:00:00,Recuperative Clinker Grate Cooler,Clinker Cooling,66.27,none,0.0,1754.1,1.0,Shift C (Night),277.8,0.51
2026-09-09 23:00:00,Primary Limestone Gyratory Crusher,Crushing & Quarry Handling,0.68,none,0.0,0.0,0.0,Shift C (Night),30.0,0.0
2026-09-09 23:00:00,Kiln Exhaust ID Fan & Baghouse Station,Draft & Dust Abatement,204.04,none,0.0,0.0,1.0,Shift C (Night),160.4,-3.6
2026-09-09 23:00:00,Pneumatic Dense-Phase Conveying Compressor,Pneumatic Conveying Utility,36.48,none,0.0,0.0,0.0,Shift C (Night),38.4,4.67
2026-09-10 00:00:00,Rotary Calcination Kiln & Precalciner,Pyroprocessing & Clinkerization,98.12,coal,247.89,1859.2,1.0,Shift C (Night),1457.0,-0.8
2026-09-10 00:00:00,Raw Material Ball Mill #01,Raw Grinding & Homogenization,1.53,none,0.0,0.0,0.0,Shift C (Night),31.0,0.0
2026-09-10 00:00:00,Vertical Roller Finish Mill (VRM),Finish Grinding & Separation,1.11,none,0.0,0.0,0.0,Shift C (Night),31.7,0.0
2026-09-10 00:00:00,Recuperative Clinker Grate Cooler,Clinker Cooling,67.69,none,0.0,1791.9,1.0,Shift C (Night),276.6,0.51
2026-09-10 00:00:00,Primary Limestone Gyratory Crusher,Crushing & Quarry Handling,1.28,none,0.0,0.0,0.0,Shift C (Night),28.0,0.0
2026-09-10 00:00:00,Kiln Exhaust ID Fan & Baghouse Station,Draft & Dust Abatement,140.54,none,0.0,0.0,1.0,Shift C (Night),158.9,-3.54
2026-09-10 00:00:00,Pneumatic Dense-Phase Conveying Compressor,Pneumatic Conveying Utility,32.48,none,0.0,0.0,0.0,Shift C (Night),38.4,4.67
2026-09-10 01:00:00,Rotary Calcination Kiln & Precalciner,Pyroprocessing & Clinkerization,98.53,coal,248.93,1867.0,1.0,Shift C (Night),1460.2,-0.79
2026-09-10 01:00:00,Raw Material Ball Mill #01,Raw Grinding & Homogenization,1.73,none,0.0,0.0,0.0,Shift C (Night),30.9,0.0
2026-09-10 01:00:00,Vertical Roller Finish Mill (VRM),Finish Grinding & Separation,1.79,none,0.0,0.0,0.0,Shift C (Night),28.0,0.0
2026-09-10 01:00:00,Recuperative Clinker Grate Cooler,Clinker Cooling,70.54,none,0.0,1867.2,1.0,Shift C (Night),279.1,0.5
2026-09-10 01:00:00,Primary Limestone Gyratory Crusher,Crushing & Quarry Handling,1.31,none,0.0,0.0,0.0,Shift C (Night),30.8,0.0
2026-09-10 01:00:00,Kiln Exhaust ID Fan & Baghouse Station,Draft & Dust Abatement,149.26,none,0.0,0.0,1.0,Shift C (Night),161.2,-3.48
2026-09-10 01:00:00,Pneumatic Dense-Phase Conveying Compressor,Pneumatic Conveying Utility,32.31,none,0.0,0.0,0.0,Shift C (Night),38.4,4.67
2026-09-10 02:00:00,Rotary Calcination Kiln & Precalciner,Pyroprocessing & Clinkerization,98.25,coal,248.22,1861.6,1.0,Shift C (Night),1451.4,-0.81
2026-09-10 02:00:00,Raw Material Ball Mill #01,Raw Grinding & Homogenization,1.26,none,0.0,0.0,0.0,Shift C (Night),31.8,0.0
2026-09-10 02:00:00,Vertical Roller Finish Mill (VRM),Finish Grinding & Separation,1.3,none,0.0,0.0,0.0,Shift C (Night),31.9,0.0
2026-09-10 02:00:00,Recuperative Clinker Grate Cooler,Clinker Cooling,67.88,none,0.0,1797.0,1.0,Shift C (Night),283.7,0.51
2026-09-10 02:00:00,Primary Limestone Gyratory Crusher,Crushing & Quarry Handling,1.43,none,0.0,0.0,0.0,Shift C (Night),31.3,0.0
2026-09-10 02:00:00,Kiln Exhaust ID Fan & Baghouse Station,Draft & Dust Abatement,150.21,none,0.0,0.0,1.0,Shift C (Night),162.7,-3.6
2026-09-10 02:00:00,Pneumatic Dense-Phase Conveying Compressor,Pneumatic Conveying Utility,34.05,none,0.0,0.0,0.0,Shift C (Night),38.4,4.67
2026-09-10 03:00:00,Rotary Calcination Kiln & Precalciner,Pyroprocessing & Clinkerization,93.26,coal,235.61,1767.1,1.0,Shift C (Night),1449.8,-0.78
2026-09-10 03:00:00,Raw Material Ball Mill #01,Raw Grinding & Homogenization,0.88,none,0.0,0.0,0.0,Shift C (Night),30.0,0.0
2026-09-10 03:00:00,Vertical Roller Finish Mill (VRM),Finish Grinding & Separation,1.78,none,0.0,0.0,0.0,Shift C (Night),30.6,0.0
2026-09-10 03:00:00,Recuperative Clinker Grate Cooler,Clinker Cooling,70.09,none,0.0,1855.4,1.0,Shift C (Night),283.0,0.5
2026-09-10 03:00:00,Primary Limestone Gyratory Crusher,Crushing & Quarry Handling,1.15,none,0.0,0.0,0.0,Shift C (Night),31.5,0.0
2026-09-10 03:00:00,Kiln Exhaust ID Fan & Baghouse Station,Draft & Dust Abatement,142.26,none,0.0,0.0,1.0,Shift C (Night),158.9,-3.49
2026-09-10 03:00:00,Pneumatic Dense-Phase Conveying Compressor,Pneumatic Conveying Utility,35.71,none,0.0,0.0,0.0,Shift C (Night),38.4,4.67
2026-09-10 04:00:00,Rotary Calcination Kiln & Precalciner,Pyroprocessing & Clinkerization,94.13,coal,237.79,1783.4,1.0,Shift C (Night),1436.0,-0.8
2026-09-10 04:00:00,Raw Material Ball Mill #01,Raw Grinding & Homogenization,0.97,none,0.0,0.0,0.0,Shift C (Night),29.8,0.0
2026-09-10 04:00:00,Vertical Roller Finish Mill (VRM),Finish Grinding & Separation,0.71,none,0.0,0.0,0.0,Shift C (Night),29.4,0.0
2026-09-10 04:00:00,Recuperative Clinker Grate Cooler,Clinker Cooling,68.7,none,0.0,1818.5,1.0,Shift C (Night),282.7,0.49
2026-09-10 04:00:00,Primary Limestone Gyratory Crusher,Crushing & Quarry Handling,1.22,none,0.0,0.0,0.0,Shift C (Night),29.0,0.0
2026-09-10 04:00:00,Kiln Exhaust ID Fan & Baghouse Station,Draft & Dust Abatement,142.91,none,0.0,0.0,1.0,Shift C (Night),157.0,-3.53
2026-09-10 04:00:00,Pneumatic Dense-Phase Conveying Compressor,Pneumatic Conveying Utility,33.27,none,0.0,0.0,0.0,Shift C (Night),38.4,4.67
2026-09-10 05:00:00,Rotary Calcination Kiln & Precalciner,Pyroprocessing & Clinkerization,97.09,coal,245.27,1839.6,1.0,Shift C (Night),1435.0,-0.8
2026-09-10 05:00:00,Raw Material Ball Mill #01,Raw Grinding & Homogenization,1.44,none,0.0,0.0,0.0,Shift C (Night),28.0,0.0
2026-09-10 05:00:00,Vertical Roller Finish Mill (VRM),Finish Grinding & Separation,1.61,none,0.0,0.0,0.0,Shift C (Night),30.7,0.0
2026-09-10 05:00:00,Recuperative Clinker Grate Cooler,Clinker Cooling,69.35,none,0.0,1835.7,1.0,Shift C (Night),281.2,0.49
2026-09-10 05:00:00,Primary Limestone Gyratory Crusher,Crushing & Quarry Handling,0.92,none,0.0,0.0,0.0,Shift C (Night),30.5,0.0
2026-09-10 05:00:00,Kiln Exhaust ID Fan & Baghouse Station,Draft & Dust Abatement,143.06,none,0.0,0.0,1.0,Shift C (Night),157.0,-3.49
2026-09-10 05:00:00,Pneumatic Dense-Phase Conveying Compressor,Pneumatic Conveying Utility,36.07,none,0.0,0.0,0.0,Shift C (Night),38.4,4.67
2026-09-10 06:00:00,Rotary Calcination Kiln & Precalciner,Pyroprocessing & Clinkerization,93.33,coal,235.77,1768.3,1.0,Shift A (Morning),1471.3,-0.78
2026-09-10 06:00:00,Raw Material Ball Mill #01,Raw Grinding & Homogenization,191.92,none,0.0,1244.9,1.0,Shift A (Morning),85.1,0.99
2026-09-10 06:00:00,Vertical Roller Finish Mill (VRM),Finish Grinding & Separation,210.54,none,0.0,1403.6,1.0,Shift A (Morning),90.9,1.5
2026-09-10 06:00:00,Recuperative Clinker Grate Cooler,Clinker Cooling,70.31,none,0.0,1861.2,1.0,Shift A (Morning),280.9,0.49
2026-09-10 06:00:00,Primary Limestone Gyratory Crusher,Crushing & Quarry Handling,85.73,none,0.0,958.1,1.0,Shift A (Morning),34.6,1.01
2026-09-10 06:00:00,Kiln Exhaust ID Fan & Baghouse Station,Draft & Dust Abatement,142.71,none,0.0,0.0,1.0,Shift A (Morning),161.5,-3.4
2026-09-10 06:00:00,Pneumatic Dense-Phase Conveying Compressor,Pneumatic Conveying Utility,77.51,none,0.0,0.0,1.0,Shift A (Morning),48.6,5.34
2026-09-10 07:00:00,Rotary Calcination Kiln & Precalciner,Pyroprocessing & Clinkerization,92.88,coal,234.65,1759.9,1.0,Shift A (Morning),1433.1,-0.82
2026-09-10 07:00:00,Raw Material Ball Mill #01,Raw Grinding & Homogenization,190.56,none,0.0,1236.0,1.0,Shift A (Morning),83.6,0.97
2026-09-10 07:00:00,Vertical Roller Finish Mill (VRM),Finish Grinding & Separation,216.38,none,0.0,1442.6,1.0,Shift A (Morning),91.0,1.53
2026-09-10 07:00:00,Recuperative Clinker Grate Cooler,Clinker Cooling,69.12,none,0.0,1829.7,1.0,Shift A (Morning),283.8,0.49
2026-09-10 07:00:00,Primary Limestone Gyratory Crusher,Crushing & Quarry Handling,81.91,none,0.0,915.5,1.0,Shift A (Morning),35.3,0.98
2026-09-10 07:00:00,Kiln Exhaust ID Fan & Baghouse Station,Draft & Dust Abatement,143.39,none,0.0,0.0,1.0,Shift A (Morning),158.3,-3.51
2026-09-10 07:00:00,Pneumatic Dense-Phase Conveying Compressor,Pneumatic Conveying Utility,75.79,none,0.0,0.0,1.0,Shift A (Morning),47.9,5.4
2026-09-10 08:00:00,Rotary Calcination Kiln & Precalciner,Pyroprocessing & Clinkerization,93.41,coal,235.99,1770.0,1.0,Shift A (Morning),1443.9,-0.79
2026-09-10 08:00:00,Raw Material Ball Mill #01,Raw Grinding & Homogenization,183.92,none,0.0,1193.0,1.0,Shift A (Morning),85.7,1.03
2026-09-10 08:00:00,Vertical Roller Finish Mill (VRM),Finish Grinding & Separation,217.63,none,0.0,1450.8,1.0,Shift A (Morning),91.6,1.49
2026-09-10 08:00:00,Recuperative Clinker Grate Cooler,Clinker Cooling,65.48,none,0.0,1733.4,1.0,Shift A (Morning),276.8,0.51
2026-09-10 08:00:00,Primary Limestone Gyratory Crusher,Crushing & Quarry Handling,82.53,none,0.0,922.4,1.0,Shift A (Morning),35.0,1.02
2026-09-10 08:00:00,Kiln Exhaust ID Fan & Baghouse Station,Draft & Dust Abatement,145.82,none,0.0,0.0,1.0,Shift A (Morning),159.8,-3.42
2026-09-10 08:00:00,Pneumatic Dense-Phase Conveying Compressor,Pneumatic Conveying Utility,75.57,none,0.0,0.0,1.0,Shift A (Morning),48.5,5.57
2026-09-10 09:00:00,Rotary Calcination Kiln & Precalciner,Pyroprocessing & Clinkerization,96.96,coal,244.95,1837.1,1.0,Shift A (Morning),1437.5,-0.82
2026-09-10 09:00:00,Raw Material Ball Mill #01,Raw Grinding & Homogenization,178.39,none,0.0,1157.1,1.0,Shift A (Morning),83.6,0.98
2026-09-10 09:00:00,Vertical Roller Finish Mill (VRM),Finish Grinding & Separation,209.82,none,0.0,1398.8,1.0,Shift A (Morning),90.3,1.53
2026-09-10 09:00:00,Recuperative Clinker Grate Cooler,Clinker Cooling,65.88,none,0.0,1743.9,1.0,Shift A (Morning),284.2,0.49
2026-09-10 09:00:00,Primary Limestone Gyratory Crusher,Crushing & Quarry Handling,84.26,none,0.0,941.8,1.0,Shift A (Morning),35.7,0.99
2026-09-10 09:00:00,Kiln Exhaust ID Fan & Baghouse Station,Draft & Dust Abatement,149.42,none,0.0,0.0,1.0,Shift A (Morning),159.8,-3.53
2026-09-10 09:00:00,Pneumatic Dense-Phase Conveying Compressor,Pneumatic Conveying Utility,73.21,none,0.0,0.0,1.0,Shift A (Morning),47.4,5.41
2026-09-10 10:00:00,Rotary Calcination Kiln & Precalciner,Pyroprocessing & Clinkerization,97.54,coal,246.42,1848.2,1.0,Shift A (Morning),1445.8,-0.79
2026-09-10 10:00:00,Raw Material Ball Mill #01,Raw Grinding & Homogenization,180.78,none,0.0,1172.6,1.0,Shift A (Morning),84.4,1.02
2026-09-10 10:00:00,Vertical Roller Finish Mill (VRM),Finish Grinding & Separation,207.84,none,0.0,1385.6,1.0,Shift A (Morning),92.8,1.5
2026-09-10 10:00:00,Recuperative Clinker Grate Cooler,Clinker Cooling,68.49,none,0.0,1813.0,1.0,Shift A (Morning),284.0,0.49
2026-09-10 10:00:00,Primary Limestone Gyratory Crusher,Crushing & Quarry Handling,87.1,none,0.0,973.5,1.0,Shift A (Morning),34.8,1.02
2026-09-10 10:00:00,Kiln Exhaust ID Fan & Baghouse Station,Draft & Dust Abatement,146.64,none,0.0,0.0,1.0,Shift A (Morning),158.0,-3.4
2026-09-10 10:00:00,Pneumatic Dense-Phase Conveying Compressor,Pneumatic Conveying Utility,76.56,none,0.0,0.0,1.0,Shift A (Morning),47.1,5.47
2026-09-10 11:00:00,Rotary Calcination Kiln & Precalciner,Pyroprocessing & Clinkerization,95.21,coal,240.53,1804.0,1.0,Shift A (Morning),1440.4,-0.81
2026-09-10 11:00:00,Raw Material Ball Mill #01,Raw Grinding & Homogenization,178.49,none,0.0,1157.8,1.0,Shift A (Morning),83.6,1.02
2026-09-10 11:00:00,Vertical Roller Finish Mill (VRM),Finish Grinding & Separation,213.35,none,0.0,1422.4,1.0,Shift A (Morning),92.7,1.47
2026-09-10 11:00:00,Recuperative Clinker Grate Cooler,Clinker Cooling,66.15,none,0.0,1751.0,1.0,Shift A (Morning),276.4,0.51
2026-09-10 11:00:00,Primary Limestone Gyratory Crusher,Crushing & Quarry Handling,84.31,none,0.0,942.3,1.0,Shift A (Morning),34.4,0.98
2026-09-10 11:00:00,Kiln Exhaust ID Fan & Baghouse Station,Draft & Dust Abatement,140.47,none,0.0,0.0,1.0,Shift A (Morning),158.0,-3.49
2026-09-10 11:00:00,Pneumatic Dense-Phase Conveying Compressor,Pneumatic Conveying Utility,74.18,none,0.0,0.0,1.0,Shift A (Morning),48.3,5.51
2026-09-10 12:00:00,Rotary Calcination Kiln & Precalciner,Pyroprocessing & Clinkerization,93.46,coal,236.11,1770.9,1.0,Shift A (Morning),1460.0,-0.81
2026-09-10 12:00:00,Raw Material Ball Mill #01,Raw Grinding & Homogenization,191.9,none,0.0,1244.7,1.0,Shift A (Morning),86.4,0.98
2026-09-10 12:00:00,Vertical Roller Finish Mill (VRM),Finish Grinding & Separation,208.51,none,0.0,1390.1,1.0,Shift A (Morning),92.0,1.46
2026-09-10 12:00:00,Recuperative Clinker Grate Cooler,Clinker Cooling,70.27,none,0.0,1860.0,1.0,Shift A (Morning),280.1,0.51
2026-09-10 12:00:00,Primary Limestone Gyratory Crusher,Crushing & Quarry Handling,84.93,none,0.0,949.2,1.0,Shift A (Morning),34.4,0.97
2026-09-10 12:00:00,Kiln Exhaust ID Fan & Baghouse Station,Draft & Dust Abatement,148.51,none,0.0,0.0,1.0,Shift A (Morning),159.4,-3.53
2026-09-10 12:00:00,Pneumatic Dense-Phase Conveying Compressor,Pneumatic Conveying Utility,72.71,none,0.0,0.0,1.0,Shift A (Morning),47.1,5.48
2026-09-10 13:00:00,Rotary Calcination Kiln & Precalciner,Pyroprocessing & Clinkerization,91.51,coal,231.18,1733.9,1.0,Shift A (Morning),1423.1,-0.8
2026-09-10 13:00:00,Raw Material Ball Mill #01,Raw Grinding & Homogenization,180.63,none,0.0,1171.7,1.0,Shift A (Morning),85.1,1.01
2026-09-10 13:00:00,Vertical Roller Finish Mill (VRM),Finish Grinding & Separation,209.01,none,0.0,1393.4,1.0,Shift A (Morning),92.8,1.5
2026-09-10 13:00:00,Recuperative Clinker Grate Cooler,Clinker Cooling,66.35,none,0.0,1756.3,1.0,Shift A (Morning),274.5,0.49
2026-09-10 13:00:00,Primary Limestone Gyratory Crusher,Crushing & Quarry Handling,87.32,none,0.0,975.9,1.0,Shift A (Morning),34.8,0.98
2026-09-10 13:00:00,Kiln Exhaust ID Fan & Baghouse Station,Draft & Dust Abatement,149.98,none,0.0,0.0,1.0,Shift A (Morning),158.9,-3.45
2026-09-10 13:00:00,Pneumatic Dense-Phase Conveying Compressor,Pneumatic Conveying Utility,76.07,none,0.0,0.0,1.0,Shift A (Morning),48.7,5.62
2026-09-10 14:00:00,Rotary Calcination Kiln & Precalciner,Pyroprocessing & Clinkerization,95.91,coal,242.31,1817.3,1.0,Shift B (Evening),1448.8,-0.8
2026-09-10 14:00:00,Raw Material Ball Mill #01,Raw Grinding & Homogenization,186.69,none,0.0,1211.0,1.0,Shift B (Evening),83.9,1.02
2026-09-10 14:00:00,Vertical Roller Finish Mill (VRM),Finish Grinding & Separation,210.91,none,0.0,1406.1,1.0,Shift B (Evening),93.2,1.48
2026-09-10 14:00:00,Recuperative Clinker Grate Cooler,Clinker Cooling,68.89,none,0.0,1823.5,1.0,Shift B (Evening),278.8,0.51
2026-09-10 14:00:00,Primary Limestone Gyratory Crusher,Crushing & Quarry Handling,83.27,none,0.0,930.7,1.0,Shift B (Evening),35.6,1.0
2026-09-10 14:00:00,Kiln Exhaust ID Fan & Baghouse Station,Draft & Dust Abatement,147.83,none,0.0,0.0,1.0,Shift B (Evening),158.9,-3.53
2026-09-10 14:00:00,Pneumatic Dense-Phase Conveying Compressor,Pneumatic Conveying Utility,76.97,none,0.0,0.0,1.0,Shift B (Evening),48.9,5.66
2026-09-10 15:00:00,Rotary Calcination Kiln & Precalciner,Pyroprocessing & Clinkerization,97.95,coal,247.46,1856.0,1.0,Shift B (Evening),1452.9,-0.81
2026-09-10 15:00:00,Raw Material Ball Mill #01,Raw Grinding & Homogenization,190.93,none,0.0,1238.5,1.0,Shift B (Evening),86.7,1.01
2026-09-10 15:00:00,Vertical Roller Finish Mill (VRM),Finish Grinding & Separation,202.0,none,0.0,1346.7,1.0,Shift B (Evening),93.8,1.54
2026-09-10 15:00:00,Recuperative Clinker Grate Cooler,Clinker Cooling,65.46,none,0.0,1732.8,1.0,Shift B (Evening),281.4,0.5
2026-09-10 15:00:00,Primary Limestone Gyratory Crusher,Crushing & Quarry Handling,81.63,none,0.0,912.4,1.0,Shift B (Evening),35.3,0.99
2026-09-10 15:00:00,Kiln Exhaust ID Fan & Baghouse Station,Draft & Dust Abatement,144.11,none,0.0,0.0,1.0,Shift B (Evening),160.8,-3.41
2026-09-10 15:00:00,Pneumatic Dense-Phase Conveying Compressor,Pneumatic Conveying Utility,76.46,none,0.0,0.0,1.0,Shift B (Evening),47.3,5.61
2026-09-10 16:00:00,Rotary Calcination Kiln & Precalciner,Pyroprocessing & Clinkerization,96.13,coal,242.86,1821.5,1.0,Shift B (Evening),1473.1,-0.81
2026-09-10 16:00:00,Raw Material Ball Mill #01,Raw Grinding & Homogenization,186.45,none,0.0,1209.4,1.0,Shift B (Evening),85.4,0.99
2026-09-10 16:00:00,Vertical Roller Finish Mill (VRM),Finish Grinding & Separation,205.28,none,0.0,1368.5,1.0,Shift B (Evening),93.7,1.53
2026-09-10 16:00:00,Recuperative Clinker Grate Cooler,Clinker Cooling,66.18,none,0.0,1751.8,1.0,Shift B (Evening),277.2,0.51
2026-09-10 16:00:00,Primary Limestone Gyratory Crusher,Crushing & Quarry Handling,84.32,none,0.0,942.4,1.0,Shift B (Evening),34.7,0.97
2026-09-10 16:00:00,Kiln Exhaust ID Fan & Baghouse Station,Draft & Dust Abatement,142.04,none,0.0,0.0,1.0,Shift B (Evening),159.6,-3.53
2026-09-10 16:00:00,Pneumatic Dense-Phase Conveying Compressor,Pneumatic Conveying Utility,72.7,none,0.0,0.0,1.0,Shift B (Evening),47.7,5.6
2026-09-10 17:00:00,Rotary Calcination Kiln & Precalciner,Pyroprocessing & Clinkerization,97.6,coal,246.56,1849.2,1.0,Shift B (Evening),1467.7,-0.81
2026-09-10 17:00:00,Raw Material Ball Mill #01,Raw Grinding & Homogenization,180.69,none,0.0,1172.0,1.0,Shift B (Evening),83.9,0.98
2026-09-10 17:00:00,Vertical Roller Finish Mill (VRM),Finish Grinding & Separation,216.16,none,0.0,1441.0,1.0,Shift B (Evening),92.5,1.49
2026-09-10 17:00:00,Recuperative Clinker Grate Cooler,Clinker Cooling,65.79,none,0.0,1741.5,1.0,Shift B (Evening),285.3,0.49
2026-09-10 17:00:00,Primary Limestone Gyratory Crusher,Crushing & Quarry Handling,81.75,none,0.0,913.7,1.0,Shift B (Evening),34.5,0.97
2026-09-10 17:00:00,Kiln Exhaust ID Fan & Baghouse Station,Draft & Dust Abatement,150.19,none,0.0,0.0,1.0,Shift B (Evening),157.7,-3.4
2026-09-10 17:00:00,Pneumatic Dense-Phase Conveying Compressor,Pneumatic Conveying Utility,77.98,none,0.0,0.0,1.0,Shift B (Evening),48.7,5.64
2026-09-10 18:00:00,Rotary Calcination Kiln & Precalciner,Pyroprocessing & Clinkerization,92.16,coal,232.83,1746.2,1.0,Shift B (Evening),1473.7,-0.79
2026-09-10 18:00:00,Raw Material Ball Mill #01,Raw Grinding & Homogenization,190.54,none,0.0,1236.0,1.0,Shift B (Evening),86.0,0.97
2026-09-10 18:00:00,Vertical Roller Finish Mill (VRM),Finish Grinding & Separation,205.59,none,0.0,1370.6,1.0,Shift B (Evening),93.7,1.54
2026-09-10 18:00:00,Recuperative Clinker Grate Cooler,Clinker Cooling,67.17,none,0.0,1777.9,1.0,Shift B (Evening),280.3,0.51
2026-09-10 18:00:00,Primary Limestone Gyratory Crusher,Crushing & Quarry Handling,83.08,none,0.0,928.5,1.0,Shift B (Evening),35.0,1.0
2026-09-10 18:00:00,Kiln Exhaust ID Fan & Baghouse Station,Draft & Dust Abatement,148.76,none,0.0,0.0,1.0,Shift B (Evening),160.6,-3.58
2026-09-10 18:00:00,Pneumatic Dense-Phase Conveying Compressor,Pneumatic Conveying Utility,75.52,none,0.0,0.0,1.0,Shift B (Evening),48.0,5.58
2026-09-10 19:00:00,Rotary Calcination Kiln & Precalciner,Pyroprocessing & Clinkerization,93.26,coal,235.6,1767.0,1.0,Shift B (Evening),1462.6,-0.81
2026-09-10 19:00:00,Raw Material Ball Mill #01,Raw Grinding & Homogenization,182.45,none,0.0,1183.4,1.0,Shift B (Evening),85.1,0.98
2026-09-10 19:00:00,Vertical Roller Finish Mill (VRM),Finish Grinding & Separation,216.01,none,0.0,1440.1,1.0,Shift B (Evening),92.1,1.5
2026-09-10 19:00:00,Recuperative Clinker Grate Cooler,Clinker Cooling,69.96,none,0.0,1851.8,1.0,Shift B (Evening),276.5,0.5
2026-09-10 19:00:00,Primary Limestone Gyratory Crusher,Crushing & Quarry Handling,82.54,none,0.0,922.5,1.0,Shift B (Evening),35.6,1.02
2026-09-10 19:00:00,Kiln Exhaust ID Fan & Baghouse Station,Draft & Dust Abatement,146.01,none,0.0,0.0,1.0,Shift B (Evening),162.4,-3.42
2026-09-10 19:00:00,Pneumatic Dense-Phase Conveying Compressor,Pneumatic Conveying Utility,74.06,none,0.0,0.0,1.0,Shift B (Evening),48.7,5.46
2026-09-10 20:00:00,Rotary Calcination Kiln & Precalciner,Pyroprocessing & Clinkerization,94.75,coal,239.37,1795.3,1.0,Shift B (Evening),1445.3,-0.8
2026-09-10 20:00:00,Raw Material Ball Mill #01,Raw Grinding & Homogenization,185.38,none,0.0,1202.5,1.0,Shift B (Evening),85.8,0.99
2026-09-10 20:00:00,Vertical Roller Finish Mill (VRM),Finish Grinding & Separation,207.29,none,0.0,1381.9,1.0,Shift B (Evening),90.3,1.46
2026-09-10 20:00:00,Recuperative Clinker Grate Cooler,Clinker Cooling,68.07,none,0.0,1801.9,1.0,Shift B (Evening),280.8,0.51
2026-09-10 20:00:00,Primary Limestone Gyratory Crusher,Crushing & Quarry Handling,87.4,none,0.0,976.8,1.0,Shift B (Evening),35.2,1.02
2026-09-10 20:00:00,Kiln Exhaust ID Fan & Baghouse Station,Draft & Dust Abatement,142.24,none,0.0,0.0,1.0,Shift B (Evening),160.0,-3.48
2026-09-10 20:00:00,Pneumatic Dense-Phase Conveying Compressor,Pneumatic Conveying Utility,76.05,none,0.0,0.0,1.0,Shift B (Evening),47.7,5.61
2026-09-10 21:00:00,Rotary Calcination Kiln & Precalciner,Pyroprocessing & Clinkerization,96.99,coal,245.03,1837.8,1.0,Shift B (Evening),1450.7,-0.79
2026-09-10 21:00:00,Raw Material Ball Mill #01,Raw Grinding & Homogenization,188.54,none,0.0,1223.0,1.0,Shift B (Evening),86.3,1.02
2026-09-10 21:00:00,Vertical Roller Finish Mill (VRM),Finish Grinding & Separation,213.98,none,0.0,1426.6,1.0,Shift B (Evening),92.0,1.47
2026-09-10 21:00:00,Recuperative Clinker Grate Cooler,Clinker Cooling,66.67,none,0.0,1764.8,1.0,Shift B (Evening),279.0,0.49
2026-09-10 21:00:00,Primary Limestone Gyratory Crusher,Crushing & Quarry Handling,83.21,none,0.0,930.0,1.0,Shift B (Evening),34.8,1.0
2026-09-10 21:00:00,Kiln Exhaust ID Fan & Baghouse Station,Draft & Dust Abatement,149.07,none,0.0,0.0,1.0,Shift B (Evening),160.6,-3.47
2026-09-10 21:00:00,Pneumatic Dense-Phase Conveying Compressor,Pneumatic Conveying Utility,76.7,none,0.0,0.0,1.0,Shift B (Evening),48.2,5.6
2026-09-10 22:00:00,Rotary Calcination Kiln & Precalciner,Pyroprocessing & Clinkerization,98.3,coal,248.34,1862.5,1.0,Shift C (Night),1442.4,-0.79
2026-09-10 22:00:00,Raw Material Ball Mill #01,Raw Grinding & Homogenization,185.16,none,0.0,1201.0,1.0,Shift C (Night),86.2,1.0
2026-09-10 22:00:00,Vertical Roller Finish Mill (VRM),Finish Grinding & Separation,213.56,none,0.0,1423.7,1.0,Shift C (Night),92.6,1.5
2026-09-10 22:00:00,Recuperative Clinker Grate Cooler,Clinker Cooling,69.5,none,0.0,1839.7,1.0,Shift C (Night),277.8,0.51
2026-09-10 22:00:00,Primary Limestone Gyratory Crusher,Crushing & Quarry Handling,84.67,none,0.0,946.4,1.0,Shift C (Night),35.0,1.0
2026-09-10 22:00:00,Kiln Exhaust ID Fan & Baghouse Station,Draft & Dust Abatement,143.52,none,0.0,0.0,1.0,Shift C (Night),162.4,-3.47
2026-09-10 22:00:00,Pneumatic Dense-Phase Conveying Compressor,Pneumatic Conveying Utility,77.28,none,0.0,0.0,1.0,Shift C (Night),47.3,5.41
2026-09-10 23:00:00,Rotary Calcination Kiln & Precalciner,Pyroprocessing & Clinkerization,94.6,coal,238.99,1792.4,1.0,Shift C (Night),1470.4,-0.81
2026-09-10 23:00:00,Raw Material Ball Mill #01,Raw Grinding & Homogenization,189.62,none,0.0,1230.0,1.0,Shift C (Night),84.1,1.01
2026-09-10 23:00:00,Vertical Roller Finish Mill (VRM),Finish Grinding & Separation,211.94,none,0.0,1413.0,1.0,Shift C (Night),90.2,1.46
2026-09-10 23:00:00,Recuperative Clinker Grate Cooler,Clinker Cooling,66.83,none,0.0,1769.0,1.0,Shift C (Night),278.1,0.5
2026-09-10 23:00:00,Primary Limestone Gyratory Crusher,Crushing & Quarry Handling,1.98,none,0.0,0.0,0.0,Shift C (Night),30.2,0.0
2026-09-10 23:00:00,Kiln Exhaust ID Fan & Baghouse Station,Draft & Dust Abatement,142.8,none,0.0,0.0,1.0,Shift C (Night),161.2,-3.48
2026-09-10 23:00:00,Pneumatic Dense-Phase Conveying Compressor,Pneumatic Conveying Utility,36.48,none,0.0,0.0,0.0,Shift C (Night),38.4,4.67
