timestamp,equipment,process,electricity_kwh,fuel_type,fuel_quantity,production_volume,operating_hours,shift,temperature,pressure
2026-08-28 00:00:00,Catalytic Steam Reforming Furnace,Reforming & Cracking,43.42,natural_gas,201.58,1137.1,1.0,Shift C (Night),831.3,24.41
2026-08-28 00:00:00,Fractionation Distillation Column Reboiler,Fractionation & Separation,57.66,natural_gas,124.26,894.7,1.0,Shift C (Night),207.5,4.52
2026-08-28 00:00:00,High-Pressure Exothermic Reactor Vessel,Chemical Synthesis,1.7,none,0.0,0.0,0.0,Shift C (Night),30.6,0.0
2026-08-28 00:00:00,Multistage Boiler Feedwater Injection Pump,High-Pressure Transport,53.95,none,0.0,0.0,1.0,Shift C (Night),59.2,44.63
2026-08-28 00:00:00,Waste Heat Recovery Steam Generation Boiler,Steam Utility,21.51,natural_gas,83.1,0.0,1.0,Shift C (Night),188.0,10.26
2026-08-28 00:00:00,Reciprocating Process Gas Compressor,Gas Compression Utility,38.88,none,0.0,0.0,0.0,Shift C (Night),44.0,25.5
2026-08-28 00:00:00,Closed-Loop Brine Refrigeration Chiller,Thermal Cooling Utility,63.65,none,0.0,0.0,1.0,Shift C (Night),-14.9,8.11
2026-08-28 01:00:00,Catalytic Steam Reforming Furnace,Reforming & Cracking,40.39,natural_gas,187.52,1057.8,1.0,Shift C (Night),813.5,25.42
2026-08-28 01:00:00,Fractionation Distillation Column Reboiler,Fractionation & Separation,59.91,natural_gas,129.11,929.6,1.0,Shift C (Night),214.1,4.5
2026-08-28 01:00:00,High-Pressure Exothermic Reactor Vessel,Chemical Synthesis,1.55,none,0.0,0.0,0.0,Shift C (Night),29.6,0.0
2026-08-28 01:00:00,Multistage Boiler Feedwater Injection Pump,High-Pressure Transport,52.69,none,0.0,0.0,1.0,Shift C (Night),59.0,44.41
2026-08-28 01:00:00,Waste Heat Recovery Steam Generation Boiler,Steam Utility,21.77,natural_gas,84.1,0.0,1.0,Shift C (Night),182.1,10.08
2026-08-28 01:00:00,Reciprocating Process Gas Compressor,Gas Compression Utility,36.38,none,0.0,0.0,0.0,Shift C (Night),44.0,25.5
2026-08-28 01:00:00,Closed-Loop Brine Refrigeration Chiller,Thermal Cooling Utility,63.98,none,0.0,0.0,1.0,Shift C (Night),-15.3,8.15
2026-08-28 02:00:00,Catalytic Steam Reforming Furnace,Reforming & Cracking,40.51,natural_gas,188.07,1060.9,1.0,Shift C (Night),812.9,24.8
2026-08-28 02:00:00,Fractionation Distillation Column Reboiler,Fractionation & Separation,58.26,natural_gas,125.56,904.0,1.0,Shift C (Night),212.4,4.46
2026-08-28 02:00:00,High-Pressure Exothermic Reactor Vessel,Chemical Synthesis,1.47,none,0.0,0.0,0.0,Shift C (Night),29.3,0.0
2026-08-28 02:00:00,Multistage Boiler Feedwater Injection Pump,High-Pressure Transport,55.43,none,0.0,0.0,1.0,Shift C (Night),61.0,45.81
2026-08-28 02:00:00,Waste Heat Recovery Steam Generation Boiler,Steam Utility,22.81,natural_gas,88.12,0.0,1.0,Shift C (Night),184.4,10.03
2026-08-28 02:00:00,Reciprocating Process Gas Compressor,Gas Compression Utility,39.85,none,0.0,0.0,0.0,Shift C (Night),44.0,25.5
2026-08-28 02:00:00,Closed-Loop Brine Refrigeration Chiller,Thermal Cooling Utility,62.54,none,0.0,0.0,1.0,Shift C (Night),-14.9,8.23
2026-08-28 03:00:00,Catalytic Steam Reforming Furnace,Reforming & Cracking,42.53,natural_gas,197.47,1113.9,1.0,Shift C (Night),826.5,25.54
2026-08-28 03:00:00,Fractionation Distillation Column Reboiler,Fractionation & Separation,57.6,natural_gas,124.15,893.9,1.0,Shift C (Night),210.1,4.52
2026-08-28 03:00:00,High-Pressure Exothermic Reactor Vessel,Chemical Synthesis,1.7,none,0.0,0.0,0.0,Shift C (Night),29.4,0.0
2026-08-28 03:00:00,Multistage Boiler Feedwater Injection Pump,High-Pressure Transport,51.87,none,0.0,0.0,1.0,Shift C (Night),61.2,45.66
2026-08-28 03:00:00,Waste Heat Recovery Steam Generation Boiler,Steam Utility,21.28,natural_gas,82.22,0.0,1.0,Shift C (Night),185.0,10.16
2026-08-28 03:00:00,Reciprocating Process Gas Compressor,Gas Compression Utility,35.25,none,0.0,0.0,0.0,Shift C (Night),44.0,25.5
2026-08-28 03:00:00,Closed-Loop Brine Refrigeration Chiller,Thermal Cooling Utility,62.47,none,0.0,0.0,1.0,Shift C (Night),-15.0,7.94
2026-08-28 04:00:00,Catalytic Steam Reforming Furnace,Reforming & Cracking,41.43,natural_gas,192.34,1085.0,1.0,Shift C (Night),819.1,24.73
2026-08-28 04:00:00,Fractionation Distillation Column Reboiler,Fractionation & Separation,56.42,natural_gas,121.59,875.4,1.0,Shift C (Night),211.1,4.52
2026-08-28 04:00:00,High-Pressure Exothermic Reactor Vessel,Chemical Synthesis,1.42,none,0.0,0.0,0.0,Shift C (Night),28.9,0.0
2026-08-28 04:00:00,Multistage Boiler Feedwater Injection Pump,High-Pressure Transport,54.24,none,0.0,0.0,1.0,Shift C (Night),60.9,45.75
2026-08-28 04:00:00,Waste Heat Recovery Steam Generation Boiler,Steam Utility,22.2,natural_gas,85.79,0.0,1.0,Shift C (Night),188.4,10.22
2026-08-28 04:00:00,Reciprocating Process Gas Compressor,Gas Compression Utility,38.34,none,0.0,0.0,0.0,Shift C (Night),44.0,25.5
2026-08-28 04:00:00,Closed-Loop Brine Refrigeration Chiller,Thermal Cooling Utility,63.59,none,0.0,0.0,1.0,Shift C (Night),-15.0,8.22
2026-08-28 05:00:00,Catalytic Steam Reforming Furnace,Reforming & Cracking,43.29,natural_gas,200.98,1133.7,1.0,Shift C (Night),835.9,25.07
2026-08-28 05:00:00,Fractionation Distillation Column Reboiler,Fractionation & Separation,58.68,natural_gas,126.46,910.5,1.0,Shift C (Night),206.0,4.39
2026-08-28 05:00:00,High-Pressure Exothermic Reactor Vessel,Chemical Synthesis,1.12,none,0.0,0.0,0.0,Shift C (Night),31.2,0.0
2026-08-28 05:00:00,Multistage Boiler Feedwater Injection Pump,High-Pressure Transport,54.22,none,0.0,0.0,1.0,Shift C (Night),60.2,43.9
2026-08-28 05:00:00,Waste Heat Recovery Steam Generation Boiler,Steam Utility,21.77,natural_gas,84.11,0.0,1.0,Shift C (Night),182.8,9.73
2026-08-28 05:00:00,Reciprocating Process Gas Compressor,Gas Compression Utility,37.03,none,0.0,0.0,0.0,Shift C (Night),44.0,25.5
2026-08-28 05:00:00,Closed-Loop Brine Refrigeration Chiller,Thermal Cooling Utility,61.69,none,0.0,0.0,1.0,Shift C (Night),-15.1,7.85
2026-08-28 06:00:00,Catalytic Steam Reforming Furnace,Reforming & Cracking,42.6,natural_gas,197.77,1115.7,1.0,Shift A (Morning),811.4,24.58
2026-08-28 06:00:00,Fractionation Distillation Column Reboiler,Fractionation & Separation,58.33,natural_gas,125.71,905.1,1.0,Shift A (Morning),207.8,4.52
2026-08-28 06:00:00,High-Pressure Exothermic Reactor Vessel,Chemical Synthesis,79.93,none,0.0,731.1,1.0,Shift A (Morning),186.2,65.66
2026-08-28 06:00:00,Multistage Boiler Feedwater Injection Pump,High-Pressure Transport,52.86,none,0.0,0.0,1.0,Shift A (Morning),60.1,44.86
2026-08-28 06:00:00,Waste Heat Recovery Steam Generation Boiler,Steam Utility,21.42,natural_gas,82.75,0.0,1.0,Shift A (Morning),186.1,10.27
2026-08-28 06:00:00,Reciprocating Process Gas Compressor,Gas Compression Utility,92.44,none,0.0,0.0,1.0,Shift A (Morning),55.3,30.05
2026-08-28 06:00:00,Closed-Loop Brine Refrigeration Chiller,Thermal Cooling Utility,62.89,none,0.0,0.0,1.0,Shift A (Morning),-15.3,8.01
2026-08-28 07:00:00,Catalytic Steam Reforming Furnace,Reforming & Cracking,42.85,natural_gas,198.94,1122.2,1.0,Shift A (Morning),817.1,24.93
2026-08-28 07:00:00,Fractionation Distillation Column Reboiler,Fractionation & Separation,57.56,natural_gas,124.04,893.1,1.0,Shift A (Morning),212.1,4.44
2026-08-28 07:00:00,High-Pressure Exothermic Reactor Vessel,Chemical Synthesis,84.25,none,0.0,770.6,1.0,Shift A (Morning),187.2,63.08
2026-08-28 07:00:00,Multistage Boiler Feedwater Injection Pump,High-Pressure Transport,52.84,none,0.0,0.0,1.0,Shift A (Morning),60.0,43.9
2026-08-28 07:00:00,Waste Heat Recovery Steam Generation Boiler,Steam Utility,21.64,natural_gas,83.6,0.0,1.0,Shift A (Morning),186.8,9.94
2026-08-28 07:00:00,Reciprocating Process Gas Compressor,Gas Compression Utility,90.47,none,0.0,0.0,1.0,Shift A (Morning),54.5,30.41
2026-08-28 07:00:00,Closed-Loop Brine Refrigeration Chiller,Thermal Cooling Utility,63.55,none,0.0,0.0,1.0,Shift A (Morning),-14.9,7.77
2026-08-28 08:00:00,Catalytic Steam Reforming Furnace,Reforming & Cracking,41.88,natural_gas,194.42,1096.8,1.0,Shift A (Morning),821.9,25.4
2026-08-28 08:00:00,Fractionation Distillation Column Reboiler,Fractionation & Separation,59.23,natural_gas,127.65,919.1,1.0,Shift A (Morning),212.2,4.53
2026-08-28 08:00:00,High-Pressure Exothermic Reactor Vessel,Chemical Synthesis,81.57,none,0.0,746.0,1.0,Shift A (Morning),188.0,65.37
2026-08-28 08:00:00,Multistage Boiler Feedwater Injection Pump,High-Pressure Transport,54.65,none,0.0,0.0,1.0,Shift A (Morning),60.0,45.49
2026-08-28 08:00:00,Waste Heat Recovery Steam Generation Boiler,Steam Utility,22.09,natural_gas,85.34,0.0,1.0,Shift A (Morning),184.6,10.21
2026-08-28 08:00:00,Reciprocating Process Gas Compressor,Gas Compression Utility,90.33,none,0.0,0.0,1.0,Shift A (Morning),55.1,29.66
2026-08-28 08:00:00,Closed-Loop Brine Refrigeration Chiller,Thermal Cooling Utility,64.14,none,0.0,0.0,1.0,Shift A (Morning),-15.1,7.91
2026-08-28 09:00:00,Catalytic Steam Reforming Furnace,Reforming & Cracking,43.51,natural_gas,202.02,1139.6,1.0,Shift A (Morning),816.2,25.16
2026-08-28 09:00:00,Fractionation Distillation Column Reboiler,Fractionation & Separation,60.24,natural_gas,129.83,934.8,1.0,Shift A (Morning),210.6,4.55
2026-08-28 09:00:00,High-Pressure Exothermic Reactor Vessel,Chemical Synthesis,80.36,none,0.0,735.0,1.0,Shift A (Morning),192.4,64.34
2026-08-28 09:00:00,Multistage Boiler Feedwater Injection Pump,High-Pressure Transport,53.73,none,0.0,0.0,1.0,Shift A (Morning),59.5,44.04
2026-08-28 09:00:00,Waste Heat Recovery Steam Generation Boiler,Steam Utility,22.2,natural_gas,85.78,0.0,1.0,Shift A (Morning),181.4,9.79
2026-08-28 09:00:00,Reciprocating Process Gas Compressor,Gas Compression Utility,91.11,none,0.0,0.0,1.0,Shift A (Morning),55.6,30.47
2026-08-28 09:00:00,Closed-Loop Brine Refrigeration Chiller,Thermal Cooling Utility,65.78,none,0.0,0.0,1.0,Shift A (Morning),-15.3,8.15
2026-08-28 10:00:00,Catalytic Steam Reforming Furnace,Reforming & Cracking,41.22,natural_gas,191.38,1079.6,1.0,Shift A (Morning),834.9,24.83
2026-08-28 10:00:00,Fractionation Distillation Column Reboiler,Fractionation & Separation,57.62,natural_gas,124.18,894.1,1.0,Shift A (Morning),214.2,4.51
2026-08-28 10:00:00,High-Pressure Exothermic Reactor Vessel,Chemical Synthesis,85.01,none,0.0,777.5,1.0,Shift A (Morning),187.1,66.9
2026-08-28 10:00:00,Multistage Boiler Feedwater Injection Pump,High-Pressure Transport,52.63,none,0.0,0.0,1.0,Shift A (Morning),59.1,45.76
2026-08-28 10:00:00,Waste Heat Recovery Steam Generation Boiler,Steam Utility,21.38,natural_gas,82.59,0.0,1.0,Shift A (Morning),186.2,10.09
2026-08-28 10:00:00,Reciprocating Process Gas Compressor,Gas Compression Utility,95.49,none,0.0,0.0,1.0,Shift A (Morning),55.3,29.58
2026-08-28 10:00:00,Closed-Loop Brine Refrigeration Chiller,Thermal Cooling Utility,64.31,none,0.0,0.0,1.0,Shift A (Morning),-14.8,8.19
2026-08-28 11:00:00,Catalytic Steam Reforming Furnace,Reforming & Cracking,41.08,natural_gas,190.73,1075.9,1.0,Shift A (Morning),810.4,24.98
2026-08-28 11:00:00,Fractionation Distillation Column Reboiler,Fractionation & Separation,58.27,natural_gas,125.58,904.2,1.0,Shift A (Morning),208.1,4.63
2026-08-28 11:00:00,High-Pressure Exothermic Reactor Vessel,Chemical Synthesis,83.15,none,0.0,760.5,1.0,Shift A (Morning),186.7,65.06
2026-08-28 11:00:00,Multistage Boiler Feedwater Injection Pump,High-Pressure Transport,53.97,none,0.0,0.0,1.0,Shift A (Morning),59.5,46.03
2026-08-28 11:00:00,Waste Heat Recovery Steam Generation Boiler,Steam Utility,22.04,natural_gas,85.14,0.0,1.0,Shift A (Morning),183.7,10.0
2026-08-28 11:00:00,Reciprocating Process Gas Compressor,Gas Compression Utility,88.7,none,0.0,0.0,1.0,Shift A (Morning),54.5,29.69
2026-08-28 11:00:00,Closed-Loop Brine Refrigeration Chiller,Thermal Cooling Utility,64.43,none,0.0,0.0,1.0,Shift A (Morning),-15.1,8.2
2026-08-28 12:00:00,Catalytic Steam Reforming Furnace,Reforming & Cracking,41.41,natural_gas,192.28,1084.6,1.0,Shift A (Morning),829.0,25.24
2026-08-28 12:00:00,Fractionation Distillation Column Reboiler,Fractionation & Separation,58.7,natural_gas,126.52,910.9,1.0,Shift A (Morning),211.4,4.58
2026-08-28 12:00:00,High-Pressure Exothermic Reactor Vessel,Chemical Synthesis,81.16,none,0.0,742.3,1.0,Shift A (Morning),192.3,65.01
2026-08-28 12:00:00,Multistage Boiler Feedwater Injection Pump,High-Pressure Transport,54.27,none,0.0,0.0,1.0,Shift A (Morning),58.8,46.04
2026-08-28 12:00:00,Waste Heat Recovery Steam Generation Boiler,Steam Utility,21.71,natural_gas,83.89,0.0,1.0,Shift A (Morning),187.6,9.78
2026-08-28 12:00:00,Reciprocating Process Gas Compressor,Gas Compression Utility,91.23,none,0.0,0.0,1.0,Shift A (Morning),55.5,30.27
2026-08-28 12:00:00,Closed-Loop Brine Refrigeration Chiller,Thermal Cooling Utility,62.78,none,0.0,0.0,1.0,Shift A (Morning),-14.9,8.05
2026-08-28 13:00:00,Catalytic Steam Reforming Furnace,Reforming & Cracking,41.04,natural_gas,190.55,1074.9,1.0,Shift A (Morning),817.2,24.59
2026-08-28 13:00:00,Fractionation Distillation Column Reboiler,Fractionation & Separation,57.85,natural_gas,124.67,897.6,1.0,Shift A (Morning),208.9,4.39
2026-08-28 13:00:00,High-Pressure Exothermic Reactor Vessel,Chemical Synthesis,85.03,none,0.0,777.7,1.0,Shift A (Morning),188.9,66.49
2026-08-28 13:00:00,Multistage Boiler Feedwater Injection Pump,High-Pressure Transport,55.29,none,0.0,0.0,1.0,Shift A (Morning),59.2,43.82
2026-08-28 13:00:00,Waste Heat Recovery Steam Generation Boiler,Steam Utility,21.39,natural_gas,82.63,0.0,1.0,Shift A (Morning),188.6,10.01
2026-08-28 13:00:00,Reciprocating Process Gas Compressor,Gas Compression Utility,91.58,none,0.0,0.0,1.0,Shift A (Morning),54.9,29.28
2026-08-28 13:00:00,Closed-Loop Brine Refrigeration Chiller,Thermal Cooling Utility,63.33,none,0.0,0.0,1.0,Shift A (Morning),-14.7,7.92
2026-08-28 14:00:00,Catalytic Steam Reforming Furnace,Reforming & Cracking,42.44,natural_gas,197.05,1111.6,1.0,Shift B (Evening),806.6,25.71
2026-08-28 14:00:00,Fractionation Distillation Column Reboiler,Fractionation & Separation,57.29,natural_gas,123.48,889.0,1.0,Shift B (Evening),213.7,4.37
2026-08-28 14:00:00,High-Pressure Exothermic Reactor Vessel,Chemical Synthesis,80.95,none,0.0,740.4,1.0,Shift B (Evening),189.0,63.44
2026-08-28 14:00:00,Multistage Boiler Feedwater Injection Pump,High-Pressure Transport,52.81,none,0.0,0.0,1.0,Shift B (Evening),60.9,45.13
2026-08-28 14:00:00,Waste Heat Recovery Steam Generation Boiler,Steam Utility,21.21,natural_gas,81.94,0.0,1.0,Shift B (Evening),181.9,9.86
2026-08-28 14:00:00,Reciprocating Process Gas Compressor,Gas Compression Utility,89.7,none,0.0,0.0,1.0,Shift B (Evening),54.3,29.43
2026-08-28 14:00:00,Closed-Loop Brine Refrigeration Chiller,Thermal Cooling Utility,64.32,none,0.0,0.0,1.0,Shift B (Evening),-15.2,7.99
2026-08-28 15:00:00,Catalytic Steam Reforming Furnace,Reforming & Cracking,41.74,natural_gas,193.8,1093.3,1.0,Shift B (Evening),826.9,24.56
2026-08-28 15:00:00,Fractionation Distillation Column Reboiler,Fractionation & Separation,59.64,natural_gas,128.54,925.5,1.0,Shift B (Evening),211.4,4.55
2026-08-28 15:00:00,High-Pressure Exothermic Reactor Vessel,Chemical Synthesis,79.03,none,0.0,722.9,1.0,Shift B (Evening),188.3,63.86
2026-08-28 15:00:00,Multistage Boiler Feedwater Injection Pump,High-Pressure Transport,54.21,none,0.0,0.0,1.0,Shift B (Evening),58.8,43.76
2026-08-28 15:00:00,Waste Heat Recovery Steam Generation Boiler,Steam Utility,22.85,natural_gas,88.28,0.0,1.0,Shift B (Evening),187.2,10.07
2026-08-28 15:00:00,Reciprocating Process Gas Compressor,Gas Compression Utility,88.89,none,0.0,0.0,1.0,Shift B (Evening),55.7,29.18
2026-08-28 15:00:00,Closed-Loop Brine Refrigeration Chiller,Thermal Cooling Utility,63.3,none,0.0,0.0,1.0,Shift B (Evening),-14.8,7.8
2026-08-28 16:00:00,Catalytic Steam Reforming Furnace,Reforming & Cracking,41.22,natural_gas,191.37,1079.5,1.0,Shift B (Evening),818.7,25.51
2026-08-28 16:00:00,Fractionation Distillation Column Reboiler,Fractionation & Separation,59.29,natural_gas,127.79,920.1,1.0,Shift B (Evening),213.5,4.52
2026-08-28 16:00:00,High-Pressure Exothermic Reactor Vessel,Chemical Synthesis,83.75,none,0.0,766.0,1.0,Shift B (Evening),189.0,65.38
2026-08-28 16:00:00,Multistage Boiler Feedwater Injection Pump,High-Pressure Transport,53.28,none,0.0,0.0,1.0,Shift B (Evening),59.1,43.7
2026-08-28 16:00:00,Waste Heat Recovery Steam Generation Boiler,Steam Utility,21.44,natural_gas,82.83,0.0,1.0,Shift B (Evening),185.9,9.96
2026-08-28 16:00:00,Reciprocating Process Gas Compressor,Gas Compression Utility,95.37,none,0.0,0.0,1.0,Shift B (Evening),55.7,29.49
2026-08-28 16:00:00,Closed-Loop Brine Refrigeration Chiller,Thermal Cooling Utility,66.07,none,0.0,0.0,1.0,Shift B (Evening),-15.0,7.85
2026-08-28 17:00:00,Catalytic Steam Reforming Furnace,Reforming & Cracking,41.37,natural_gas,192.07,1083.5,1.0,Shift B (Evening),832.0,25.19
2026-08-28 17:00:00,Fractionation Distillation Column Reboiler,Fractionation & Separation,57.9,natural_gas,124.79,898.5,1.0,Shift B (Evening),213.3,4.56
2026-08-28 17:00:00,High-Pressure Exothermic Reactor Vessel,Chemical Synthesis,79.53,none,0.0,727.4,1.0,Shift B (Evening),186.5,63.35
2026-08-28 17:00:00,Multistage Boiler Feedwater Injection Pump,High-Pressure Transport,54.41,none,0.0,0.0,1.0,Shift B (Evening),59.2,46.05
2026-08-28 17:00:00,Waste Heat Recovery Steam Generation Boiler,Steam Utility,21.37,natural_gas,82.55,0.0,1.0,Shift B (Evening),184.3,10.05
2026-08-28 17:00:00,Reciprocating Process Gas Compressor,Gas Compression Utility,90.44,none,0.0,0.0,1.0,Shift B (Evening),55.7,29.46
2026-08-28 17:00:00,Closed-Loop Brine Refrigeration Chiller,Thermal Cooling Utility,63.79,none,0.0,0.0,1.0,Shift B (Evening),-14.9,7.97
2026-08-28 18:00:00,Catalytic Steam Reforming Furnace,Reforming & Cracking,43.57,natural_gas,202.28,1141.0,1.0,Shift B (Evening),808.7,24.68
2026-08-28 18:00:00,Fractionation Distillation Column Reboiler,Fractionation & Separation,56.06,natural_gas,120.83,870.0,1.0,Shift B (Evening),206.9,4.44
2026-08-28 18:00:00,High-Pressure Exothermic Reactor Vessel,Chemical Synthesis,83.97,none,0.0,768.0,1.0,Shift B (Evening),187.6,64.71
2026-08-28 18:00:00,Multistage Boiler Feedwater Injection Pump,High-Pressure Transport,53.36,none,0.0,0.0,1.0,Shift B (Evening),60.9,44.12
2026-08-28 18:00:00,Waste Heat Recovery Steam Generation Boiler,Steam Utility,21.47,natural_gas,82.97,0.0,1.0,Shift B (Evening),181.9,9.95
2026-08-28 18:00:00,Reciprocating Process Gas Compressor,Gas Compression Utility,90.94,none,0.0,0.0,1.0,Shift B (Evening),55.0,29.85
2026-08-28 18:00:00,Closed-Loop Brine Refrigeration Chiller,Thermal Cooling Utility,62.19,none,0.0,0.0,1.0,Shift B (Evening),-15.0,7.92
2026-08-28 19:00:00,Catalytic Steam Reforming Furnace,Reforming & Cracking,40.82,natural_gas,189.54,1069.2,1.0,Shift B (Evening),818.6,24.46
2026-08-28 19:00:00,Fractionation Distillation Column Reboiler,Fractionation & Separation,55.93,natural_gas,120.54,867.9,1.0,Shift B (Evening),207.8,4.53
2026-08-28 19:00:00,High-Pressure Exothermic Reactor Vessel,Chemical Synthesis,81.82,none,0.0,748.4,1.0,Shift B (Evening),186.6,64.82
2026-08-28 19:00:00,Multistage Boiler Feedwater Injection Pump,High-Pressure Transport,53.2,none,0.0,0.0,1.0,Shift B (Evening),58.8,46.05
2026-08-28 19:00:00,Waste Heat Recovery Steam Generation Boiler,Steam Utility,21.75,natural_gas,84.02,0.0,1.0,Shift B (Evening),186.8,10.21
2026-08-28 19:00:00,Reciprocating Process Gas Compressor,Gas Compression Utility,93.36,none,0.0,0.0,1.0,Shift B (Evening),54.9,29.98
2026-08-28 19:00:00,Closed-Loop Brine Refrigeration Chiller,Thermal Cooling Utility,63.62,none,0.0,0.0,1.0,Shift B (Evening),-14.7,7.98
2026-08-28 20:00:00,Catalytic Steam Reforming Furnace,Reforming & Cracking,40.58,natural_gas,188.39,1062.7,1.0,Shift B (Evening),805.9,24.52
2026-08-28 20:00:00,Fractionation Distillation Column Reboiler,Fractionation & Separation,58.92,natural_gas,126.98,914.2,1.0,Shift B (Evening),206.6,4.47
2026-08-28 20:00:00,High-Pressure Exothermic Reactor Vessel,Chemical Synthesis,84.42,none,0.0,772.2,1.0,Shift B (Evening),190.8,66.21
2026-08-28 20:00:00,Multistage Boiler Feedwater Injection Pump,High-Pressure Transport,56.04,none,0.0,0.0,1.0,Shift B (Evening),59.7,45.8
2026-08-28 20:00:00,Waste Heat Recovery Steam Generation Boiler,Steam Utility,22.13,natural_gas,85.51,0.0,1.0,Shift B (Evening),183.0,10.12
2026-08-28 20:00:00,Reciprocating Process Gas Compressor,Gas Compression Utility,90.02,none,0.0,0.0,1.0,Shift B (Evening),55.3,29.77
2026-08-28 20:00:00,Closed-Loop Brine Refrigeration Chiller,Thermal Cooling Utility,64.15,none,0.0,0.0,1.0,Shift B (Evening),-15.1,8.1
2026-08-28 21:00:00,Catalytic Steam Reforming Furnace,Reforming & Cracking,43.57,natural_gas,202.31,1141.2,1.0,Shift B (Evening),832.2,24.88
2026-08-28 21:00:00,Fractionation Distillation Column Reboiler,Fractionation & Separation,57.88,natural_gas,124.73,898.1,1.0,Shift B (Evening),206.3,4.48
2026-08-28 21:00:00,High-Pressure Exothermic Reactor Vessel,Chemical Synthesis,80.67,none,0.0,737.8,1.0,Shift B (Evening),187.3,63.47
2026-08-28 21:00:00,Multistage Boiler Feedwater Injection Pump,High-Pressure Transport,54.12,none,0.0,0.0,1.0,Shift B (Evening),58.9,44.38
2026-08-28 21:00:00,Waste Heat Recovery Steam Generation Boiler,Steam Utility,21.82,natural_gas,84.29,0.0,1.0,Shift B (Evening),183.3,10.15
2026-08-28 21:00:00,Reciprocating Process Gas Compressor,Gas Compression Utility,94.09,none,0.0,0.0,1.0,Shift B (Evening),55.3,30.33
2026-08-28 21:00:00,Closed-Loop Brine Refrigeration Chiller,Thermal Cooling Utility,65.22,none,0.0,0.0,1.0,Shift B (Evening),-15.0,7.83
2026-08-28 22:00:00,Catalytic Steam Reforming Furnace,Reforming & Cracking,40.44,natural_gas,187.74,1059.0,1.0,Shift C (Night),805.9,25.41
2026-08-28 22:00:00,Fractionation Distillation Column Reboiler,Fractionation & Separation,59.88,natural_gas,129.06,929.2,1.0,Shift C (Night),208.5,4.45
2026-08-28 22:00:00,High-Pressure Exothermic Reactor Vessel,Chemical Synthesis,82.03,none,0.0,750.3,1.0,Shift C (Night),192.1,63.43
2026-08-28 22:00:00,Multistage Boiler Feedwater Injection Pump,High-Pressure Transport,54.46,none,0.0,0.0,1.0,Shift C (Night),59.3,44.71
2026-08-28 22:00:00,Waste Heat Recovery Steam Generation Boiler,Steam Utility,21.76,natural_gas,84.08,0.0,1.0,Shift C (Night),183.1,10.29
2026-08-28 22:00:00,Reciprocating Process Gas Compressor,Gas Compression Utility,89.81,none,0.0,0.0,1.0,Shift C (Night),54.4,29.67
2026-08-28 22:00:00,Closed-Loop Brine Refrigeration Chiller,Thermal Cooling Utility,65.07,none,0.0,0.0,1.0,Shift C (Night),-14.9,7.91
2026-08-28 23:00:00,Catalytic Steam Reforming Furnace,Reforming & Cracking,41.88,natural_gas,194.46,1097.0,1.0,Shift C (Night),832.2,24.25
2026-08-28 23:00:00,Fractionation Distillation Column Reboiler,Fractionation & Separation,59.48,natural_gas,128.2,923.0,1.0,Shift C (Night),213.4,4.4
2026-08-28 23:00:00,High-Pressure Exothermic Reactor Vessel,Chemical Synthesis,83.78,none,0.0,766.3,1.0,Shift C (Night),188.2,64.81
2026-08-28 23:00:00,Multistage Boiler Feedwater Injection Pump,High-Pressure Transport,53.78,none,0.0,0.0,1.0,Shift C (Night),60.3,44.05
2026-08-28 23:00:00,Waste Heat Recovery Steam Generation Boiler,Steam Utility,22.5,natural_gas,86.95,0.0,1.0,Shift C (Night),181.4,10.28
2026-08-28 23:00:00,Reciprocating Process Gas Compressor,Gas Compression Utility,36.35,none,0.0,0.0,0.0,Shift C (Night),44.0,25.5
2026-08-28 23:00:00,Closed-Loop Brine Refrigeration Chiller,Thermal Cooling Utility,61.75,none,0.0,0.0,1.0,Shift C (Night),-15.2,7.92
2026-08-29 00:00:00,Catalytic Steam Reforming Furnace,Reforming & Cracking,42.67,natural_gas,198.12,1117.6,1.0,Shift C (Night),824.0,25.08
2026-08-29 00:00:00,Fractionation Distillation Column Reboiler,Fractionation & Separation,58.84,natural_gas,126.8,913.0,1.0,Shift C (Night),212.6,4.6
2026-08-29 00:00:00,High-Pressure Exothermic Reactor Vessel,Chemical Synthesis,1.89,none,0.0,0.0,0.0,Shift C (Night),30.5,0.0
2026-08-29 00:00:00,Multistage Boiler Feedwater Injection Pump,High-Pressure Transport,54.28,none,0.0,0.0,1.0,Shift C (Night),59.9,44.86
2026-08-29 00:00:00,Waste Heat Recovery Steam Generation Boiler,Steam Utility,22.6,natural_gas,87.32,0.0,1.0,Shift C (Night),185.3,9.93
2026-08-29 00:00:00,Reciprocating Process Gas Compressor,Gas Compression Utility,35.54,none,0.0,0.0,0.0,Shift C (Night),44.0,25.5
2026-08-29 00:00:00,Closed-Loop Brine Refrigeration Chiller,Thermal Cooling Utility,63.38,none,0.0,0.0,1.0,Shift C (Night),-15.0,7.78
2026-08-29 01:00:00,Catalytic Steam Reforming Furnace,Reforming & Cracking,42.35,natural_gas,196.63,1109.2,1.0,Shift C (Night),819.8,25.36
2026-08-29 01:00:00,Fractionation Distillation Column Reboiler,Fractionation & Separation,60.17,natural_gas,129.68,933.7,1.0,Shift C (Night),212.3,4.43
2026-08-29 01:00:00,High-Pressure Exothermic Reactor Vessel,Chemical Synthesis,1.67,none,0.0,0.0,0.0,Shift C (Night),28.3,0.0
2026-08-29 01:00:00,Multistage Boiler Feedwater Injection Pump,High-Pressure Transport,52.09,none,0.0,0.0,1.0,Shift C (Night),59.6,44.63
2026-08-29 01:00:00,Waste Heat Recovery Steam Generation Boiler,Steam Utility,22.57,natural_gas,87.21,0.0,1.0,Shift C (Night),181.9,9.93
2026-08-29 01:00:00,Reciprocating Process Gas Compressor,Gas Compression Utility,38.85,none,0.0,0.0,0.0,Shift C (Night),44.0,25.5
2026-08-29 01:00:00,Closed-Loop Brine Refrigeration Chiller,Thermal Cooling Utility,62.41,none,0.0,0.0,1.0,Shift C (Night),-15.1,7.8
2026-08-29 02:00:00,Catalytic Steam Reforming Furnace,Reforming & Cracking,42.3,natural_gas,196.39,1107.8,1.0,Shift C (Night),836.2,24.81
2026-08-29 02:00:00,Fractionation Distillation Column Reboiler,Fractionation & Separation,58.67,natural_gas,126.44,910.3,1.0,Shift C (Night),206.0,4.53
2026-08-29 02:00:00,High-Pressure Exothermic Reactor Vessel,Chemical Synthesis,1.74,none,0.0,0.0,0.0,Shift C (Night),30.9,0.0
2026-08-29 02:00:00,Multistage Boiler Feedwater Injection Pump,High-Pressure Transport,52.03,none,0.0,0.0,1.0,Shift C (Night),59.6,45.59
2026-08-29 02:00:00,Waste Heat Recovery Steam Generation Boiler,Steam Utility,22.23,natural_gas,85.88,0.0,1.0,Shift C (Night),188.2,10.22
2026-08-29 02:00:00,Reciprocating Process Gas Compressor,Gas Compression Utility,39.14,none,0.0,0.0,0.0,Shift C (Night),44.0,25.5
2026-08-29 02:00:00,Closed-Loop Brine Refrigeration Chiller,Thermal Cooling Utility,66.45,none,0.0,0.0,1.0,Shift C (Night),-14.9,7.86
2026-08-29 03:00:00,Catalytic Steam Reforming Furnace,Reforming & Cracking,43.15,natural_gas,200.32,1130.0,1.0,Shift C (Night),818.9,25.25
2026-08-29 03:00:00,Fractionation Distillation Column Reboiler,Fractionation & Separation,59.64,natural_gas,128.52,925.4,1.0,Shift C (Night),214.1,4.6
2026-08-29 03:00:00,High-Pressure Exothermic Reactor Vessel,Chemical Synthesis,0.61,none,0.0,0.0,0.0,Shift C (Night),29.0,0.0
2026-08-29 03:00:00,Multistage Boiler Feedwater Injection Pump,High-Pressure Transport,52.62,none,0.0,0.0,1.0,Shift C (Night),58.8,45.1
2026-08-29 03:00:00,Waste Heat Recovery Steam Generation Boiler,Steam Utility,22.26,natural_gas,86.01,0.0,1.0,Shift C (Night),184.4,10.09
2026-08-29 03:00:00,Reciprocating Process Gas Compressor,Gas Compression Utility,38.61,none,0.0,0.0,0.0,Shift C (Night),44.0,25.5
2026-08-29 03:00:00,Closed-Loop Brine Refrigeration Chiller,Thermal Cooling Utility,63.74,none,0.0,0.0,1.0,Shift C (Night),-15.0,8.15
2026-08-29 04:00:00,Catalytic Steam Reforming Furnace,Reforming & Cracking,41.7,natural_gas,193.61,1092.1,1.0,Shift C (Night),828.5,25.72
2026-08-29 04:00:00,Fractionation Distillation Column Reboiler,Fractionation & Separation,59.53,natural_gas,128.3,923.8,1.0,Shift C (Night),211.3,4.58
2026-08-29 04:00:00,High-Pressure Exothermic Reactor Vessel,Chemical Synthesis,1.75,none,0.0,0.0,0.0,Shift C (Night),28.3,0.0
2026-08-29 04:00:00,Multistage Boiler Feedwater Injection Pump,High-Pressure Transport,54.26,none,0.0,0.0,1.0,Shift C (Night),60.0,45.99
2026-08-29 04:00:00,Waste Heat Recovery Steam Generation Boiler,Steam Utility,22.42,natural_gas,86.63,0.0,1.0,Shift C (Night),181.5,10.06
2026-08-29 04:00:00,Reciprocating Process Gas Compressor,Gas Compression Utility,39.7,none,0.0,0.0,0.0,Shift C (Night),44.0,25.5
2026-08-29 04:00:00,Closed-Loop Brine Refrigeration Chiller,Thermal Cooling Utility,62.57,none,0.0,0.0,1.0,Shift C (Night),-15.2,8.04
2026-08-29 05:00:00,Catalytic Steam Reforming Furnace,Reforming & Cracking,40.55,natural_gas,188.26,1062.0,1.0,Shift C (Night),812.7,25.11
2026-08-29 05:00:00,Fractionation Distillation Column Reboiler,Fractionation & Separation,59.46,natural_gas,128.15,922.6,1.0,Shift C (Night),206.4,4.49
2026-08-29 05:00:00,High-Pressure Exothermic Reactor Vessel,Chemical Synthesis,0.67,none,0.0,0.0,0.0,Shift C (Night),28.8,0.0
2026-08-29 05:00:00,Multistage Boiler Feedwater Injection Pump,High-Pressure Transport,52.43,none,0.0,0.0,1.0,Shift C (Night),60.5,45.45
2026-08-29 05:00:00,Waste Heat Recovery Steam Generation Boiler,Steam Utility,22.05,natural_gas,85.19,0.0,1.0,Shift C (Night),183.9,10.21
2026-08-29 05:00:00,Reciprocating Process Gas Compressor,Gas Compression Utility,38.34,none,0.0,0.0,0.0,Shift C (Night),44.0,25.5
2026-08-29 05:00:00,Closed-Loop Brine Refrigeration Chiller,Thermal Cooling Utility,64.97,none,0.0,0.0,1.0,Shift C (Night),-15.0,8.16
2026-08-29 06:00:00,Catalytic Steam Reforming Furnace,Reforming & Cracking,43.18,natural_gas,200.48,1130.9,1.0,Shift A (Morning),829.3,24.38
2026-08-29 06:00:00,Fractionation Distillation Column Reboiler,Fractionation & Separation,58.79,natural_gas,126.71,912.3,1.0,Shift A (Morning),209.7,4.55
2026-08-29 06:00:00,High-Pressure Exothermic Reactor Vessel,Chemical Synthesis,82.04,none,0.0,750.4,1.0,Shift A (Morning),192.9,63.44
2026-08-29 06:00:00,Multistage Boiler Feedwater Injection Pump,High-Pressure Transport,54.27,none,0.0,0.0,1.0,Shift A (Morning),59.8,45.42
2026-08-29 06:00:00,Waste Heat Recovery Steam Generation Boiler,Steam Utility,22.41,natural_gas,86.6,0.0,1.0,Shift A (Morning),188.0,9.88
2026-08-29 06:00:00,Reciprocating Process Gas Compressor,Gas Compression Utility,35.14,none,0.0,0.0,0.0,Shift A (Morning),44.0,25.5
2026-08-29 06:00:00,Closed-Loop Brine Refrigeration Chiller,Thermal Cooling Utility,63.95,none,0.0,0.0,1.0,Shift A (Morning),-14.8,7.91
2026-08-29 07:00:00,Catalytic Steam Reforming Furnace,Reforming & Cracking,42.32,natural_gas,196.48,1108.3,1.0,Shift A (Morning),816.4,25.45
2026-08-29 07:00:00,Fractionation Distillation Column Reboiler,Fractionation & Separation,58.86,natural_gas,126.86,913.4,1.0,Shift A (Morning),214.1,4.59
2026-08-29 07:00:00,High-Pressure Exothermic Reactor Vessel,Chemical Synthesis,79.7,none,0.0,729.0,1.0,Shift A (Morning),188.9,66.23
2026-08-29 07:00:00,Multistage Boiler Feedwater Injection Pump,High-Pressure Transport,55.49,none,0.0,0.0,1.0,Shift A (Morning),61.1,44.64
2026-08-29 07:00:00,Waste Heat Recovery Steam Generation Boiler,Steam Utility,21.54,natural_gas,83.23,0.0,1.0,Shift A (Morning),188.2,10.2
2026-08-29 07:00:00,Reciprocating Process Gas Compressor,Gas Compression Utility,39.67,none,0.0,0.0,0.0,Shift A (Morning),44.0,25.5
2026-08-29 07:00:00,Closed-Loop Brine Refrigeration Chiller,Thermal Cooling Utility,64.83,none,0.0,0.0,1.0,Shift A (Morning),-15.2,8.11
2026-08-29 08:00:00,Catalytic Steam Reforming Furnace,Reforming & Cracking,42.95,natural_gas,199.41,1124.9,1.0,Shift A (Morning),823.6,24.78
2026-08-29 08:00:00,Fractionation Distillation Column Reboiler,Fractionation & Separation,55.91,natural_gas,120.49,867.5,1.0,Shift A (Morning),208.8,4.48
2026-08-29 08:00:00,High-Pressure Exothermic Reactor Vessel,Chemical Synthesis,83.62,none,0.0,764.8,1.0,Shift A (Morning),192.9,65.87
2026-08-29 08:00:00,Multistage Boiler Feedwater Injection Pump,High-Pressure Transport,53.64,none,0.0,0.0,1.0,Shift A (Morning),59.9,44.63
2026-08-29 08:00:00,Waste Heat Recovery Steam Generation Boiler,Steam Utility,21.33,natural_gas,82.42,0.0,1.0,Shift A (Morning),182.3,9.77
2026-08-29 08:00:00,Reciprocating Process Gas Compressor,Gas Compression Utility,38.63,none,0.0,0.0,0.0,Shift A (Morning),44.0,25.5
2026-08-29 08:00:00,Closed-Loop Brine Refrigeration Chiller,Thermal Cooling Utility,62.78,none,0.0,0.0,1.0,Shift A (Morning),-15.0,8.23
2026-08-29 09:00:00,Catalytic Steam Reforming Furnace,Reforming & Cracking,42.0,natural_gas,194.99,1099.9,1.0,Shift A (Morning),823.5,24.81
2026-08-29 09:00:00,Fractionation Distillation Column Reboiler,Fractionation & Separation,60.25,natural_gas,129.85,934.9,1.0,Shift A (Morning),213.6,4.55
2026-08-29 09:00:00,High-Pressure Exothermic Reactor Vessel,Chemical Synthesis,84.92,none,0.0,776.7,1.0,Shift A (Morning),191.2,64.25
2026-08-29 09:00:00,Multistage Boiler Feedwater Injection Pump,High-Pressure Transport,54.16,none,0.0,0.0,1.0,Shift A (Morning),59.7,45.28
2026-08-29 09:00:00,Waste Heat Recovery Steam Generation Boiler,Steam Utility,22.16,natural_gas,85.61,0.0,1.0,Shift A (Morning),186.9,9.81
2026-08-29 09:00:00,Reciprocating Process Gas Compressor,Gas Compression Utility,35.72,none,0.0,0.0,0.0,Shift A (Morning),44.0,25.5
2026-08-29 09:00:00,Closed-Loop Brine Refrigeration Chiller,Thermal Cooling Utility,61.62,none,0.0,0.0,1.0,Shift A (Morning),-14.7,7.86
2026-08-29 10:00:00,Catalytic Steam Reforming Furnace,Reforming & Cracking,42.66,natural_gas,198.07,1117.3,1.0,Shift A (Morning),832.9,24.89
2026-08-29 10:00:00,Fractionation Distillation Column Reboiler,Fractionation & Separation,58.36,natural_gas,125.78,905.6,1.0,Shift A (Morning),207.0,4.58
2026-08-29 10:00:00,High-Pressure Exothermic Reactor Vessel,Chemical Synthesis,79.45,none,0.0,726.7,1.0,Shift A (Morning),186.9,64.69
2026-08-29 10:00:00,Multistage Boiler Feedwater Injection Pump,High-Pressure Transport,54.37,none,0.0,0.0,1.0,Shift A (Morning),59.3,44.65
2026-08-29 10:00:00,Waste Heat Recovery Steam Generation Boiler,Steam Utility,22.31,natural_gas,86.21,0.0,1.0,Shift A (Morning),182.9,9.75
2026-08-29 10:00:00,Reciprocating Process Gas Compressor,Gas Compression Utility,38.82,none,0.0,0.0,0.0,Shift A (Morning),44.0,25.5
2026-08-29 10:00:00,Closed-Loop Brine Refrigeration Chiller,Thermal Cooling Utility,63.89,none,0.0,0.0,1.0,Shift A (Morning),-14.8,7.91
2026-08-29 11:00:00,Catalytic Steam Reforming Furnace,Reforming & Cracking,41.64,natural_gas,193.34,1090.6,1.0,Shift A (Morning),807.9,25.45
2026-08-29 11:00:00,Fractionation Distillation Column Reboiler,Fractionation & Separation,59.04,natural_gas,127.24,916.1,1.0,Shift A (Morning),209.8,4.43
2026-08-29 11:00:00,High-Pressure Exothermic Reactor Vessel,Chemical Synthesis,80.88,none,0.0,739.8,1.0,Shift A (Morning),188.7,64.7
2026-08-29 11:00:00,Multistage Boiler Feedwater Injection Pump,High-Pressure Transport,52.58,none,0.0,0.0,1.0,Shift A (Morning),59.1,45.47
2026-08-29 11:00:00,Waste Heat Recovery Steam Generation Boiler,Steam Utility,22.48,natural_gas,86.87,0.0,1.0,Shift A (Morning),188.4,9.85
2026-08-29 11:00:00,Reciprocating Process Gas Compressor,Gas Compression Utility,37.52,none,0.0,0.0,0.0,Shift A (Morning),44.0,25.5
2026-08-29 11:00:00,Closed-Loop Brine Refrigeration Chiller,Thermal Cooling Utility,62.02,none,0.0,0.0,1.0,Shift A (Morning),-15.0,7.95
2026-08-29 12:00:00,Catalytic Steam Reforming Furnace,Reforming & Cracking,43.19,natural_gas,200.53,1131.2,1.0,Shift A (Morning),822.9,24.69
2026-08-29 12:00:00,Fractionation Distillation Column Reboiler,Fractionation & Separation,57.39,natural_gas,123.68,890.5,1.0,Shift A (Morning),209.6,4.52
2026-08-29 12:00:00,High-Pressure Exothermic Reactor Vessel,Chemical Synthesis,79.8,none,0.0,729.9,1.0,Shift A (Morning),187.2,65.31
2026-08-29 12:00:00,Multistage Boiler Feedwater Injection Pump,High-Pressure Transport,52.2,none,0.0,0.0,1.0,Shift A (Morning),60.3,45.03
2026-08-29 12:00:00,Waste Heat Recovery Steam Generation Boiler,Steam Utility,21.71,natural_gas,83.88,0.0,1.0,Shift A (Morning),188.2,10.18
2026-08-29 12:00:00,Reciprocating Process Gas Compressor,Gas Compression Utility,37.84,none,0.0,0.0,0.0,Shift A (Morning),44.0,25.5
2026-08-29 12:00:00,Closed-Loop Brine Refrigeration Chiller,Thermal Cooling Utility,62.86,none,0.0,0.0,1.0,Shift A (Morning),-15.1,8.17
2026-08-29 13:00:00,Catalytic Steam Reforming Furnace,Reforming & Cracking,41.58,natural_gas,193.03,1088.9,1.0,Shift A (Morning),828.5,25.22
2026-08-29 13:00:00,Fractionation Distillation Column Reboiler,Fractionation & Separation,57.15,natural_gas,123.16,886.8,1.0,Shift A (Morning),213.9,4.55
2026-08-29 13:00:00,High-Pressure Exothermic Reactor Vessel,Chemical Synthesis,81.97,none,0.0,749.7,1.0,Shift A (Morning),189.9,66.35
2026-08-29 13:00:00,Multistage Boiler Feedwater Injection Pump,High-Pressure Transport,52.18,none,0.0,0.0,1.0,Shift A (Morning),59.5,43.85
2026-08-29 13:00:00,Waste Heat Recovery Steam Generation Boiler,Steam Utility,21.34,natural_gas,82.45,0.0,1.0,Shift A (Morning),183.5,9.88
2026-08-29 13:00:00,Reciprocating Process Gas Compressor,Gas Compression Utility,36.6,none,0.0,0.0,0.0,Shift A (Morning),44.0,25.5
2026-08-29 13:00:00,Closed-Loop Brine Refrigeration Chiller,Thermal Cooling Utility,63.23,none,0.0,0.0,1.0,Shift A (Morning),-15.0,8.09
2026-08-29 14:00:00,Catalytic Steam Reforming Furnace,Reforming & Cracking,40.55,natural_gas,188.27,1062.0,1.0,Shift B (Evening),814.4,24.78
2026-08-29 14:00:00,Fractionation Distillation Column Reboiler,Fractionation & Separation,59.66,natural_gas,128.57,925.7,1.0,Shift B (Evening),207.0,4.63
2026-08-29 14:00:00,High-Pressure Exothermic Reactor Vessel,Chemical Synthesis,79.76,none,0.0,729.5,1.0,Shift B (Evening),190.9,65.06
2026-08-29 14:00:00,Multistage Boiler Feedwater Injection Pump,High-Pressure Transport,55.01,none,0.0,0.0,1.0,Shift B (Evening),59.3,45.25
2026-08-29 14:00:00,Waste Heat Recovery Steam Generation Boiler,Steam Utility,22.62,natural_gas,87.41,0.0,1.0,Shift B (Evening),184.6,9.91
2026-08-29 14:00:00,Reciprocating Process Gas Compressor,Gas Compression Utility,37.09,none,0.0,0.0,0.0,Shift B (Evening),44.0,25.5
2026-08-29 14:00:00,Closed-Loop Brine Refrigeration Chiller,Thermal Cooling Utility,65.96,none,0.0,0.0,1.0,Shift B (Evening),-14.9,7.86
2026-08-29 15:00:00,Catalytic Steam Reforming Furnace,Reforming & Cracking,40.66,natural_gas,188.77,1064.8,1.0,Shift B (Evening),821.2,25.58
2026-08-29 15:00:00,Fractionation Distillation Column Reboiler,Fractionation & Separation,59.35,natural_gas,127.91,921.0,1.0,Shift B (Evening),214.0,4.58
2026-08-29 15:00:00,High-Pressure Exothermic Reactor Vessel,Chemical Synthesis,82.24,none,0.0,752.2,1.0,Shift B (Evening),188.7,64.61
2026-08-29 15:00:00,Multistage Boiler Feedwater Injection Pump,High-Pressure Transport,55.12,none,0.0,0.0,1.0,Shift B (Evening),59.3,46.14
2026-08-29 15:00:00,Waste Heat Recovery Steam Generation Boiler,Steam Utility,22.25,natural_gas,85.97,0.0,1.0,Shift B (Evening),183.3,10.18
2026-08-29 15:00:00,Reciprocating Process Gas Compressor,Gas Compression Utility,35.3,none,0.0,0.0,0.0,Shift B (Evening),44.0,25.5
2026-08-29 15:00:00,Closed-Loop Brine Refrigeration Chiller,Thermal Cooling Utility,65.11,none,0.0,0.0,1.0,Shift B (Evening),-14.7,7.83
2026-08-29 16:00:00,Catalytic Steam Reforming Furnace,Reforming & Cracking,41.96,natural_gas,194.79,1098.8,1.0,Shift B (Evening),828.2,24.96
2026-08-29 16:00:00,Fractionation Distillation Column Reboiler,Fractionation & Separation,58.57,natural_gas,126.22,908.8,1.0,Shift B (Evening),208.7,4.59
2026-08-29 16:00:00,High-Pressure Exothermic Reactor Vessel,Chemical Synthesis,79.71,none,0.0,729.0,1.0,Shift B (Evening),193.2,63.06
2026-08-29 16:00:00,Multistage Boiler Feedwater Injection Pump,High-Pressure Transport,55.52,none,0.0,0.0,1.0,Shift B (Evening),60.7,45.01
2026-08-29 16:00:00,Waste Heat Recovery Steam Generation Boiler,Steam Utility,22.66,natural_gas,87.57,0.0,1.0,Shift B (Evening),185.9,10.07
2026-08-29 16:00:00,Reciprocating Process Gas Compressor,Gas Compression Utility,39.69,none,0.0,0.0,0.0,Shift B (Evening),44.0,25.5
2026-08-29 16:00:00,Closed-Loop Brine Refrigeration Chiller,Thermal Cooling Utility,64.72,none,0.0,0.0,1.0,Shift B (Evening),-14.8,7.83
2026-08-29 17:00:00,Catalytic Steam Reforming Furnace,Reforming & Cracking,43.17,natural_gas,200.42,1130.6,1.0,Shift B (Evening),824.2,24.62
2026-08-29 17:00:00,Fractionation Distillation Column Reboiler,Fractionation & Separation,57.76,natural_gas,124.48,896.3,1.0,Shift B (Evening),213.8,4.42
2026-08-29 17:00:00,High-Pressure Exothermic Reactor Vessel,Chemical Synthesis,80.73,none,0.0,738.4,1.0,Shift B (Evening),190.0,65.52
2026-08-29 17:00:00,Multistage Boiler Feedwater Injection Pump,High-Pressure Transport,52.28,none,0.0,0.0,1.0,Shift B (Evening),59.6,45.0
2026-08-29 17:00:00,Waste Heat Recovery Steam Generation Boiler,Steam Utility,22.62,natural_gas,87.41,0.0,1.0,Shift B (Evening),183.5,9.92
2026-08-29 17:00:00,Reciprocating Process Gas Compressor,Gas Compression Utility,35.27,none,0.0,0.0,0.0,Shift B (Evening),44.0,25.5
2026-08-29 17:00:00,Closed-Loop Brine Refrigeration Chiller,Thermal Cooling Utility,61.91,none,0.0,0.0,1.0,Shift B (Evening),-15.3,7.96
2026-08-29 18:00:00,Catalytic Steam Reforming Furnace,Reforming & Cracking,43.15,natural_gas,200.33,1130.1,1.0,Shift B (Evening),832.4,24.49
2026-08-29 18:00:00,Fractionation Distillation Column Reboiler,Fractionation & Separation,56.55,natural_gas,121.87,877.5,1.0,Shift B (Evening),212.8,4.46
2026-08-29 18:00:00,High-Pressure Exothermic Reactor Vessel,Chemical Synthesis,1.05,none,0.0,0.0,0.0,Shift B (Evening),29.7,0.0
2026-08-29 18:00:00,Multistage Boiler Feedwater Injection Pump,High-Pressure Transport,52.54,none,0.0,0.0,1.0,Shift B (Evening),61.0,46.25
2026-08-29 18:00:00,Waste Heat Recovery Steam Generation Boiler,Steam Utility,22.58,natural_gas,87.25,0.0,1.0,Shift B (Evening),183.8,9.85
2026-08-29 18:00:00,Reciprocating Process Gas Compressor,Gas Compression Utility,36.95,none,0.0,0.0,0.0,Shift B (Evening),44.0,25.5
2026-08-29 18:00:00,Closed-Loop Brine Refrigeration Chiller,Thermal Cooling Utility,65.07,none,0.0,0.0,1.0,Shift B (Evening),-14.8,8.08
2026-08-29 19:00:00,Catalytic Steam Reforming Furnace,Reforming & Cracking,42.23,natural_gas,196.09,1106.1,1.0,Shift B (Evening),803.7,25.5
2026-08-29 19:00:00,Fractionation Distillation Column Reboiler,Fractionation & Separation,56.07,natural_gas,120.83,870.0,1.0,Shift B (Evening),209.5,4.54
2026-08-29 19:00:00,High-Pressure Exothermic Reactor Vessel,Chemical Synthesis,0.92,none,0.0,0.0,0.0,Shift B (Evening),29.5,0.0
2026-08-29 19:00:00,Multistage Boiler Feedwater Injection Pump,High-Pressure Transport,55.78,none,0.0,0.0,1.0,Shift B (Evening),61.0,45.81
2026-08-29 19:00:00,Waste Heat Recovery Steam Generation Boiler,Steam Utility,22.75,natural_gas,87.9,0.0,1.0,Shift B (Evening),187.5,9.86
2026-08-29 19:00:00,Reciprocating Process Gas Compressor,Gas Compression Utility,38.43,none,0.0,0.0,0.0,Shift B (Evening),44.0,25.5
2026-08-29 19:00:00,Closed-Loop Brine Refrigeration Chiller,Thermal Cooling Utility,65.13,none,0.0,0.0,1.0,Shift B (Evening),-14.7,7.78
2026-08-29 20:00:00,Catalytic Steam Reforming Furnace,Reforming & Cracking,42.98,natural_gas,199.55,1125.6,1.0,Shift B (Evening),834.0,25.04
2026-08-29 20:00:00,Fractionation Distillation Column Reboiler,Fractionation & Separation,60.25,natural_gas,129.85,934.9,1.0,Shift B (Evening),206.2,4.52
2026-08-29 20:00:00,High-Pressure Exothermic Reactor Vessel,Chemical Synthesis,1.68,none,0.0,0.0,0.0,Shift B (Evening),28.4,0.0
2026-08-29 20:00:00,Multistage Boiler Feedwater Injection Pump,High-Pressure Transport,52.66,none,0.0,0.0,1.0,Shift B (Evening),59.1,44.35
2026-08-29 20:00:00,Waste Heat Recovery Steam Generation Boiler,Steam Utility,22.46,natural_gas,86.79,0.0,1.0,Shift B (Evening),181.9,9.81
2026-08-29 20:00:00,Reciprocating Process Gas Compressor,Gas Compression Utility,39.56,none,0.0,0.0,0.0,Shift B (Evening),44.0,25.5
2026-08-29 20:00:00,Closed-Loop Brine Refrigeration Chiller,Thermal Cooling Utility,62.29,none,0.0,0.0,1.0,Shift B (Evening),-15.1,7.99
2026-08-29 21:00:00,Catalytic Steam Reforming Furnace,Reforming & Cracking,41.66,natural_gas,193.43,1091.1,1.0,Shift B (Evening),816.2,24.31
2026-08-29 21:00:00,Fractionation Distillation Column Reboiler,Fractionation & Separation,58.5,natural_gas,126.07,907.7,1.0,Shift B (Evening),209.5,4.54
2026-08-29 21:00:00,High-Pressure Exothermic Reactor Vessel,Chemical Synthesis,0.72,none,0.0,0.0,0.0,Shift B (Evening),30.9,0.0
2026-08-29 21:00:00,Multistage Boiler Feedwater Injection Pump,High-Pressure Transport,55.76,none,0.0,0.0,1.0,Shift B (Evening),59.4,44.17
2026-08-29 21:00:00,Waste Heat Recovery Steam Generation Boiler,Steam Utility,22.31,natural_gas,86.18,0.0,1.0,Shift B (Evening),184.5,9.92
2026-08-29 21:00:00,Reciprocating Process Gas Compressor,Gas Compression Utility,39.02,none,0.0,0.0,0.0,Shift B (Evening),44.0,25.5
2026-08-29 21:00:00,Closed-Loop Brine Refrigeration Chiller,Thermal Cooling Utility,62.16,none,0.0,0.0,1.0,Shift B (Evening),-14.9,8.21
2026-08-29 22:00:00,Catalytic Steam Reforming Furnace,Reforming & Cracking,43.01,natural_gas,199.68,1126.4,1.0,Shift C (Night),805.8,25.61
2026-08-29 22:00:00,Fractionation Distillation Column Reboiler,Fractionation & Separation,58.91,natural_gas,126.97,914.2,1.0,Shift C (Night),213.2,4.51
2026-08-29 22:00:00,High-Pressure Exothermic Reactor Vessel,Chemical Synthesis,1.21,none,0.0,0.0,0.0,Shift C (Night),30.5,0.0
2026-08-29 22:00:00,Multistage Boiler Feedwater Injection Pump,High-Pressure Transport,54.72,none,0.0,0.0,1.0,Shift C (Night),60.5,45.13
2026-08-29 22:00:00,Waste Heat Recovery Steam Generation Boiler,Steam Utility,22.12,natural_gas,85.45,0.0,1.0,Shift C (Night),186.5,9.81
2026-08-29 22:00:00,Reciprocating Process Gas Compressor,Gas Compression Utility,39.01,none,0.0,0.0,0.0,Shift C (Night),44.0,25.5
2026-08-29 22:00:00,Closed-Loop Brine Refrigeration Chiller,Thermal Cooling Utility,64.47,none,0.0,0.0,1.0,Shift C (Night),-14.8,8.15
2026-08-29 23:00:00,Catalytic Steam Reforming Furnace,Reforming & Cracking,43.22,natural_gas,200.66,1131.9,1.0,Shift C (Night),824.7,24.4
2026-08-29 23:00:00,Fractionation Distillation Column Reboiler,Fractionation & Separation,56.99,natural_gas,122.83,884.4,1.0,Shift C (Night),210.6,4.61
2026-08-29 23:00:00,High-Pressure Exothermic Reactor Vessel,Chemical Synthesis,0.98,none,0.0,0.0,0.0,Shift C (Night),28.5,0.0
2026-08-29 23:00:00,Multistage Boiler Feedwater Injection Pump,High-Pressure Transport,52.32,none,0.0,0.0,1.0,Shift C (Night),58.8,43.88
2026-08-29 23:00:00,Waste Heat Recovery Steam Generation Boiler,Steam Utility,22.56,natural_gas,87.15,0.0,1.0,Shift C (Night),188.4,10.12
2026-08-29 23:00:00,Reciprocating Process Gas Compressor,Gas Compression Utility,36.98,none,0.0,0.0,0.0,Shift C (Night),44.0,25.5
2026-08-29 23:00:00,Closed-Loop Brine Refrigeration Chiller,Thermal Cooling Utility,64.4,none,0.0,0.0,1.0,Shift C (Night),-14.8,7.82
2026-08-30 00:00:00,Catalytic Steam Reforming Furnace,Reforming & Cracking,43.19,natural_gas,200.53,1131.2,1.0,Shift C (Night),817.1,24.48
2026-08-30 00:00:00,Fractionation Distillation Column Reboiler,Fractionation & Separation,59.88,natural_gas,129.06,929.2,1.0,Shift C (Night),212.8,4.59
2026-08-30 00:00:00,High-Pressure Exothermic Reactor Vessel,Chemical Synthesis,0.64,none,0.0,0.0,0.0,Shift C (Night),29.8,0.0
2026-08-30 00:00:00,Multistage Boiler Feedwater Injection Pump,High-Pressure Transport,55.68,none,0.0,0.0,1.0,Shift C (Night),59.2,45.32
2026-08-30 00:00:00,Waste Heat Recovery Steam Generation Boiler,Steam Utility,22.01,natural_gas,85.04,0.0,1.0,Shift C (Night),183.5,9.88
2026-08-30 00:00:00,Reciprocating Process Gas Compressor,Gas Compression Utility,38.09,none,0.0,0.0,0.0,Shift C (Night),44.0,25.5
2026-08-30 00:00:00,Closed-Loop Brine Refrigeration Chiller,Thermal Cooling Utility,64.02,none,0.0,0.0,1.0,Shift C (Night),-15.3,7.95
2026-08-30 01:00:00,Catalytic Steam Reforming Furnace,Reforming & Cracking,41.54,natural_gas,192.88,1088.0,1.0,Shift C (Night),813.4,24.36
2026-08-30 01:00:00,Fractionation Distillation Column Reboiler,Fractionation & Separation,58.2,natural_gas,125.42,903.1,1.0,Shift C (Night),209.7,4.62
2026-08-30 01:00:00,High-Pressure Exothermic Reactor Vessel,Chemical Synthesis,1.44,none,0.0,0.0,0.0,Shift C (Night),29.0,0.0
2026-08-30 01:00:00,Multistage Boiler Feedwater Injection Pump,High-Pressure Transport,53.51,none,0.0,0.0,1.0,Shift C (Night),60.9,44.53
2026-08-30 01:00:00,Waste Heat Recovery Steam Generation Boiler,Steam Utility,22.19,natural_gas,85.73,0.0,1.0,Shift C (Night),182.1,9.95
2026-08-30 01:00:00,Reciprocating Process Gas Compressor,Gas Compression Utility,39.78,none,0.0,0.0,0.0,Shift C (Night),44.0,25.5
2026-08-30 01:00:00,Closed-Loop Brine Refrigeration Chiller,Thermal Cooling Utility,64.99,none,0.0,0.0,1.0,Shift C (Night),-15.0,8.24
2026-08-30 02:00:00,Catalytic Steam Reforming Furnace,Reforming & Cracking,43.57,natural_gas,202.28,1141.1,1.0,Shift C (Night),809.9,24.47
2026-08-30 02:00:00,Fractionation Distillation Column Reboiler,Fractionation & Separation,56.21,natural_gas,121.14,872.2,1.0,Shift C (Night),211.3,4.61
2026-08-30 02:00:00,High-Pressure Exothermic Reactor Vessel,Chemical Synthesis,0.74,none,0.0,0.0,0.0,Shift C (Night),28.2,0.0
2026-08-30 02:00:00,Multistage Boiler Feedwater Injection Pump,High-Pressure Transport,53.2,none,0.0,0.0,1.0,Shift C (Night),59.1,43.93
2026-08-30 02:00:00,Waste Heat Recovery Steam Generation Boiler,Steam Utility,21.83,natural_gas,84.34,0.0,1.0,Shift C (Night),187.8,10.16
2026-08-30 02:00:00,Reciprocating Process Gas Compressor,Gas Compression Utility,39.44,none,0.0,0.0,0.0,Shift C (Night),44.0,25.5
2026-08-30 02:00:00,Closed-Loop Brine Refrigeration Chiller,Thermal Cooling Utility,62.65,none,0.0,0.0,1.0,Shift C (Night),-14.8,7.88
2026-08-30 03:00:00,Catalytic Steam Reforming Furnace,Reforming & Cracking,42.72,natural_gas,198.36,1118.9,1.0,Shift C (Night),804.0,24.44
2026-08-30 03:00:00,Fractionation Distillation Column Reboiler,Fractionation & Separation,59.77,natural_gas,128.81,927.5,1.0,Shift C (Night),213.2,4.61
2026-08-30 03:00:00,High-Pressure Exothermic Reactor Vessel,Chemical Synthesis,1.15,none,0.0,0.0,0.0,Shift C (Night),31.8,0.0
2026-08-30 03:00:00,Multistage Boiler Feedwater Injection Pump,High-Pressure Transport,53.9,none,0.0,0.0,1.0,Shift C (Night),59.0,44.31
2026-08-30 03:00:00,Waste Heat Recovery Steam Generation Boiler,Steam Utility,22.49,natural_gas,86.91,0.0,1.0,Shift C (Night),181.4,9.78
2026-08-30 03:00:00,Reciprocating Process Gas Compressor,Gas Compression Utility,36.23,none,0.0,0.0,0.0,Shift C (Night),44.0,25.5
2026-08-30 03:00:00,Closed-Loop Brine Refrigeration Chiller,Thermal Cooling Utility,65.72,none,0.0,0.0,1.0,Shift C (Night),-15.2,7.88
2026-08-30 04:00:00,Catalytic Steam Reforming Furnace,Reforming & Cracking,41.13,natural_gas,190.97,1077.3,1.0,Shift C (Night),817.5,25.45
2026-08-30 04:00:00,Fractionation Distillation Column Reboiler,Fractionation & Separation,59.45,natural_gas,128.14,922.6,1.0,Shift C (Night),209.8,4.37
2026-08-30 04:00:00,High-Pressure Exothermic Reactor Vessel,Chemical Synthesis,1.68,none,0.0,0.0,0.0,Shift C (Night),30.5,0.0
2026-08-30 04:00:00,Multistage Boiler Feedwater Injection Pump,High-Pressure Transport,55.0,none,0.0,0.0,1.0,Shift C (Night),60.4,45.36
2026-08-30 04:00:00,Waste Heat Recovery Steam Generation Boiler,Steam Utility,22.28,natural_gas,86.1,0.0,1.0,Shift C (Night),185.7,10.02
2026-08-30 04:00:00,Reciprocating Process Gas Compressor,Gas Compression Utility,38.2,none,0.0,0.0,0.0,Shift C (Night),44.0,25.5
2026-08-30 04:00:00,Closed-Loop Brine Refrigeration Chiller,Thermal Cooling Utility,66.1,none,0.0,0.0,1.0,Shift C (Night),-15.0,7.95
2026-08-30 05:00:00,Catalytic Steam Reforming Furnace,Reforming & Cracking,41.9,natural_gas,194.53,1097.3,1.0,Shift C (Night),805.3,25.06
2026-08-30 05:00:00,Fractionation Distillation Column Reboiler,Fractionation & Separation,59.75,natural_gas,128.77,927.1,1.0,Shift C (Night),213.1,4.5
2026-08-30 05:00:00,High-Pressure Exothermic Reactor Vessel,Chemical Synthesis,0.79,none,0.0,0.0,0.0,Shift C (Night),28.2,0.0
2026-08-30 05:00:00,Multistage Boiler Feedwater Injection Pump,High-Pressure Transport,54.65,none,0.0,0.0,1.0,Shift C (Night),59.2,44.44
2026-08-30 05:00:00,Waste Heat Recovery Steam Generation Boiler,Steam Utility,22.33,natural_gas,86.28,0.0,1.0,Shift C (Night),181.5,10.2
2026-08-30 05:00:00,Reciprocating Process Gas Compressor,Gas Compression Utility,38.49,none,0.0,0.0,0.0,Shift C (Night),44.0,25.5
2026-08-30 05:00:00,Closed-Loop Brine Refrigeration Chiller,Thermal Cooling Utility,65.96,none,0.0,0.0,1.0,Shift C (Night),-14.9,7.8
2026-08-30 06:00:00,Catalytic Steam Reforming Furnace,Reforming & Cracking,42.63,natural_gas,197.93,1116.5,1.0,Shift A (Morning),830.3,25.38
2026-08-30 06:00:00,Fractionation Distillation Column Reboiler,Fractionation & Separation,59.0,natural_gas,127.15,915.5,1.0,Shift A (Morning),209.9,4.61
2026-08-30 06:00:00,High-Pressure Exothermic Reactor Vessel,Chemical Synthesis,1.0,none,0.0,0.0,0.0,Shift A (Morning),29.8,0.0
2026-08-30 06:00:00,Multistage Boiler Feedwater Injection Pump,High-Pressure Transport,56.05,none,0.0,0.0,1.0,Shift A (Morning),59.6,44.14
2026-08-30 06:00:00,Waste Heat Recovery Steam Generation Boiler,Steam Utility,21.73,natural_gas,83.96,0.0,1.0,Shift A (Morning),187.9,9.96
2026-08-30 06:00:00,Reciprocating Process Gas Compressor,Gas Compression Utility,39.05,none,0.0,0.0,0.0,Shift A (Morning),44.0,25.5
2026-08-30 06:00:00,Closed-Loop Brine Refrigeration Chiller,Thermal Cooling Utility,66.5,none,0.0,0.0,1.0,Shift A (Morning),-15.1,7.86
2026-08-30 07:00:00,Catalytic Steam Reforming Furnace,Reforming & Cracking,40.92,natural_gas,189.97,1071.7,1.0,Shift A (Morning),836.3,24.9
2026-08-30 07:00:00,Fractionation Distillation Column Reboiler,Fractionation & Separation,59.04,natural_gas,127.24,916.1,1.0,Shift A (Morning),212.1,4.56
2026-08-30 07:00:00,High-Pressure Exothermic Reactor Vessel,Chemical Synthesis,1.41,none,0.0,0.0,0.0,Shift A (Morning),29.3,0.0
2026-08-30 07:00:00,Multistage Boiler Feedwater Injection Pump,High-Pressure Transport,52.64,none,0.0,0.0,1.0,Shift A (Morning),60.1,43.93
2026-08-30 07:00:00,Waste Heat Recovery Steam Generation Boiler,Steam Utility,22.09,natural_gas,85.35,0.0,1.0,Shift A (Morning),187.2,10.01
2026-08-30 07:00:00,Reciprocating Process Gas Compressor,Gas Compression Utility,35.95,none,0.0,0.0,0.0,Shift A (Morning),44.0,25.5
2026-08-30 07:00:00,Closed-Loop Brine Refrigeration Chiller,Thermal Cooling Utility,63.39,none,0.0,0.0,1.0,Shift A (Morning),-14.8,8.08
2026-08-30 08:00:00,Catalytic Steam Reforming Furnace,Reforming & Cracking,40.88,natural_gas,189.8,1070.6,1.0,Shift A (Morning),831.0,25.07
2026-08-30 08:00:00,Fractionation Distillation Column Reboiler,Fractionation & Separation,57.66,natural_gas,124.26,894.7,1.0,Shift A (Morning),206.0,4.6
2026-08-30 08:00:00,High-Pressure Exothermic Reactor Vessel,Chemical Synthesis,1.63,none,0.0,0.0,0.0,Shift A (Morning),28.2,0.0
2026-08-30 08:00:00,Multistage Boiler Feedwater Injection Pump,High-Pressure Transport,52.62,none,0.0,0.0,1.0,Shift A (Morning),60.9,44.6
2026-08-30 08:00:00,Waste Heat Recovery Steam Generation Boiler,Steam Utility,22.73,natural_gas,87.82,0.0,1.0,Shift A (Morning),187.0,9.84
2026-08-30 08:00:00,Reciprocating Process Gas Compressor,Gas Compression Utility,37.61,none,0.0,0.0,0.0,Shift A (Morning),44.0,25.5
2026-08-30 08:00:00,Closed-Loop Brine Refrigeration Chiller,Thermal Cooling Utility,64.52,none,0.0,0.0,1.0,Shift A (Morning),-15.0,7.79
2026-08-30 09:00:00,Catalytic Steam Reforming Furnace,Reforming & Cracking,40.59,natural_gas,188.46,1063.1,1.0,Shift A (Morning),817.6,25.12
2026-08-30 09:00:00,Fractionation Distillation Column Reboiler,Fractionation & Separation,56.55,natural_gas,121.87,877.5,1.0,Shift A (Morning),206.5,4.42
2026-08-30 09:00:00,High-Pressure Exothermic Reactor Vessel,Chemical Synthesis,0.95,none,0.0,0.0,0.0,Shift A (Morning),30.8,0.0
2026-08-30 09:00:00,Multistage Boiler Feedwater Injection Pump,High-Pressure Transport,54.95,none,0.0,0.0,1.0,Shift A (Morning),59.6,45.85
2026-08-30 09:00:00,Waste Heat Recovery Steam Generation Boiler,Steam Utility,22.85,natural_gas,88.29,0.0,1.0,Shift A (Morning),188.7,9.7
2026-08-30 09:00:00,Reciprocating Process Gas Compressor,Gas Compression Utility,37.4,none,0.0,0.0,0.0,Shift A (Morning),44.0,25.5
2026-08-30 09:00:00,Closed-Loop Brine Refrigeration Chiller,Thermal Cooling Utility,61.47,none,0.0,0.0,1.0,Shift A (Morning),-15.0,8.2
2026-08-30 10:00:00,Catalytic Steam Reforming Furnace,Reforming & Cracking,43.35,natural_gas,201.28,1135.4,1.0,Shift A (Morning),822.2,25.24
2026-08-30 10:00:00,Fractionation Distillation Column Reboiler,Fractionation & Separation,58.51,natural_gas,126.09,907.9,1.0,Shift A (Morning),212.5,4.47
2026-08-30 10:00:00,High-Pressure Exothermic Reactor Vessel,Chemical Synthesis,1.7,none,0.0,0.0,0.0,Shift A (Morning),29.8,0.0
2026-08-30 10:00:00,Multistage Boiler Feedwater Injection Pump,High-Pressure Transport,54.02,none,0.0,0.0,1.0,Shift A (Morning),60.5,44.77
2026-08-30 10:00:00,Waste Heat Recovery Steam Generation Boiler,Steam Utility,22.47,natural_gas,86.83,0.0,1.0,Shift A (Morning),183.1,10.26
2026-08-30 10:00:00,Reciprocating Process Gas Compressor,Gas Compression Utility,39.06,none,0.0,0.0,0.0,Shift A (Morning),44.0,25.5
2026-08-30 10:00:00,Closed-Loop Brine Refrigeration Chiller,Thermal Cooling Utility,66.11,none,0.0,0.0,1.0,Shift A (Morning),-14.9,8.05
2026-08-30 11:00:00,Catalytic Steam Reforming Furnace,Reforming & Cracking,43.09,natural_gas,200.04,1128.4,1.0,Shift A (Morning),821.7,25.36
2026-08-30 11:00:00,Fractionation Distillation Column Reboiler,Fractionation & Separation,56.97,natural_gas,122.78,884.0,1.0,Shift A (Morning),207.2,4.61
2026-08-30 11:00:00,High-Pressure Exothermic Reactor Vessel,Chemical Synthesis,1.42,none,0.0,0.0,0.0,Shift A (Morning),29.3,0.0
2026-08-30 11:00:00,Multistage Boiler Feedwater Injection Pump,High-Pressure Transport,52.69,none,0.0,0.0,1.0,Shift A (Morning),60.8,44.16
2026-08-30 11:00:00,Waste Heat Recovery Steam Generation Boiler,Steam Utility,21.18,natural_gas,81.84,0.0,1.0,Shift A (Morning),183.7,9.74
2026-08-30 11:00:00,Reciprocating Process Gas Compressor,Gas Compression Utility,36.47,none,0.0,0.0,0.0,Shift A (Morning),44.0,25.5
2026-08-30 11:00:00,Closed-Loop Brine Refrigeration Chiller,Thermal Cooling Utility,64.42,none,0.0,0.0,1.0,Shift A (Morning),-14.8,8.09
2026-08-30 12:00:00,Catalytic Steam Reforming Furnace,Reforming & Cracking,40.69,natural_gas,188.91,1065.7,1.0,Shift A (Morning),828.1,25.64
2026-08-30 12:00:00,Fractionation Distillation Column Reboiler,Fractionation & Separation,56.14,natural_gas,121.0,871.2,1.0,Shift A (Morning),210.8,4.5
2026-08-30 12:00:00,High-Pressure Exothermic Reactor Vessel,Chemical Synthesis,1.08,none,0.0,0.0,0.0,Shift A (Morning),30.7,0.0
2026-08-30 12:00:00,Multistage Boiler Feedwater Injection Pump,High-Pressure Transport,56.06,none,0.0,0.0,1.0,Shift A (Morning),60.7,44.81
2026-08-30 12:00:00,Waste Heat Recovery Steam Generation Boiler,Steam Utility,21.83,natural_gas,84.33,0.0,1.0,Shift A (Morning),183.9,10.06
2026-08-30 12:00:00,Reciprocating Process Gas Compressor,Gas Compression Utility,39.71,none,0.0,0.0,0.0,Shift A (Morning),44.0,25.5
2026-08-30 12:00:00,Closed-Loop Brine Refrigeration Chiller,Thermal Cooling Utility,63.16,none,0.0,0.0,1.0,Shift A (Morning),-14.7,7.79
2026-08-30 13:00:00,Catalytic Steam Reforming Furnace,Reforming & Cracking,41.12,natural_gas,190.9,1076.9,1.0,Shift A (Morning),832.6,25.61
2026-08-30 13:00:00,Fractionation Distillation Column Reboiler,Fractionation & Separation,56.33,natural_gas,121.41,874.1,1.0,Shift A (Morning),208.0,4.48
2026-08-30 13:00:00,High-Pressure Exothermic Reactor Vessel,Chemical Synthesis,1.58,none,0.0,0.0,0.0,Shift A (Morning),31.4,0.0
2026-08-30 13:00:00,Multistage Boiler Feedwater Injection Pump,High-Pressure Transport,55.24,none,0.0,0.0,1.0,Shift A (Morning),59.9,46.24
2026-08-30 13:00:00,Waste Heat Recovery Steam Generation Boiler,Steam Utility,21.19,natural_gas,81.87,0.0,1.0,Shift A (Morning),186.5,10.23
2026-08-30 13:00:00,Reciprocating Process Gas Compressor,Gas Compression Utility,39.13,none,0.0,0.0,0.0,Shift A (Morning),44.0,25.5
2026-08-30 13:00:00,Closed-Loop Brine Refrigeration Chiller,Thermal Cooling Utility,62.32,none,0.0,0.0,1.0,Shift A (Morning),-15.1,8.02
2026-08-30 14:00:00,Catalytic Steam Reforming Furnace,Reforming & Cracking,40.79,natural_gas,189.38,1068.3,1.0,Shift B (Evening),806.2,24.34
2026-08-30 14:00:00,Fractionation Distillation Column Reboiler,Fractionation & Separation,59.36,natural_gas,127.92,921.1,1.0,Shift B (Evening),210.2,4.53
2026-08-30 14:00:00,High-Pressure Exothermic Reactor Vessel,Chemical Synthesis,1.62,none,0.0,0.0,0.0,Shift B (Evening),31.0,0.0
2026-08-30 14:00:00,Multistage Boiler Feedwater Injection Pump,High-Pressure Transport,53.37,none,0.0,0.0,1.0,Shift B (Evening),60.9,45.47
2026-08-30 14:00:00,Waste Heat Recovery Steam Generation Boiler,Steam Utility,22.43,natural_gas,86.64,0.0,1.0,Shift B (Evening),187.6,9.89
2026-08-30 14:00:00,Reciprocating Process Gas Compressor,Gas Compression Utility,35.7,none,0.0,0.0,0.0,Shift B (Evening),44.0,25.5
2026-08-30 14:00:00,Closed-Loop Brine Refrigeration Chiller,Thermal Cooling Utility,65.64,none,0.0,0.0,1.0,Shift B (Evening),-14.7,7.84
2026-08-30 15:00:00,Catalytic Steam Reforming Furnace,Reforming & Cracking,42.84,natural_gas,198.89,1121.9,1.0,Shift B (Evening),834.7,24.88
2026-08-30 15:00:00,Fractionation Distillation Column Reboiler,Fractionation & Separation,59.19,natural_gas,127.57,918.5,1.0,Shift B (Evening),210.0,4.59
2026-08-30 15:00:00,High-Pressure Exothermic Reactor Vessel,Chemical Synthesis,0.7,none,0.0,0.0,0.0,Shift B (Evening),29.2,0.0
2026-08-30 15:00:00,Multistage Boiler Feedwater Injection Pump,High-Pressure Transport,55.47,none,0.0,0.0,1.0,Shift B (Evening),59.3,46.32
2026-08-30 15:00:00,Waste Heat Recovery Steam Generation Boiler,Steam Utility,21.31,natural_gas,82.32,0.0,1.0,Shift B (Evening),181.4,10.02
2026-08-30 15:00:00,Reciprocating Process Gas Compressor,Gas Compression Utility,37.01,none,0.0,0.0,0.0,Shift B (Evening),44.0,25.5
2026-08-30 15:00:00,Closed-Loop Brine Refrigeration Chiller,Thermal Cooling Utility,66.43,none,0.0,0.0,1.0,Shift B (Evening),-14.7,7.97
2026-08-30 16:00:00,Catalytic Steam Reforming Furnace,Reforming & Cracking,42.9,natural_gas,199.16,1123.5,1.0,Shift B (Evening),829.2,25.12
2026-08-30 16:00:00,Fractionation Distillation Column Reboiler,Fractionation & Separation,56.88,natural_gas,122.59,882.7,1.0,Shift B (Evening),212.8,4.37
2026-08-30 16:00:00,High-Pressure Exothermic Reactor Vessel,Chemical Synthesis,1.74,none,0.0,0.0,0.0,Shift B (Evening),30.1,0.0
2026-08-30 16:00:00,Multistage Boiler Feedwater Injection Pump,High-Pressure Transport,54.04,none,0.0,0.0,1.0,Shift B (Evening),58.8,45.55
2026-08-30 16:00:00,Waste Heat Recovery Steam Generation Boiler,Steam Utility,21.64,natural_gas,83.63,0.0,1.0,Shift B (Evening),188.3,10.13
2026-08-30 16:00:00,Reciprocating Process Gas Compressor,Gas Compression Utility,38.39,none,0.0,0.0,0.0,Shift B (Evening),44.0,25.5
2026-08-30 16:00:00,Closed-Loop Brine Refrigeration Chiller,Thermal Cooling Utility,66.14,none,0.0,0.0,1.0,Shift B (Evening),-14.8,8.0
2026-08-30 17:00:00,Catalytic Steam Reforming Furnace,Reforming & Cracking,41.34,natural_gas,191.95,1082.8,1.0,Shift B (Evening),826.8,24.29
2026-08-30 17:00:00,Fractionation Distillation Column Reboiler,Fractionation & Separation,56.08,natural_gas,120.87,870.3,1.0,Shift B (Evening),206.2,4.5
2026-08-30 17:00:00,High-Pressure Exothermic Reactor Vessel,Chemical Synthesis,1.96,none,0.0,0.0,0.0,Shift B (Evening),28.3,0.0
2026-08-30 17:00:00,Multistage Boiler Feedwater Injection Pump,High-Pressure Transport,54.58,none,0.0,0.0,1.0,Shift B (Evening),59.9,44.85
2026-08-30 17:00:00,Waste Heat Recovery Steam Generation Boiler,Steam Utility,22.51,natural_gas,86.99,0.0,1.0,Shift B (Evening),182.7,10.16
2026-08-30 17:00:00,Reciprocating Process Gas Compressor,Gas Compression Utility,36.41,none,0.0,0.0,0.0,Shift B (Evening),44.0,25.5
2026-08-30 17:00:00,Closed-Loop Brine Refrigeration Chiller,Thermal Cooling Utility,64.55,none,0.0,0.0,1.0,Shift B (Evening),-15.0,8.2
2026-08-30 18:00:00,Catalytic Steam Reforming Furnace,Reforming & Cracking,40.36,natural_gas,187.37,1056.9,1.0,Shift B (Evening),825.4,25.69
2026-08-30 18:00:00,Fractionation Distillation Column Reboiler,Fractionation & Separation,56.98,natural_gas,122.8,884.2,1.0,Shift B (Evening),211.2,4.54
2026-08-30 18:00:00,High-Pressure Exothermic Reactor Vessel,Chemical Synthesis,0.96,none,0.0,0.0,0.0,Shift B (Evening),30.9,0.0
2026-08-30 18:00:00,Multistage Boiler Feedwater Injection Pump,High-Pressure Transport,53.17,none,0.0,0.0,1.0,Shift B (Evening),59.1,43.77
2026-08-30 18:00:00,Waste Heat Recovery Steam Generation Boiler,Steam Utility,21.76,natural_gas,84.06,0.0,1.0,Shift B (Evening),187.7,10.18
2026-08-30 18:00:00,Reciprocating Process Gas Compressor,Gas Compression Utility,36.47,none,0.0,0.0,0.0,Shift B (Evening),44.0,25.5
2026-08-30 18:00:00,Closed-Loop Brine Refrigeration Chiller,Thermal Cooling Utility,63.46,none,0.0,0.0,1.0,Shift B (Evening),-14.7,8.06
2026-08-30 19:00:00,Catalytic Steam Reforming Furnace,Reforming & Cracking,40.69,natural_gas,188.92,1065.7,1.0,Shift B (Evening),807.6,24.75
2026-08-30 19:00:00,Fractionation Distillation Column Reboiler,Fractionation & Separation,57.23,natural_gas,123.34,888.0,1.0,Shift B (Evening),212.1,4.52
2026-08-30 19:00:00,High-Pressure Exothermic Reactor Vessel,Chemical Synthesis,0.79,none,0.0,0.0,0.0,Shift B (Evening),30.9,0.0
2026-08-30 19:00:00,Multistage Boiler Feedwater Injection Pump,High-Pressure Transport,55.12,none,0.0,0.0,1.0,Shift B (Evening),61.2,45.5
2026-08-30 19:00:00,Waste Heat Recovery Steam Generation Boiler,Steam Utility,21.35,natural_gas,82.47,0.0,1.0,Shift B (Evening),183.0,10.28
2026-08-30 19:00:00,Reciprocating Process Gas Compressor,Gas Compression Utility,37.12,none,0.0,0.0,0.0,Shift B (Evening),44.0,25.5
2026-08-30 19:00:00,Closed-Loop Brine Refrigeration Chiller,Thermal Cooling Utility,65.85,none,0.0,0.0,1.0,Shift B (Evening),-15.1,7.82
2026-08-30 20:00:00,Catalytic Steam Reforming Furnace,Reforming & Cracking,40.61,natural_gas,188.53,1063.5,1.0,Shift B (Evening),816.0,25.42
2026-08-30 20:00:00,Fractionation Distillation Column Reboiler,Fractionation & Separation,58.98,natural_gas,127.11,915.2,1.0,Shift B (Evening),212.5,4.53
2026-08-30 20:00:00,High-Pressure Exothermic Reactor Vessel,Chemical Synthesis,1.66,none,0.0,0.0,0.0,Shift B (Evening),31.8,0.0
2026-08-30 20:00:00,Multistage Boiler Feedwater Injection Pump,High-Pressure Transport,54.23,none,0.0,0.0,1.0,Shift B (Evening),60.5,46.1
2026-08-30 20:00:00,Waste Heat Recovery Steam Generation Boiler,Steam Utility,22.57,natural_gas,87.2,0.0,1.0,Shift B (Evening),184.9,9.99
2026-08-30 20:00:00,Reciprocating Process Gas Compressor,Gas Compression Utility,37.19,none,0.0,0.0,0.0,Shift B (Evening),44.0,25.5
2026-08-30 20:00:00,Closed-Loop Brine Refrigeration Chiller,Thermal Cooling Utility,63.34,none,0.0,0.0,1.0,Shift B (Evening),-14.7,8.0
2026-08-30 21:00:00,Catalytic Steam Reforming Furnace,Reforming & Cracking,41.88,natural_gas,194.45,1096.9,1.0,Shift B (Evening),806.1,25.43
2026-08-30 21:00:00,Fractionation Distillation Column Reboiler,Fractionation & Separation,58.49,natural_gas,126.06,907.7,1.0,Shift B (Evening),206.5,4.63
2026-08-30 21:00:00,High-Pressure Exothermic Reactor Vessel,Chemical Synthesis,0.91,none,0.0,0.0,0.0,Shift B (Evening),29.8,0.0
2026-08-30 21:00:00,Multistage Boiler Feedwater Injection Pump,High-Pressure Transport,54.59,none,0.0,0.0,1.0,Shift B (Evening),59.2,44.4
2026-08-30 21:00:00,Waste Heat Recovery Steam Generation Boiler,Steam Utility,21.96,natural_gas,84.84,0.0,1.0,Shift B (Evening),181.6,9.92
2026-08-30 21:00:00,Reciprocating Process Gas Compressor,Gas Compression Utility,37.93,none,0.0,0.0,0.0,Shift B (Evening),44.0,25.5
2026-08-30 21:00:00,Closed-Loop Brine Refrigeration Chiller,Thermal Cooling Utility,63.07,none,0.0,0.0,1.0,Shift B (Evening),-15.1,7.96
2026-08-30 22:00:00,Catalytic Steam Reforming Furnace,Reforming & Cracking,42.03,natural_gas,195.15,1100.9,1.0,Shift C (Night),830.8,25.22
2026-08-30 22:00:00,Fractionation Distillation Column Reboiler,Fractionation & Separation,59.35,natural_gas,127.9,920.9,1.0,Shift C (Night),212.8,4.43
2026-08-30 22:00:00,High-Pressure Exothermic Reactor Vessel,Chemical Synthesis,0.76,none,0.0,0.0,0.0,Shift C (Night),30.2,0.0
2026-08-30 22:00:00,Multistage Boiler Feedwater Injection Pump,High-Pressure Transport,54.8,none,0.0,0.0,1.0,Shift C (Night),60.0,46.28
2026-08-30 22:00:00,Waste Heat Recovery Steam Generation Boiler,Steam Utility,22.28,natural_gas,86.07,0.0,1.0,Shift C (Night),187.1,10.14
2026-08-30 22:00:00,Reciprocating Process Gas Compressor,Gas Compression Utility,35.2,none,0.0,0.0,0.0,Shift C (Night),44.0,25.5
2026-08-30 22:00:00,Closed-Loop Brine Refrigeration Chiller,Thermal Cooling Utility,64.65,none,0.0,0.0,1.0,Shift C (Night),-15.2,7.93
2026-08-30 23:00:00,Catalytic Steam Reforming Furnace,Reforming & Cracking,41.95,natural_gas,194.76,1098.6,1.0,Shift C (Night),814.1,24.75
2026-08-30 23:00:00,Fractionation Distillation Column Reboiler,Fractionation & Separation,56.57,natural_gas,121.93,877.9,1.0,Shift C (Night),210.6,4.57
2026-08-30 23:00:00,High-Pressure Exothermic Reactor Vessel,Chemical Synthesis,1.36,none,0.0,0.0,0.0,Shift C (Night),29.3,0.0
2026-08-30 23:00:00,Multistage Boiler Feedwater Injection Pump,High-Pressure Transport,54.7,none,0.0,0.0,1.0,Shift C (Night),60.5,43.74
2026-08-30 23:00:00,Waste Heat Recovery Steam Generation Boiler,Steam Utility,22.7,natural_gas,87.72,0.0,1.0,Shift C (Night),187.4,10.06
2026-08-30 23:00:00,Reciprocating Process Gas Compressor,Gas Compression Utility,38.84,none,0.0,0.0,0.0,Shift C (Night),44.0,25.5
2026-08-30 23:00:00,Closed-Loop Brine Refrigeration Chiller,Thermal Cooling Utility,64.43,none,0.0,0.0,1.0,Shift C (Night),-15.0,8.08
2026-08-31 00:00:00,Catalytic Steam Reforming Furnace,Reforming & Cracking,41.38,natural_gas,192.13,1083.8,1.0,Shift C (Night),804.6,24.87
2026-08-31 00:00:00,Fractionation Distillation Column Reboiler,Fractionation & Separation,58.08,natural_gas,125.17,901.2,1.0,Shift C (Night),212.9,4.61
2026-08-31 00:00:00,High-Pressure Exothermic Reactor Vessel,Chemical Synthesis,0.61,none,0.0,0.0,0.0,Shift C (Night),31.9,0.0
2026-08-31 00:00:00,Multistage Boiler Feedwater Injection Pump,High-Pressure Transport,55.03,none,0.0,0.0,1.0,Shift C (Night),61.1,43.85
2026-08-31 00:00:00,Waste Heat Recovery Steam Generation Boiler,Steam Utility,21.75,natural_gas,84.01,0.0,1.0,Shift C (Night),184.7,10.09
2026-08-31 00:00:00,Reciprocating Process Gas Compressor,Gas Compression Utility,35.93,none,0.0,0.0,0.0,Shift C (Night),44.0,25.5
2026-08-31 00:00:00,Closed-Loop Brine Refrigeration Chiller,Thermal Cooling Utility,64.96,none,0.0,0.0,1.0,Shift C (Night),-14.9,8.09
2026-08-31 01:00:00,Catalytic Steam Reforming Furnace,Reforming & Cracking,41.49,natural_gas,192.63,1086.6,1.0,Shift C (Night),814.6,24.58
2026-08-31 01:00:00,Fractionation Distillation Column Reboiler,Fractionation & Separation,57.16,natural_gas,123.2,887.0,1.0,Shift C (Night),208.2,4.57
2026-08-31 01:00:00,High-Pressure Exothermic Reactor Vessel,Chemical Synthesis,0.65,none,0.0,0.0,0.0,Shift C (Night),31.0,0.0
2026-08-31 01:00:00,Multistage Boiler Feedwater Injection Pump,High-Pressure Transport,55.81,none,0.0,0.0,1.0,Shift C (Night),60.5,45.48
2026-08-31 01:00:00,Waste Heat Recovery Steam Generation Boiler,Steam Utility,21.92,natural_gas,84.7,0.0,1.0,Shift C (Night),186.5,10.0
2026-08-31 01:00:00,Reciprocating Process Gas Compressor,Gas Compression Utility,37.63,none,0.0,0.0,0.0,Shift C (Night),44.0,25.5
2026-08-31 01:00:00,Closed-Loop Brine Refrigeration Chiller,Thermal Cooling Utility,66.42,none,0.0,0.0,1.0,Shift C (Night),-15.1,8.18
2026-08-31 02:00:00,Catalytic Steam Reforming Furnace,Reforming & Cracking,42.48,natural_gas,197.25,1112.7,1.0,Shift C (Night),833.0,24.45
2026-08-31 02:00:00,Fractionation Distillation Column Reboiler,Fractionation & Separation,60.2,natural_gas,129.73,934.1,1.0,Shift C (Night),206.7,4.61
2026-08-31 02:00:00,High-Pressure Exothermic Reactor Vessel,Chemical Synthesis,1.64,none,0.0,0.0,0.0,Shift C (Night),29.8,0.0
2026-08-31 02:00:00,Multistage Boiler Feedwater Injection Pump,High-Pressure Transport,52.44,none,0.0,0.0,1.0,Shift C (Night),60.4,46.15
2026-08-31 02:00:00,Waste Heat Recovery Steam Generation Boiler,Steam Utility,21.16,natural_gas,81.75,0.0,1.0,Shift C (Night),186.9,9.89
2026-08-31 02:00:00,Reciprocating Process Gas Compressor,Gas Compression Utility,38.8,none,0.0,0.0,0.0,Shift C (Night),44.0,25.5
2026-08-31 02:00:00,Closed-Loop Brine Refrigeration Chiller,Thermal Cooling Utility,61.79,none,0.0,0.0,1.0,Shift C (Night),-14.8,7.84
2026-08-31 03:00:00,Catalytic Steam Reforming Furnace,Reforming & Cracking,41.67,natural_gas,193.48,1091.4,1.0,Shift C (Night),826.2,24.8
2026-08-31 03:00:00,Fractionation Distillation Column Reboiler,Fractionation & Separation,57.96,natural_gas,124.92,899.4,1.0,Shift C (Night),211.6,4.61
2026-08-31 03:00:00,High-Pressure Exothermic Reactor Vessel,Chemical Synthesis,0.99,none,0.0,0.0,0.0,Shift C (Night),31.8,0.0
2026-08-31 03:00:00,Multistage Boiler Feedwater Injection Pump,High-Pressure Transport,51.94,none,0.0,0.0,1.0,Shift C (Night),60.5,44.49
2026-08-31 03:00:00,Waste Heat Recovery Steam Generation Boiler,Steam Utility,21.87,natural_gas,84.51,0.0,1.0,Shift C (Night),184.9,10.01
2026-08-31 03:00:00,Reciprocating Process Gas Compressor,Gas Compression Utility,36.29,none,0.0,0.0,0.0,Shift C (Night),44.0,25.5
2026-08-31 03:00:00,Closed-Loop Brine Refrigeration Chiller,Thermal Cooling Utility,62.84,none,0.0,0.0,1.0,Shift C (Night),-15.3,7.82
2026-08-31 04:00:00,Catalytic Steam Reforming Furnace,Reforming & Cracking,41.3,natural_gas,191.76,1081.7,1.0,Shift C (Night),830.6,25.69
2026-08-31 04:00:00,Fractionation Distillation Column Reboiler,Fractionation & Separation,55.96,natural_gas,120.59,868.3,1.0,Shift C (Night),208.0,4.51
2026-08-31 04:00:00,High-Pressure Exothermic Reactor Vessel,Chemical Synthesis,1.26,none,0.0,0.0,0.0,Shift C (Night),28.5,0.0
2026-08-31 04:00:00,Multistage Boiler Feedwater Injection Pump,High-Pressure Transport,51.91,none,0.0,0.0,1.0,Shift C (Night),59.1,44.9
2026-08-31 04:00:00,Waste Heat Recovery Steam Generation Boiler,Steam Utility,22.49,natural_gas,86.89,0.0,1.0,Shift C (Night),183.0,9.79
2026-08-31 04:00:00,Reciprocating Process Gas Compressor,Gas Compression Utility,37.32,none,0.0,0.0,0.0,Shift C (Night),44.0,25.5
2026-08-31 04:00:00,Closed-Loop Brine Refrigeration Chiller,Thermal Cooling Utility,61.68,none,0.0,0.0,1.0,Shift C (Night),-14.9,7.9
2026-08-31 05:00:00,Catalytic Steam Reforming Furnace,Reforming & Cracking,42.96,natural_gas,199.46,1125.2,1.0,Shift C (Night),804.6,24.62
2026-08-31 05:00:00,Fractionation Distillation Column Reboiler,Fractionation & Separation,57.11,natural_gas,123.08,886.2,1.0,Shift C (Night),209.0,4.48
2026-08-31 05:00:00,High-Pressure Exothermic Reactor Vessel,Chemical Synthesis,1.34,none,0.0,0.0,0.0,Shift C (Night),32.0,0.0
2026-08-31 05:00:00,Multistage Boiler Feedwater Injection Pump,High-Pressure Transport,55.62,none,0.0,0.0,1.0,Shift C (Night),60.4,44.34
2026-08-31 05:00:00,Waste Heat Recovery Steam Generation Boiler,Steam Utility,22.55,natural_gas,87.12,0.0,1.0,Shift C (Night),186.3,10.15
2026-08-31 05:00:00,Reciprocating Process Gas Compressor,Gas Compression Utility,38.2,none,0.0,0.0,0.0,Shift C (Night),44.0,25.5
2026-08-31 05:00:00,Closed-Loop Brine Refrigeration Chiller,Thermal Cooling Utility,61.73,none,0.0,0.0,1.0,Shift C (Night),-15.2,7.87
2026-08-31 06:00:00,Catalytic Steam Reforming Furnace,Reforming & Cracking,43.62,natural_gas,202.53,1142.5,1.0,Shift A (Morning),829.9,24.91
2026-08-31 06:00:00,Fractionation Distillation Column Reboiler,Fractionation & Separation,58.44,natural_gas,125.95,906.8,1.0,Shift A (Morning),212.0,4.62
2026-08-31 06:00:00,High-Pressure Exothermic Reactor Vessel,Chemical Synthesis,82.48,none,0.0,754.4,1.0,Shift A (Morning),188.2,66.33
2026-08-31 06:00:00,Multistage Boiler Feedwater Injection Pump,High-Pressure Transport,52.53,none,0.0,0.0,1.0,Shift A (Morning),59.9,44.41
2026-08-31 06:00:00,Waste Heat Recovery Steam Generation Boiler,Steam Utility,22.05,natural_gas,85.19,0.0,1.0,Shift A (Morning),182.1,10.26
2026-08-31 06:00:00,Reciprocating Process Gas Compressor,Gas Compression Utility,89.73,none,0.0,0.0,1.0,Shift A (Morning),54.1,29.87
2026-08-31 06:00:00,Closed-Loop Brine Refrigeration Chiller,Thermal Cooling Utility,66.45,none,0.0,0.0,1.0,Shift A (Morning),-14.8,7.88
2026-08-31 07:00:00,Catalytic Steam Reforming Furnace,Reforming & Cracking,43.06,natural_gas,199.9,1127.6,1.0,Shift A (Morning),833.9,25.28
2026-08-31 07:00:00,Fractionation Distillation Column Reboiler,Fractionation & Separation,59.46,natural_gas,128.16,922.7,1.0,Shift A (Morning),206.6,4.58
2026-08-31 07:00:00,High-Pressure Exothermic Reactor Vessel,Chemical Synthesis,79.81,none,0.0,730.0,1.0,Shift A (Morning),189.0,63.36
2026-08-31 07:00:00,Multistage Boiler Feedwater Injection Pump,High-Pressure Transport,55.37,none,0.0,0.0,1.0,Shift A (Morning),58.9,44.31
2026-08-31 07:00:00,Waste Heat Recovery Steam Generation Boiler,Steam Utility,21.55,natural_gas,83.25,0.0,1.0,Shift A (Morning),186.9,9.86
2026-08-31 07:00:00,Reciprocating Process Gas Compressor,Gas Compression Utility,93.68,none,0.0,0.0,1.0,Shift A (Morning),54.2,30.7
2026-08-31 07:00:00,Closed-Loop Brine Refrigeration Chiller,Thermal Cooling Utility,65.57,none,0.0,0.0,1.0,Shift A (Morning),-15.0,7.77
2026-08-31 08:00:00,Catalytic Steam Reforming Furnace,Reforming & Cracking,43.05,natural_gas,199.88,1127.5,1.0,Shift A (Morning),835.3,25.28
2026-08-31 08:00:00,Fractionation Distillation Column Reboiler,Fractionation & Separation,56.65,natural_gas,122.1,879.1,1.0,Shift A (Morning),207.0,4.39
2026-08-31 08:00:00,High-Pressure Exothermic Reactor Vessel,Chemical Synthesis,82.98,none,0.0,759.0,1.0,Shift A (Morning),187.4,63.53
2026-08-31 08:00:00,Multistage Boiler Feedwater Injection Pump,High-Pressure Transport,55.39,none,0.0,0.0,1.0,Shift A (Morning),59.4,45.37
2026-08-31 08:00:00,Waste Heat Recovery Steam Generation Boiler,Steam Utility,21.32,natural_gas,82.37,0.0,1.0,Shift A (Morning),187.5,10.24
2026-08-31 08:00:00,Reciprocating Process Gas Compressor,Gas Compression Utility,93.03,none,0.0,0.0,1.0,Shift A (Morning),54.0,29.12
2026-08-31 08:00:00,Closed-Loop Brine Refrigeration Chiller,Thermal Cooling Utility,61.96,none,0.0,0.0,1.0,Shift A (Morning),-15.1,8.07
2026-08-31 09:00:00,Catalytic Steam Reforming Furnace,Reforming & Cracking,41.01,natural_gas,190.38,1073.9,1.0,Shift A (Morning),829.3,24.79
2026-08-31 09:00:00,Fractionation Distillation Column Reboiler,Fractionation & Separation,56.28,natural_gas,121.29,873.3,1.0,Shift A (Morning),206.4,4.55
2026-08-31 09:00:00,High-Pressure Exothermic Reactor Vessel,Chemical Synthesis,80.46,none,0.0,735.9,1.0,Shift A (Morning),191.1,64.7
2026-08-31 09:00:00,Multistage Boiler Feedwater Injection Pump,High-Pressure Transport,55.85,none,0.0,0.0,1.0,Shift A (Morning),60.4,46.2
2026-08-31 09:00:00,Waste Heat Recovery Steam Generation Boiler,Steam Utility,22.44,natural_gas,86.69,0.0,1.0,Shift A (Morning),184.0,9.82
2026-08-31 09:00:00,Reciprocating Process Gas Compressor,Gas Compression Utility,90.27,none,0.0,0.0,1.0,Shift A (Morning),54.2,30.49
2026-08-31 09:00:00,Closed-Loop Brine Refrigeration Chiller,Thermal Cooling Utility,62.05,none,0.0,0.0,1.0,Shift A (Morning),-15.2,7.81
2026-08-31 10:00:00,Catalytic Steam Reforming Furnace,Reforming & Cracking,42.62,natural_gas,197.89,1116.3,1.0,Shift A (Morning),825.5,25.18
2026-08-31 10:00:00,Fractionation Distillation Column Reboiler,Fractionation & Separation,59.0,natural_gas,127.15,915.5,1.0,Shift A (Morning),208.4,4.56
2026-08-31 10:00:00,High-Pressure Exothermic Reactor Vessel,Chemical Synthesis,81.43,none,0.0,744.8,1.0,Shift A (Morning),191.5,65.13
2026-08-31 10:00:00,Multistage Boiler Feedwater Injection Pump,High-Pressure Transport,55.52,none,0.0,0.0,1.0,Shift A (Morning),59.6,44.22
2026-08-31 10:00:00,Waste Heat Recovery Steam Generation Boiler,Steam Utility,22.46,natural_gas,86.79,0.0,1.0,Shift A (Morning),188.7,9.89
2026-08-31 10:00:00,Reciprocating Process Gas Compressor,Gas Compression Utility,95.47,none,0.0,0.0,1.0,Shift A (Morning),54.8,29.33
2026-08-31 10:00:00,Closed-Loop Brine Refrigeration Chiller,Thermal Cooling Utility,64.72,none,0.0,0.0,1.0,Shift A (Morning),-14.9,8.02
2026-08-31 11:00:00,Catalytic Steam Reforming Furnace,Reforming & Cracking,41.23,natural_gas,191.41,1079.7,1.0,Shift A (Morning),823.7,25.48
2026-08-31 11:00:00,Fractionation Distillation Column Reboiler,Fractionation & Separation,58.73,natural_gas,126.57,911.3,1.0,Shift A (Morning),213.9,4.41
2026-08-31 11:00:00,High-Pressure Exothermic Reactor Vessel,Chemical Synthesis,79.98,none,0.0,731.5,1.0,Shift A (Morning),187.7,65.22
2026-08-31 11:00:00,Multistage Boiler Feedwater Injection Pump,High-Pressure Transport,54.4,none,0.0,0.0,1.0,Shift A (Morning),60.8,45.03
2026-08-31 11:00:00,Waste Heat Recovery Steam Generation Boiler,Steam Utility,22.34,natural_gas,86.32,0.0,1.0,Shift A (Morning),188.3,10.14
2026-08-31 11:00:00,Reciprocating Process Gas Compressor,Gas Compression Utility,92.95,none,0.0,0.0,1.0,Shift A (Morning),55.8,29.41
2026-08-31 11:00:00,Closed-Loop Brine Refrigeration Chiller,Thermal Cooling Utility,64.09,none,0.0,0.0,1.0,Shift A (Morning),-14.9,8.2
2026-08-31 12:00:00,Catalytic Steam Reforming Furnace,Reforming & Cracking,41.99,natural_gas,194.94,1099.6,1.0,Shift A (Morning),805.1,25.0
2026-08-31 12:00:00,Fractionation Distillation Column Reboiler,Fractionation & Separation,58.77,natural_gas,126.66,911.9,1.0,Shift A (Morning),206.5,4.55
2026-08-31 12:00:00,High-Pressure Exothermic Reactor Vessel,Chemical Synthesis,84.57,none,0.0,773.5,1.0,Shift A (Morning),192.4,66.2
2026-08-31 12:00:00,Multistage Boiler Feedwater Injection Pump,High-Pressure Transport,53.4,none,0.0,0.0,1.0,Shift A (Morning),60.7,45.87
2026-08-31 12:00:00,Waste Heat Recovery Steam Generation Boiler,Steam Utility,22.73,natural_gas,87.8,0.0,1.0,Shift A (Morning),184.0,9.87
2026-08-31 12:00:00,Reciprocating Process Gas Compressor,Gas Compression Utility,93.48,none,0.0,0.0,1.0,Shift A (Morning),55.0,29.97
2026-08-31 12:00:00,Closed-Loop Brine Refrigeration Chiller,Thermal Cooling Utility,62.9,none,0.0,0.0,1.0,Shift A (Morning),-15.2,8.03
2026-08-31 13:00:00,Catalytic Steam Reforming Furnace,Reforming & Cracking,41.21,natural_gas,191.33,1079.3,1.0,Shift A (Morning),822.9,24.3
2026-08-31 13:00:00,Fractionation Distillation Column Reboiler,Fractionation & Separation,57.66,natural_gas,124.27,894.8,1.0,Shift A (Morning),212.6,4.38
2026-08-31 13:00:00,High-Pressure Exothermic Reactor Vessel,Chemical Synthesis,78.78,none,0.0,720.5,1.0,Shift A (Morning),190.5,66.46
2026-08-31 13:00:00,Multistage Boiler Feedwater Injection Pump,High-Pressure Transport,55.83,none,0.0,0.0,1.0,Shift A (Morning),59.7,45.13
2026-08-31 13:00:00,Waste Heat Recovery Steam Generation Boiler,Steam Utility,21.34,natural_gas,82.46,0.0,1.0,Shift A (Morning),186.8,9.97
2026-08-31 13:00:00,Reciprocating Process Gas Compressor,Gas Compression Utility,94.25,none,0.0,0.0,1.0,Shift A (Morning),55.7,29.99
2026-08-31 13:00:00,Closed-Loop Brine Refrigeration Chiller,Thermal Cooling Utility,64.48,none,0.0,0.0,1.0,Shift A (Morning),-15.2,8.15
2026-08-31 14:00:00,Catalytic Steam Reforming Furnace,Reforming & Cracking,42.21,natural_gas,195.97,1105.5,1.0,Shift B (Evening),833.2,25.55
2026-08-31 14:00:00,Fractionation Distillation Column Reboiler,Fractionation & Separation,58.71,natural_gas,126.53,911.0,1.0,Shift B (Evening),209.0,4.52
2026-08-31 14:00:00,High-Pressure Exothermic Reactor Vessel,Chemical Synthesis,79.64,none,0.0,728.4,1.0,Shift B (Evening),186.4,66.35
2026-08-31 14:00:00,Multistage Boiler Feedwater Injection Pump,High-Pressure Transport,51.95,none,0.0,0.0,1.0,Shift B (Evening),59.2,44.62
2026-08-31 14:00:00,Waste Heat Recovery Steam Generation Boiler,Steam Utility,22.55,natural_gas,87.11,0.0,1.0,Shift B (Evening),183.9,9.82
2026-08-31 14:00:00,Reciprocating Process Gas Compressor,Gas Compression Utility,91.52,none,0.0,0.0,1.0,Shift B (Evening),54.1,29.88
2026-08-31 14:00:00,Closed-Loop Brine Refrigeration Chiller,Thermal Cooling Utility,64.38,none,0.0,0.0,1.0,Shift B (Evening),-15.3,8.17
2026-08-31 15:00:00,Catalytic Steam Reforming Furnace,Reforming & Cracking,43.06,natural_gas,199.9,1127.7,1.0,Shift B (Evening),808.2,25.2
2026-08-31 15:00:00,Fractionation Distillation Column Reboiler,Fractionation & Separation,56.85,natural_gas,122.53,882.2,1.0,Shift B (Evening),206.1,4.52
2026-08-31 15:00:00,High-Pressure Exothermic Reactor Vessel,Chemical Synthesis,81.33,none,0.0,743.8,1.0,Shift B (Evening),187.2,65.66
2026-08-31 15:00:00,Multistage Boiler Feedwater Injection Pump,High-Pressure Transport,55.7,none,0.0,0.0,1.0,Shift B (Evening),59.0,44.94
2026-08-31 15:00:00,Waste Heat Recovery Steam Generation Boiler,Steam Utility,21.47,natural_gas,82.97,0.0,1.0,Shift B (Evening),186.4,10.16
2026-08-31 15:00:00,Reciprocating Process Gas Compressor,Gas Compression Utility,89.92,none,0.0,0.0,1.0,Shift B (Evening),54.7,30.27
2026-08-31 15:00:00,Closed-Loop Brine Refrigeration Chiller,Thermal Cooling Utility,62.62,none,0.0,0.0,1.0,Shift B (Evening),-15.1,8.09
2026-08-31 16:00:00,Catalytic Steam Reforming Furnace,Reforming & Cracking,42.28,natural_gas,196.32,1107.4,1.0,Shift B (Evening),811.7,25.2
2026-08-31 16:00:00,Fractionation Distillation Column Reboiler,Fractionation & Separation,58.04,natural_gas,125.09,900.6,1.0,Shift B (Evening),210.3,4.62
2026-08-31 16:00:00,High-Pressure Exothermic Reactor Vessel,Chemical Synthesis,84.87,none,0.0,776.3,1.0,Shift B (Evening),189.7,65.29
2026-08-31 16:00:00,Multistage Boiler Feedwater Injection Pump,High-Pressure Transport,52.51,none,0.0,0.0,1.0,Shift B (Evening),61.0,44.8
2026-08-31 16:00:00,Waste Heat Recovery Steam Generation Boiler,Steam Utility,22.5,natural_gas,86.95,0.0,1.0,Shift B (Evening),185.0,10.25
2026-08-31 16:00:00,Reciprocating Process Gas Compressor,Gas Compression Utility,92.51,none,0.0,0.0,1.0,Shift B (Evening),55.5,29.71
2026-08-31 16:00:00,Closed-Loop Brine Refrigeration Chiller,Thermal Cooling Utility,65.53,none,0.0,0.0,1.0,Shift B (Evening),-15.1,8.12
2026-08-31 17:00:00,Catalytic Steam Reforming Furnace,Reforming & Cracking,41.51,natural_gas,192.73,1087.2,1.0,Shift B (Evening),824.0,25.51
2026-08-31 17:00:00,Fractionation Distillation Column Reboiler,Fractionation & Separation,59.08,natural_gas,127.33,916.8,1.0,Shift B (Evening),213.2,4.41
2026-08-31 17:00:00,High-Pressure Exothermic Reactor Vessel,Chemical Synthesis,83.48,none,0.0,763.5,1.0,Shift B (Evening),191.7,64.97
2026-08-31 17:00:00,Multistage Boiler Feedwater Injection Pump,High-Pressure Transport,55.62,none,0.0,0.0,1.0,Shift B (Evening),60.4,45.98
2026-08-31 17:00:00,Waste Heat Recovery Steam Generation Boiler,Steam Utility,22.53,natural_gas,87.05,0.0,1.0,Shift B (Evening),184.6,9.76
2026-08-31 17:00:00,Reciprocating Process Gas Compressor,Gas Compression Utility,90.0,none,0.0,0.0,1.0,Shift B (Evening),55.8,30.78
2026-08-31 17:00:00,Closed-Loop Brine Refrigeration Chiller,Thermal Cooling Utility,62.87,none,0.0,0.0,1.0,Shift B (Evening),-14.7,7.86
2026-08-31 18:00:00,Catalytic Steam Reforming Furnace,Reforming & Cracking,43.56,natural_gas,202.25,1140.9,1.0,Shift B (Evening),816.5,25.25
2026-08-31 18:00:00,Fractionation Distillation Column Reboiler,Fractionation & Separation,56.28,natural_gas,121.29,873.3,1.0,Shift B (Evening),209.1,4.49
2026-08-31 18:00:00,High-Pressure Exothermic Reactor Vessel,Chemical Synthesis,84.74,none,0.0,775.1,1.0,Shift B (Evening),188.3,63.17
2026-08-31 18:00:00,Multistage Boiler Feedwater Injection Pump,High-Pressure Transport,54.72,none,0.0,0.0,1.0,Shift B (Evening),61.1,44.4
2026-08-31 18:00:00,Waste Heat Recovery Steam Generation Boiler,Steam Utility,22.74,natural_gas,87.88,0.0,1.0,Shift B (Evening),183.8,9.92
2026-08-31 18:00:00,Reciprocating Process Gas Compressor,Gas Compression Utility,88.91,none,0.0,0.0,1.0,Shift B (Evening),55.1,29.52
2026-08-31 18:00:00,Closed-Loop Brine Refrigeration Chiller,Thermal Cooling Utility,61.85,none,0.0,0.0,1.0,Shift B (Evening),-14.8,7.77
2026-08-31 19:00:00,Catalytic Steam Reforming Furnace,Reforming & Cracking,40.34,natural_gas,187.3,1056.6,1.0,Shift B (Evening),808.1,25.55
2026-08-31 19:00:00,Fractionation Distillation Column Reboiler,Fractionation & Separation,56.29,natural_gas,121.31,873.5,1.0,Shift B (Evening),211.8,4.41
2026-08-31 19:00:00,High-Pressure Exothermic Reactor Vessel,Chemical Synthesis,81.85,none,0.0,748.6,1.0,Shift B (Evening),191.1,65.7
2026-08-31 19:00:00,Multistage Boiler Feedwater Injection Pump,High-Pressure Transport,53.3,none,0.0,0.0,1.0,Shift B (Evening),59.7,45.79
2026-08-31 19:00:00,Waste Heat Recovery Steam Generation Boiler,Steam Utility,22.76,natural_gas,87.94,0.0,1.0,Shift B (Evening),188.5,10.27
2026-08-31 19:00:00,Reciprocating Process Gas Compressor,Gas Compression Utility,91.58,none,0.0,0.0,1.0,Shift B (Evening),55.9,29.86
2026-08-31 19:00:00,Closed-Loop Brine Refrigeration Chiller,Thermal Cooling Utility,63.91,none,0.0,0.0,1.0,Shift B (Evening),-14.9,7.86
2026-08-31 20:00:00,Catalytic Steam Reforming Furnace,Reforming & Cracking,41.03,natural_gas,190.48,1074.5,1.0,Shift B (Evening),826.5,24.58
2026-08-31 20:00:00,Fractionation Distillation Column Reboiler,Fractionation & Separation,59.17,natural_gas,127.52,918.1,1.0,Shift B (Evening),212.7,4.63
2026-08-31 20:00:00,High-Pressure Exothermic Reactor Vessel,Chemical Synthesis,81.72,none,0.0,747.4,1.0,Shift B (Evening),191.8,63.57
2026-08-31 20:00:00,Multistage Boiler Feedwater Injection Pump,High-Pressure Transport,53.74,none,0.0,0.0,1.0,Shift B (Evening),61.1,45.29
2026-08-31 20:00:00,Waste Heat Recovery Steam Generation Boiler,Steam Utility,22.47,natural_gas,86.83,0.0,1.0,Shift B (Evening),185.6,9.75
2026-08-31 20:00:00,Reciprocating Process Gas Compressor,Gas Compression Utility,95.37,none,0.0,0.0,1.0,Shift B (Evening),54.2,29.12
2026-08-31 20:00:00,Closed-Loop Brine Refrigeration Chiller,Thermal Cooling Utility,63.38,none,0.0,0.0,1.0,Shift B (Evening),-15.0,8.12
2026-08-31 21:00:00,Catalytic Steam Reforming Furnace,Reforming & Cracking,40.55,natural_gas,188.26,1062.0,1.0,Shift B (Evening),810.0,25.19
2026-08-31 21:00:00,Fractionation Distillation Column Reboiler,Fractionation & Separation,56.85,natural_gas,122.51,882.1,1.0,Shift B (Evening),214.2,4.51
2026-08-31 21:00:00,High-Pressure Exothermic Reactor Vessel,Chemical Synthesis,84.99,none,0.0,777.4,1.0,Shift B (Evening),190.5,66.12
2026-08-31 21:00:00,Multistage Boiler Feedwater Injection Pump,High-Pressure Transport,56.04,none,0.0,0.0,1.0,Shift B (Evening),61.0,44.58
2026-08-31 21:00:00,Waste Heat Recovery Steam Generation Boiler,Steam Utility,22.66,natural_gas,87.55,0.0,1.0,Shift B (Evening),181.8,10.24
2026-08-31 21:00:00,Reciprocating Process Gas Compressor,Gas Compression Utility,91.83,none,0.0,0.0,1.0,Shift B (Evening),54.1,29.15
2026-08-31 21:00:00,Closed-Loop Brine Refrigeration Chiller,Thermal Cooling Utility,62.37,none,0.0,0.0,1.0,Shift B (Evening),-15.0,8.03
2026-08-31 22:00:00,Catalytic Steam Reforming Furnace,Reforming & Cracking,40.54,natural_gas,188.22,1061.8,1.0,Shift C (Night),818.5,24.3
2026-08-31 22:00:00,Fractionation Distillation Column Reboiler,Fractionation & Separation,59.44,natural_gas,128.1,922.3,1.0,Shift C (Night),214.1,4.38
2026-08-31 22:00:00,High-Pressure Exothermic Reactor Vessel,Chemical Synthesis,82.8,none,0.0,757.4,1.0,Shift C (Night),192.6,64.87
2026-08-31 22:00:00,Multistage Boiler Feedwater Injection Pump,High-Pressure Transport,55.51,none,0.0,0.0,1.0,Shift C (Night),61.0,43.93
2026-08-31 22:00:00,Waste Heat Recovery Steam Generation Boiler,Steam Utility,21.35,natural_gas,82.49,0.0,1.0,Shift C (Night),184.8,9.82
2026-08-31 22:00:00,Reciprocating Process Gas Compressor,Gas Compression Utility,95.29,none,0.0,0.0,1.0,Shift C (Night),56.0,30.44
2026-08-31 22:00:00,Closed-Loop Brine Refrigeration Chiller,Thermal Cooling Utility,64.09,none,0.0,0.0,1.0,Shift C (Night),-14.7,8.23
2026-08-31 23:00:00,Catalytic Steam Reforming Furnace,Reforming & Cracking,40.86,natural_gas,189.69,1070.1,1.0,Shift C (Night),826.2,25.25
2026-08-31 23:00:00,Fractionation Distillation Column Reboiler,Fractionation & Separation,60.31,natural_gas,129.98,935.8,1.0,Shift C (Night),210.9,4.59
2026-08-31 23:00:00,High-Pressure Exothermic Reactor Vessel,Chemical Synthesis,83.29,none,0.0,761.8,1.0,Shift C (Night),190.2,64.66
2026-08-31 23:00:00,Multistage Boiler Feedwater Injection Pump,High-Pressure Transport,54.93,none,0.0,0.0,1.0,Shift C (Night),58.8,43.81
2026-08-31 23:00:00,Waste Heat Recovery Steam Generation Boiler,Steam Utility,21.39,natural_gas,82.63,0.0,1.0,Shift C (Night),181.5,10.09
2026-08-31 23:00:00,Reciprocating Process Gas Compressor,Gas Compression Utility,37.39,none,0.0,0.0,0.0,Shift C (Night),44.0,25.5
2026-08-31 23:00:00,Closed-Loop Brine Refrigeration Chiller,Thermal Cooling Utility,65.9,none,0.0,0.0,1.0,Shift C (Night),-15.3,7.82
2026-09-01 00:00:00,Catalytic Steam Reforming Furnace,Reforming & Cracking,42.28,natural_gas,196.32,1107.4,1.0,Shift C (Night),828.3,24.67
2026-09-01 00:00:00,Fractionation Distillation Column Reboiler,Fractionation & Separation,56.52,natural_gas,121.8,877.0,1.0,Shift C (Night),210.8,4.54
2026-09-01 00:00:00,High-Pressure Exothermic Reactor Vessel,Chemical Synthesis,1.05,none,0.0,0.0,0.0,Shift C (Night),29.7,0.0
2026-09-01 00:00:00,Multistage Boiler Feedwater Injection Pump,High-Pressure Transport,52.0,none,0.0,0.0,1.0,Shift C (Night),59.4,43.85
2026-09-01 00:00:00,Waste Heat Recovery Steam Generation Boiler,Steam Utility,21.7,natural_gas,83.83,0.0,1.0,Shift C (Night),185.9,10.17
2026-09-01 00:00:00,Reciprocating Process Gas Compressor,Gas Compression Utility,38.12,none,0.0,0.0,0.0,Shift C (Night),44.0,25.5
2026-09-01 00:00:00,Closed-Loop Brine Refrigeration Chiller,Thermal Cooling Utility,65.13,none,0.0,0.0,1.0,Shift C (Night),-15.3,7.82
2026-09-01 01:00:00,Catalytic Steam Reforming Furnace,Reforming & Cracking,41.53,natural_gas,192.83,1087.7,1.0,Shift C (Night),829.5,24.29
2026-09-01 01:00:00,Fractionation Distillation Column Reboiler,Fractionation & Separation,56.46,natural_gas,121.67,876.0,1.0,Shift C (Night),205.9,4.62
2026-09-01 01:00:00,High-Pressure Exothermic Reactor Vessel,Chemical Synthesis,1.34,none,0.0,0.0,0.0,Shift C (Night),28.2,0.0
2026-09-01 01:00:00,Multistage Boiler Feedwater Injection Pump,High-Pressure Transport,53.71,none,0.0,0.0,1.0,Shift C (Night),58.8,45.28
2026-09-01 01:00:00,Waste Heat Recovery Steam Generation Boiler,Steam Utility,22.77,natural_gas,87.98,0.0,1.0,Shift C (Night),184.7,9.71
2026-09-01 01:00:00,Reciprocating Process Gas Compressor,Gas Compression Utility,39.77,none,0.0,0.0,0.0,Shift C (Night),44.0,25.5
2026-09-01 01:00:00,Closed-Loop Brine Refrigeration Chiller,Thermal Cooling Utility,65.2,none,0.0,0.0,1.0,Shift C (Night),-14.8,7.87
2026-09-01 02:00:00,Catalytic Steam Reforming Furnace,Reforming & Cracking,40.4,natural_gas,187.57,1058.1,1.0,Shift C (Night),818.2,25.19
2026-09-01 02:00:00,Fractionation Distillation Column Reboiler,Fractionation & Separation,57.64,natural_gas,124.23,894.5,1.0,Shift C (Night),211.3,4.5
2026-09-01 02:00:00,High-Pressure Exothermic Reactor Vessel,Chemical Synthesis,1.69,none,0.0,0.0,0.0,Shift C (Night),29.3,0.0
2026-09-01 02:00:00,Multistage Boiler Feedwater Injection Pump,High-Pressure Transport,54.79,none,0.0,0.0,1.0,Shift C (Night),59.6,46.33
2026-09-01 02:00:00,Waste Heat Recovery Steam Generation Boiler,Steam Utility,22.15,natural_gas,85.6,0.0,1.0,Shift C (Night),185.6,9.76
2026-09-01 02:00:00,Reciprocating Process Gas Compressor,Gas Compression Utility,36.68,none,0.0,0.0,0.0,Shift C (Night),44.0,25.5
2026-09-01 02:00:00,Closed-Loop Brine Refrigeration Chiller,Thermal Cooling Utility,62.96,none,0.0,0.0,1.0,Shift C (Night),-15.2,7.97
2026-09-01 03:00:00,Catalytic Steam Reforming Furnace,Reforming & Cracking,43.35,natural_gas,201.26,1135.3,1.0,Shift C (Night),816.4,25.18
2026-09-01 03:00:00,Fractionation Distillation Column Reboiler,Fractionation & Separation,58.82,natural_gas,126.77,912.8,1.0,Shift C (Night),206.9,4.41
2026-09-01 03:00:00,High-Pressure Exothermic Reactor Vessel,Chemical Synthesis,1.2,none,0.0,0.0,0.0,Shift C (Night),29.4,0.0
2026-09-01 03:00:00,Multistage Boiler Feedwater Injection Pump,High-Pressure Transport,54.17,none,0.0,0.0,1.0,Shift C (Night),59.1,45.72
2026-09-01 03:00:00,Waste Heat Recovery Steam Generation Boiler,Steam Utility,21.36,natural_gas,82.51,0.0,1.0,Shift C (Night),183.6,10.28
2026-09-01 03:00:00,Reciprocating Process Gas Compressor,Gas Compression Utility,36.13,none,0.0,0.0,0.0,Shift C (Night),44.0,25.5
2026-09-01 03:00:00,Closed-Loop Brine Refrigeration Chiller,Thermal Cooling Utility,64.27,none,0.0,0.0,1.0,Shift C (Night),-15.2,7.92
2026-09-01 04:00:00,Catalytic Steam Reforming Furnace,Reforming & Cracking,40.47,natural_gas,187.92,1060.0,1.0,Shift C (Night),834.9,24.64
2026-09-01 04:00:00,Fractionation Distillation Column Reboiler,Fractionation & Separation,57.54,natural_gas,124.01,892.9,1.0,Shift C (Night),206.7,4.6
2026-09-01 04:00:00,High-Pressure Exothermic Reactor Vessel,Chemical Synthesis,0.97,none,0.0,0.0,0.0,Shift C (Night),28.8,0.0
2026-09-01 04:00:00,Multistage Boiler Feedwater Injection Pump,High-Pressure Transport,53.12,none,0.0,0.0,1.0,Shift C (Night),60.9,45.97
2026-09-01 04:00:00,Waste Heat Recovery Steam Generation Boiler,Steam Utility,22.71,natural_gas,87.75,0.0,1.0,Shift C (Night),182.1,10.17
2026-09-01 04:00:00,Reciprocating Process Gas Compressor,Gas Compression Utility,39.61,none,0.0,0.0,0.0,Shift C (Night),44.0,25.5
2026-09-01 04:00:00,Closed-Loop Brine Refrigeration Chiller,Thermal Cooling Utility,65.1,none,0.0,0.0,1.0,Shift C (Night),-15.2,7.98
2026-09-01 05:00:00,Catalytic Steam Reforming Furnace,Reforming & Cracking,43.57,natural_gas,202.31,1141.2,1.0,Shift C (Night),818.1,25.59
2026-09-01 05:00:00,Fractionation Distillation Column Reboiler,Fractionation & Separation,58.28,natural_gas,125.6,904.3,1.0,Shift C (Night),213.2,4.48
2026-09-01 05:00:00,High-Pressure Exothermic Reactor Vessel,Chemical Synthesis,1.32,none,0.0,0.0,0.0,Shift C (Night),31.3,0.0
2026-09-01 05:00:00,Multistage Boiler Feedwater Injection Pump,High-Pressure Transport,55.88,none,0.0,0.0,1.0,Shift C (Night),61.0,46.21
2026-09-01 05:00:00,Waste Heat Recovery Steam Generation Boiler,Steam Utility,22.06,natural_gas,85.22,0.0,1.0,Shift C (Night),184.6,10.07
2026-09-01 05:00:00,Reciprocating Process Gas Compressor,Gas Compression Utility,39.79,none,0.0,0.0,0.0,Shift C (Night),44.0,25.5
2026-09-01 05:00:00,Closed-Loop Brine Refrigeration Chiller,Thermal Cooling Utility,61.88,none,0.0,0.0,1.0,Shift C (Night),-14.9,8.15
2026-09-01 06:00:00,Catalytic Steam Reforming Furnace,Reforming & Cracking,41.79,natural_gas,194.01,1094.4,1.0,Shift A (Morning),824.6,25.72
2026-09-01 06:00:00,Fractionation Distillation Column Reboiler,Fractionation & Separation,57.02,natural_gas,122.9,884.9,1.0,Shift A (Morning),206.6,4.49
2026-09-01 06:00:00,High-Pressure Exothermic Reactor Vessel,Chemical Synthesis,80.27,none,0.0,734.2,1.0,Shift A (Morning),190.6,65.15
2026-09-01 06:00:00,Multistage Boiler Feedwater Injection Pump,High-Pressure Transport,55.7,none,0.0,0.0,1.0,Shift A (Morning),59.3,44.93
2026-09-01 06:00:00,Waste Heat Recovery Steam Generation Boiler,Steam Utility,21.25,natural_gas,82.09,0.0,1.0,Shift A (Morning),182.5,10.04
2026-09-01 06:00:00,Reciprocating Process Gas Compressor,Gas Compression Utility,94.79,none,0.0,0.0,1.0,Shift A (Morning),54.1,30.43
2026-09-01 06:00:00,Closed-Loop Brine Refrigeration Chiller,Thermal Cooling Utility,63.26,none,0.0,0.0,1.0,Shift A (Morning),-15.1,8.01
2026-09-01 07:00:00,Catalytic Steam Reforming Furnace,Reforming & Cracking,40.81,natural_gas,189.5,1069.0,1.0,Shift A (Morning),832.9,25.72
2026-09-01 07:00:00,Fractionation Distillation Column Reboiler,Fractionation & Separation,60.26,natural_gas,129.87,935.0,1.0,Shift A (Morning),209.5,4.37
2026-09-01 07:00:00,High-Pressure Exothermic Reactor Vessel,Chemical Synthesis,81.61,none,0.0,746.4,1.0,Shift A (Morning),188.4,64.93
2026-09-01 07:00:00,Multistage Boiler Feedwater Injection Pump,High-Pressure Transport,54.39,none,0.0,0.0,1.0,Shift A (Morning),59.7,43.83
2026-09-01 07:00:00,Waste Heat Recovery Steam Generation Boiler,Steam Utility,22.02,natural_gas,85.06,0.0,1.0,Shift A (Morning),184.6,9.94
2026-09-01 07:00:00,Reciprocating Process Gas Compressor,Gas Compression Utility,92.59,none,0.0,0.0,1.0,Shift A (Morning),56.1,30.72
2026-09-01 07:00:00,Closed-Loop Brine Refrigeration Chiller,Thermal Cooling Utility,66.06,none,0.0,0.0,1.0,Shift A (Morning),-14.8,7.78
2026-09-01 08:00:00,Catalytic Steam Reforming Furnace,Reforming & Cracking,43.58,natural_gas,202.34,1141.4,1.0,Shift A (Morning),829.1,25.69
2026-09-01 08:00:00,Fractionation Distillation Column Reboiler,Fractionation & Separation,58.78,natural_gas,126.68,912.1,1.0,Shift A (Morning),213.8,4.41
2026-09-01 08:00:00,High-Pressure Exothermic Reactor Vessel,Chemical Synthesis,84.97,none,0.0,777.2,1.0,Shift A (Morning),193.5,66.08
2026-09-01 08:00:00,Multistage Boiler Feedwater Injection Pump,High-Pressure Transport,52.35,none,0.0,0.0,1.0,Shift A (Morning),59.7,46.06
2026-09-01 08:00:00,Waste Heat Recovery Steam Generation Boiler,Steam Utility,22.86,natural_gas,88.33,0.0,1.0,Shift A (Morning),188.6,9.79
2026-09-01 08:00:00,Reciprocating Process Gas Compressor,Gas Compression Utility,90.15,none,0.0,0.0,1.0,Shift A (Morning),54.0,30.5
2026-09-01 08:00:00,Closed-Loop Brine Refrigeration Chiller,Thermal Cooling Utility,63.78,none,0.0,0.0,1.0,Shift A (Morning),-15.0,8.04
2026-09-01 09:00:00,Catalytic Steam Reforming Furnace,Reforming & Cracking,42.97,natural_gas,199.49,1125.3,1.0,Shift A (Morning),807.4,24.6
2026-09-01 09:00:00,Fractionation Distillation Column Reboiler,Fractionation & Separation,58.95,natural_gas,127.06,914.8,1.0,Shift A (Morning),207.3,4.57
2026-09-01 09:00:00,High-Pressure Exothermic Reactor Vessel,Chemical Synthesis,81.22,none,0.0,742.8,1.0,Shift A (Morning),186.3,65.15
2026-09-01 09:00:00,Multistage Boiler Feedwater Injection Pump,High-Pressure Transport,54.97,none,0.0,0.0,1.0,Shift A (Morning),58.8,46.01
2026-09-01 09:00:00,Waste Heat Recovery Steam Generation Boiler,Steam Utility,22.73,natural_gas,87.83,0.0,1.0,Shift A (Morning),187.3,9.83
2026-09-01 09:00:00,Reciprocating Process Gas Compressor,Gas Compression Utility,93.13,none,0.0,0.0,1.0,Shift A (Morning),54.0,30.82
2026-09-01 09:00:00,Closed-Loop Brine Refrigeration Chiller,Thermal Cooling Utility,61.6,none,0.0,0.0,1.0,Shift A (Morning),-15.2,7.89
2026-09-01 10:00:00,Catalytic Steam Reforming Furnace,Reforming & Cracking,43.08,natural_gas,200.01,1128.3,1.0,Shift A (Morning),835.6,25.48
2026-09-01 10:00:00,Fractionation Distillation Column Reboiler,Fractionation & Separation,57.56,natural_gas,124.06,893.2,1.0,Shift A (Morning),211.3,4.4
2026-09-01 10:00:00,High-Pressure Exothermic Reactor Vessel,Chemical Synthesis,82.1,none,0.0,750.9,1.0,Shift A (Morning),189.5,66.7
2026-09-01 10:00:00,Multistage Boiler Feedwater Injection Pump,High-Pressure Transport,52.99,none,0.0,0.0,1.0,Shift A (Morning),60.9,45.28
2026-09-01 10:00:00,Waste Heat Recovery Steam Generation Boiler,Steam Utility,22.63,natural_gas,87.44,0.0,1.0,Shift A (Morning),187.7,10.18
2026-09-01 10:00:00,Reciprocating Process Gas Compressor,Gas Compression Utility,94.33,none,0.0,0.0,1.0,Shift A (Morning),54.0,30.0
2026-09-01 10:00:00,Closed-Loop Brine Refrigeration Chiller,Thermal Cooling Utility,61.66,none,0.0,0.0,1.0,Shift A (Morning),-14.7,8.0
2026-09-01 11:00:00,Catalytic Steam Reforming Furnace,Reforming & Cracking,43.47,natural_gas,201.84,1138.6,1.0,Shift A (Morning),806.9,24.67
2026-09-01 11:00:00,Fractionation Distillation Column Reboiler,Fractionation & Separation,56.79,natural_gas,122.4,881.3,1.0,Shift A (Morning),213.1,4.37
2026-09-01 11:00:00,High-Pressure Exothermic Reactor Vessel,Chemical Synthesis,79.05,none,0.0,723.1,1.0,Shift A (Morning),188.3,65.36
2026-09-01 11:00:00,Multistage Boiler Feedwater Injection Pump,High-Pressure Transport,54.99,none,0.0,0.0,1.0,Shift A (Morning),60.4,46.33
2026-09-01 11:00:00,Waste Heat Recovery Steam Generation Boiler,Steam Utility,22.69,natural_gas,87.66,0.0,1.0,Shift A (Morning),183.4,9.93
2026-09-01 11:00:00,Reciprocating Process Gas Compressor,Gas Compression Utility,91.54,none,0.0,0.0,1.0,Shift A (Morning),55.4,30.25
2026-09-01 11:00:00,Closed-Loop Brine Refrigeration Chiller,Thermal Cooling Utility,65.78,none,0.0,0.0,1.0,Shift A (Morning),-14.9,8.0
2026-09-01 12:00:00,Catalytic Steam Reforming Furnace,Reforming & Cracking,42.68,natural_gas,198.16,1117.8,1.0,Shift A (Morning),817.9,25.56
2026-09-01 12:00:00,Fractionation Distillation Column Reboiler,Fractionation & Separation,59.89,natural_gas,129.07,929.3,1.0,Shift A (Morning),213.3,4.56
2026-09-01 12:00:00,High-Pressure Exothermic Reactor Vessel,Chemical Synthesis,83.97,none,0.0,768.0,1.0,Shift A (Morning),192.5,65.93
2026-09-01 12:00:00,Multistage Boiler Feedwater Injection Pump,High-Pressure Transport,52.94,none,0.0,0.0,1.0,Shift A (Morning),59.7,45.0
2026-09-01 12:00:00,Waste Heat Recovery Steam Generation Boiler,Steam Utility,21.88,natural_gas,84.52,0.0,1.0,Shift A (Morning),185.2,9.87
2026-09-01 12:00:00,Reciprocating Process Gas Compressor,Gas Compression Utility,92.29,none,0.0,0.0,1.0,Shift A (Morning),55.0,29.22
2026-09-01 12:00:00,Closed-Loop Brine Refrigeration Chiller,Thermal Cooling Utility,62.31,none,0.0,0.0,1.0,Shift A (Morning),-15.0,8.18
2026-09-01 13:00:00,Catalytic Steam Reforming Furnace,Reforming & Cracking,42.43,natural_gas,196.99,1111.2,1.0,Shift A (Morning),811.8,25.34
2026-09-01 13:00:00,Fractionation Distillation Column Reboiler,Fractionation & Separation,58.48,natural_gas,126.04,907.5,1.0,Shift A (Morning),210.0,4.41
2026-09-01 13:00:00,High-Pressure Exothermic Reactor Vessel,Chemical Synthesis,80.08,none,0.0,732.4,1.0,Shift A (Morning),188.2,65.28
2026-09-01 13:00:00,Multistage Boiler Feedwater Injection Pump,High-Pressure Transport,52.19,none,0.0,0.0,1.0,Shift A (Morning),59.2,44.2
2026-09-01 13:00:00,Waste Heat Recovery Steam Generation Boiler,Steam Utility,21.51,natural_gas,83.09,0.0,1.0,Shift A (Morning),187.7,10.2
2026-09-01 13:00:00,Reciprocating Process Gas Compressor,Gas Compression Utility,92.18,none,0.0,0.0,1.0,Shift A (Morning),55.7,30.75
2026-09-01 13:00:00,Closed-Loop Brine Refrigeration Chiller,Thermal Cooling Utility,62.07,none,0.0,0.0,1.0,Shift A (Morning),-15.0,7.77
2026-09-01 14:00:00,Catalytic Steam Reforming Furnace,Reforming & Cracking,41.87,natural_gas,194.39,1096.6,1.0,Shift B (Evening),830.6,24.57
2026-09-01 14:00:00,Fractionation Distillation Column Reboiler,Fractionation & Separation,60.18,natural_gas,129.7,933.8,1.0,Shift B (Evening),211.4,4.37
2026-09-01 14:00:00,High-Pressure Exothermic Reactor Vessel,Chemical Synthesis,83.43,none,0.0,763.1,1.0,Shift B (Evening),193.4,64.06
2026-09-01 14:00:00,Multistage Boiler Feedwater Injection Pump,High-Pressure Transport,55.21,none,0.0,0.0,1.0,Shift B (Evening),59.8,46.14
2026-09-01 14:00:00,Waste Heat Recovery Steam Generation Boiler,Steam Utility,21.97,natural_gas,84.88,0.0,1.0,Shift B (Evening),184.0,10.2
2026-09-01 14:00:00,Reciprocating Process Gas Compressor,Gas Compression Utility,90.28,none,0.0,0.0,1.0,Shift B (Evening),55.5,29.94
2026-09-01 14:00:00,Closed-Loop Brine Refrigeration Chiller,Thermal Cooling Utility,65.0,none,0.0,0.0,1.0,Shift B (Evening),-14.9,7.9
2026-09-01 15:00:00,Catalytic Steam Reforming Furnace,Reforming & Cracking,41.72,natural_gas,193.72,1092.8,1.0,Shift B (Evening),822.9,24.6
2026-09-01 15:00:00,Fractionation Distillation Column Reboiler,Fractionation & Separation,56.07,natural_gas,120.85,870.1,1.0,Shift B (Evening),206.6,4.55
2026-09-01 15:00:00,High-Pressure Exothermic Reactor Vessel,Chemical Synthesis,83.57,none,0.0,764.3,1.0,Shift B (Evening),189.0,65.6
2026-09-01 15:00:00,Multistage Boiler Feedwater Injection Pump,High-Pressure Transport,53.96,none,0.0,0.0,1.0,Shift B (Evening),60.7,45.45
2026-09-01 15:00:00,Waste Heat Recovery Steam Generation Boiler,Steam Utility,21.91,natural_gas,84.66,0.0,1.0,Shift B (Evening),187.3,10.26
2026-09-01 15:00:00,Reciprocating Process Gas Compressor,Gas Compression Utility,94.33,none,0.0,0.0,1.0,Shift B (Evening),55.5,29.79
2026-09-01 15:00:00,Closed-Loop Brine Refrigeration Chiller,Thermal Cooling Utility,65.85,none,0.0,0.0,1.0,Shift B (Evening),-15.0,7.95
2026-09-01 16:00:00,Catalytic Steam Reforming Furnace,Reforming & Cracking,42.21,natural_gas,195.97,1105.5,1.0,Shift B (Evening),807.7,25.0
2026-09-01 16:00:00,Fractionation Distillation Column Reboiler,Fractionation & Separation,59.1,natural_gas,127.37,917.1,1.0,Shift B (Evening),208.7,4.54
2026-09-01 16:00:00,High-Pressure Exothermic Reactor Vessel,Chemical Synthesis,82.56,none,0.0,755.2,1.0,Shift B (Evening),188.6,66.48
2026-09-01 16:00:00,Multistage Boiler Feedwater Injection Pump,High-Pressure Transport,55.84,none,0.0,0.0,1.0,Shift B (Evening),59.0,44.63
2026-09-01 16:00:00,Waste Heat Recovery Steam Generation Boiler,Steam Utility,21.63,natural_gas,83.56,0.0,1.0,Shift B (Evening),185.9,10.01
2026-09-01 16:00:00,Reciprocating Process Gas Compressor,Gas Compression Utility,92.22,none,0.0,0.0,1.0,Shift B (Evening),55.2,30.0
2026-09-01 16:00:00,Closed-Loop Brine Refrigeration Chiller,Thermal Cooling Utility,66.54,none,0.0,0.0,1.0,Shift B (Evening),-15.0,7.9
2026-09-01 17:00:00,Catalytic Steam Reforming Furnace,Reforming & Cracking,41.25,natural_gas,191.5,1080.3,1.0,Shift B (Evening),809.1,24.9
2026-09-01 17:00:00,Fractionation Distillation Column Reboiler,Fractionation & Separation,58.87,natural_gas,126.87,913.5,1.0,Shift B (Evening),210.5,4.55
2026-09-01 17:00:00,High-Pressure Exothermic Reactor Vessel,Chemical Synthesis,81.44,none,0.0,744.8,1.0,Shift B (Evening),190.8,65.37
2026-09-01 17:00:00,Multistage Boiler Feedwater Injection Pump,High-Pressure Transport,54.16,none,0.0,0.0,1.0,Shift B (Evening),60.7,44.28
2026-09-01 17:00:00,Waste Heat Recovery Steam Generation Boiler,Steam Utility,22.05,natural_gas,85.18,0.0,1.0,Shift B (Evening),187.1,9.87
2026-09-01 17:00:00,Reciprocating Process Gas Compressor,Gas Compression Utility,88.77,none,0.0,0.0,1.0,Shift B (Evening),55.7,29.35
2026-09-01 17:00:00,Closed-Loop Brine Refrigeration Chiller,Thermal Cooling Utility,63.56,none,0.0,0.0,1.0,Shift B (Evening),-15.3,7.86
2026-09-01 18:00:00,Catalytic Steam Reforming Furnace,Reforming & Cracking,40.45,natural_gas,187.78,1059.3,1.0,Shift B (Evening),808.9,25.55
2026-09-01 18:00:00,Fractionation Distillation Column Reboiler,Fractionation & Separation,56.87,natural_gas,122.57,882.5,1.0,Shift B (Evening),206.3,4.39
2026-09-01 18:00:00,High-Pressure Exothermic Reactor Vessel,Chemical Synthesis,83.29,none,0.0,761.8,1.0,Shift B (Evening),193.8,66.25
2026-09-01 18:00:00,Multistage Boiler Feedwater Injection Pump,High-Pressure Transport,52.87,none,0.0,0.0,1.0,Shift B (Evening),60.8,46.07
2026-09-01 18:00:00,Waste Heat Recovery Steam Generation Boiler,Steam Utility,21.31,natural_gas,82.34,0.0,1.0,Shift B (Evening),182.1,10.22
2026-09-01 18:00:00,Reciprocating Process Gas Compressor,Gas Compression Utility,90.25,none,0.0,0.0,1.0,Shift B (Evening),53.9,29.74
2026-09-01 18:00:00,Closed-Loop Brine Refrigeration Chiller,Thermal Cooling Utility,64.01,none,0.0,0.0,1.0,Shift B (Evening),-14.9,8.01
2026-09-01 19:00:00,Catalytic Steam Reforming Furnace,Reforming & Cracking,41.39,natural_gas,192.19,1084.1,1.0,Shift B (Evening),808.0,24.68
2026-09-01 19:00:00,Fractionation Distillation Column Reboiler,Fractionation & Separation,56.39,natural_gas,121.53,875.1,1.0,Shift B (Evening),209.1,4.46
2026-09-01 19:00:00,High-Pressure Exothermic Reactor Vessel,Chemical Synthesis,80.53,none,0.0,736.6,1.0,Shift B (Evening),189.3,64.83
2026-09-01 19:00:00,Multistage Boiler Feedwater Injection Pump,High-Pressure Transport,52.93,none,0.0,0.0,1.0,Shift B (Evening),59.9,46.22
2026-09-01 19:00:00,Waste Heat Recovery Steam Generation Boiler,Steam Utility,21.49,natural_gas,83.04,0.0,1.0,Shift B (Evening),181.8,9.97
2026-09-01 19:00:00,Reciprocating Process Gas Compressor,Gas Compression Utility,92.53,none,0.0,0.0,1.0,Shift B (Evening),55.1,30.27
2026-09-01 19:00:00,Closed-Loop Brine Refrigeration Chiller,Thermal Cooling Utility,63.78,none,0.0,0.0,1.0,Shift B (Evening),-15.3,8.08
2026-09-01 20:00:00,Catalytic Steam Reforming Furnace,Reforming & Cracking,41.42,natural_gas,192.32,1084.9,1.0,Shift B (Evening),835.4,25.68
2026-09-01 20:00:00,Fractionation Distillation Column Reboiler,Fractionation & Separation,59.92,natural_gas,129.14,929.8,1.0,Shift B (Evening),209.4,4.6
2026-09-01 20:00:00,High-Pressure Exothermic Reactor Vessel,Chemical Synthesis,83.03,none,0.0,759.4,1.0,Shift B (Evening),187.7,66.33
2026-09-01 20:00:00,Multistage Boiler Feedwater Injection Pump,High-Pressure Transport,54.92,none,0.0,0.0,1.0,Shift B (Evening),60.2,45.57
2026-09-01 20:00:00,Waste Heat Recovery Steam Generation Boiler,Steam Utility,22.43,natural_gas,86.66,0.0,1.0,Shift B (Evening),184.5,9.85
2026-09-01 20:00:00,Reciprocating Process Gas Compressor,Gas Compression Utility,91.73,none,0.0,0.0,1.0,Shift B (Evening),55.1,29.35
2026-09-01 20:00:00,Closed-Loop Brine Refrigeration Chiller,Thermal Cooling Utility,66.28,none,0.0,0.0,1.0,Shift B (Evening),-14.9,7.78
2026-09-01 21:00:00,Catalytic Steam Reforming Furnace,Reforming & Cracking,40.73,natural_gas,189.11,1066.8,1.0,Shift B (Evening),823.8,25.12
2026-09-01 21:00:00,Fractionation Distillation Column Reboiler,Fractionation & Separation,56.19,natural_gas,121.11,872.0,1.0,Shift B (Evening),212.7,4.56
2026-09-01 21:00:00,High-Pressure Exothermic Reactor Vessel,Chemical Synthesis,79.57,none,0.0,727.7,1.0,Shift B (Evening),192.7,66.69
2026-09-01 21:00:00,Multistage Boiler Feedwater Injection Pump,High-Pressure Transport,53.16,none,0.0,0.0,1.0,Shift B (Evening),59.9,45.55
2026-09-01 21:00:00,Waste Heat Recovery Steam Generation Boiler,Steam Utility,21.42,natural_gas,82.74,0.0,1.0,Shift B (Evening),182.7,10.18
2026-09-01 21:00:00,Reciprocating Process Gas Compressor,Gas Compression Utility,93.35,none,0.0,0.0,1.0,Shift B (Evening),55.1,29.35
2026-09-01 21:00:00,Closed-Loop Brine Refrigeration Chiller,Thermal Cooling Utility,64.13,none,0.0,0.0,1.0,Shift B (Evening),-14.9,7.82
2026-09-01 22:00:00,Catalytic Steam Reforming Furnace,Reforming & Cracking,43.57,natural_gas,202.27,1141.0,1.0,Shift C (Night),818.6,24.9
2026-09-01 22:00:00,Fractionation Distillation Column Reboiler,Fractionation & Separation,58.3,natural_gas,125.65,904.7,1.0,Shift C (Night),212.8,4.6
2026-09-01 22:00:00,High-Pressure Exothermic Reactor Vessel,Chemical Synthesis,79.04,none,0.0,722.9,1.0,Shift C (Night),192.4,63.07
2026-09-01 22:00:00,Multistage Boiler Feedwater Injection Pump,High-Pressure Transport,54.67,none,0.0,0.0,1.0,Shift C (Night),61.0,45.94
2026-09-01 22:00:00,Waste Heat Recovery Steam Generation Boiler,Steam Utility,22.55,natural_gas,87.13,0.0,1.0,Shift C (Night),185.8,9.73
2026-09-01 22:00:00,Reciprocating Process Gas Compressor,Gas Compression Utility,94.11,none,0.0,0.0,1.0,Shift C (Night),55.3,30.64
2026-09-01 22:00:00,Closed-Loop Brine Refrigeration Chiller,Thermal Cooling Utility,65.23,none,0.0,0.0,1.0,Shift C (Night),-15.2,8.16
2026-09-01 23:00:00,Catalytic Steam Reforming Furnace,Reforming & Cracking,40.95,natural_gas,190.13,1072.5,1.0,Shift C (Night),834.9,24.93
2026-09-01 23:00:00,Fractionation Distillation Column Reboiler,Fractionation & Separation,56.15,natural_gas,121.01,871.3,1.0,Shift C (Night),206.9,4.57
2026-09-01 23:00:00,High-Pressure Exothermic Reactor Vessel,Chemical Synthesis,83.98,none,0.0,768.1,1.0,Shift C (Night),191.0,65.28
2026-09-01 23:00:00,Multistage Boiler Feedwater Injection Pump,High-Pressure Transport,54.58,none,0.0,0.0,1.0,Shift C (Night),61.0,45.62
2026-09-01 23:00:00,Waste Heat Recovery Steam Generation Boiler,Steam Utility,21.79,natural_gas,84.2,0.0,1.0,Shift C (Night),187.4,10.19
2026-09-01 23:00:00,Reciprocating Process Gas Compressor,Gas Compression Utility,38.62,none,0.0,0.0,0.0,Shift C (Night),44.0,25.5
2026-09-01 23:00:00,Closed-Loop Brine Refrigeration Chiller,Thermal Cooling Utility,63.58,none,0.0,0.0,1.0,Shift C (Night),-14.8,7.78
2026-09-02 00:00:00,Catalytic Steam Reforming Furnace,Reforming & Cracking,41.63,natural_gas,193.29,1090.4,1.0,Shift C (Night),817.5,24.58
2026-09-02 00:00:00,Fractionation Distillation Column Reboiler,Fractionation & Separation,59.35,natural_gas,127.92,921.0,1.0,Shift C (Night),210.9,4.63
2026-09-02 00:00:00,High-Pressure Exothermic Reactor Vessel,Chemical Synthesis,1.09,none,0.0,0.0,0.0,Shift C (Night),30.1,0.0
2026-09-02 00:00:00,Multistage Boiler Feedwater Injection Pump,High-Pressure Transport,53.08,none,0.0,0.0,1.0,Shift C (Night),60.6,44.68
2026-09-02 00:00:00,Waste Heat Recovery Steam Generation Boiler,Steam Utility,21.69,natural_gas,83.8,0.0,1.0,Shift C (Night),186.3,9.75
2026-09-02 00:00:00,Reciprocating Process Gas Compressor,Gas Compression Utility,36.38,none,0.0,0.0,0.0,Shift C (Night),44.0,25.5
2026-09-02 00:00:00,Closed-Loop Brine Refrigeration Chiller,Thermal Cooling Utility,62.64,none,0.0,0.0,1.0,Shift C (Night),-15.1,7.91
2026-09-02 01:00:00,Catalytic Steam Reforming Furnace,Reforming & Cracking,43.49,natural_gas,201.93,1139.1,1.0,Shift C (Night),823.1,25.04
2026-09-02 01:00:00,Fractionation Distillation Column Reboiler,Fractionation & Separation,57.0,natural_gas,122.84,884.4,1.0,Shift C (Night),211.4,4.61
2026-09-02 01:00:00,High-Pressure Exothermic Reactor Vessel,Chemical Synthesis,0.69,none,0.0,0.0,0.0,Shift C (Night),31.5,0.0
2026-09-02 01:00:00,Multistage Boiler Feedwater Injection Pump,High-Pressure Transport,54.13,none,0.0,0.0,1.0,Shift C (Night),59.3,46.21
2026-09-02 01:00:00,Waste Heat Recovery Steam Generation Boiler,Steam Utility,21.21,natural_gas,81.94,0.0,1.0,Shift C (Night),183.4,9.71
2026-09-02 01:00:00,Reciprocating Process Gas Compressor,Gas Compression Utility,39.77,none,0.0,0.0,0.0,Shift C (Night),44.0,25.5
2026-09-02 01:00:00,Closed-Loop Brine Refrigeration Chiller,Thermal Cooling Utility,64.51,none,0.0,0.0,1.0,Shift C (Night),-15.1,7.88
2026-09-02 02:00:00,Catalytic Steam Reforming Furnace,Reforming & Cracking,40.94,natural_gas,190.07,1072.2,1.0,Shift C (Night),805.4,25.13
2026-09-02 02:00:00,Fractionation Distillation Column Reboiler,Fractionation & Separation,60.04,natural_gas,129.4,931.7,1.0,Shift C (Night),210.5,4.58
2026-09-02 02:00:00,High-Pressure Exothermic Reactor Vessel,Chemical Synthesis,0.63,none,0.0,0.0,0.0,Shift C (Night),29.1,0.0
2026-09-02 02:00:00,Multistage Boiler Feedwater Injection Pump,High-Pressure Transport,51.86,none,0.0,0.0,1.0,Shift C (Night),61.0,44.2
2026-09-02 02:00:00,Waste Heat Recovery Steam Generation Boiler,Steam Utility,21.16,natural_gas,81.76,0.0,1.0,Shift C (Night),185.9,9.98
2026-09-02 02:00:00,Reciprocating Process Gas Compressor,Gas Compression Utility,35.48,none,0.0,0.0,0.0,Shift C (Night),44.0,25.5
2026-09-02 02:00:00,Closed-Loop Brine Refrigeration Chiller,Thermal Cooling Utility,64.29,none,0.0,0.0,1.0,Shift C (Night),-14.8,7.92
2026-09-02 03:00:00,Catalytic Steam Reforming Furnace,Reforming & Cracking,42.64,natural_gas,197.96,1116.7,1.0,Shift C (Night),834.4,24.44
2026-09-02 03:00:00,Fractionation Distillation Column Reboiler,Fractionation & Separation,59.72,natural_gas,128.7,926.6,1.0,Shift C (Night),209.8,4.54
2026-09-02 03:00:00,High-Pressure Exothermic Reactor Vessel,Chemical Synthesis,1.29,none,0.0,0.0,0.0,Shift C (Night),29.4,0.0
2026-09-02 03:00:00,Multistage Boiler Feedwater Injection Pump,High-Pressure Transport,52.95,none,0.0,0.0,1.0,Shift C (Night),59.8,44.83
2026-09-02 03:00:00,Waste Heat Recovery Steam Generation Boiler,Steam Utility,21.9,natural_gas,84.62,0.0,1.0,Shift C (Night),184.8,9.84
2026-09-02 03:00:00,Reciprocating Process Gas Compressor,Gas Compression Utility,36.6,none,0.0,0.0,0.0,Shift C (Night),44.0,25.5
2026-09-02 03:00:00,Closed-Loop Brine Refrigeration Chiller,Thermal Cooling Utility,64.29,none,0.0,0.0,1.0,Shift C (Night),-14.8,7.98
2026-09-02 04:00:00,Catalytic Steam Reforming Furnace,Reforming & Cracking,40.65,natural_gas,188.72,1064.6,1.0,Shift C (Night),833.4,24.86
2026-09-02 04:00:00,Fractionation Distillation Column Reboiler,Fractionation & Separation,56.17,natural_gas,121.06,871.6,1.0,Shift C (Night),213.3,4.43
2026-09-02 04:00:00,High-Pressure Exothermic Reactor Vessel,Chemical Synthesis,0.9,none,0.0,0.0,0.0,Shift C (Night),31.1,0.0
2026-09-02 04:00:00,Multistage Boiler Feedwater Injection Pump,High-Pressure Transport,55.06,none,0.0,0.0,1.0,Shift C (Night),59.1,44.37
2026-09-02 04:00:00,Waste Heat Recovery Steam Generation Boiler,Steam Utility,21.93,natural_gas,84.75,0.0,1.0,Shift C (Night),181.7,9.78
2026-09-02 04:00:00,Reciprocating Process Gas Compressor,Gas Compression Utility,35.34,none,0.0,0.0,0.0,Shift C (Night),44.0,25.5
2026-09-02 04:00:00,Closed-Loop Brine Refrigeration Chiller,Thermal Cooling Utility,61.74,none,0.0,0.0,1.0,Shift C (Night),-15.1,7.86
2026-09-02 05:00:00,Catalytic Steam Reforming Furnace,Reforming & Cracking,41.18,natural_gas,191.17,1078.4,1.0,Shift C (Night),831.6,25.2
2026-09-02 05:00:00,Fractionation Distillation Column Reboiler,Fractionation & Separation,58.32,natural_gas,125.69,905.0,1.0,Shift C (Night),209.5,4.49
2026-09-02 05:00:00,High-Pressure Exothermic Reactor Vessel,Chemical Synthesis,1.8,none,0.0,0.0,0.0,Shift C (Night),30.2,0.0
2026-09-02 05:00:00,Multistage Boiler Feedwater Injection Pump,High-Pressure Transport,54.49,none,0.0,0.0,1.0,Shift C (Night),60.9,45.01
2026-09-02 05:00:00,Waste Heat Recovery Steam Generation Boiler,Steam Utility,22.69,natural_gas,87.66,0.0,1.0,Shift C (Night),187.3,9.98
2026-09-02 05:00:00,Reciprocating Process Gas Compressor,Gas Compression Utility,36.08,none,0.0,0.0,0.0,Shift C (Night),44.0,25.5
2026-09-02 05:00:00,Closed-Loop Brine Refrigeration Chiller,Thermal Cooling Utility,65.97,none,0.0,0.0,1.0,Shift C (Night),-15.0,8.16
2026-09-02 06:00:00,Catalytic Steam Reforming Furnace,Reforming & Cracking,42.35,natural_gas,196.61,1109.1,1.0,Shift A (Morning),823.4,24.32
2026-09-02 06:00:00,Fractionation Distillation Column Reboiler,Fractionation & Separation,57.77,natural_gas,124.5,896.4,1.0,Shift A (Morning),206.7,4.53
2026-09-02 06:00:00,High-Pressure Exothermic Reactor Vessel,Chemical Synthesis,79.69,none,0.0,728.9,1.0,Shift A (Morning),189.6,65.39
2026-09-02 06:00:00,Multistage Boiler Feedwater Injection Pump,High-Pressure Transport,54.29,none,0.0,0.0,1.0,Shift A (Morning),60.7,44.5
2026-09-02 06:00:00,Waste Heat Recovery Steam Generation Boiler,Steam Utility,22.3,natural_gas,86.14,0.0,1.0,Shift A (Morning),181.9,9.87
2026-09-02 06:00:00,Reciprocating Process Gas Compressor,Gas Compression Utility,89.65,none,0.0,0.0,1.0,Shift A (Morning),55.6,29.26
2026-09-02 06:00:00,Closed-Loop Brine Refrigeration Chiller,Thermal Cooling Utility,66.25,none,0.0,0.0,1.0,Shift A (Morning),-14.8,7.85
2026-09-02 07:00:00,Catalytic Steam Reforming Furnace,Reforming & Cracking,43.12,natural_gas,200.2,1129.3,1.0,Shift A (Morning),826.8,25.53
2026-09-02 07:00:00,Fractionation Distillation Column Reboiler,Fractionation & Separation,59.03,natural_gas,127.22,916.0,1.0,Shift A (Morning),208.5,4.39
2026-09-02 07:00:00,High-Pressure Exothermic Reactor Vessel,Chemical Synthesis,78.75,none,0.0,720.2,1.0,Shift A (Morning),188.3,64.03
2026-09-02 07:00:00,Multistage Boiler Feedwater Injection Pump,High-Pressure Transport,53.54,none,0.0,0.0,1.0,Shift A (Morning),60.9,44.71
2026-09-02 07:00:00,Waste Heat Recovery Steam Generation Boiler,Steam Utility,21.63,natural_gas,83.57,0.0,1.0,Shift A (Morning),182.9,9.8
2026-09-02 07:00:00,Reciprocating Process Gas Compressor,Gas Compression Utility,94.05,none,0.0,0.0,1.0,Shift A (Morning),55.7,29.85
2026-09-02 07:00:00,Closed-Loop Brine Refrigeration Chiller,Thermal Cooling Utility,61.92,none,0.0,0.0,1.0,Shift A (Morning),-14.8,8.09
2026-09-02 08:00:00,Catalytic Steam Reforming Furnace,Reforming & Cracking,43.61,natural_gas,202.5,1142.3,1.0,Shift A (Morning),826.8,25.2
2026-09-02 08:00:00,Fractionation Distillation Column Reboiler,Fractionation & Separation,57.83,natural_gas,124.63,897.4,1.0,Shift A (Morning),207.1,4.61
2026-09-02 08:00:00,High-Pressure Exothermic Reactor Vessel,Chemical Synthesis,85.0,none,0.0,777.5,1.0,Shift A (Morning),189.2,65.0
2026-09-02 08:00:00,Multistage Boiler Feedwater Injection Pump,High-Pressure Transport,53.22,none,0.0,0.0,1.0,Shift A (Morning),59.9,43.78
2026-09-02 08:00:00,Waste Heat Recovery Steam Generation Boiler,Steam Utility,22.22,natural_gas,85.86,0.0,1.0,Shift A (Morning),188.0,10.25
2026-09-02 08:00:00,Reciprocating Process Gas Compressor,Gas Compression Utility,95.1,none,0.0,0.0,1.0,Shift A (Morning),54.6,29.97
2026-09-02 08:00:00,Closed-Loop Brine Refrigeration Chiller,Thermal Cooling Utility,61.73,none,0.0,0.0,1.0,Shift A (Morning),-15.2,7.85
2026-09-02 09:00:00,Catalytic Steam Reforming Furnace,Reforming & Cracking,42.84,natural_gas,198.91,1122.1,1.0,Shift A (Morning),810.8,24.27
2026-09-02 09:00:00,Fractionation Distillation Column Reboiler,Fractionation & Separation,58.41,natural_gas,125.88,906.3,1.0,Shift A (Morning),213.4,4.54
2026-09-02 09:00:00,High-Pressure Exothermic Reactor Vessel,Chemical Synthesis,80.11,none,0.0,732.7,1.0,Shift A (Morning),193.6,64.38
2026-09-02 09:00:00,Multistage Boiler Feedwater Injection Pump,High-Pressure Transport,55.0,none,0.0,0.0,1.0,Shift A (Morning),59.8,46.23
2026-09-02 09:00:00,Waste Heat Recovery Steam Generation Boiler,Steam Utility,22.76,natural_gas,87.94,0.0,1.0,Shift A (Morning),187.8,9.87
2026-09-02 09:00:00,Reciprocating Process Gas Compressor,Gas Compression Utility,91.04,none,0.0,0.0,1.0,Shift A (Morning),54.8,29.96
2026-09-02 09:00:00,Closed-Loop Brine Refrigeration Chiller,Thermal Cooling Utility,64.27,none,0.0,0.0,1.0,Shift A (Morning),-14.9,7.98
2026-09-02 10:00:00,Catalytic Steam Reforming Furnace,Reforming & Cracking,40.41,natural_gas,187.63,1058.4,1.0,Shift A (Morning),813.1,25.46
2026-09-02 10:00:00,Fractionation Distillation Column Reboiler,Fractionation & Separation,58.64,natural_gas,126.38,909.9,1.0,Shift A (Morning),207.6,4.56
2026-09-02 10:00:00,High-Pressure Exothermic Reactor Vessel,Chemical Synthesis,84.1,none,0.0,769.2,1.0,Shift A (Morning),188.9,66.13
2026-09-02 10:00:00,Multistage Boiler Feedwater Injection Pump,High-Pressure Transport,55.13,none,0.0,0.0,1.0,Shift A (Morning),59.8,45.98
2026-09-02 10:00:00,Waste Heat Recovery Steam Generation Boiler,Steam Utility,21.62,natural_gas,83.54,0.0,1.0,Shift A (Morning),187.4,9.74
2026-09-02 10:00:00,Reciprocating Process Gas Compressor,Gas Compression Utility,90.5,none,0.0,0.0,1.0,Shift A (Morning),54.8,29.46
2026-09-02 10:00:00,Closed-Loop Brine Refrigeration Chiller,Thermal Cooling Utility,62.06,none,0.0,0.0,1.0,Shift A (Morning),-14.9,7.86
2026-09-02 11:00:00,Catalytic Steam Reforming Furnace,Reforming & Cracking,43.59,natural_gas,202.38,1141.6,1.0,Shift A (Morning),828.4,25.48
2026-09-02 11:00:00,Fractionation Distillation Column Reboiler,Fractionation & Separation,58.07,natural_gas,125.15,901.1,1.0,Shift A (Morning),206.7,4.56
2026-09-02 11:00:00,High-Pressure Exothermic Reactor Vessel,Chemical Synthesis,85.23,none,0.0,779.5,1.0,Shift A (Morning),189.2,65.68
2026-09-02 11:00:00,Multistage Boiler Feedwater Injection Pump,High-Pressure Transport,53.39,none,0.0,0.0,1.0,Shift A (Morning),60.8,44.62
2026-09-02 11:00:00,Waste Heat Recovery Steam Generation Boiler,Steam Utility,22.14,natural_gas,85.54,0.0,1.0,Shift A (Morning),183.7,9.95
2026-09-02 11:00:00,Reciprocating Process Gas Compressor,Gas Compression Utility,88.63,none,0.0,0.0,1.0,Shift A (Morning),55.9,30.76
2026-09-02 11:00:00,Closed-Loop Brine Refrigeration Chiller,Thermal Cooling Utility,66.14,none,0.0,0.0,1.0,Shift A (Morning),-14.8,7.87
2026-09-02 12:00:00,Catalytic Steam Reforming Furnace,Reforming & Cracking,42.82,natural_gas,198.81,1121.5,1.0,Shift A (Morning),808.6,25.1
2026-09-02 12:00:00,Fractionation Distillation Column Reboiler,Fractionation & Separation,57.51,natural_gas,123.95,892.5,1.0,Shift A (Morning),208.1,4.43
2026-09-02 12:00:00,High-Pressure Exothermic Reactor Vessel,Chemical Synthesis,79.64,none,0.0,728.4,1.0,Shift A (Morning),186.3,63.67
2026-09-02 12:00:00,Multistage Boiler Feedwater Injection Pump,High-Pressure Transport,56.03,none,0.0,0.0,1.0,Shift A (Morning),59.1,43.9
2026-09-02 12:00:00,Waste Heat Recovery Steam Generation Boiler,Steam Utility,21.59,natural_gas,83.41,0.0,1.0,Shift A (Morning),183.9,10.25
2026-09-02 12:00:00,Reciprocating Process Gas Compressor,Gas Compression Utility,92.99,none,0.0,0.0,1.0,Shift A (Morning),55.7,29.46
2026-09-02 12:00:00,Closed-Loop Brine Refrigeration Chiller,Thermal Cooling Utility,64.72,none,0.0,0.0,1.0,Shift A (Morning),-14.8,7.95
2026-09-02 13:00:00,Catalytic Steam Reforming Furnace,Reforming & Cracking,40.47,natural_gas,187.9,1060.0,1.0,Shift A (Morning),805.9,24.47
2026-09-02 13:00:00,Fractionation Distillation Column Reboiler,Fractionation & Separation,57.67,natural_gas,124.3,894.9,1.0,Shift A (Morning),207.6,4.41
2026-09-02 13:00:00,High-Pressure Exothermic Reactor Vessel,Chemical Synthesis,84.27,none,0.0,770.8,1.0,Shift A (Morning),186.6,63.35
2026-09-02 13:00:00,Multistage Boiler Feedwater Injection Pump,High-Pressure Transport,55.25,none,0.0,0.0,1.0,Shift A (Morning),59.2,45.24
2026-09-02 13:00:00,Waste Heat Recovery Steam Generation Boiler,Steam Utility,21.37,natural_gas,82.57,0.0,1.0,Shift A (Morning),181.4,10.17
2026-09-02 13:00:00,Reciprocating Process Gas Compressor,Gas Compression Utility,90.98,none,0.0,0.0,1.0,Shift A (Morning),55.6,29.66
2026-09-02 13:00:00,Closed-Loop Brine Refrigeration Chiller,Thermal Cooling Utility,66.45,none,0.0,0.0,1.0,Shift A (Morning),-14.8,7.83
2026-09-02 14:00:00,Catalytic Steam Reforming Furnace,Reforming & Cracking,42.36,natural_gas,196.67,1109.4,1.0,Shift B (Evening),815.7,24.38
2026-09-02 14:00:00,Fractionation Distillation Column Reboiler,Fractionation & Separation,60.27,natural_gas,129.89,935.2,1.0,Shift B (Evening),211.4,4.62
2026-09-02 14:00:00,High-Pressure Exothermic Reactor Vessel,Chemical Synthesis,82.44,none,0.0,754.1,1.0,Shift B (Evening),193.0,65.22
2026-09-02 14:00:00,Multistage Boiler Feedwater Injection Pump,High-Pressure Transport,51.95,none,0.0,0.0,1.0,Shift B (Evening),60.7,45.48
2026-09-02 14:00:00,Waste Heat Recovery Steam Generation Boiler,Steam Utility,22.3,natural_gas,86.14,0.0,1.0,Shift B (Evening),187.3,9.82
2026-09-02 14:00:00,Reciprocating Process Gas Compressor,Gas Compression Utility,88.72,none,0.0,0.0,1.0,Shift B (Evening),55.1,30.07
2026-09-02 14:00:00,Closed-Loop Brine Refrigeration Chiller,Thermal Cooling Utility,62.53,none,0.0,0.0,1.0,Shift B (Evening),-15.3,7.9
2026-09-02 15:00:00,Catalytic Steam Reforming Furnace,Reforming & Cracking,42.0,natural_gas,194.98,1099.9,1.0,Shift B (Evening),818.6,25.19
2026-09-02 15:00:00,Fractionation Distillation Column Reboiler,Fractionation & Separation,55.91,natural_gas,120.5,867.6,1.0,Shift B (Evening),214.0,4.5
2026-09-02 15:00:00,High-Pressure Exothermic Reactor Vessel,Chemical Synthesis,80.76,none,0.0,738.6,1.0,Shift B (Evening),189.2,66.87
2026-09-02 15:00:00,Multistage Boiler Feedwater Injection Pump,High-Pressure Transport,53.47,none,0.0,0.0,1.0,Shift B (Evening),59.5,45.17
2026-09-02 15:00:00,Waste Heat Recovery Steam Generation Boiler,Steam Utility,21.88,natural_gas,84.53,0.0,1.0,Shift B (Evening),186.4,9.7
2026-09-02 15:00:00,Reciprocating Process Gas Compressor,Gas Compression Utility,95.44,none,0.0,0.0,1.0,Shift B (Evening),55.3,29.48
2026-09-02 15:00:00,Closed-Loop Brine Refrigeration Chiller,Thermal Cooling Utility,63.53,none,0.0,0.0,1.0,Shift B (Evening),-14.8,8.09
2026-09-02 16:00:00,Catalytic Steam Reforming Furnace,Reforming & Cracking,41.52,natural_gas,192.75,1087.3,1.0,Shift B (Evening),827.5,25.04
2026-09-02 16:00:00,Fractionation Distillation Column Reboiler,Fractionation & Separation,57.24,natural_gas,123.35,888.1,1.0,Shift B (Evening),207.3,4.58
2026-09-02 16:00:00,High-Pressure Exothermic Reactor Vessel,Chemical Synthesis,81.52,none,0.0,745.6,1.0,Shift B (Evening),190.5,66.14
2026-09-02 16:00:00,Multistage Boiler Feedwater Injection Pump,High-Pressure Transport,53.47,none,0.0,0.0,1.0,Shift B (Evening),60.2,45.95
2026-09-02 16:00:00,Waste Heat Recovery Steam Generation Boiler,Steam Utility,21.49,natural_gas,83.03,0.0,1.0,Shift B (Evening),188.1,9.79
2026-09-02 16:00:00,Reciprocating Process Gas Compressor,Gas Compression Utility,91.62,none,0.0,0.0,1.0,Shift B (Evening),55.7,29.98
2026-09-02 16:00:00,Closed-Loop Brine Refrigeration Chiller,Thermal Cooling Utility,64.68,none,0.0,0.0,1.0,Shift B (Evening),-14.9,8.16
2026-09-02 17:00:00,Catalytic Steam Reforming Furnace,Reforming & Cracking,41.71,natural_gas,193.64,1092.3,1.0,Shift B (Evening),821.3,25.33
2026-09-02 17:00:00,Fractionation Distillation Column Reboiler,Fractionation & Separation,58.98,natural_gas,127.12,915.2,1.0,Shift B (Evening),209.8,4.38
2026-09-02 17:00:00,High-Pressure Exothermic Reactor Vessel,Chemical Synthesis,83.19,none,0.0,760.9,1.0,Shift B (Evening),189.8,63.8
2026-09-02 17:00:00,Multistage Boiler Feedwater Injection Pump,High-Pressure Transport,54.74,none,0.0,0.0,1.0,Shift B (Evening),59.4,45.37
2026-09-02 17:00:00,Waste Heat Recovery Steam Generation Boiler,Steam Utility,22.66,natural_gas,87.55,0.0,1.0,Shift B (Evening),188.5,9.95
2026-09-02 17:00:00,Reciprocating Process Gas Compressor,Gas Compression Utility,89.1,none,0.0,0.0,1.0,Shift B (Evening),54.7,30.79
2026-09-02 17:00:00,Closed-Loop Brine Refrigeration Chiller,Thermal Cooling Utility,62.97,none,0.0,0.0,1.0,Shift B (Evening),-15.1,7.95
2026-09-02 18:00:00,Catalytic Steam Reforming Furnace,Reforming & Cracking,42.16,natural_gas,195.73,1104.1,1.0,Shift B (Evening),835.8,25.56
2026-09-02 18:00:00,Fractionation Distillation Column Reboiler,Fractionation & Separation,57.52,natural_gas,123.96,892.5,1.0,Shift B (Evening),210.0,4.51
2026-09-02 18:00:00,High-Pressure Exothermic Reactor Vessel,Chemical Synthesis,83.69,none,0.0,765.5,1.0,Shift B (Evening),191.9,65.76
2026-09-02 18:00:00,Multistage Boiler Feedwater Injection Pump,High-Pressure Transport,55.97,none,0.0,0.0,1.0,Shift B (Evening),61.1,45.31
2026-09-02 18:00:00,Waste Heat Recovery Steam Generation Boiler,Steam Utility,21.42,natural_gas,82.75,0.0,1.0,Shift B (Evening),188.5,10.06
2026-09-02 18:00:00,Reciprocating Process Gas Compressor,Gas Compression Utility,95.57,none,0.0,0.0,1.0,Shift B (Evening),55.9,30.46
2026-09-02 18:00:00,Closed-Loop Brine Refrigeration Chiller,Thermal Cooling Utility,64.92,none,0.0,0.0,1.0,Shift B (Evening),-15.2,8.07
2026-09-02 19:00:00,Catalytic Steam Reforming Furnace,Reforming & Cracking,43.37,natural_gas,201.38,1136.0,1.0,Shift B (Evening),815.4,25.03
2026-09-02 19:00:00,Fractionation Distillation Column Reboiler,Fractionation & Separation,57.66,natural_gas,124.27,894.8,1.0,Shift B (Evening),211.7,4.48
2026-09-02 19:00:00,High-Pressure Exothermic Reactor Vessel,Chemical Synthesis,79.29,none,0.0,725.2,1.0,Shift B (Evening),191.3,64.11
2026-09-02 19:00:00,Multistage Boiler Feedwater Injection Pump,High-Pressure Transport,55.51,none,0.0,0.0,1.0,Shift B (Evening),61.1,44.27
2026-09-02 19:00:00,Waste Heat Recovery Steam Generation Boiler,Steam Utility,22.27,natural_gas,86.06,0.0,1.0,Shift B (Evening),187.7,10.03
2026-09-02 19:00:00,Reciprocating Process Gas Compressor,Gas Compression Utility,92.33,none,0.0,0.0,1.0,Shift B (Evening),54.2,30.14
2026-09-02 19:00:00,Closed-Loop Brine Refrigeration Chiller,Thermal Cooling Utility,62.42,none,0.0,0.0,1.0,Shift B (Evening),-15.0,8.04
2026-09-02 20:00:00,Catalytic Steam Reforming Furnace,Reforming & Cracking,43.02,natural_gas,199.75,1126.8,1.0,Shift B (Evening),824.8,25.43
2026-09-02 20:00:00,Fractionation Distillation Column Reboiler,Fractionation & Separation,56.62,natural_gas,122.03,878.7,1.0,Shift B (Evening),213.9,4.53
2026-09-02 20:00:00,High-Pressure Exothermic Reactor Vessel,Chemical Synthesis,83.87,none,0.0,767.1,1.0,Shift B (Evening),191.0,65.43
2026-09-02 20:00:00,Multistage Boiler Feedwater Injection Pump,High-Pressure Transport,55.33,none,0.0,0.0,1.0,Shift B (Evening),59.0,45.47
2026-09-02 20:00:00,Waste Heat Recovery Steam Generation Boiler,Steam Utility,21.4,natural_gas,82.67,0.0,1.0,Shift B (Evening),188.2,9.72
2026-09-02 20:00:00,Reciprocating Process Gas Compressor,Gas Compression Utility,91.16,none,0.0,0.0,1.0,Shift B (Evening),54.1,30.48
2026-09-02 20:00:00,Closed-Loop Brine Refrigeration Chiller,Thermal Cooling Utility,62.36,none,0.0,0.0,1.0,Shift B (Evening),-14.7,7.83
2026-09-02 21:00:00,Catalytic Steam Reforming Furnace,Reforming & Cracking,42.27,natural_gas,196.25,1107.0,1.0,Shift B (Evening),815.5,24.57
2026-09-02 21:00:00,Fractionation Distillation Column Reboiler,Fractionation & Separation,59.99,natural_gas,129.28,930.8,1.0,Shift B (Evening),207.8,4.59
2026-09-02 21:00:00,High-Pressure Exothermic Reactor Vessel,Chemical Synthesis,82.9,none,0.0,758.2,1.0,Shift B (Evening),191.4,65.7
2026-09-02 21:00:00,Multistage Boiler Feedwater Injection Pump,High-Pressure Transport,53.1,none,0.0,0.0,1.0,Shift B (Evening),58.8,45.14
2026-09-02 21:00:00,Waste Heat Recovery Steam Generation Boiler,Steam Utility,21.26,natural_gas,82.14,0.0,1.0,Shift B (Evening),184.9,9.81
2026-09-02 21:00:00,Reciprocating Process Gas Compressor,Gas Compression Utility,89.22,none,0.0,0.0,1.0,Shift B (Evening),55.2,29.87
2026-09-02 21:00:00,Closed-Loop Brine Refrigeration Chiller,Thermal Cooling Utility,62.4,none,0.0,0.0,1.0,Shift B (Evening),-15.2,7.85
2026-09-02 22:00:00,Catalytic Steam Reforming Furnace,Reforming & Cracking,41.49,natural_gas,192.62,1086.6,1.0,Shift C (Night),804.2,25.52
2026-09-02 22:00:00,Fractionation Distillation Column Reboiler,Fractionation & Separation,56.82,natural_gas,122.45,881.6,1.0,Shift C (Night),211.4,4.49
2026-09-02 22:00:00,High-Pressure Exothermic Reactor Vessel,Chemical Synthesis,82.89,none,0.0,758.1,1.0,Shift C (Night),189.2,65.29
2026-09-02 22:00:00,Multistage Boiler Feedwater Injection Pump,High-Pressure Transport,54.82,none,0.0,0.0,1.0,Shift C (Night),58.8,43.67
2026-09-02 22:00:00,Waste Heat Recovery Steam Generation Boiler,Steam Utility,21.31,natural_gas,82.32,0.0,1.0,Shift C (Night),185.6,10.3
2026-09-02 22:00:00,Reciprocating Process Gas Compressor,Gas Compression Utility,93.83,none,0.0,0.0,1.0,Shift C (Night),56.0,29.78
2026-09-02 22:00:00,Closed-Loop Brine Refrigeration Chiller,Thermal Cooling Utility,63.19,none,0.0,0.0,1.0,Shift C (Night),-15.3,7.86
2026-09-02 23:00:00,Catalytic Steam Reforming Furnace,Reforming & Cracking,42.87,natural_gas,199.02,1122.7,1.0,Shift C (Night),834.4,25.52
2026-09-02 23:00:00,Fractionation Distillation Column Reboiler,Fractionation & Separation,58.14,natural_gas,125.3,902.1,1.0,Shift C (Night),208.0,4.42
2026-09-02 23:00:00,High-Pressure Exothermic Reactor Vessel,Chemical Synthesis,84.39,none,0.0,771.8,1.0,Shift C (Night),193.1,64.93
2026-09-02 23:00:00,Multistage Boiler Feedwater Injection Pump,High-Pressure Transport,53.45,none,0.0,0.0,1.0,Shift C (Night),59.0,44.42
2026-09-02 23:00:00,Waste Heat Recovery Steam Generation Boiler,Steam Utility,21.99,natural_gas,84.95,0.0,1.0,Shift C (Night),184.5,9.77
2026-09-02 23:00:00,Reciprocating Process Gas Compressor,Gas Compression Utility,37.33,none,0.0,0.0,0.0,Shift C (Night),44.0,25.5
2026-09-02 23:00:00,Closed-Loop Brine Refrigeration Chiller,Thermal Cooling Utility,64.65,none,0.0,0.0,1.0,Shift C (Night),-15.2,8.09
2026-09-03 00:00:00,Catalytic Steam Reforming Furnace,Reforming & Cracking,41.84,natural_gas,194.25,1095.8,1.0,Shift C (Night),808.0,24.46
2026-09-03 00:00:00,Fractionation Distillation Column Reboiler,Fractionation & Separation,60.17,natural_gas,191.91,933.7,1.0,Shift C (Night),202.7,4.59
2026-09-03 00:00:00,High-Pressure Exothermic Reactor Vessel,Chemical Synthesis,0.67,none,0.0,0.0,0.0,Shift C (Night),30.5,0.0
2026-09-03 00:00:00,Multistage Boiler Feedwater Injection Pump,High-Pressure Transport,54.68,none,0.0,0.0,1.0,Shift C (Night),60.6,45.05
2026-09-03 00:00:00,Waste Heat Recovery Steam Generation Boiler,Steam Utility,22.64,natural_gas,87.46,0.0,1.0,Shift C (Night),185.3,10.14
2026-09-03 00:00:00,Reciprocating Process Gas Compressor,Gas Compression Utility,36.42,none,0.0,0.0,0.0,Shift C (Night),44.0,25.5
2026-09-03 00:00:00,Closed-Loop Brine Refrigeration Chiller,Thermal Cooling Utility,65.09,none,0.0,0.0,1.0,Shift C (Night),-15.1,7.85
2026-09-03 01:00:00,Catalytic Steam Reforming Furnace,Reforming & Cracking,41.01,natural_gas,190.4,1074.0,1.0,Shift C (Night),807.3,25.25
2026-09-03 01:00:00,Fractionation Distillation Column Reboiler,Fractionation & Separation,55.74,natural_gas,177.79,864.9,1.0,Shift C (Night),198.5,4.53
2026-09-03 01:00:00,High-Pressure Exothermic Reactor Vessel,Chemical Synthesis,1.59,none,0.0,0.0,0.0,Shift C (Night),28.7,0.0
2026-09-03 01:00:00,Multistage Boiler Feedwater Injection Pump,High-Pressure Transport,54.85,none,0.0,0.0,1.0,Shift C (Night),60.1,44.02
2026-09-03 01:00:00,Waste Heat Recovery Steam Generation Boiler,Steam Utility,22.42,natural_gas,86.6,0.0,1.0,Shift C (Night),183.9,10.13
2026-09-03 01:00:00,Reciprocating Process Gas Compressor,Gas Compression Utility,36.92,none,0.0,0.0,0.0,Shift C (Night),44.0,25.5
2026-09-03 01:00:00,Closed-Loop Brine Refrigeration Chiller,Thermal Cooling Utility,63.29,none,0.0,0.0,1.0,Shift C (Night),-15.1,7.78
2026-09-03 02:00:00,Catalytic Steam Reforming Furnace,Reforming & Cracking,40.87,natural_gas,189.76,1070.4,1.0,Shift C (Night),810.8,24.4
2026-09-03 02:00:00,Fractionation Distillation Column Reboiler,Fractionation & Separation,57.85,natural_gas,184.51,897.6,1.0,Shift C (Night),198.3,4.44
2026-09-03 02:00:00,High-Pressure Exothermic Reactor Vessel,Chemical Synthesis,1.34,none,0.0,0.0,0.0,Shift C (Night),31.6,0.0
2026-09-03 02:00:00,Multistage Boiler Feedwater Injection Pump,High-Pressure Transport,52.77,none,0.0,0.0,1.0,Shift C (Night),60.9,44.98
2026-09-03 02:00:00,Waste Heat Recovery Steam Generation Boiler,Steam Utility,21.17,natural_gas,81.78,0.0,1.0,Shift C (Night),186.8,9.75
2026-09-03 02:00:00,Reciprocating Process Gas Compressor,Gas Compression Utility,37.23,none,0.0,0.0,0.0,Shift C (Night),44.0,25.5
2026-09-03 02:00:00,Closed-Loop Brine Refrigeration Chiller,Thermal Cooling Utility,62.01,none,0.0,0.0,1.0,Shift C (Night),-15.2,8.23
2026-09-03 03:00:00,Catalytic Steam Reforming Furnace,Reforming & Cracking,41.89,natural_gas,194.51,1097.2,1.0,Shift C (Night),830.8,25.06
2026-09-03 03:00:00,Fractionation Distillation Column Reboiler,Fractionation & Separation,59.1,natural_gas,188.51,917.1,1.0,Shift C (Night),203.1,4.37
2026-09-03 03:00:00,High-Pressure Exothermic Reactor Vessel,Chemical Synthesis,1.05,none,0.0,0.0,0.0,Shift C (Night),29.3,0.0
2026-09-03 03:00:00,Multistage Boiler Feedwater Injection Pump,High-Pressure Transport,54.03,none,0.0,0.0,1.0,Shift C (Night),60.9,45.69
2026-09-03 03:00:00,Waste Heat Recovery Steam Generation Boiler,Steam Utility,21.88,natural_gas,84.54,0.0,1.0,Shift C (Night),183.0,9.71
2026-09-03 03:00:00,Reciprocating Process Gas Compressor,Gas Compression Utility,35.86,none,0.0,0.0,0.0,Shift C (Night),44.0,25.5
2026-09-03 03:00:00,Closed-Loop Brine Refrigeration Chiller,Thermal Cooling Utility,64.59,none,0.0,0.0,1.0,Shift C (Night),-14.9,7.99
2026-09-03 04:00:00,Catalytic Steam Reforming Furnace,Reforming & Cracking,43.03,natural_gas,199.79,1127.0,1.0,Shift C (Night),834.5,24.56
2026-09-03 04:00:00,Fractionation Distillation Column Reboiler,Fractionation & Separation,59.66,natural_gas,190.28,925.7,1.0,Shift C (Night),197.8,4.55
2026-09-03 04:00:00,High-Pressure Exothermic Reactor Vessel,Chemical Synthesis,1.11,none,0.0,0.0,0.0,Shift C (Night),28.8,0.0
2026-09-03 04:00:00,Multistage Boiler Feedwater Injection Pump,High-Pressure Transport,54.47,none,0.0,0.0,1.0,Shift C (Night),59.5,43.85
2026-09-03 04:00:00,Waste Heat Recovery Steam Generation Boiler,Steam Utility,22.29,natural_gas,86.12,0.0,1.0,Shift C (Night),181.5,9.89
2026-09-03 04:00:00,Reciprocating Process Gas Compressor,Gas Compression Utility,36.6,none,0.0,0.0,0.0,Shift C (Night),44.0,25.5
2026-09-03 04:00:00,Closed-Loop Brine Refrigeration Chiller,Thermal Cooling Utility,64.14,none,0.0,0.0,1.0,Shift C (Night),-15.0,7.84
2026-09-03 05:00:00,Catalytic Steam Reforming Furnace,Reforming & Cracking,41.3,natural_gas,191.74,1081.6,1.0,Shift C (Night),834.1,24.92
2026-09-03 05:00:00,Fractionation Distillation Column Reboiler,Fractionation & Separation,56.76,natural_gas,181.05,880.8,1.0,Shift C (Night),199.5,4.43
2026-09-03 05:00:00,High-Pressure Exothermic Reactor Vessel,Chemical Synthesis,1.23,none,0.0,0.0,0.0,Shift C (Night),30.0,0.0
2026-09-03 05:00:00,Multistage Boiler Feedwater Injection Pump,High-Pressure Transport,55.01,none,0.0,0.0,1.0,Shift C (Night),60.1,45.61
2026-09-03 05:00:00,Waste Heat Recovery Steam Generation Boiler,Steam Utility,22.87,natural_gas,88.37,0.0,1.0,Shift C (Night),186.1,9.94
2026-09-03 05:00:00,Reciprocating Process Gas Compressor,Gas Compression Utility,38.3,none,0.0,0.0,0.0,Shift C (Night),44.0,25.5
2026-09-03 05:00:00,Closed-Loop Brine Refrigeration Chiller,Thermal Cooling Utility,65.69,none,0.0,0.0,1.0,Shift C (Night),-14.9,8.0
2026-09-03 06:00:00,Catalytic Steam Reforming Furnace,Reforming & Cracking,41.4,natural_gas,192.22,1084.3,1.0,Shift A (Morning),827.1,24.26
2026-09-03 06:00:00,Fractionation Distillation Column Reboiler,Fractionation & Separation,57.99,natural_gas,184.97,899.8,1.0,Shift A (Morning),196.8,4.41
2026-09-03 06:00:00,High-Pressure Exothermic Reactor Vessel,Chemical Synthesis,82.93,none,0.0,758.5,1.0,Shift A (Morning),193.7,64.0
2026-09-03 06:00:00,Multistage Boiler Feedwater Injection Pump,High-Pressure Transport,54.97,none,0.0,0.0,1.0,Shift A (Morning),60.1,45.17
2026-09-03 06:00:00,Waste Heat Recovery Steam Generation Boiler,Steam Utility,21.33,natural_gas,82.4,0.0,1.0,Shift A (Morning),186.4,10.24
2026-09-03 06:00:00,Reciprocating Process Gas Compressor,Gas Compression Utility,89.28,none,0.0,0.0,1.0,Shift A (Morning),54.7,29.26
2026-09-03 06:00:00,Closed-Loop Brine Refrigeration Chiller,Thermal Cooling Utility,62.25,none,0.0,0.0,1.0,Shift A (Morning),-15.2,7.88
2026-09-03 07:00:00,Catalytic Steam Reforming Furnace,Reforming & Cracking,41.76,natural_gas,193.86,1093.6,1.0,Shift A (Morning),810.0,24.83
2026-09-03 07:00:00,Fractionation Distillation Column Reboiler,Fractionation & Separation,55.82,natural_gas,178.06,866.2,1.0,Shift A (Morning),202.5,4.53
2026-09-03 07:00:00,High-Pressure Exothermic Reactor Vessel,Chemical Synthesis,81.11,none,0.0,741.8,1.0,Shift A (Morning),187.6,63.21
2026-09-03 07:00:00,Multistage Boiler Feedwater Injection Pump,High-Pressure Transport,53.2,none,0.0,0.0,1.0,Shift A (Morning),59.0,44.92
2026-09-03 07:00:00,Waste Heat Recovery Steam Generation Boiler,Steam Utility,22.38,natural_gas,86.45,0.0,1.0,Shift A (Morning),183.3,10.27
2026-09-03 07:00:00,Reciprocating Process Gas Compressor,Gas Compression Utility,94.22,none,0.0,0.0,1.0,Shift A (Morning),55.5,29.93
2026-09-03 07:00:00,Closed-Loop Brine Refrigeration Chiller,Thermal Cooling Utility,64.86,none,0.0,0.0,1.0,Shift A (Morning),-14.9,7.93
2026-09-03 08:00:00,Catalytic Steam Reforming Furnace,Reforming & Cracking,43.05,natural_gas,199.87,1127.5,1.0,Shift A (Morning),818.0,24.9
2026-09-03 08:00:00,Fractionation Distillation Column Reboiler,Fractionation & Separation,58.05,natural_gas,185.15,900.7,1.0,Shift A (Morning),198.7,4.42
2026-09-03 08:00:00,High-Pressure Exothermic Reactor Vessel,Chemical Synthesis,83.03,none,0.0,759.4,1.0,Shift A (Morning),187.4,66.78
2026-09-03 08:00:00,Multistage Boiler Feedwater Injection Pump,High-Pressure Transport,55.27,none,0.0,0.0,1.0,Shift A (Morning),60.8,44.86
2026-09-03 08:00:00,Waste Heat Recovery Steam Generation Boiler,Steam Utility,22.28,natural_gas,86.09,0.0,1.0,Shift A (Morning),181.5,10.08
2026-09-03 08:00:00,Reciprocating Process Gas Compressor,Gas Compression Utility,92.32,none,0.0,0.0,1.0,Shift A (Morning),54.1,29.54
2026-09-03 08:00:00,Closed-Loop Brine Refrigeration Chiller,Thermal Cooling Utility,66.47,none,0.0,0.0,1.0,Shift A (Morning),-15.0,8.04
2026-09-03 09:00:00,Catalytic Steam Reforming Furnace,Reforming & Cracking,43.39,natural_gas,201.46,1136.4,1.0,Shift A (Morning),806.9,25.38
2026-09-03 09:00:00,Fractionation Distillation Column Reboiler,Fractionation & Separation,59.6,natural_gas,190.11,924.8,1.0,Shift A (Morning),202.1,4.46
2026-09-03 09:00:00,High-Pressure Exothermic Reactor Vessel,Chemical Synthesis,81.39,none,0.0,744.4,1.0,Shift A (Morning),192.2,64.62
2026-09-03 09:00:00,Multistage Boiler Feedwater Injection Pump,High-Pressure Transport,53.74,none,0.0,0.0,1.0,Shift A (Morning),61.0,45.23
2026-09-03 09:00:00,Waste Heat Recovery Steam Generation Boiler,Steam Utility,21.72,natural_gas,83.9,0.0,1.0,Shift A (Morning),183.3,9.94
2026-09-03 09:00:00,Reciprocating Process Gas Compressor,Gas Compression Utility,88.53,none,0.0,0.0,1.0,Shift A (Morning),55.0,30.12
2026-09-03 09:00:00,Closed-Loop Brine Refrigeration Chiller,Thermal Cooling Utility,65.49,none,0.0,0.0,1.0,Shift A (Morning),-15.0,7.91
2026-09-03 10:00:00,Catalytic Steam Reforming Furnace,Reforming & Cracking,40.57,natural_gas,188.37,1062.6,1.0,Shift A (Morning),833.1,25.56
2026-09-03 10:00:00,Fractionation Distillation Column Reboiler,Fractionation & Separation,57.85,natural_gas,184.51,897.6,1.0,Shift A (Morning),201.9,4.4
2026-09-03 10:00:00,High-Pressure Exothermic Reactor Vessel,Chemical Synthesis,79.72,none,0.0,729.2,1.0,Shift A (Morning),187.8,63.07
2026-09-03 10:00:00,Multistage Boiler Feedwater Injection Pump,High-Pressure Transport,54.88,none,0.0,0.0,1.0,Shift A (Morning),59.6,44.27
2026-09-03 10:00:00,Waste Heat Recovery Steam Generation Boiler,Steam Utility,21.92,natural_gas,84.67,0.0,1.0,Shift A (Morning),187.8,9.96
2026-09-03 10:00:00,Reciprocating Process Gas Compressor,Gas Compression Utility,93.16,none,0.0,0.0,1.0,Shift A (Morning),54.6,29.44
2026-09-03 10:00:00,Closed-Loop Brine Refrigeration Chiller,Thermal Cooling Utility,62.2,none,0.0,0.0,1.0,Shift A (Morning),-15.1,7.93
2026-09-03 11:00:00,Catalytic Steam Reforming Furnace,Reforming & Cracking,42.3,natural_gas,196.37,1107.7,1.0,Shift A (Morning),826.2,25.05
2026-09-03 11:00:00,Fractionation Distillation Column Reboiler,Fractionation & Separation,58.11,natural_gas,185.36,901.7,1.0,Shift A (Morning),200.0,4.58
2026-09-03 11:00:00,High-Pressure Exothermic Reactor Vessel,Chemical Synthesis,81.09,none,0.0,741.6,1.0,Shift A (Morning),190.0,63.73
2026-09-03 11:00:00,Multistage Boiler Feedwater Injection Pump,High-Pressure Transport,53.82,none,0.0,0.0,1.0,Shift A (Morning),59.2,45.29
2026-09-03 11:00:00,Waste Heat Recovery Steam Generation Boiler,Steam Utility,22.79,natural_gas,88.06,0.0,1.0,Shift A (Morning),182.9,10.13
2026-09-03 11:00:00,Reciprocating Process Gas Compressor,Gas Compression Utility,93.48,none,0.0,0.0,1.0,Shift A (Morning),55.9,30.23
2026-09-03 11:00:00,Closed-Loop Brine Refrigeration Chiller,Thermal Cooling Utility,62.28,none,0.0,0.0,1.0,Shift A (Morning),-15.2,7.77
2026-09-03 12:00:00,Catalytic Steam Reforming Furnace,Reforming & Cracking,43.06,natural_gas,199.92,1127.8,1.0,Shift A (Morning),811.6,25.0
2026-09-03 12:00:00,Fractionation Distillation Column Reboiler,Fractionation & Separation,58.77,natural_gas,187.46,912.0,1.0,Shift A (Morning),197.0,4.53
2026-09-03 12:00:00,High-Pressure Exothermic Reactor Vessel,Chemical Synthesis,82.19,none,0.0,751.7,1.0,Shift A (Morning),192.0,64.17
2026-09-03 12:00:00,Multistage Boiler Feedwater Injection Pump,High-Pressure Transport,53.08,none,0.0,0.0,1.0,Shift A (Morning),59.1,44.88
2026-09-03 12:00:00,Waste Heat Recovery Steam Generation Boiler,Steam Utility,22.15,natural_gas,85.58,0.0,1.0,Shift A (Morning),183.0,10.13
2026-09-03 12:00:00,Reciprocating Process Gas Compressor,Gas Compression Utility,91.21,none,0.0,0.0,1.0,Shift A (Morning),55.4,29.34
2026-09-03 12:00:00,Closed-Loop Brine Refrigeration Chiller,Thermal Cooling Utility,62.67,none,0.0,0.0,1.0,Shift A (Morning),-14.7,8.11
2026-09-03 13:00:00,Catalytic Steam Reforming Furnace,Reforming & Cracking,41.72,natural_gas,193.69,1092.6,1.0,Shift A (Morning),818.5,24.5
2026-09-03 13:00:00,Fractionation Distillation Column Reboiler,Fractionation & Separation,60.19,natural_gas,191.97,933.9,1.0,Shift A (Morning),199.3,4.46
2026-09-03 13:00:00,High-Pressure Exothermic Reactor Vessel,Chemical Synthesis,85.15,none,0.0,778.8,1.0,Shift A (Morning),187.9,63.97
2026-09-03 13:00:00,Multistage Boiler Feedwater Injection Pump,High-Pressure Transport,53.19,none,0.0,0.0,1.0,Shift A (Morning),58.8,44.7
2026-09-03 13:00:00,Waste Heat Recovery Steam Generation Boiler,Steam Utility,21.4,natural_gas,82.67,0.0,1.0,Shift A (Morning),187.6,9.95
2026-09-03 13:00:00,Reciprocating Process Gas Compressor,Gas Compression Utility,89.75,none,0.0,0.0,1.0,Shift A (Morning),54.5,29.21
2026-09-03 13:00:00,Closed-Loop Brine Refrigeration Chiller,Thermal Cooling Utility,62.78,none,0.0,0.0,1.0,Shift A (Morning),-15.2,7.8
2026-09-03 14:00:00,Catalytic Steam Reforming Furnace,Reforming & Cracking,41.66,natural_gas,193.41,1091.1,1.0,Shift B (Evening),810.0,25.57
2026-09-03 14:00:00,Fractionation Distillation Column Reboiler,Fractionation & Separation,60.25,natural_gas,192.18,934.9,1.0,Shift B (Evening),196.9,4.6
2026-09-03 14:00:00,High-Pressure Exothermic Reactor Vessel,Chemical Synthesis,80.11,none,0.0,732.7,1.0,Shift B (Evening),187.5,66.44
2026-09-03 14:00:00,Multistage Boiler Feedwater Injection Pump,High-Pressure Transport,54.24,none,0.0,0.0,1.0,Shift B (Evening),59.2,44.24
2026-09-03 14:00:00,Waste Heat Recovery Steam Generation Boiler,Steam Utility,21.76,natural_gas,84.08,0.0,1.0,Shift B (Evening),181.5,9.87
2026-09-03 14:00:00,Reciprocating Process Gas Compressor,Gas Compression Utility,91.0,none,0.0,0.0,1.0,Shift B (Evening),55.7,29.31
2026-09-03 14:00:00,Closed-Loop Brine Refrigeration Chiller,Thermal Cooling Utility,66.09,none,0.0,0.0,1.0,Shift B (Evening),-15.1,7.91
2026-09-03 15:00:00,Catalytic Steam Reforming Furnace,Reforming & Cracking,41.23,natural_gas,191.43,1079.8,1.0,Shift B (Evening),813.1,24.47
2026-09-03 15:00:00,Fractionation Distillation Column Reboiler,Fractionation & Separation,56.04,natural_gas,178.74,869.6,1.0,Shift B (Evening),199.2,4.44
2026-09-03 15:00:00,High-Pressure Exothermic Reactor Vessel,Chemical Synthesis,82.5,none,0.0,754.6,1.0,Shift B (Evening),188.4,65.26
2026-09-03 15:00:00,Multistage Boiler Feedwater Injection Pump,High-Pressure Transport,53.91,none,0.0,0.0,1.0,Shift B (Evening),59.5,45.72
2026-09-03 15:00:00,Waste Heat Recovery Steam Generation Boiler,Steam Utility,21.26,natural_gas,82.15,0.0,1.0,Shift B (Evening),185.4,10.13
2026-09-03 15:00:00,Reciprocating Process Gas Compressor,Gas Compression Utility,89.64,none,0.0,0.0,1.0,Shift B (Evening),55.3,29.64
2026-09-03 15:00:00,Closed-Loop Brine Refrigeration Chiller,Thermal Cooling Utility,62.66,none,0.0,0.0,1.0,Shift B (Evening),-14.8,7.94
2026-09-03 16:00:00,Catalytic Steam Reforming Furnace,Reforming & Cracking,40.86,natural_gas,189.72,1070.2,1.0,Shift B (Evening),807.2,25.72
2026-09-03 16:00:00,Fractionation Distillation Column Reboiler,Fractionation & Separation,57.57,natural_gas,183.64,893.4,1.0,Shift B (Evening),201.5,4.54
2026-09-03 16:00:00,High-Pressure Exothermic Reactor Vessel,Chemical Synthesis,79.86,none,0.0,730.4,1.0,Shift B (Evening),188.1,64.56
2026-09-03 16:00:00,Multistage Boiler Feedwater Injection Pump,High-Pressure Transport,52.61,none,0.0,0.0,1.0,Shift B (Evening),60.2,45.0
2026-09-03 16:00:00,Waste Heat Recovery Steam Generation Boiler,Steam Utility,21.9,natural_gas,84.61,0.0,1.0,Shift B (Evening),183.2,10.14
2026-09-03 16:00:00,Reciprocating Process Gas Compressor,Gas Compression Utility,90.7,none,0.0,0.0,1.0,Shift B (Evening),55.3,30.22
2026-09-03 16:00:00,Closed-Loop Brine Refrigeration Chiller,Thermal Cooling Utility,64.14,none,0.0,0.0,1.0,Shift B (Evening),-15.0,8.13
2026-09-03 17:00:00,Catalytic Steam Reforming Furnace,Reforming & Cracking,42.23,natural_gas,196.09,1106.2,1.0,Shift B (Evening),807.5,24.61
2026-09-03 17:00:00,Fractionation Distillation Column Reboiler,Fractionation & Separation,55.69,natural_gas,177.63,864.2,1.0,Shift B (Evening),199.2,4.58
2026-09-03 17:00:00,High-Pressure Exothermic Reactor Vessel,Chemical Synthesis,80.43,none,0.0,735.7,1.0,Shift B (Evening),193.7,65.59
2026-09-03 17:00:00,Multistage Boiler Feedwater Injection Pump,High-Pressure Transport,55.28,none,0.0,0.0,1.0,Shift B (Evening),59.3,44.4
2026-09-03 17:00:00,Waste Heat Recovery Steam Generation Boiler,Steam Utility,22.67,natural_gas,87.61,0.0,1.0,Shift B (Evening),182.6,10.11
2026-09-03 17:00:00,Reciprocating Process Gas Compressor,Gas Compression Utility,90.05,none,0.0,0.0,1.0,Shift B (Evening),54.6,29.94
2026-09-03 17:00:00,Closed-Loop Brine Refrigeration Chiller,Thermal Cooling Utility,65.99,none,0.0,0.0,1.0,Shift B (Evening),-14.8,7.92
2026-09-03 18:00:00,Catalytic Steam Reforming Furnace,Reforming & Cracking,40.98,natural_gas,190.27,1073.3,1.0,Shift B (Evening),806.1,25.34
2026-09-03 18:00:00,Fractionation Distillation Column Reboiler,Fractionation & Separation,56.11,natural_gas,178.96,870.6,1.0,Shift B (Evening),197.5,4.63
2026-09-03 18:00:00,High-Pressure Exothermic Reactor Vessel,Chemical Synthesis,84.65,none,0.0,774.2,1.0,Shift B (Evening),188.0,64.92
2026-09-03 18:00:00,Multistage Boiler Feedwater Injection Pump,High-Pressure Transport,54.6,none,0.0,0.0,1.0,Shift B (Evening),60.8,44.69
2026-09-03 18:00:00,Waste Heat Recovery Steam Generation Boiler,Steam Utility,21.42,natural_gas,82.74,0.0,1.0,Shift B (Evening),182.8,9.73
2026-09-03 18:00:00,Reciprocating Process Gas Compressor,Gas Compression Utility,94.34,none,0.0,0.0,1.0,Shift B (Evening),54.1,29.58
2026-09-03 18:00:00,Closed-Loop Brine Refrigeration Chiller,Thermal Cooling Utility,63.57,none,0.0,0.0,1.0,Shift B (Evening),-15.0,8.11
2026-09-03 19:00:00,Catalytic Steam Reforming Furnace,Reforming & Cracking,42.3,natural_gas,196.41,1107.9,1.0,Shift B (Evening),807.3,24.29
2026-09-03 19:00:00,Fractionation Distillation Column Reboiler,Fractionation & Separation,59.43,natural_gas,189.57,922.2,1.0,Shift B (Evening),200.3,4.48
2026-09-03 19:00:00,High-Pressure Exothermic Reactor Vessel,Chemical Synthesis,83.64,none,0.0,765.0,1.0,Shift B (Evening),193.1,65.42
2026-09-03 19:00:00,Multistage Boiler Feedwater Injection Pump,High-Pressure Transport,55.65,none,0.0,0.0,1.0,Shift B (Evening),59.2,45.97
2026-09-03 19:00:00,Waste Heat Recovery Steam Generation Boiler,Steam Utility,21.23,natural_gas,82.03,0.0,1.0,Shift B (Evening),188.1,10.06
2026-09-03 19:00:00,Reciprocating Process Gas Compressor,Gas Compression Utility,93.47,none,0.0,0.0,1.0,Shift B (Evening),54.0,29.71
2026-09-03 19:00:00,Closed-Loop Brine Refrigeration Chiller,Thermal Cooling Utility,63.61,none,0.0,0.0,1.0,Shift B (Evening),-15.2,7.89
2026-09-03 20:00:00,Catalytic Steam Reforming Furnace,Reforming & Cracking,40.6,natural_gas,188.5,1063.4,1.0,Shift B (Evening),822.7,24.4
2026-09-03 20:00:00,Fractionation Distillation Column Reboiler,Fractionation & Separation,59.86,natural_gas,190.92,928.8,1.0,Shift B (Evening),198.1,4.4
2026-09-03 20:00:00,High-Pressure Exothermic Reactor Vessel,Chemical Synthesis,85.22,none,0.0,779.5,1.0,Shift B (Evening),186.8,63.22
2026-09-03 20:00:00,Multistage Boiler Feedwater Injection Pump,High-Pressure Transport,55.77,none,0.0,0.0,1.0,Shift B (Evening),60.6,44.16
2026-09-03 20:00:00,Waste Heat Recovery Steam Generation Boiler,Steam Utility,22.85,natural_gas,88.28,0.0,1.0,Shift B (Evening),182.5,10.26
2026-09-03 20:00:00,Reciprocating Process Gas Compressor,Gas Compression Utility,92.89,none,0.0,0.0,1.0,Shift B (Evening),54.8,30.89
2026-09-03 20:00:00,Closed-Loop Brine Refrigeration Chiller,Thermal Cooling Utility,65.84,none,0.0,0.0,1.0,Shift B (Evening),-15.3,8.07
2026-09-03 21:00:00,Catalytic Steam Reforming Furnace,Reforming & Cracking,40.7,natural_gas,188.96,1065.9,1.0,Shift B (Evening),809.3,25.08
2026-09-03 21:00:00,Fractionation Distillation Column Reboiler,Fractionation & Separation,59.8,natural_gas,190.76,928.0,1.0,Shift B (Evening),197.6,4.55
2026-09-03 21:00:00,High-Pressure Exothermic Reactor Vessel,Chemical Synthesis,82.31,none,0.0,752.9,1.0,Shift B (Evening),187.3,63.19
2026-09-03 21:00:00,Multistage Boiler Feedwater Injection Pump,High-Pressure Transport,53.84,none,0.0,0.0,1.0,Shift B (Evening),59.7,44.68
2026-09-03 21:00:00,Waste Heat Recovery Steam Generation Boiler,Steam Utility,22.18,natural_gas,85.71,0.0,1.0,Shift B (Evening),186.0,10.28
2026-09-03 21:00:00,Reciprocating Process Gas Compressor,Gas Compression Utility,92.04,none,0.0,0.0,1.0,Shift B (Evening),54.5,29.16
2026-09-03 21:00:00,Closed-Loop Brine Refrigeration Chiller,Thermal Cooling Utility,61.76,none,0.0,0.0,1.0,Shift B (Evening),-14.7,7.8
2026-09-03 22:00:00,Catalytic Steam Reforming Furnace,Reforming & Cracking,43.14,natural_gas,200.28,1129.8,1.0,Shift C (Night),808.1,24.84
2026-09-03 22:00:00,Fractionation Distillation Column Reboiler,Fractionation & Separation,58.66,natural_gas,187.1,910.2,1.0,Shift C (Night),197.3,4.5
2026-09-03 22:00:00,High-Pressure Exothermic Reactor Vessel,Chemical Synthesis,80.34,none,0.0,734.8,1.0,Shift C (Night),192.6,66.63
2026-09-03 22:00:00,Multistage Boiler Feedwater Injection Pump,High-Pressure Transport,52.13,none,0.0,0.0,1.0,Shift C (Night),61.2,45.21
2026-09-03 22:00:00,Waste Heat Recovery Steam Generation Boiler,Steam Utility,21.42,natural_gas,82.75,0.0,1.0,Shift C (Night),186.5,10.21
2026-09-03 22:00:00,Reciprocating Process Gas Compressor,Gas Compression Utility,93.77,none,0.0,0.0,1.0,Shift C (Night),55.5,30.18
2026-09-03 22:00:00,Closed-Loop Brine Refrigeration Chiller,Thermal Cooling Utility,63.78,none,0.0,0.0,1.0,Shift C (Night),-14.9,7.99
2026-09-03 23:00:00,Catalytic Steam Reforming Furnace,Reforming & Cracking,41.79,natural_gas,194.01,1094.4,1.0,Shift C (Night),833.0,25.6
2026-09-03 23:00:00,Fractionation Distillation Column Reboiler,Fractionation & Separation,58.94,natural_gas,187.99,914.6,1.0,Shift C (Night),200.4,4.41
2026-09-03 23:00:00,High-Pressure Exothermic Reactor Vessel,Chemical Synthesis,80.23,none,0.0,733.8,1.0,Shift C (Night),188.8,65.0
2026-09-03 23:00:00,Multistage Boiler Feedwater Injection Pump,High-Pressure Transport,54.32,none,0.0,0.0,1.0,Shift C (Night),60.4,45.27
2026-09-03 23:00:00,Waste Heat Recovery Steam Generation Boiler,Steam Utility,22.06,natural_gas,85.24,0.0,1.0,Shift C (Night),187.5,9.93
2026-09-03 23:00:00,Reciprocating Process Gas Compressor,Gas Compression Utility,37.17,none,0.0,0.0,0.0,Shift C (Night),44.0,25.5
2026-09-03 23:00:00,Closed-Loop Brine Refrigeration Chiller,Thermal Cooling Utility,63.84,none,0.0,0.0,1.0,Shift C (Night),-15.1,7.81
2026-09-04 00:00:00,Catalytic Steam Reforming Furnace,Reforming & Cracking,41.56,natural_gas,192.96,1088.5,1.0,Shift C (Night),810.8,24.66
2026-09-04 00:00:00,Fractionation Distillation Column Reboiler,Fractionation & Separation,58.8,natural_gas,187.56,912.4,1.0,Shift C (Night),196.4,4.37
2026-09-04 00:00:00,High-Pressure Exothermic Reactor Vessel,Chemical Synthesis,0.99,none,0.0,0.0,0.0,Shift C (Night),31.4,0.0
2026-09-04 00:00:00,Multistage Boiler Feedwater Injection Pump,High-Pressure Transport,54.3,none,0.0,0.0,1.0,Shift C (Night),61.1,44.57
2026-09-04 00:00:00,Waste Heat Recovery Steam Generation Boiler,Steam Utility,22.54,natural_gas,87.1,0.0,1.0,Shift C (Night),186.8,10.22
2026-09-04 00:00:00,Reciprocating Process Gas Compressor,Gas Compression Utility,37.65,none,0.0,0.0,0.0,Shift C (Night),44.0,25.5
2026-09-04 00:00:00,Closed-Loop Brine Refrigeration Chiller,Thermal Cooling Utility,65.37,none,0.0,0.0,1.0,Shift C (Night),-15.1,8.06
2026-09-04 01:00:00,Catalytic Steam Reforming Furnace,Reforming & Cracking,43.56,natural_gas,202.24,1140.8,1.0,Shift C (Night),817.6,24.27
2026-09-04 01:00:00,Fractionation Distillation Column Reboiler,Fractionation & Separation,58.54,natural_gas,186.73,908.5,1.0,Shift C (Night),197.2,4.45
2026-09-04 01:00:00,High-Pressure Exothermic Reactor Vessel,Chemical Synthesis,1.26,none,0.0,0.0,0.0,Shift C (Night),31.7,0.0
2026-09-04 01:00:00,Multistage Boiler Feedwater Injection Pump,High-Pressure Transport,51.91,none,0.0,0.0,1.0,Shift C (Night),60.0,45.93
2026-09-04 01:00:00,Waste Heat Recovery Steam Generation Boiler,Steam Utility,22.52,natural_gas,87.02,0.0,1.0,Shift C (Night),181.9,9.75
2026-09-04 01:00:00,Reciprocating Process Gas Compressor,Gas Compression Utility,36.45,none,0.0,0.0,0.0,Shift C (Night),44.0,25.5
2026-09-04 01:00:00,Closed-Loop Brine Refrigeration Chiller,Thermal Cooling Utility,63.43,none,0.0,0.0,1.0,Shift C (Night),-15.1,7.94
2026-09-04 02:00:00,Catalytic Steam Reforming Furnace,Reforming & Cracking,43.14,natural_gas,200.28,1129.8,1.0,Shift C (Night),813.0,24.41
2026-09-04 02:00:00,Fractionation Distillation Column Reboiler,Fractionation & Separation,55.79,natural_gas,177.94,865.7,1.0,Shift C (Night),201.8,4.6
2026-09-04 02:00:00,High-Pressure Exothermic Reactor Vessel,Chemical Synthesis,1.08,none,0.0,0.0,0.0,Shift C (Night),29.2,0.0
2026-09-04 02:00:00,Multistage Boiler Feedwater Injection Pump,High-Pressure Transport,54.01,none,0.0,0.0,1.0,Shift C (Night),61.2,45.29
2026-09-04 02:00:00,Waste Heat Recovery Steam Generation Boiler,Steam Utility,21.53,natural_gas,83.19,0.0,1.0,Shift C (Night),184.3,9.84
2026-09-04 02:00:00,Reciprocating Process Gas Compressor,Gas Compression Utility,35.79,none,0.0,0.0,0.0,Shift C (Night),44.0,25.5
2026-09-04 02:00:00,Closed-Loop Brine Refrigeration Chiller,Thermal Cooling Utility,62.86,none,0.0,0.0,1.0,Shift C (Night),-14.8,8.13
2026-09-04 03:00:00,Catalytic Steam Reforming Furnace,Reforming & Cracking,42.89,natural_gas,199.12,1123.2,1.0,Shift C (Night),834.6,24.75
2026-09-04 03:00:00,Fractionation Distillation Column Reboiler,Fractionation & Separation,59.5,natural_gas,189.78,923.3,1.0,Shift C (Night),201.3,4.48
2026-09-04 03:00:00,High-Pressure Exothermic Reactor Vessel,Chemical Synthesis,1.55,none,0.0,0.0,0.0,Shift C (Night),29.5,0.0
2026-09-04 03:00:00,Multistage Boiler Feedwater Injection Pump,High-Pressure Transport,55.18,none,0.0,0.0,1.0,Shift C (Night),59.9,44.25
2026-09-04 03:00:00,Waste Heat Recovery Steam Generation Boiler,Steam Utility,22.66,natural_gas,87.55,0.0,1.0,Shift C (Night),183.2,10.19
2026-09-04 03:00:00,Reciprocating Process Gas Compressor,Gas Compression Utility,38.99,none,0.0,0.0,0.0,Shift C (Night),44.0,25.5
2026-09-04 03:00:00,Closed-Loop Brine Refrigeration Chiller,Thermal Cooling Utility,63.25,none,0.0,0.0,1.0,Shift C (Night),-15.3,7.83
2026-09-04 04:00:00,Catalytic Steam Reforming Furnace,Reforming & Cracking,40.58,natural_gas,188.39,1062.7,1.0,Shift C (Night),809.2,24.75
2026-09-04 04:00:00,Fractionation Distillation Column Reboiler,Fractionation & Separation,59.47,natural_gas,189.71,922.9,1.0,Shift C (Night),199.9,4.44
2026-09-04 04:00:00,High-Pressure Exothermic Reactor Vessel,Chemical Synthesis,1.24,none,0.0,0.0,0.0,Shift C (Night),30.4,0.0
2026-09-04 04:00:00,Multistage Boiler Feedwater Injection Pump,High-Pressure Transport,54.61,none,0.0,0.0,1.0,Shift C (Night),59.0,44.98
2026-09-04 04:00:00,Waste Heat Recovery Steam Generation Boiler,Steam Utility,21.69,natural_gas,83.81,0.0,1.0,Shift C (Night),182.6,9.79
2026-09-04 04:00:00,Reciprocating Process Gas Compressor,Gas Compression Utility,37.4,none,0.0,0.0,0.0,Shift C (Night),44.0,25.5
2026-09-04 04:00:00,Closed-Loop Brine Refrigeration Chiller,Thermal Cooling Utility,65.29,none,0.0,0.0,1.0,Shift C (Night),-15.2,8.06
2026-09-04 05:00:00,Catalytic Steam Reforming Furnace,Reforming & Cracking,42.21,natural_gas,195.98,1105.5,1.0,Shift C (Night),828.6,25.74
2026-09-04 05:00:00,Fractionation Distillation Column Reboiler,Fractionation & Separation,57.2,natural_gas,182.45,887.6,1.0,Shift C (Night),196.8,4.58
2026-09-04 05:00:00,High-Pressure Exothermic Reactor Vessel,Chemical Synthesis,1.16,none,0.0,0.0,0.0,Shift C (Night),29.0,0.0
2026-09-04 05:00:00,Multistage Boiler Feedwater Injection Pump,High-Pressure Transport,55.61,none,0.0,0.0,1.0,Shift C (Night),61.1,45.17
2026-09-04 05:00:00,Waste Heat Recovery Steam Generation Boiler,Steam Utility,21.21,natural_gas,81.96,0.0,1.0,Shift C (Night),181.7,9.83
2026-09-04 05:00:00,Reciprocating Process Gas Compressor,Gas Compression Utility,37.59,none,0.0,0.0,0.0,Shift C (Night),44.0,25.5
2026-09-04 05:00:00,Closed-Loop Brine Refrigeration Chiller,Thermal Cooling Utility,62.82,none,0.0,0.0,1.0,Shift C (Night),-15.0,7.79
2026-09-04 06:00:00,Catalytic Steam Reforming Furnace,Reforming & Cracking,41.2,natural_gas,191.29,1079.1,1.0,Shift A (Morning),806.5,25.11
2026-09-04 06:00:00,Fractionation Distillation Column Reboiler,Fractionation & Separation,56.06,natural_gas,178.81,869.9,1.0,Shift A (Morning),196.6,4.4
2026-09-04 06:00:00,High-Pressure Exothermic Reactor Vessel,Chemical Synthesis,82.42,none,0.0,753.9,1.0,Shift A (Morning),188.6,66.52
2026-09-04 06:00:00,Multistage Boiler Feedwater Injection Pump,High-Pressure Transport,52.8,none,0.0,0.0,1.0,Shift A (Morning),60.5,44.57
2026-09-04 06:00:00,Waste Heat Recovery Steam Generation Boiler,Steam Utility,22.36,natural_gas,86.41,0.0,1.0,Shift A (Morning),182.8,10.26
2026-09-04 06:00:00,Reciprocating Process Gas Compressor,Gas Compression Utility,94.73,none,0.0,0.0,1.0,Shift A (Morning),54.7,29.55
2026-09-04 06:00:00,Closed-Loop Brine Refrigeration Chiller,Thermal Cooling Utility,62.26,none,0.0,0.0,1.0,Shift A (Morning),-14.9,7.79
2026-09-04 07:00:00,Catalytic Steam Reforming Furnace,Reforming & Cracking,40.76,natural_gas,189.24,1067.5,1.0,Shift A (Morning),817.8,24.5
2026-09-04 07:00:00,Fractionation Distillation Column Reboiler,Fractionation & Separation,56.94,natural_gas,181.61,883.5,1.0,Shift A (Morning),199.6,4.4
2026-09-04 07:00:00,High-Pressure Exothermic Reactor Vessel,Chemical Synthesis,81.33,none,0.0,743.9,1.0,Shift A (Morning),188.1,64.08
2026-09-04 07:00:00,Multistage Boiler Feedwater Injection Pump,High-Pressure Transport,53.6,none,0.0,0.0,1.0,Shift A (Morning),59.0,45.27
2026-09-04 07:00:00,Waste Heat Recovery Steam Generation Boiler,Steam Utility,22.05,natural_gas,85.17,0.0,1.0,Shift A (Morning),182.7,9.79
2026-09-04 07:00:00,Reciprocating Process Gas Compressor,Gas Compression Utility,89.64,none,0.0,0.0,1.0,Shift A (Morning),54.7,29.73
2026-09-04 07:00:00,Closed-Loop Brine Refrigeration Chiller,Thermal Cooling Utility,64.53,none,0.0,0.0,1.0,Shift A (Morning),-15.2,8.08
2026-09-04 08:00:00,Catalytic Steam Reforming Furnace,Reforming & Cracking,42.64,natural_gas,197.99,1116.9,1.0,Shift A (Morning),804.9,24.4
2026-09-04 08:00:00,Fractionation Distillation Column Reboiler,Fractionation & Separation,60.11,natural_gas,191.72,932.7,1.0,Shift A (Morning),196.1,4.39
2026-09-04 08:00:00,High-Pressure Exothermic Reactor Vessel,Chemical Synthesis,84.52,none,0.0,773.1,1.0,Shift A (Morning),189.1,66.92
2026-09-04 08:00:00,Multistage Boiler Feedwater Injection Pump,High-Pressure Transport,52.71,none,0.0,0.0,1.0,Shift A (Morning),60.8,45.82
2026-09-04 08:00:00,Waste Heat Recovery Steam Generation Boiler,Steam Utility,21.53,natural_gas,83.17,0.0,1.0,Shift A (Morning),185.0,9.92
2026-09-04 08:00:00,Reciprocating Process Gas Compressor,Gas Compression Utility,90.39,none,0.0,0.0,1.0,Shift A (Morning),55.1,29.64
2026-09-04 08:00:00,Closed-Loop Brine Refrigeration Chiller,Thermal Cooling Utility,63.59,none,0.0,0.0,1.0,Shift A (Morning),-15.2,7.97
2026-09-04 09:00:00,Catalytic Steam Reforming Furnace,Reforming & Cracking,42.55,natural_gas,197.57,1114.5,1.0,Shift A (Morning),825.8,25.2
2026-09-04 09:00:00,Fractionation Distillation Column Reboiler,Fractionation & Separation,59.94,natural_gas,191.19,930.1,1.0,Shift A (Morning),196.2,4.49
2026-09-04 09:00:00,High-Pressure Exothermic Reactor Vessel,Chemical Synthesis,82.35,none,0.0,753.2,1.0,Shift A (Morning),186.6,63.67
2026-09-04 09:00:00,Multistage Boiler Feedwater Injection Pump,High-Pressure Transport,55.76,none,0.0,0.0,1.0,Shift A (Morning),58.9,44.3
2026-09-04 09:00:00,Waste Heat Recovery Steam Generation Boiler,Steam Utility,21.85,natural_gas,84.43,0.0,1.0,Shift A (Morning),186.7,10.13
2026-09-04 09:00:00,Reciprocating Process Gas Compressor,Gas Compression Utility,91.36,none,0.0,0.0,1.0,Shift A (Morning),56.0,30.51
2026-09-04 09:00:00,Closed-Loop Brine Refrigeration Chiller,Thermal Cooling Utility,63.77,none,0.0,0.0,1.0,Shift A (Morning),-15.2,7.92
2026-09-04 10:00:00,Catalytic Steam Reforming Furnace,Reforming & Cracking,43.53,natural_gas,202.08,1140.0,1.0,Shift A (Morning),816.0,24.79
2026-09-04 10:00:00,Fractionation Distillation Column Reboiler,Fractionation & Separation,57.07,natural_gas,182.03,885.5,1.0,Shift A (Morning),200.4,4.38
2026-09-04 10:00:00,High-Pressure Exothermic Reactor Vessel,Chemical Synthesis,80.36,none,0.0,735.0,1.0,Shift A (Morning),193.5,63.48
2026-09-04 10:00:00,Multistage Boiler Feedwater Injection Pump,High-Pressure Transport,53.27,none,0.0,0.0,1.0,Shift A (Morning),60.9,44.33
2026-09-04 10:00:00,Waste Heat Recovery Steam Generation Boiler,Steam Utility,21.75,natural_gas,84.04,0.0,1.0,Shift A (Morning),186.8,9.77
2026-09-04 10:00:00,Reciprocating Process Gas Compressor,Gas Compression Utility,94.96,none,0.0,0.0,1.0,Shift A (Morning),54.2,30.22
2026-09-04 10:00:00,Closed-Loop Brine Refrigeration Chiller,Thermal Cooling Utility,64.38,none,0.0,0.0,1.0,Shift A (Morning),-14.9,7.87
2026-09-04 11:00:00,Catalytic Steam Reforming Furnace,Reforming & Cracking,40.49,natural_gas,187.97,1060.3,1.0,Shift A (Morning),823.9,25.38
2026-09-04 11:00:00,Fractionation Distillation Column Reboiler,Fractionation & Separation,56.57,natural_gas,180.44,877.8,1.0,Shift A (Morning),197.5,4.54
2026-09-04 11:00:00,High-Pressure Exothermic Reactor Vessel,Chemical Synthesis,84.48,none,0.0,772.7,1.0,Shift A (Morning),187.8,65.7
2026-09-04 11:00:00,Multistage Boiler Feedwater Injection Pump,High-Pressure Transport,56.09,none,0.0,0.0,1.0,Shift A (Morning),59.5,45.42
2026-09-04 11:00:00,Waste Heat Recovery Steam Generation Boiler,Steam Utility,21.67,natural_gas,83.74,0.0,1.0,Shift A (Morning),186.8,9.72
2026-09-04 11:00:00,Reciprocating Process Gas Compressor,Gas Compression Utility,88.49,none,0.0,0.0,1.0,Shift A (Morning),54.7,29.13
2026-09-04 11:00:00,Closed-Loop Brine Refrigeration Chiller,Thermal Cooling Utility,62.15,none,0.0,0.0,1.0,Shift A (Morning),-15.2,7.77
2026-09-04 12:00:00,Catalytic Steam Reforming Furnace,Reforming & Cracking,41.8,natural_gas,194.06,1094.7,1.0,Shift A (Morning),827.1,24.73
2026-09-04 12:00:00,Fractionation Distillation Column Reboiler,Fractionation & Separation,60.32,natural_gas,192.39,935.9,1.0,Shift A (Morning),201.5,4.45
2026-09-04 12:00:00,High-Pressure Exothermic Reactor Vessel,Chemical Synthesis,84.07,none,0.0,768.9,1.0,Shift A (Morning),189.8,63.66
2026-09-04 12:00:00,Multistage Boiler Feedwater Injection Pump,High-Pressure Transport,55.87,none,0.0,0.0,1.0,Shift A (Morning),61.0,44.78
2026-09-04 12:00:00,Waste Heat Recovery Steam Generation Boiler,Steam Utility,21.62,natural_gas,83.54,0.0,1.0,Shift A (Morning),188.6,10.14
2026-09-04 12:00:00,Reciprocating Process Gas Compressor,Gas Compression Utility,90.2,none,0.0,0.0,1.0,Shift A (Morning),54.2,30.36
2026-09-04 12:00:00,Closed-Loop Brine Refrigeration Chiller,Thermal Cooling Utility,65.72,none,0.0,0.0,1.0,Shift A (Morning),-15.0,7.88
2026-09-04 13:00:00,Catalytic Steam Reforming Furnace,Reforming & Cracking,40.91,natural_gas,189.92,1071.3,1.0,Shift A (Morning),812.8,24.91
2026-09-04 13:00:00,Fractionation Distillation Column Reboiler,Fractionation & Separation,57.2,natural_gas,182.44,887.6,1.0,Shift A (Morning),199.3,4.41
2026-09-04 13:00:00,High-Pressure Exothermic Reactor Vessel,Chemical Synthesis,79.82,none,0.0,730.1,1.0,Shift A (Morning),186.5,63.94
2026-09-04 13:00:00,Multistage Boiler Feedwater Injection Pump,High-Pressure Transport,55.29,none,0.0,0.0,1.0,Shift A (Morning),61.1,45.02
2026-09-04 13:00:00,Waste Heat Recovery Steam Generation Boiler,Steam Utility,21.48,natural_gas,83.0,0.0,1.0,Shift A (Morning),184.7,9.77
2026-09-04 13:00:00,Reciprocating Process Gas Compressor,Gas Compression Utility,91.07,none,0.0,0.0,1.0,Shift A (Morning),54.3,29.58
2026-09-04 13:00:00,Closed-Loop Brine Refrigeration Chiller,Thermal Cooling Utility,66.49,none,0.0,0.0,1.0,Shift A (Morning),-15.0,8.19
2026-09-04 14:00:00,Catalytic Steam Reforming Furnace,Reforming & Cracking,42.31,natural_gas,196.43,1108.1,1.0,Shift B (Evening),832.8,25.33
2026-09-04 14:00:00,Fractionation Distillation Column Reboiler,Fractionation & Separation,60.11,natural_gas,191.72,932.7,1.0,Shift B (Evening),197.9,4.53
2026-09-04 14:00:00,High-Pressure Exothermic Reactor Vessel,Chemical Synthesis,84.96,none,0.0,777.1,1.0,Shift B (Evening),189.1,65.88
2026-09-04 14:00:00,Multistage Boiler Feedwater Injection Pump,High-Pressure Transport,54.54,none,0.0,0.0,1.0,Shift B (Evening),59.0,45.56
2026-09-04 14:00:00,Waste Heat Recovery Steam Generation Boiler,Steam Utility,22.15,natural_gas,85.57,0.0,1.0,Shift B (Evening),183.6,10.19
2026-09-04 14:00:00,Reciprocating Process Gas Compressor,Gas Compression Utility,93.15,none,0.0,0.0,1.0,Shift B (Evening),54.5,29.64
2026-09-04 14:00:00,Closed-Loop Brine Refrigeration Chiller,Thermal Cooling Utility,62.73,none,0.0,0.0,1.0,Shift B (Evening),-14.9,7.87
2026-09-04 15:00:00,Catalytic Steam Reforming Furnace,Reforming & Cracking,42.28,natural_gas,196.31,1107.4,1.0,Shift B (Evening),804.6,24.36
2026-09-04 15:00:00,Fractionation Distillation Column Reboiler,Fractionation & Separation,57.4,natural_gas,183.08,890.7,1.0,Shift B (Evening),197.9,4.41
2026-09-04 15:00:00,High-Pressure Exothermic Reactor Vessel,Chemical Synthesis,84.47,none,0.0,772.6,1.0,Shift B (Evening),192.7,65.1
2026-09-04 15:00:00,Multistage Boiler Feedwater Injection Pump,High-Pressure Transport,53.98,none,0.0,0.0,1.0,Shift B (Evening),59.7,44.34
2026-09-04 15:00:00,Waste Heat Recovery Steam Generation Boiler,Steam Utility,22.69,natural_gas,87.66,0.0,1.0,Shift B (Evening),187.1,10.0
2026-09-04 15:00:00,Reciprocating Process Gas Compressor,Gas Compression Utility,91.78,none,0.0,0.0,1.0,Shift B (Evening),55.0,30.34
2026-09-04 15:00:00,Closed-Loop Brine Refrigeration Chiller,Thermal Cooling Utility,65.35,none,0.0,0.0,1.0,Shift B (Evening),-14.8,8.09
2026-09-04 16:00:00,Catalytic Steam Reforming Furnace,Reforming & Cracking,41.58,natural_gas,193.06,1089.1,1.0,Shift B (Evening),834.4,25.37
2026-09-04 16:00:00,Fractionation Distillation Column Reboiler,Fractionation & Separation,58.54,natural_gas,186.72,908.4,1.0,Shift B (Evening),201.5,4.48
2026-09-04 16:00:00,High-Pressure Exothermic Reactor Vessel,Chemical Synthesis,79.66,none,0.0,728.6,1.0,Shift B (Evening),191.1,64.39
2026-09-04 16:00:00,Multistage Boiler Feedwater Injection Pump,High-Pressure Transport,52.03,none,0.0,0.0,1.0,Shift B (Evening),59.1,45.01
2026-09-04 16:00:00,Waste Heat Recovery Steam Generation Boiler,Steam Utility,21.17,natural_gas,81.79,0.0,1.0,Shift B (Evening),187.2,9.89
2026-09-04 16:00:00,Reciprocating Process Gas Compressor,Gas Compression Utility,88.88,none,0.0,0.0,1.0,Shift B (Evening),55.0,30.38
2026-09-04 16:00:00,Closed-Loop Brine Refrigeration Chiller,Thermal Cooling Utility,65.68,none,0.0,0.0,1.0,Shift B (Evening),-15.0,7.89
2026-09-04 17:00:00,Catalytic Steam Reforming Furnace,Reforming & Cracking,43.18,natural_gas,200.47,1130.9,1.0,Shift B (Evening),805.0,24.62
2026-09-04 17:00:00,Fractionation Distillation Column Reboiler,Fractionation & Separation,57.6,natural_gas,183.73,893.8,1.0,Shift B (Evening),197.3,4.45
2026-09-04 17:00:00,High-Pressure Exothermic Reactor Vessel,Chemical Synthesis,83.62,none,0.0,764.8,1.0,Shift B (Evening),190.7,63.55
2026-09-04 17:00:00,Multistage Boiler Feedwater Injection Pump,High-Pressure Transport,54.8,none,0.0,0.0,1.0,Shift B (Evening),59.0,46.04
2026-09-04 17:00:00,Waste Heat Recovery Steam Generation Boiler,Steam Utility,21.74,natural_gas,83.98,0.0,1.0,Shift B (Evening),183.7,9.81
2026-09-04 17:00:00,Reciprocating Process Gas Compressor,Gas Compression Utility,90.86,none,0.0,0.0,1.0,Shift B (Evening),55.3,30.39
2026-09-04 17:00:00,Closed-Loop Brine Refrigeration Chiller,Thermal Cooling Utility,65.08,none,0.0,0.0,1.0,Shift B (Evening),-15.1,7.86
2026-09-04 18:00:00,Catalytic Steam Reforming Furnace,Reforming & Cracking,40.74,natural_gas,189.16,1067.0,1.0,Shift B (Evening),822.0,24.85
2026-09-04 18:00:00,Fractionation Distillation Column Reboiler,Fractionation & Separation,58.87,natural_gas,187.77,913.5,1.0,Shift B (Evening),199.5,4.61
2026-09-04 18:00:00,High-Pressure Exothermic Reactor Vessel,Chemical Synthesis,85.01,none,0.0,777.6,1.0,Shift B (Evening),191.4,64.7
2026-09-04 18:00:00,Multistage Boiler Feedwater Injection Pump,High-Pressure Transport,55.66,none,0.0,0.0,1.0,Shift B (Evening),60.1,45.02
2026-09-04 18:00:00,Waste Heat Recovery Steam Generation Boiler,Steam Utility,21.73,natural_gas,83.96,0.0,1.0,Shift B (Evening),186.8,9.77
2026-09-04 18:00:00,Reciprocating Process Gas Compressor,Gas Compression Utility,90.71,none,0.0,0.0,1.0,Shift B (Evening),55.7,30.32
2026-09-04 18:00:00,Closed-Loop Brine Refrigeration Chiller,Thermal Cooling Utility,61.85,none,0.0,0.0,1.0,Shift B (Evening),-15.0,8.03
2026-09-04 19:00:00,Catalytic Steam Reforming Furnace,Reforming & Cracking,42.28,natural_gas,196.28,1107.2,1.0,Shift B (Evening),813.5,24.31
2026-09-04 19:00:00,Fractionation Distillation Column Reboiler,Fractionation & Separation,56.79,natural_gas,181.15,881.2,1.0,Shift B (Evening),202.9,4.43
2026-09-04 19:00:00,High-Pressure Exothermic Reactor Vessel,Chemical Synthesis,80.37,none,0.0,735.1,1.0,Shift B (Evening),191.1,64.38
2026-09-04 19:00:00,Multistage Boiler Feedwater Injection Pump,High-Pressure Transport,55.65,none,0.0,0.0,1.0,Shift B (Evening),59.6,45.53
2026-09-04 19:00:00,Waste Heat Recovery Steam Generation Boiler,Steam Utility,21.33,natural_gas,82.39,0.0,1.0,Shift B (Evening),188.0,9.83
2026-09-04 19:00:00,Reciprocating Process Gas Compressor,Gas Compression Utility,92.64,none,0.0,0.0,1.0,Shift B (Evening),54.8,29.44
2026-09-04 19:00:00,Closed-Loop Brine Refrigeration Chiller,Thermal Cooling Utility,62.11,none,0.0,0.0,1.0,Shift B (Evening),-15.2,8.21
2026-09-04 20:00:00,Catalytic Steam Reforming Furnace,Reforming & Cracking,42.04,natural_gas,195.17,1100.9,1.0,Shift B (Evening),815.8,25.16
2026-09-04 20:00:00,Fractionation Distillation Column Reboiler,Fractionation & Separation,55.99,natural_gas,178.59,868.9,1.0,Shift B (Evening),196.6,4.62
2026-09-04 20:00:00,High-Pressure Exothermic Reactor Vessel,Chemical Synthesis,82.93,none,0.0,758.5,1.0,Shift B (Evening),189.5,65.26
2026-09-04 20:00:00,Multistage Boiler Feedwater Injection Pump,High-Pressure Transport,55.49,none,0.0,0.0,1.0,Shift B (Evening),60.9,45.16
2026-09-04 20:00:00,Waste Heat Recovery Steam Generation Boiler,Steam Utility,22.46,natural_gas,86.77,0.0,1.0,Shift B (Evening),187.8,10.05
2026-09-04 20:00:00,Reciprocating Process Gas Compressor,Gas Compression Utility,92.39,none,0.0,0.0,1.0,Shift B (Evening),55.1,30.13
2026-09-04 20:00:00,Closed-Loop Brine Refrigeration Chiller,Thermal Cooling Utility,65.68,none,0.0,0.0,1.0,Shift B (Evening),-15.1,8.24
2026-09-04 21:00:00,Catalytic Steam Reforming Furnace,Reforming & Cracking,42.8,natural_gas,198.74,1121.1,1.0,Shift B (Evening),806.4,24.89
2026-09-04 21:00:00,Fractionation Distillation Column Reboiler,Fractionation & Separation,56.72,natural_gas,180.92,880.2,1.0,Shift B (Evening),198.3,4.5
2026-09-04 21:00:00,High-Pressure Exothermic Reactor Vessel,Chemical Synthesis,79.05,none,0.0,723.1,1.0,Shift B (Evening),191.6,64.57
2026-09-04 21:00:00,Multistage Boiler Feedwater Injection Pump,High-Pressure Transport,55.62,none,0.0,0.0,1.0,Shift B (Evening),61.2,44.14
2026-09-04 21:00:00,Waste Heat Recovery Steam Generation Boiler,Steam Utility,21.73,natural_gas,83.96,0.0,1.0,Shift B (Evening),185.5,9.75
2026-09-04 21:00:00,Reciprocating Process Gas Compressor,Gas Compression Utility,90.16,none,0.0,0.0,1.0,Shift B (Evening),54.4,30.79
2026-09-04 21:00:00,Closed-Loop Brine Refrigeration Chiller,Thermal Cooling Utility,62.13,none,0.0,0.0,1.0,Shift B (Evening),-14.9,8.04
2026-09-04 22:00:00,Catalytic Steam Reforming Furnace,Reforming & Cracking,42.73,natural_gas,198.41,1119.2,1.0,Shift C (Night),803.9,24.98
2026-09-04 22:00:00,Fractionation Distillation Column Reboiler,Fractionation & Separation,56.63,natural_gas,180.62,878.7,1.0,Shift C (Night),196.4,4.53
2026-09-04 22:00:00,High-Pressure Exothermic Reactor Vessel,Chemical Synthesis,82.46,none,0.0,754.2,1.0,Shift C (Night),190.0,64.71
2026-09-04 22:00:00,Multistage Boiler Feedwater Injection Pump,High-Pressure Transport,53.86,none,0.0,0.0,1.0,Shift C (Night),60.4,43.7
2026-09-04 22:00:00,Waste Heat Recovery Steam Generation Boiler,Steam Utility,22.04,natural_gas,85.16,0.0,1.0,Shift C (Night),186.2,9.84
2026-09-04 22:00:00,Reciprocating Process Gas Compressor,Gas Compression Utility,91.18,none,0.0,0.0,1.0,Shift C (Night),54.8,29.37
2026-09-04 22:00:00,Closed-Loop Brine Refrigeration Chiller,Thermal Cooling Utility,62.43,none,0.0,0.0,1.0,Shift C (Night),-14.9,7.93
2026-09-04 23:00:00,Catalytic Steam Reforming Furnace,Reforming & Cracking,41.9,natural_gas,194.54,1097.4,1.0,Shift C (Night),824.6,24.78
2026-09-04 23:00:00,Fractionation Distillation Column Reboiler,Fractionation & Separation,57.79,natural_gas,184.33,896.7,1.0,Shift C (Night),198.6,4.56
2026-09-04 23:00:00,High-Pressure Exothermic Reactor Vessel,Chemical Synthesis,79.81,none,0.0,730.0,1.0,Shift C (Night),190.8,64.26
2026-09-04 23:00:00,Multistage Boiler Feedwater Injection Pump,High-Pressure Transport,52.12,none,0.0,0.0,1.0,Shift C (Night),60.7,46.03
2026-09-04 23:00:00,Waste Heat Recovery Steam Generation Boiler,Steam Utility,22.6,natural_gas,87.3,0.0,1.0,Shift C (Night),186.6,9.83
2026-09-04 23:00:00,Reciprocating Process Gas Compressor,Gas Compression Utility,38.72,none,0.0,0.0,0.0,Shift C (Night),44.0,25.5
2026-09-04 23:00:00,Closed-Loop Brine Refrigeration Chiller,Thermal Cooling Utility,63.84,none,0.0,0.0,1.0,Shift C (Night),-14.7,8.12
2026-09-05 00:00:00,Catalytic Steam Reforming Furnace,Reforming & Cracking,41.36,natural_gas,192.01,1083.2,1.0,Shift C (Night),820.8,25.31
2026-09-05 00:00:00,Fractionation Distillation Column Reboiler,Fractionation & Separation,57.09,natural_gas,123.05,885.9,1.0,Shift C (Night),211.6,4.47
2026-09-05 00:00:00,High-Pressure Exothermic Reactor Vessel,Chemical Synthesis,1.65,none,0.0,0.0,0.0,Shift C (Night),29.3,0.0
2026-09-05 00:00:00,Multistage Boiler Feedwater Injection Pump,High-Pressure Transport,54.79,none,0.0,0.0,1.0,Shift C (Night),59.4,44.57
2026-09-05 00:00:00,Waste Heat Recovery Steam Generation Boiler,Steam Utility,21.85,natural_gas,84.41,0.0,1.0,Shift C (Night),182.2,10.01
2026-09-05 00:00:00,Reciprocating Process Gas Compressor,Gas Compression Utility,38.76,none,0.0,0.0,0.0,Shift C (Night),44.0,25.5
2026-09-05 00:00:00,Closed-Loop Brine Refrigeration Chiller,Thermal Cooling Utility,61.51,none,0.0,0.0,1.0,Shift C (Night),-14.8,8.23
2026-09-05 01:00:00,Catalytic Steam Reforming Furnace,Reforming & Cracking,40.33,natural_gas,187.25,1056.3,1.0,Shift C (Night),831.3,25.54
2026-09-05 01:00:00,Fractionation Distillation Column Reboiler,Fractionation & Separation,58.8,natural_gas,126.73,912.4,1.0,Shift C (Night),211.8,4.45
2026-09-05 01:00:00,High-Pressure Exothermic Reactor Vessel,Chemical Synthesis,1.53,none,0.0,0.0,0.0,Shift C (Night),29.7,0.0
2026-09-05 01:00:00,Multistage Boiler Feedwater Injection Pump,High-Pressure Transport,52.44,none,0.0,0.0,1.0,Shift C (Night),59.0,44.55
2026-09-05 01:00:00,Waste Heat Recovery Steam Generation Boiler,Steam Utility,22.74,natural_gas,87.85,0.0,1.0,Shift C (Night),188.5,10.22
2026-09-05 01:00:00,Reciprocating Process Gas Compressor,Gas Compression Utility,38.55,none,0.0,0.0,0.0,Shift C (Night),44.0,25.5
2026-09-05 01:00:00,Closed-Loop Brine Refrigeration Chiller,Thermal Cooling Utility,61.92,none,0.0,0.0,1.0,Shift C (Night),-15.3,8.0
2026-09-05 02:00:00,Catalytic Steam Reforming Furnace,Reforming & Cracking,40.58,natural_gas,188.43,1062.9,1.0,Shift C (Night),819.5,25.15
2026-09-05 02:00:00,Fractionation Distillation Column Reboiler,Fractionation & Separation,59.44,natural_gas,128.1,922.3,1.0,Shift C (Night),207.6,4.47
2026-09-05 02:00:00,High-Pressure Exothermic Reactor Vessel,Chemical Synthesis,1.14,none,0.0,0.0,0.0,Shift C (Night),28.9,0.0
2026-09-05 02:00:00,Multistage Boiler Feedwater Injection Pump,High-Pressure Transport,54.65,none,0.0,0.0,1.0,Shift C (Night),61.1,44.47
2026-09-05 02:00:00,Waste Heat Recovery Steam Generation Boiler,Steam Utility,21.43,natural_gas,82.79,0.0,1.0,Shift C (Night),181.8,9.85
2026-09-05 02:00:00,Reciprocating Process Gas Compressor,Gas Compression Utility,37.07,none,0.0,0.0,0.0,Shift C (Night),44.0,25.5
2026-09-05 02:00:00,Closed-Loop Brine Refrigeration Chiller,Thermal Cooling Utility,65.79,none,0.0,0.0,1.0,Shift C (Night),-15.0,7.89
2026-09-05 03:00:00,Catalytic Steam Reforming Furnace,Reforming & Cracking,40.35,natural_gas,187.36,1056.9,1.0,Shift C (Night),810.2,25.28
2026-09-05 03:00:00,Fractionation Distillation Column Reboiler,Fractionation & Separation,58.52,natural_gas,126.11,908.0,1.0,Shift C (Night),211.8,4.55
2026-09-05 03:00:00,High-Pressure Exothermic Reactor Vessel,Chemical Synthesis,1.44,none,0.0,0.0,0.0,Shift C (Night),32.0,0.0
2026-09-05 03:00:00,Multistage Boiler Feedwater Injection Pump,High-Pressure Transport,51.97,none,0.0,0.0,1.0,Shift C (Night),59.3,44.63
2026-09-05 03:00:00,Waste Heat Recovery Steam Generation Boiler,Steam Utility,21.73,natural_gas,83.95,0.0,1.0,Shift C (Night),186.4,10.1
2026-09-05 03:00:00,Reciprocating Process Gas Compressor,Gas Compression Utility,35.54,none,0.0,0.0,0.0,Shift C (Night),44.0,25.5
2026-09-05 03:00:00,Closed-Loop Brine Refrigeration Chiller,Thermal Cooling Utility,62.47,none,0.0,0.0,1.0,Shift C (Night),-15.1,8.12
2026-09-05 04:00:00,Catalytic Steam Reforming Furnace,Reforming & Cracking,40.74,natural_gas,189.17,1067.1,1.0,Shift C (Night),826.2,25.68
2026-09-05 04:00:00,Fractionation Distillation Column Reboiler,Fractionation & Separation,57.21,natural_gas,123.3,887.8,1.0,Shift C (Night),209.6,4.39
2026-09-05 04:00:00,High-Pressure Exothermic Reactor Vessel,Chemical Synthesis,1.48,none,0.0,0.0,0.0,Shift C (Night),28.2,0.0
2026-09-05 04:00:00,Multistage Boiler Feedwater Injection Pump,High-Pressure Transport,55.32,none,0.0,0.0,1.0,Shift C (Night),60.7,44.32
2026-09-05 04:00:00,Waste Heat Recovery Steam Generation Boiler,Steam Utility,21.77,natural_gas,84.11,0.0,1.0,Shift C (Night),185.0,10.03
2026-09-05 04:00:00,Reciprocating Process Gas Compressor,Gas Compression Utility,37.28,none,0.0,0.0,0.0,Shift C (Night),44.0,25.5
2026-09-05 04:00:00,Closed-Loop Brine Refrigeration Chiller,Thermal Cooling Utility,61.78,none,0.0,0.0,1.0,Shift C (Night),-15.1,8.13
2026-09-05 05:00:00,Catalytic Steam Reforming Furnace,Reforming & Cracking,41.43,natural_gas,192.34,1085.0,1.0,Shift C (Night),812.9,25.53
2026-09-05 05:00:00,Fractionation Distillation Column Reboiler,Fractionation & Separation,57.04,natural_gas,122.92,885.0,1.0,Shift C (Night),210.4,4.38
2026-09-05 05:00:00,High-Pressure Exothermic Reactor Vessel,Chemical Synthesis,1.1,none,0.0,0.0,0.0,Shift C (Night),31.2,0.0
2026-09-05 05:00:00,Multistage Boiler Feedwater Injection Pump,High-Pressure Transport,54.43,none,0.0,0.0,1.0,Shift C (Night),60.0,45.02
2026-09-05 05:00:00,Waste Heat Recovery Steam Generation Boiler,Steam Utility,22.7,natural_gas,87.72,0.0,1.0,Shift C (Night),188.0,10.24
2026-09-05 05:00:00,Reciprocating Process Gas Compressor,Gas Compression Utility,35.37,none,0.0,0.0,0.0,Shift C (Night),44.0,25.5
2026-09-05 05:00:00,Closed-Loop Brine Refrigeration Chiller,Thermal Cooling Utility,62.06,none,0.0,0.0,1.0,Shift C (Night),-15.1,7.97
2026-09-05 06:00:00,Catalytic Steam Reforming Furnace,Reforming & Cracking,41.71,natural_gas,193.65,1092.4,1.0,Shift A (Morning),822.4,24.62
2026-09-05 06:00:00,Fractionation Distillation Column Reboiler,Fractionation & Separation,59.05,natural_gas,127.26,916.3,1.0,Shift A (Morning),209.2,4.46
2026-09-05 06:00:00,High-Pressure Exothermic Reactor Vessel,Chemical Synthesis,81.44,none,0.0,744.8,1.0,Shift A (Morning),188.8,65.03
2026-09-05 06:00:00,Multistage Boiler Feedwater Injection Pump,High-Pressure Transport,56.14,none,0.0,0.0,1.0,Shift A (Morning),61.1,45.55
2026-09-05 06:00:00,Waste Heat Recovery Steam Generation Boiler,Steam Utility,22.54,natural_gas,87.07,0.0,1.0,Shift A (Morning),184.2,10.2
2026-09-05 06:00:00,Reciprocating Process Gas Compressor,Gas Compression Utility,38.28,none,0.0,0.0,0.0,Shift A (Morning),44.0,25.5
2026-09-05 06:00:00,Closed-Loop Brine Refrigeration Chiller,Thermal Cooling Utility,64.8,none,0.0,0.0,1.0,Shift A (Morning),-15.1,8.03
2026-09-05 07:00:00,Catalytic Steam Reforming Furnace,Reforming & Cracking,43.06,natural_gas,199.91,1127.7,1.0,Shift A (Morning),832.8,25.69
2026-09-05 07:00:00,Fractionation Distillation Column Reboiler,Fractionation & Separation,58.29,natural_gas,125.63,904.5,1.0,Shift A (Morning),210.5,4.44
2026-09-05 07:00:00,High-Pressure Exothermic Reactor Vessel,Chemical Synthesis,83.83,none,0.0,766.7,1.0,Shift A (Morning),187.6,66.37
2026-09-05 07:00:00,Multistage Boiler Feedwater Injection Pump,High-Pressure Transport,55.36,none,0.0,0.0,1.0,Shift A (Morning),60.6,44.51
2026-09-05 07:00:00,Waste Heat Recovery Steam Generation Boiler,Steam Utility,21.97,natural_gas,84.87,0.0,1.0,Shift A (Morning),187.3,9.95
2026-09-05 07:00:00,Reciprocating Process Gas Compressor,Gas Compression Utility,36.98,none,0.0,0.0,0.0,Shift A (Morning),44.0,25.5
2026-09-05 07:00:00,Closed-Loop Brine Refrigeration Chiller,Thermal Cooling Utility,65.14,none,0.0,0.0,1.0,Shift A (Morning),-14.8,8.02
2026-09-05 08:00:00,Catalytic Steam Reforming Furnace,Reforming & Cracking,43.16,natural_gas,200.37,1130.3,1.0,Shift A (Morning),814.9,24.76
2026-09-05 08:00:00,Fractionation Distillation Column Reboiler,Fractionation & Separation,59.29,natural_gas,127.77,919.9,1.0,Shift A (Morning),213.8,4.61
2026-09-05 08:00:00,High-Pressure Exothermic Reactor Vessel,Chemical Synthesis,83.36,none,0.0,762.4,1.0,Shift A (Morning),190.6,63.4
2026-09-05 08:00:00,Multistage Boiler Feedwater Injection Pump,High-Pressure Transport,53.43,none,0.0,0.0,1.0,Shift A (Morning),59.6,44.73
2026-09-05 08:00:00,Waste Heat Recovery Steam Generation Boiler,Steam Utility,21.9,natural_gas,84.62,0.0,1.0,Shift A (Morning),182.7,10.27
2026-09-05 08:00:00,Reciprocating Process Gas Compressor,Gas Compression Utility,37.82,none,0.0,0.0,0.0,Shift A (Morning),44.0,25.5
2026-09-05 08:00:00,Closed-Loop Brine Refrigeration Chiller,Thermal Cooling Utility,64.77,none,0.0,0.0,1.0,Shift A (Morning),-15.1,8.13
2026-09-05 09:00:00,Catalytic Steam Reforming Furnace,Reforming & Cracking,43.54,natural_gas,202.16,1140.4,1.0,Shift A (Morning),828.4,25.38
2026-09-05 09:00:00,Fractionation Distillation Column Reboiler,Fractionation & Separation,57.46,natural_gas,123.84,891.6,1.0,Shift A (Morning),205.9,4.4
2026-09-05 09:00:00,High-Pressure Exothermic Reactor Vessel,Chemical Synthesis,83.84,none,0.0,766.8,1.0,Shift A (Morning),186.9,65.53
2026-09-05 09:00:00,Multistage Boiler Feedwater Injection Pump,High-Pressure Transport,51.97,none,0.0,0.0,1.0,Shift A (Morning),59.7,45.17
2026-09-05 09:00:00,Waste Heat Recovery Steam Generation Boiler,Steam Utility,21.7,natural_gas,83.82,0.0,1.0,Shift A (Morning),183.0,9.72
2026-09-05 09:00:00,Reciprocating Process Gas Compressor,Gas Compression Utility,37.66,none,0.0,0.0,0.0,Shift A (Morning),44.0,25.5
2026-09-05 09:00:00,Closed-Loop Brine Refrigeration Chiller,Thermal Cooling Utility,64.18,none,0.0,0.0,1.0,Shift A (Morning),-15.3,7.97
2026-09-05 10:00:00,Catalytic Steam Reforming Furnace,Reforming & Cracking,40.32,natural_gas,187.21,1056.1,1.0,Shift A (Morning),808.2,25.6
2026-09-05 10:00:00,Fractionation Distillation Column Reboiler,Fractionation & Separation,59.87,natural_gas,129.03,929.0,1.0,Shift A (Morning),213.6,4.56
2026-09-05 10:00:00,High-Pressure Exothermic Reactor Vessel,Chemical Synthesis,82.33,none,0.0,753.0,1.0,Shift A (Morning),190.4,66.73
2026-09-05 10:00:00,Multistage Boiler Feedwater Injection Pump,High-Pressure Transport,52.52,none,0.0,0.0,1.0,Shift A (Morning),60.6,45.21
2026-09-05 10:00:00,Waste Heat Recovery Steam Generation Boiler,Steam Utility,21.87,natural_gas,84.5,0.0,1.0,Shift A (Morning),187.6,9.96
2026-09-05 10:00:00,Reciprocating Process Gas Compressor,Gas Compression Utility,36.1,none,0.0,0.0,0.0,Shift A (Morning),44.0,25.5
2026-09-05 10:00:00,Closed-Loop Brine Refrigeration Chiller,Thermal Cooling Utility,62.28,none,0.0,0.0,1.0,Shift A (Morning),-14.7,8.07
2026-09-05 11:00:00,Catalytic Steam Reforming Furnace,Reforming & Cracking,41.07,natural_gas,190.69,1075.7,1.0,Shift A (Morning),829.0,25.0
2026-09-05 11:00:00,Fractionation Distillation Column Reboiler,Fractionation & Separation,60.26,natural_gas,129.87,935.1,1.0,Shift A (Morning),209.0,4.48
2026-09-05 11:00:00,High-Pressure Exothermic Reactor Vessel,Chemical Synthesis,78.73,none,0.0,720.1,1.0,Shift A (Morning),191.1,65.31
2026-09-05 11:00:00,Multistage Boiler Feedwater Injection Pump,High-Pressure Transport,54.85,none,0.0,0.0,1.0,Shift A (Morning),59.6,45.43
2026-09-05 11:00:00,Waste Heat Recovery Steam Generation Boiler,Steam Utility,21.69,natural_gas,83.82,0.0,1.0,Shift A (Morning),187.3,10.2
2026-09-05 11:00:00,Reciprocating Process Gas Compressor,Gas Compression Utility,39.23,none,0.0,0.0,0.0,Shift A (Morning),44.0,25.5
2026-09-05 11:00:00,Closed-Loop Brine Refrigeration Chiller,Thermal Cooling Utility,64.46,none,0.0,0.0,1.0,Shift A (Morning),-15.0,7.78
2026-09-05 12:00:00,Catalytic Steam Reforming Furnace,Reforming & Cracking,41.2,natural_gas,191.27,1078.9,1.0,Shift A (Morning),830.5,24.55
2026-09-05 12:00:00,Fractionation Distillation Column Reboiler,Fractionation & Separation,56.81,natural_gas,122.44,881.6,1.0,Shift A (Morning),209.1,4.56
2026-09-05 12:00:00,High-Pressure Exothermic Reactor Vessel,Chemical Synthesis,78.76,none,0.0,720.3,1.0,Shift A (Morning),193.4,66.93
2026-09-05 12:00:00,Multistage Boiler Feedwater Injection Pump,High-Pressure Transport,53.01,none,0.0,0.0,1.0,Shift A (Morning),59.8,45.13
2026-09-05 12:00:00,Waste Heat Recovery Steam Generation Boiler,Steam Utility,22.06,natural_gas,85.22,0.0,1.0,Shift A (Morning),186.8,9.84
2026-09-05 12:00:00,Reciprocating Process Gas Compressor,Gas Compression Utility,38.31,none,0.0,0.0,0.0,Shift A (Morning),44.0,25.5
2026-09-05 12:00:00,Closed-Loop Brine Refrigeration Chiller,Thermal Cooling Utility,65.31,none,0.0,0.0,1.0,Shift A (Morning),-15.0,8.0
2026-09-05 13:00:00,Catalytic Steam Reforming Furnace,Reforming & Cracking,42.11,natural_gas,195.53,1103.0,1.0,Shift A (Morning),805.5,24.49
2026-09-05 13:00:00,Fractionation Distillation Column Reboiler,Fractionation & Separation,56.67,natural_gas,122.12,879.3,1.0,Shift A (Morning),206.6,4.63
2026-09-05 13:00:00,High-Pressure Exothermic Reactor Vessel,Chemical Synthesis,83.97,none,0.0,768.0,1.0,Shift A (Morning),189.4,66.49
2026-09-05 13:00:00,Multistage Boiler Feedwater Injection Pump,High-Pressure Transport,52.39,none,0.0,0.0,1.0,Shift A (Morning),59.5,44.99
2026-09-05 13:00:00,Waste Heat Recovery Steam Generation Boiler,Steam Utility,22.01,natural_gas,85.06,0.0,1.0,Shift A (Morning),181.7,9.72
2026-09-05 13:00:00,Reciprocating Process Gas Compressor,Gas Compression Utility,36.64,none,0.0,0.0,0.0,Shift A (Morning),44.0,25.5
2026-09-05 13:00:00,Closed-Loop Brine Refrigeration Chiller,Thermal Cooling Utility,61.7,none,0.0,0.0,1.0,Shift A (Morning),-14.7,7.8
2026-09-05 14:00:00,Catalytic Steam Reforming Furnace,Reforming & Cracking,41.31,natural_gas,191.78,1081.9,1.0,Shift B (Evening),807.6,24.72
2026-09-05 14:00:00,Fractionation Distillation Column Reboiler,Fractionation & Separation,59.33,natural_gas,127.87,920.7,1.0,Shift B (Evening),212.3,4.37
2026-09-05 14:00:00,High-Pressure Exothermic Reactor Vessel,Chemical Synthesis,78.89,none,0.0,721.5,1.0,Shift B (Evening),193.2,65.67
2026-09-05 14:00:00,Multistage Boiler Feedwater Injection Pump,High-Pressure Transport,56.01,none,0.0,0.0,1.0,Shift B (Evening),61.0,44.87
2026-09-05 14:00:00,Waste Heat Recovery Steam Generation Boiler,Steam Utility,22.03,natural_gas,85.13,0.0,1.0,Shift B (Evening),188.2,9.85
2026-09-05 14:00:00,Reciprocating Process Gas Compressor,Gas Compression Utility,37.21,none,0.0,0.0,0.0,Shift B (Evening),44.0,25.5
2026-09-05 14:00:00,Closed-Loop Brine Refrigeration Chiller,Thermal Cooling Utility,65.32,none,0.0,0.0,1.0,Shift B (Evening),-14.8,7.91
2026-09-05 15:00:00,Catalytic Steam Reforming Furnace,Reforming & Cracking,41.99,natural_gas,194.94,1099.7,1.0,Shift B (Evening),811.6,24.85
2026-09-05 15:00:00,Fractionation Distillation Column Reboiler,Fractionation & Separation,58.34,natural_gas,125.72,905.2,1.0,Shift B (Evening),212.7,4.54
2026-09-05 15:00:00,High-Pressure Exothermic Reactor Vessel,Chemical Synthesis,78.93,none,0.0,721.9,1.0,Shift B (Evening),190.8,63.46
2026-09-05 15:00:00,Multistage Boiler Feedwater Injection Pump,High-Pressure Transport,52.3,none,0.0,0.0,1.0,Shift B (Evening),60.1,46.21
2026-09-05 15:00:00,Waste Heat Recovery Steam Generation Boiler,Steam Utility,21.79,natural_gas,84.17,0.0,1.0,Shift B (Evening),181.8,9.83
2026-09-05 15:00:00,Reciprocating Process Gas Compressor,Gas Compression Utility,35.55,none,0.0,0.0,0.0,Shift B (Evening),44.0,25.5
2026-09-05 15:00:00,Closed-Loop Brine Refrigeration Chiller,Thermal Cooling Utility,66.35,none,0.0,0.0,1.0,Shift B (Evening),-14.9,7.82
2026-09-05 16:00:00,Catalytic Steam Reforming Furnace,Reforming & Cracking,42.54,natural_gas,197.5,1114.1,1.0,Shift B (Evening),824.5,25.23
2026-09-05 16:00:00,Fractionation Distillation Column Reboiler,Fractionation & Separation,58.97,natural_gas,127.1,915.1,1.0,Shift B (Evening),208.8,4.38
2026-09-05 16:00:00,High-Pressure Exothermic Reactor Vessel,Chemical Synthesis,79.29,none,0.0,725.2,1.0,Shift B (Evening),193.1,65.61
2026-09-05 16:00:00,Multistage Boiler Feedwater Injection Pump,High-Pressure Transport,52.69,none,0.0,0.0,1.0,Shift B (Evening),59.6,44.46
2026-09-05 16:00:00,Waste Heat Recovery Steam Generation Boiler,Steam Utility,22.44,natural_gas,86.69,0.0,1.0,Shift B (Evening),185.6,9.8
2026-09-05 16:00:00,Reciprocating Process Gas Compressor,Gas Compression Utility,37.89,none,0.0,0.0,0.0,Shift B (Evening),44.0,25.5
2026-09-05 16:00:00,Closed-Loop Brine Refrigeration Chiller,Thermal Cooling Utility,61.76,none,0.0,0.0,1.0,Shift B (Evening),-14.8,8.03
2026-09-05 17:00:00,Catalytic Steam Reforming Furnace,Reforming & Cracking,42.41,natural_gas,196.89,1110.7,1.0,Shift B (Evening),827.8,25.13
2026-09-05 17:00:00,Fractionation Distillation Column Reboiler,Fractionation & Separation,59.06,natural_gas,127.29,916.5,1.0,Shift B (Evening),207.7,4.57
2026-09-05 17:00:00,High-Pressure Exothermic Reactor Vessel,Chemical Synthesis,80.34,none,0.0,734.8,1.0,Shift B (Evening),190.3,64.8
2026-09-05 17:00:00,Multistage Boiler Feedwater Injection Pump,High-Pressure Transport,53.65,none,0.0,0.0,1.0,Shift B (Evening),59.9,45.95
2026-09-05 17:00:00,Waste Heat Recovery Steam Generation Boiler,Steam Utility,21.18,natural_gas,81.85,0.0,1.0,Shift B (Evening),186.0,10.2
2026-09-05 17:00:00,Reciprocating Process Gas Compressor,Gas Compression Utility,39.21,none,0.0,0.0,0.0,Shift B (Evening),44.0,25.5
2026-09-05 17:00:00,Closed-Loop Brine Refrigeration Chiller,Thermal Cooling Utility,64.12,none,0.0,0.0,1.0,Shift B (Evening),-15.3,8.19
2026-09-05 18:00:00,Catalytic Steam Reforming Furnace,Reforming & Cracking,43.13,natural_gas,200.27,1129.7,1.0,Shift B (Evening),832.9,25.42
2026-09-05 18:00:00,Fractionation Distillation Column Reboiler,Fractionation & Separation,59.54,natural_gas,128.31,923.9,1.0,Shift B (Evening),205.9,4.42
2026-09-05 18:00:00,High-Pressure Exothermic Reactor Vessel,Chemical Synthesis,1.46,none,0.0,0.0,0.0,Shift B (Evening),31.9,0.0
2026-09-05 18:00:00,Multistage Boiler Feedwater Injection Pump,High-Pressure Transport,54.22,none,0.0,0.0,1.0,Shift B (Evening),60.1,44.42
2026-09-05 18:00:00,Waste Heat Recovery Steam Generation Boiler,Steam Utility,22.3,natural_gas,86.15,0.0,1.0,Shift B (Evening),186.1,9.71
2026-09-05 18:00:00,Reciprocating Process Gas Compressor,Gas Compression Utility,35.5,none,0.0,0.0,0.0,Shift B (Evening),44.0,25.5
2026-09-05 18:00:00,Closed-Loop Brine Refrigeration Chiller,Thermal Cooling Utility,62.45,none,0.0,0.0,1.0,Shift B (Evening),-14.8,8.09
2026-09-05 19:00:00,Catalytic Steam Reforming Furnace,Reforming & Cracking,42.23,natural_gas,196.07,1106.0,1.0,Shift B (Evening),810.3,25.19
2026-09-05 19:00:00,Fractionation Distillation Column Reboiler,Fractionation & Separation,58.85,natural_gas,126.84,913.3,1.0,Shift B (Evening),209.6,4.37
2026-09-05 19:00:00,High-Pressure Exothermic Reactor Vessel,Chemical Synthesis,1.14,none,0.0,0.0,0.0,Shift B (Evening),29.5,0.0
2026-09-05 19:00:00,Multistage Boiler Feedwater Injection Pump,High-Pressure Transport,54.04,none,0.0,0.0,1.0,Shift B (Evening),60.9,44.92
2026-09-05 19:00:00,Waste Heat Recovery Steam Generation Boiler,Steam Utility,21.73,natural_gas,83.97,0.0,1.0,Shift B (Evening),183.6,9.75
2026-09-05 19:00:00,Reciprocating Process Gas Compressor,Gas Compression Utility,36.63,none,0.0,0.0,0.0,Shift B (Evening),44.0,25.5
2026-09-05 19:00:00,Closed-Loop Brine Refrigeration Chiller,Thermal Cooling Utility,62.58,none,0.0,0.0,1.0,Shift B (Evening),-15.2,7.81
2026-09-05 20:00:00,Catalytic Steam Reforming Furnace,Reforming & Cracking,43.05,natural_gas,199.88,1127.5,1.0,Shift B (Evening),820.3,24.33
2026-09-05 20:00:00,Fractionation Distillation Column Reboiler,Fractionation & Separation,57.71,natural_gas,124.38,895.5,1.0,Shift B (Evening),209.6,4.59
2026-09-05 20:00:00,High-Pressure Exothermic Reactor Vessel,Chemical Synthesis,1.29,none,0.0,0.0,0.0,Shift B (Evening),30.4,0.0
2026-09-05 20:00:00,Multistage Boiler Feedwater Injection Pump,High-Pressure Transport,56.11,none,0.0,0.0,1.0,Shift B (Evening),60.7,45.84
2026-09-05 20:00:00,Waste Heat Recovery Steam Generation Boiler,Steam Utility,22.1,natural_gas,85.4,0.0,1.0,Shift B (Evening),185.8,10.16
2026-09-05 20:00:00,Reciprocating Process Gas Compressor,Gas Compression Utility,39.37,none,0.0,0.0,0.0,Shift B (Evening),44.0,25.5
2026-09-05 20:00:00,Closed-Loop Brine Refrigeration Chiller,Thermal Cooling Utility,61.74,none,0.0,0.0,1.0,Shift B (Evening),-14.8,8.23
2026-09-05 21:00:00,Catalytic Steam Reforming Furnace,Reforming & Cracking,43.65,natural_gas,202.66,1143.2,1.0,Shift B (Evening),814.1,24.91
2026-09-05 21:00:00,Fractionation Distillation Column Reboiler,Fractionation & Separation,55.84,natural_gas,120.33,866.4,1.0,Shift B (Evening),210.0,4.57
2026-09-05 21:00:00,High-Pressure Exothermic Reactor Vessel,Chemical Synthesis,0.86,none,0.0,0.0,0.0,Shift B (Evening),30.7,0.0
2026-09-05 21:00:00,Multistage Boiler Feedwater Injection Pump,High-Pressure Transport,51.9,none,0.0,0.0,1.0,Shift B (Evening),59.8,44.67
2026-09-05 21:00:00,Waste Heat Recovery Steam Generation Boiler,Steam Utility,21.98,natural_gas,84.92,0.0,1.0,Shift B (Evening),184.9,10.06
2026-09-05 21:00:00,Reciprocating Process Gas Compressor,Gas Compression Utility,38.22,none,0.0,0.0,0.0,Shift B (Evening),44.0,25.5
2026-09-05 21:00:00,Closed-Loop Brine Refrigeration Chiller,Thermal Cooling Utility,62.8,none,0.0,0.0,1.0,Shift B (Evening),-15.1,8.08
2026-09-05 22:00:00,Catalytic Steam Reforming Furnace,Reforming & Cracking,40.91,natural_gas,189.93,1071.4,1.0,Shift C (Night),814.2,25.38
2026-09-05 22:00:00,Fractionation Distillation Column Reboiler,Fractionation & Separation,57.84,natural_gas,124.65,897.5,1.0,Shift C (Night),207.4,4.47
2026-09-05 22:00:00,High-Pressure Exothermic Reactor Vessel,Chemical Synthesis,1.41,none,0.0,0.0,0.0,Shift C (Night),29.7,0.0
2026-09-05 22:00:00,Multistage Boiler Feedwater Injection Pump,High-Pressure Transport,55.94,none,0.0,0.0,1.0,Shift C (Night),60.5,43.91
2026-09-05 22:00:00,Waste Heat Recovery Steam Generation Boiler,Steam Utility,22.43,natural_gas,86.67,0.0,1.0,Shift C (Night),183.6,9.97
2026-09-05 22:00:00,Reciprocating Process Gas Compressor,Gas Compression Utility,38.83,none,0.0,0.0,0.0,Shift C (Night),44.0,25.5
2026-09-05 22:00:00,Closed-Loop Brine Refrigeration Chiller,Thermal Cooling Utility,63.26,none,0.0,0.0,1.0,Shift C (Night),-15.1,8.23
2026-09-05 23:00:00,Catalytic Steam Reforming Furnace,Reforming & Cracking,41.32,natural_gas,191.84,1082.2,1.0,Shift C (Night),830.2,25.49
2026-09-05 23:00:00,Fractionation Distillation Column Reboiler,Fractionation & Separation,58.15,natural_gas,125.32,902.3,1.0,Shift C (Night),214.1,4.45
2026-09-05 23:00:00,High-Pressure Exothermic Reactor Vessel,Chemical Synthesis,1.61,none,0.0,0.0,0.0,Shift C (Night),30.6,0.0
2026-09-05 23:00:00,Multistage Boiler Feedwater Injection Pump,High-Pressure Transport,55.94,none,0.0,0.0,1.0,Shift C (Night),60.2,43.78
2026-09-05 23:00:00,Waste Heat Recovery Steam Generation Boiler,Steam Utility,21.32,natural_gas,82.37,0.0,1.0,Shift C (Night),185.2,10.27
2026-09-05 23:00:00,Reciprocating Process Gas Compressor,Gas Compression Utility,38.81,none,0.0,0.0,0.0,Shift C (Night),44.0,25.5
2026-09-05 23:00:00,Closed-Loop Brine Refrigeration Chiller,Thermal Cooling Utility,61.97,none,0.0,0.0,1.0,Shift C (Night),-14.8,8.11
2026-09-06 00:00:00,Catalytic Steam Reforming Furnace,Reforming & Cracking,41.92,natural_gas,194.63,1097.9,1.0,Shift C (Night),811.8,24.6
2026-09-06 00:00:00,Fractionation Distillation Column Reboiler,Fractionation & Separation,59.69,natural_gas,128.65,926.3,1.0,Shift C (Night),206.4,4.49
2026-09-06 00:00:00,High-Pressure Exothermic Reactor Vessel,Chemical Synthesis,1.0,none,0.0,0.0,0.0,Shift C (Night),29.7,0.0
2026-09-06 00:00:00,Multistage Boiler Feedwater Injection Pump,High-Pressure Transport,56.13,none,0.0,0.0,1.0,Shift C (Night),60.4,43.81
2026-09-06 00:00:00,Waste Heat Recovery Steam Generation Boiler,Steam Utility,21.85,natural_gas,84.41,0.0,1.0,Shift C (Night),187.7,10.29
2026-09-06 00:00:00,Reciprocating Process Gas Compressor,Gas Compression Utility,35.05,none,0.0,0.0,0.0,Shift C (Night),44.0,25.5
2026-09-06 00:00:00,Closed-Loop Brine Refrigeration Chiller,Thermal Cooling Utility,64.56,none,0.0,0.0,1.0,Shift C (Night),-14.8,8.11
2026-09-06 01:00:00,Catalytic Steam Reforming Furnace,Reforming & Cracking,43.65,natural_gas,202.68,1143.3,1.0,Shift C (Night),831.8,24.59
2026-09-06 01:00:00,Fractionation Distillation Column Reboiler,Fractionation & Separation,57.69,natural_gas,124.34,895.2,1.0,Shift C (Night),211.7,4.41
2026-09-06 01:00:00,High-Pressure Exothermic Reactor Vessel,Chemical Synthesis,1.28,none,0.0,0.0,0.0,Shift C (Night),30.0,0.0
2026-09-06 01:00:00,Multistage Boiler Feedwater Injection Pump,High-Pressure Transport,53.69,none,0.0,0.0,1.0,Shift C (Night),59.4,45.34
2026-09-06 01:00:00,Waste Heat Recovery Steam Generation Boiler,Steam Utility,22.43,natural_gas,86.68,0.0,1.0,Shift C (Night),188.0,9.93
2026-09-06 01:00:00,Reciprocating Process Gas Compressor,Gas Compression Utility,38.44,none,0.0,0.0,0.0,Shift C (Night),44.0,25.5
2026-09-06 01:00:00,Closed-Loop Brine Refrigeration Chiller,Thermal Cooling Utility,65.81,none,0.0,0.0,1.0,Shift C (Night),-15.2,8.04
2026-09-06 02:00:00,Catalytic Steam Reforming Furnace,Reforming & Cracking,41.14,natural_gas,191.01,1077.5,1.0,Shift C (Night),824.1,25.58
2026-09-06 02:00:00,Fractionation Distillation Column Reboiler,Fractionation & Separation,56.32,natural_gas,121.38,874.0,1.0,Shift C (Night),212.3,4.49
2026-09-06 02:00:00,High-Pressure Exothermic Reactor Vessel,Chemical Synthesis,1.07,none,0.0,0.0,0.0,Shift C (Night),29.3,0.0
2026-09-06 02:00:00,Multistage Boiler Feedwater Injection Pump,High-Pressure Transport,55.64,none,0.0,0.0,1.0,Shift C (Night),59.6,44.92
2026-09-06 02:00:00,Waste Heat Recovery Steam Generation Boiler,Steam Utility,22.05,natural_gas,85.21,0.0,1.0,Shift C (Night),188.3,9.78
2026-09-06 02:00:00,Reciprocating Process Gas Compressor,Gas Compression Utility,35.96,none,0.0,0.0,0.0,Shift C (Night),44.0,25.5
2026-09-06 02:00:00,Closed-Loop Brine Refrigeration Chiller,Thermal Cooling Utility,64.22,none,0.0,0.0,1.0,Shift C (Night),-15.2,7.86
2026-09-06 03:00:00,Catalytic Steam Reforming Furnace,Reforming & Cracking,40.88,natural_gas,189.79,1070.6,1.0,Shift C (Night),812.4,25.27
2026-09-06 03:00:00,Fractionation Distillation Column Reboiler,Fractionation & Separation,59.73,natural_gas,128.74,926.9,1.0,Shift C (Night),207.0,4.39
2026-09-06 03:00:00,High-Pressure Exothermic Reactor Vessel,Chemical Synthesis,0.75,none,0.0,0.0,0.0,Shift C (Night),30.1,0.0
2026-09-06 03:00:00,Multistage Boiler Feedwater Injection Pump,High-Pressure Transport,54.74,none,0.0,0.0,1.0,Shift C (Night),60.7,45.58
2026-09-06 03:00:00,Waste Heat Recovery Steam Generation Boiler,Steam Utility,22.33,natural_gas,86.28,0.0,1.0,Shift C (Night),188.0,9.93
2026-09-06 03:00:00,Reciprocating Process Gas Compressor,Gas Compression Utility,39.68,none,0.0,0.0,0.0,Shift C (Night),44.0,25.5
2026-09-06 03:00:00,Closed-Loop Brine Refrigeration Chiller,Thermal Cooling Utility,66.35,none,0.0,0.0,1.0,Shift C (Night),-14.9,7.96
2026-09-06 04:00:00,Catalytic Steam Reforming Furnace,Reforming & Cracking,43.03,natural_gas,199.76,1126.9,1.0,Shift C (Night),834.8,25.75
2026-09-06 04:00:00,Fractionation Distillation Column Reboiler,Fractionation & Separation,58.62,natural_gas,126.33,909.5,1.0,Shift C (Night),206.0,4.55
2026-09-06 04:00:00,High-Pressure Exothermic Reactor Vessel,Chemical Synthesis,1.08,none,0.0,0.0,0.0,Shift C (Night),32.0,0.0
2026-09-06 04:00:00,Multistage Boiler Feedwater Injection Pump,High-Pressure Transport,53.87,none,0.0,0.0,1.0,Shift C (Night),60.6,45.68
2026-09-06 04:00:00,Waste Heat Recovery Steam Generation Boiler,Steam Utility,22.34,natural_gas,86.33,0.0,1.0,Shift C (Night),184.4,9.76
2026-09-06 04:00:00,Reciprocating Process Gas Compressor,Gas Compression Utility,39.95,none,0.0,0.0,0.0,Shift C (Night),44.0,25.5
2026-09-06 04:00:00,Closed-Loop Brine Refrigeration Chiller,Thermal Cooling Utility,62.41,none,0.0,0.0,1.0,Shift C (Night),-14.8,8.05
2026-09-06 05:00:00,Catalytic Steam Reforming Furnace,Reforming & Cracking,40.92,natural_gas,189.99,1071.7,1.0,Shift C (Night),822.4,24.67
2026-09-06 05:00:00,Fractionation Distillation Column Reboiler,Fractionation & Separation,59.26,natural_gas,127.72,919.6,1.0,Shift C (Night),211.8,4.41
2026-09-06 05:00:00,High-Pressure Exothermic Reactor Vessel,Chemical Synthesis,1.95,none,0.0,0.0,0.0,Shift C (Night),28.9,0.0
2026-09-06 05:00:00,Multistage Boiler Feedwater Injection Pump,High-Pressure Transport,54.05,none,0.0,0.0,1.0,Shift C (Night),60.5,45.99
2026-09-06 05:00:00,Waste Heat Recovery Steam Generation Boiler,Steam Utility,22.47,natural_gas,86.8,0.0,1.0,Shift C (Night),187.6,9.81
2026-09-06 05:00:00,Reciprocating Process Gas Compressor,Gas Compression Utility,36.2,none,0.0,0.0,0.0,Shift C (Night),44.0,25.5
2026-09-06 05:00:00,Closed-Loop Brine Refrigeration Chiller,Thermal Cooling Utility,64.41,none,0.0,0.0,1.0,Shift C (Night),-15.2,7.81
2026-09-06 06:00:00,Catalytic Steam Reforming Furnace,Reforming & Cracking,42.01,natural_gas,195.03,1100.2,1.0,Shift A (Morning),812.6,24.8
2026-09-06 06:00:00,Fractionation Distillation Column Reboiler,Fractionation & Separation,55.98,natural_gas,120.64,868.6,1.0,Shift A (Morning),210.3,4.41
2026-09-06 06:00:00,High-Pressure Exothermic Reactor Vessel,Chemical Synthesis,1.35,none,0.0,0.0,0.0,Shift A (Morning),30.1,0.0
2026-09-06 06:00:00,Multistage Boiler Feedwater Injection Pump,High-Pressure Transport,55.83,none,0.0,0.0,1.0,Shift A (Morning),59.4,44.36
2026-09-06 06:00:00,Waste Heat Recovery Steam Generation Boiler,Steam Utility,21.13,natural_gas,81.62,0.0,1.0,Shift A (Morning),187.9,9.91
2026-09-06 06:00:00,Reciprocating Process Gas Compressor,Gas Compression Utility,36.12,none,0.0,0.0,0.0,Shift A (Morning),44.0,25.5
2026-09-06 06:00:00,Closed-Loop Brine Refrigeration Chiller,Thermal Cooling Utility,62.48,none,0.0,0.0,1.0,Shift A (Morning),-15.2,8.0
2026-09-06 07:00:00,Catalytic Steam Reforming Furnace,Reforming & Cracking,41.77,natural_gas,193.93,1093.9,1.0,Shift A (Morning),809.9,25.25
2026-09-06 07:00:00,Fractionation Distillation Column Reboiler,Fractionation & Separation,59.72,natural_gas,128.71,926.7,1.0,Shift A (Morning),205.9,4.63
2026-09-06 07:00:00,High-Pressure Exothermic Reactor Vessel,Chemical Synthesis,1.41,none,0.0,0.0,0.0,Shift A (Morning),31.0,0.0
2026-09-06 07:00:00,Multistage Boiler Feedwater Injection Pump,High-Pressure Transport,55.95,none,0.0,0.0,1.0,Shift A (Morning),59.7,43.92
2026-09-06 07:00:00,Waste Heat Recovery Steam Generation Boiler,Steam Utility,22.58,natural_gas,87.23,0.0,1.0,Shift A (Morning),185.0,10.13
2026-09-06 07:00:00,Reciprocating Process Gas Compressor,Gas Compression Utility,38.27,none,0.0,0.0,0.0,Shift A (Morning),44.0,25.5
2026-09-06 07:00:00,Closed-Loop Brine Refrigeration Chiller,Thermal Cooling Utility,61.91,none,0.0,0.0,1.0,Shift A (Morning),-14.8,8.11
2026-09-06 08:00:00,Catalytic Steam Reforming Furnace,Reforming & Cracking,41.55,natural_gas,192.92,1088.3,1.0,Shift A (Morning),820.8,24.51
2026-09-06 08:00:00,Fractionation Distillation Column Reboiler,Fractionation & Separation,58.19,natural_gas,125.4,902.9,1.0,Shift A (Morning),213.4,4.45
2026-09-06 08:00:00,High-Pressure Exothermic Reactor Vessel,Chemical Synthesis,1.01,none,0.0,0.0,0.0,Shift A (Morning),30.5,0.0
2026-09-06 08:00:00,Multistage Boiler Feedwater Injection Pump,High-Pressure Transport,53.13,none,0.0,0.0,1.0,Shift A (Morning),59.7,45.5
2026-09-06 08:00:00,Waste Heat Recovery Steam Generation Boiler,Steam Utility,22.04,natural_gas,85.16,0.0,1.0,Shift A (Morning),187.8,10.02
2026-09-06 08:00:00,Reciprocating Process Gas Compressor,Gas Compression Utility,36.05,none,0.0,0.0,0.0,Shift A (Morning),44.0,25.5
2026-09-06 08:00:00,Closed-Loop Brine Refrigeration Chiller,Thermal Cooling Utility,64.39,none,0.0,0.0,1.0,Shift A (Morning),-15.2,8.02
2026-09-06 09:00:00,Catalytic Steam Reforming Furnace,Reforming & Cracking,40.92,natural_gas,189.96,1071.6,1.0,Shift A (Morning),823.2,25.23
2026-09-06 09:00:00,Fractionation Distillation Column Reboiler,Fractionation & Separation,57.02,natural_gas,122.89,884.8,1.0,Shift A (Morning),209.7,4.6
2026-09-06 09:00:00,High-Pressure Exothermic Reactor Vessel,Chemical Synthesis,0.9,none,0.0,0.0,0.0,Shift A (Morning),28.8,0.0
2026-09-06 09:00:00,Multistage Boiler Feedwater Injection Pump,High-Pressure Transport,53.55,none,0.0,0.0,1.0,Shift A (Morning),59.4,45.95
2026-09-06 09:00:00,Waste Heat Recovery Steam Generation Boiler,Steam Utility,21.64,natural_gas,83.6,0.0,1.0,Shift A (Morning),181.6,9.98
2026-09-06 09:00:00,Reciprocating Process Gas Compressor,Gas Compression Utility,38.72,none,0.0,0.0,0.0,Shift A (Morning),44.0,25.5
2026-09-06 09:00:00,Closed-Loop Brine Refrigeration Chiller,Thermal Cooling Utility,66.39,none,0.0,0.0,1.0,Shift A (Morning),-14.8,8.13
2026-09-06 10:00:00,Catalytic Steam Reforming Furnace,Reforming & Cracking,41.11,natural_gas,190.88,1076.7,1.0,Shift A (Morning),810.4,25.59
2026-09-06 10:00:00,Fractionation Distillation Column Reboiler,Fractionation & Separation,57.13,natural_gas,123.12,886.4,1.0,Shift A (Morning),206.2,4.59
2026-09-06 10:00:00,High-Pressure Exothermic Reactor Vessel,Chemical Synthesis,1.0,none,0.0,0.0,0.0,Shift A (Morning),31.5,0.0
2026-09-06 10:00:00,Multistage Boiler Feedwater Injection Pump,High-Pressure Transport,54.0,none,0.0,0.0,1.0,Shift A (Morning),60.2,45.36
2026-09-06 10:00:00,Waste Heat Recovery Steam Generation Boiler,Steam Utility,21.88,natural_gas,84.55,0.0,1.0,Shift A (Morning),188.7,9.85
2026-09-06 10:00:00,Reciprocating Process Gas Compressor,Gas Compression Utility,38.26,none,0.0,0.0,0.0,Shift A (Morning),44.0,25.5
2026-09-06 10:00:00,Closed-Loop Brine Refrigeration Chiller,Thermal Cooling Utility,62.58,none,0.0,0.0,1.0,Shift A (Morning),-15.3,7.78
2026-09-06 11:00:00,Catalytic Steam Reforming Furnace,Reforming & Cracking,43.49,natural_gas,201.91,1139.0,1.0,Shift A (Morning),805.6,25.68
2026-09-06 11:00:00,Fractionation Distillation Column Reboiler,Fractionation & Separation,56.13,natural_gas,120.98,871.1,1.0,Shift A (Morning),209.3,4.57
2026-09-06 11:00:00,High-Pressure Exothermic Reactor Vessel,Chemical Synthesis,1.2,none,0.0,0.0,0.0,Shift A (Morning),31.9,0.0
2026-09-06 11:00:00,Multistage Boiler Feedwater Injection Pump,High-Pressure Transport,56.04,none,0.0,0.0,1.0,Shift A (Morning),60.1,44.63
2026-09-06 11:00:00,Waste Heat Recovery Steam Generation Boiler,Steam Utility,21.68,natural_gas,83.76,0.0,1.0,Shift A (Morning),181.8,10.15
2026-09-06 11:00:00,Reciprocating Process Gas Compressor,Gas Compression Utility,37.67,none,0.0,0.0,0.0,Shift A (Morning),44.0,25.5
2026-09-06 11:00:00,Closed-Loop Brine Refrigeration Chiller,Thermal Cooling Utility,63.14,none,0.0,0.0,1.0,Shift A (Morning),-15.1,8.2
2026-09-06 12:00:00,Catalytic Steam Reforming Furnace,Reforming & Cracking,43.52,natural_gas,202.04,1139.7,1.0,Shift A (Morning),808.6,25.59
2026-09-06 12:00:00,Fractionation Distillation Column Reboiler,Fractionation & Separation,57.31,natural_gas,123.52,889.3,1.0,Shift A (Morning),212.2,4.39
2026-09-06 12:00:00,High-Pressure Exothermic Reactor Vessel,Chemical Synthesis,0.6,none,0.0,0.0,0.0,Shift A (Morning),29.2,0.0
2026-09-06 12:00:00,Multistage Boiler Feedwater Injection Pump,High-Pressure Transport,53.68,none,0.0,0.0,1.0,Shift A (Morning),58.9,45.62
2026-09-06 12:00:00,Waste Heat Recovery Steam Generation Boiler,Steam Utility,22.48,natural_gas,86.86,0.0,1.0,Shift A (Morning),186.8,10.14
2026-09-06 12:00:00,Reciprocating Process Gas Compressor,Gas Compression Utility,38.95,none,0.0,0.0,0.0,Shift A (Morning),44.0,25.5
2026-09-06 12:00:00,Closed-Loop Brine Refrigeration Chiller,Thermal Cooling Utility,62.38,none,0.0,0.0,1.0,Shift A (Morning),-14.9,7.76
2026-09-06 13:00:00,Catalytic Steam Reforming Furnace,Reforming & Cracking,41.73,natural_gas,193.73,1092.9,1.0,Shift A (Morning),804.2,24.41
2026-09-06 13:00:00,Fractionation Distillation Column Reboiler,Fractionation & Separation,56.89,natural_gas,122.62,882.9,1.0,Shift A (Morning),211.3,4.42
2026-09-06 13:00:00,High-Pressure Exothermic Reactor Vessel,Chemical Synthesis,1.76,none,0.0,0.0,0.0,Shift A (Morning),30.5,0.0
2026-09-06 13:00:00,Multistage Boiler Feedwater Injection Pump,High-Pressure Transport,55.77,none,0.0,0.0,1.0,Shift A (Morning),60.5,46.06
2026-09-06 13:00:00,Waste Heat Recovery Steam Generation Boiler,Steam Utility,21.36,natural_gas,82.51,0.0,1.0,Shift A (Morning),183.6,9.74
2026-09-06 13:00:00,Reciprocating Process Gas Compressor,Gas Compression Utility,35.12,none,0.0,0.0,0.0,Shift A (Morning),44.0,25.5
2026-09-06 13:00:00,Closed-Loop Brine Refrigeration Chiller,Thermal Cooling Utility,63.43,none,0.0,0.0,1.0,Shift A (Morning),-15.0,8.02
2026-09-06 14:00:00,Catalytic Steam Reforming Furnace,Reforming & Cracking,41.39,natural_gas,192.18,1084.1,1.0,Shift B (Evening),819.0,25.64
2026-09-06 14:00:00,Fractionation Distillation Column Reboiler,Fractionation & Separation,59.62,natural_gas,128.48,925.1,1.0,Shift B (Evening),207.0,4.39
2026-09-06 14:00:00,High-Pressure Exothermic Reactor Vessel,Chemical Synthesis,1.09,none,0.0,0.0,0.0,Shift B (Evening),31.5,0.0
2026-09-06 14:00:00,Multistage Boiler Feedwater Injection Pump,High-Pressure Transport,55.78,none,0.0,0.0,1.0,Shift B (Evening),59.5,46.07
2026-09-06 14:00:00,Waste Heat Recovery Steam Generation Boiler,Steam Utility,22.48,natural_gas,86.86,0.0,1.0,Shift B (Evening),185.5,9.91
2026-09-06 14:00:00,Reciprocating Process Gas Compressor,Gas Compression Utility,38.71,none,0.0,0.0,0.0,Shift B (Evening),44.0,25.5
2026-09-06 14:00:00,Closed-Loop Brine Refrigeration Chiller,Thermal Cooling Utility,65.78,none,0.0,0.0,1.0,Shift B (Evening),-14.7,7.8
2026-09-06 15:00:00,Catalytic Steam Reforming Furnace,Reforming & Cracking,40.55,natural_gas,188.26,1062.0,1.0,Shift B (Evening),833.9,25.28
2026-09-06 15:00:00,Fractionation Distillation Column Reboiler,Fractionation & Separation,59.19,natural_gas,127.56,918.4,1.0,Shift B (Evening),211.0,4.47
2026-09-06 15:00:00,High-Pressure Exothermic Reactor Vessel,Chemical Synthesis,0.84,none,0.0,0.0,0.0,Shift B (Evening),30.6,0.0
2026-09-06 15:00:00,Multistage Boiler Feedwater Injection Pump,High-Pressure Transport,51.95,none,0.0,0.0,1.0,Shift B (Evening),59.6,46.16
2026-09-06 15:00:00,Waste Heat Recovery Steam Generation Boiler,Steam Utility,21.17,natural_gas,81.81,0.0,1.0,Shift B (Evening),184.4,9.97
2026-09-06 15:00:00,Reciprocating Process Gas Compressor,Gas Compression Utility,36.26,none,0.0,0.0,0.0,Shift B (Evening),44.0,25.5
2026-09-06 15:00:00,Closed-Loop Brine Refrigeration Chiller,Thermal Cooling Utility,63.18,none,0.0,0.0,1.0,Shift B (Evening),-15.3,8.08
2026-09-06 16:00:00,Catalytic Steam Reforming Furnace,Reforming & Cracking,42.93,natural_gas,199.31,1124.3,1.0,Shift B (Evening),820.0,24.37
2026-09-06 16:00:00,Fractionation Distillation Column Reboiler,Fractionation & Separation,57.79,natural_gas,124.55,896.8,1.0,Shift B (Evening),212.2,4.46
2026-09-06 16:00:00,High-Pressure Exothermic Reactor Vessel,Chemical Synthesis,1.63,none,0.0,0.0,0.0,Shift B (Evening),28.3,0.0
2026-09-06 16:00:00,Multistage Boiler Feedwater Injection Pump,High-Pressure Transport,54.27,none,0.0,0.0,1.0,Shift B (Evening),60.7,45.14
2026-09-06 16:00:00,Waste Heat Recovery Steam Generation Boiler,Steam Utility,21.41,natural_gas,82.73,0.0,1.0,Shift B (Evening),186.9,10.05
2026-09-06 16:00:00,Reciprocating Process Gas Compressor,Gas Compression Utility,35.78,none,0.0,0.0,0.0,Shift B (Evening),44.0,25.5
2026-09-06 16:00:00,Closed-Loop Brine Refrigeration Chiller,Thermal Cooling Utility,65.64,none,0.0,0.0,1.0,Shift B (Evening),-14.8,8.22
2026-09-06 17:00:00,Catalytic Steam Reforming Furnace,Reforming & Cracking,43.35,natural_gas,201.25,1135.2,1.0,Shift B (Evening),806.0,25.43
2026-09-06 17:00:00,Fractionation Distillation Column Reboiler,Fractionation & Separation,56.52,natural_gas,121.81,877.0,1.0,Shift B (Evening),210.1,4.6
2026-09-06 17:00:00,High-Pressure Exothermic Reactor Vessel,Chemical Synthesis,1.55,none,0.0,0.0,0.0,Shift B (Evening),28.6,0.0
2026-09-06 17:00:00,Multistage Boiler Feedwater Injection Pump,High-Pressure Transport,55.49,none,0.0,0.0,1.0,Shift B (Evening),60.9,45.13
2026-09-06 17:00:00,Waste Heat Recovery Steam Generation Boiler,Steam Utility,21.33,natural_gas,82.42,0.0,1.0,Shift B (Evening),187.3,9.95
2026-09-06 17:00:00,Reciprocating Process Gas Compressor,Gas Compression Utility,37.15,none,0.0,0.0,0.0,Shift B (Evening),44.0,25.5
2026-09-06 17:00:00,Closed-Loop Brine Refrigeration Chiller,Thermal Cooling Utility,63.15,none,0.0,0.0,1.0,Shift B (Evening),-14.7,7.92
2026-09-06 18:00:00,Catalytic Steam Reforming Furnace,Reforming & Cracking,40.51,natural_gas,188.09,1061.0,1.0,Shift B (Evening),827.8,25.73
2026-09-06 18:00:00,Fractionation Distillation Column Reboiler,Fractionation & Separation,56.31,natural_gas,121.36,873.8,1.0,Shift B (Evening),212.1,4.53
2026-09-06 18:00:00,High-Pressure Exothermic Reactor Vessel,Chemical Synthesis,0.92,none,0.0,0.0,0.0,Shift B (Evening),30.4,0.0
2026-09-06 18:00:00,Multistage Boiler Feedwater Injection Pump,High-Pressure Transport,52.87,none,0.0,0.0,1.0,Shift B (Evening),59.4,46.25
2026-09-06 18:00:00,Waste Heat Recovery Steam Generation Boiler,Steam Utility,22.44,natural_gas,86.7,0.0,1.0,Shift B (Evening),184.0,10.15
2026-09-06 18:00:00,Reciprocating Process Gas Compressor,Gas Compression Utility,35.84,none,0.0,0.0,0.0,Shift B (Evening),44.0,25.5
2026-09-06 18:00:00,Closed-Loop Brine Refrigeration Chiller,Thermal Cooling Utility,62.72,none,0.0,0.0,1.0,Shift B (Evening),-14.9,7.83
2026-09-06 19:00:00,Catalytic Steam Reforming Furnace,Reforming & Cracking,43.59,natural_gas,202.38,1141.6,1.0,Shift B (Evening),822.0,25.01
2026-09-06 19:00:00,Fractionation Distillation Column Reboiler,Fractionation & Separation,56.99,natural_gas,122.82,884.3,1.0,Shift B (Evening),206.2,4.61
2026-09-06 19:00:00,High-Pressure Exothermic Reactor Vessel,Chemical Synthesis,1.93,none,0.0,0.0,0.0,Shift B (Evening),31.9,0.0
2026-09-06 19:00:00,Multistage Boiler Feedwater Injection Pump,High-Pressure Transport,55.47,none,0.0,0.0,1.0,Shift B (Evening),60.0,44.71
2026-09-06 19:00:00,Waste Heat Recovery Steam Generation Boiler,Steam Utility,21.57,natural_gas,83.35,0.0,1.0,Shift B (Evening),185.7,10.06
2026-09-06 19:00:00,Reciprocating Process Gas Compressor,Gas Compression Utility,35.77,none,0.0,0.0,0.0,Shift B (Evening),44.0,25.5
2026-09-06 19:00:00,Closed-Loop Brine Refrigeration Chiller,Thermal Cooling Utility,65.18,none,0.0,0.0,1.0,Shift B (Evening),-15.2,8.11
2026-09-06 20:00:00,Catalytic Steam Reforming Furnace,Reforming & Cracking,40.38,natural_gas,187.5,1057.7,1.0,Shift B (Evening),811.0,24.29
2026-09-06 20:00:00,Fractionation Distillation Column Reboiler,Fractionation & Separation,57.59,natural_gas,124.11,893.6,1.0,Shift B (Evening),207.9,4.39
2026-09-06 20:00:00,High-Pressure Exothermic Reactor Vessel,Chemical Synthesis,1.38,none,0.0,0.0,0.0,Shift B (Evening),30.6,0.0
2026-09-06 20:00:00,Multistage Boiler Feedwater Injection Pump,High-Pressure Transport,55.42,none,0.0,0.0,1.0,Shift B (Evening),60.2,43.78
2026-09-06 20:00:00,Waste Heat Recovery Steam Generation Boiler,Steam Utility,21.68,natural_gas,83.77,0.0,1.0,Shift B (Evening),181.5,10.28
2026-09-06 20:00:00,Reciprocating Process Gas Compressor,Gas Compression Utility,38.77,none,0.0,0.0,0.0,Shift B (Evening),44.0,25.5
2026-09-06 20:00:00,Closed-Loop Brine Refrigeration Chiller,Thermal Cooling Utility,62.83,none,0.0,0.0,1.0,Shift B (Evening),-15.1,8.17
2026-09-06 21:00:00,Catalytic Steam Reforming Furnace,Reforming & Cracking,42.54,natural_gas,197.51,1114.1,1.0,Shift B (Evening),814.6,24.29
2026-09-06 21:00:00,Fractionation Distillation Column Reboiler,Fractionation & Separation,57.14,natural_gas,123.15,886.7,1.0,Shift B (Evening),210.5,4.61
2026-09-06 21:00:00,High-Pressure Exothermic Reactor Vessel,Chemical Synthesis,1.25,none,0.0,0.0,0.0,Shift B (Evening),28.7,0.0
2026-09-06 21:00:00,Multistage Boiler Feedwater Injection Pump,High-Pressure Transport,52.1,none,0.0,0.0,1.0,Shift B (Evening),58.9,44.33
2026-09-06 21:00:00,Waste Heat Recovery Steam Generation Boiler,Steam Utility,21.57,natural_gas,83.35,0.0,1.0,Shift B (Evening),185.5,9.84
2026-09-06 21:00:00,Reciprocating Process Gas Compressor,Gas Compression Utility,35.54,none,0.0,0.0,0.0,Shift B (Evening),44.0,25.5
2026-09-06 21:00:00,Closed-Loop Brine Refrigeration Chiller,Thermal Cooling Utility,61.81,none,0.0,0.0,1.0,Shift B (Evening),-14.8,8.21
2026-09-06 22:00:00,Catalytic Steam Reforming Furnace,Reforming & Cracking,43.19,natural_gas,200.52,1131.2,1.0,Shift C (Night),803.9,24.55
2026-09-06 22:00:00,Fractionation Distillation Column Reboiler,Fractionation & Separation,56.87,natural_gas,122.56,882.4,1.0,Shift C (Night),209.1,4.55
2026-09-06 22:00:00,High-Pressure Exothermic Reactor Vessel,Chemical Synthesis,1.31,none,0.0,0.0,0.0,Shift C (Night),29.1,0.0
2026-09-06 22:00:00,Multistage Boiler Feedwater Injection Pump,High-Pressure Transport,55.94,none,0.0,0.0,1.0,Shift C (Night),59.8,45.47
2026-09-06 22:00:00,Waste Heat Recovery Steam Generation Boiler,Steam Utility,21.98,natural_gas,84.91,0.0,1.0,Shift C (Night),182.8,9.88
2026-09-06 22:00:00,Reciprocating Process Gas Compressor,Gas Compression Utility,36.39,none,0.0,0.0,0.0,Shift C (Night),44.0,25.5
2026-09-06 22:00:00,Closed-Loop Brine Refrigeration Chiller,Thermal Cooling Utility,63.38,none,0.0,0.0,1.0,Shift C (Night),-14.9,7.76
2026-09-06 23:00:00,Catalytic Steam Reforming Furnace,Reforming & Cracking,40.77,natural_gas,189.31,1067.9,1.0,Shift C (Night),816.5,25.34
2026-09-06 23:00:00,Fractionation Distillation Column Reboiler,Fractionation & Separation,59.24,natural_gas,127.67,919.3,1.0,Shift C (Night),213.0,4.58
2026-09-06 23:00:00,High-Pressure Exothermic Reactor Vessel,Chemical Synthesis,0.97,none,0.0,0.0,0.0,Shift C (Night),28.6,0.0
2026-09-06 23:00:00,Multistage Boiler Feedwater Injection Pump,High-Pressure Transport,54.25,none,0.0,0.0,1.0,Shift C (Night),60.1,44.17
2026-09-06 23:00:00,Waste Heat Recovery Steam Generation Boiler,Steam Utility,22.03,natural_gas,85.11,0.0,1.0,Shift C (Night),182.9,10.08
2026-09-06 23:00:00,Reciprocating Process Gas Compressor,Gas Compression Utility,36.78,none,0.0,0.0,0.0,Shift C (Night),44.0,25.5
2026-09-06 23:00:00,Closed-Loop Brine Refrigeration Chiller,Thermal Cooling Utility,65.83,none,0.0,0.0,1.0,Shift C (Night),-15.2,8.09
2026-09-07 00:00:00,Catalytic Steam Reforming Furnace,Reforming & Cracking,42.29,natural_gas,270.95,1107.5,1.0,Shift C (Night),788.5,24.71
2026-09-07 00:00:00,Fractionation Distillation Column Reboiler,Fractionation & Separation,58.38,natural_gas,125.81,905.8,1.0,Shift C (Night),212.3,4.4
2026-09-07 00:00:00,High-Pressure Exothermic Reactor Vessel,Chemical Synthesis,0.63,none,0.0,0.0,0.0,Shift C (Night),29.6,0.0
2026-09-07 00:00:00,Multistage Boiler Feedwater Injection Pump,High-Pressure Transport,55.18,none,0.0,0.0,1.0,Shift C (Night),59.6,46.28
2026-09-07 00:00:00,Waste Heat Recovery Steam Generation Boiler,Steam Utility,21.78,natural_gas,84.14,0.0,1.0,Shift C (Night),186.4,9.96
2026-09-07 00:00:00,Reciprocating Process Gas Compressor,Gas Compression Utility,37.8,none,0.0,0.0,0.0,Shift C (Night),44.0,25.5
2026-09-07 00:00:00,Closed-Loop Brine Refrigeration Chiller,Thermal Cooling Utility,66.29,none,0.0,0.0,1.0,Shift C (Night),-15.3,7.86
2026-09-07 01:00:00,Catalytic Steam Reforming Furnace,Reforming & Cracking,42.81,natural_gas,274.27,1121.2,1.0,Shift C (Night),793.1,24.85
2026-09-07 01:00:00,Fractionation Distillation Column Reboiler,Fractionation & Separation,58.11,natural_gas,125.23,901.7,1.0,Shift C (Night),209.7,4.41
2026-09-07 01:00:00,High-Pressure Exothermic Reactor Vessel,Chemical Synthesis,1.77,none,0.0,0.0,0.0,Shift C (Night),30.2,0.0
2026-09-07 01:00:00,Multistage Boiler Feedwater Injection Pump,High-Pressure Transport,52.91,none,0.0,0.0,1.0,Shift C (Night),59.4,44.69
2026-09-07 01:00:00,Waste Heat Recovery Steam Generation Boiler,Steam Utility,21.59,natural_gas,83.42,0.0,1.0,Shift C (Night),185.8,10.23
2026-09-07 01:00:00,Reciprocating Process Gas Compressor,Gas Compression Utility,37.58,none,0.0,0.0,0.0,Shift C (Night),44.0,25.5
2026-09-07 01:00:00,Closed-Loop Brine Refrigeration Chiller,Thermal Cooling Utility,65.31,none,0.0,0.0,1.0,Shift C (Night),-14.8,7.86
2026-09-07 02:00:00,Catalytic Steam Reforming Furnace,Reforming & Cracking,42.42,natural_gas,271.78,1110.9,1.0,Shift C (Night),810.6,24.61
2026-09-07 02:00:00,Fractionation Distillation Column Reboiler,Fractionation & Separation,57.38,natural_gas,123.67,890.4,1.0,Shift C (Night),212.0,4.6
2026-09-07 02:00:00,High-Pressure Exothermic Reactor Vessel,Chemical Synthesis,1.16,none,0.0,0.0,0.0,Shift C (Night),30.1,0.0
2026-09-07 02:00:00,Multistage Boiler Feedwater Injection Pump,High-Pressure Transport,54.16,none,0.0,0.0,1.0,Shift C (Night),59.6,44.14
2026-09-07 02:00:00,Waste Heat Recovery Steam Generation Boiler,Steam Utility,22.54,natural_gas,87.08,0.0,1.0,Shift C (Night),187.5,10.23
2026-09-07 02:00:00,Reciprocating Process Gas Compressor,Gas Compression Utility,36.45,none,0.0,0.0,0.0,Shift C (Night),44.0,25.5
2026-09-07 02:00:00,Closed-Loop Brine Refrigeration Chiller,Thermal Cooling Utility,65.87,none,0.0,0.0,1.0,Shift C (Night),-14.8,7.88
2026-09-07 03:00:00,Catalytic Steam Reforming Furnace,Reforming & Cracking,43.04,natural_gas,275.77,1127.3,1.0,Shift C (Night),795.0,25.33
2026-09-07 03:00:00,Fractionation Distillation Column Reboiler,Fractionation & Separation,57.79,natural_gas,124.55,896.8,1.0,Shift C (Night),208.6,4.56
2026-09-07 03:00:00,High-Pressure Exothermic Reactor Vessel,Chemical Synthesis,0.88,none,0.0,0.0,0.0,Shift C (Night),31.5,0.0
2026-09-07 03:00:00,Multistage Boiler Feedwater Injection Pump,High-Pressure Transport,53.78,none,0.0,0.0,1.0,Shift C (Night),59.9,44.39
2026-09-07 03:00:00,Waste Heat Recovery Steam Generation Boiler,Steam Utility,22.16,natural_gas,85.6,0.0,1.0,Shift C (Night),185.9,10.05
2026-09-07 03:00:00,Reciprocating Process Gas Compressor,Gas Compression Utility,37.09,none,0.0,0.0,0.0,Shift C (Night),44.0,25.5
2026-09-07 03:00:00,Closed-Loop Brine Refrigeration Chiller,Thermal Cooling Utility,64.17,none,0.0,0.0,1.0,Shift C (Night),-15.1,7.94
2026-09-07 04:00:00,Catalytic Steam Reforming Furnace,Reforming & Cracking,42.98,natural_gas,275.38,1125.7,1.0,Shift C (Night),810.5,24.75
2026-09-07 04:00:00,Fractionation Distillation Column Reboiler,Fractionation & Separation,57.9,natural_gas,124.79,898.5,1.0,Shift C (Night),209.6,4.53
2026-09-07 04:00:00,High-Pressure Exothermic Reactor Vessel,Chemical Synthesis,0.73,none,0.0,0.0,0.0,Shift C (Night),31.7,0.0
2026-09-07 04:00:00,Multistage Boiler Feedwater Injection Pump,High-Pressure Transport,54.71,none,0.0,0.0,1.0,Shift C (Night),60.7,44.33
2026-09-07 04:00:00,Waste Heat Recovery Steam Generation Boiler,Steam Utility,21.72,natural_gas,83.93,0.0,1.0,Shift C (Night),182.8,10.24
2026-09-07 04:00:00,Reciprocating Process Gas Compressor,Gas Compression Utility,37.71,none,0.0,0.0,0.0,Shift C (Night),44.0,25.5
2026-09-07 04:00:00,Closed-Loop Brine Refrigeration Chiller,Thermal Cooling Utility,65.79,none,0.0,0.0,1.0,Shift C (Night),-15.0,8.2
2026-09-07 05:00:00,Catalytic Steam Reforming Furnace,Reforming & Cracking,42.06,natural_gas,269.5,1101.7,1.0,Shift C (Night),803.3,24.69
2026-09-07 05:00:00,Fractionation Distillation Column Reboiler,Fractionation & Separation,56.19,natural_gas,121.1,871.9,1.0,Shift C (Night),211.5,4.63
2026-09-07 05:00:00,High-Pressure Exothermic Reactor Vessel,Chemical Synthesis,1.04,none,0.0,0.0,0.0,Shift C (Night),30.5,0.0
2026-09-07 05:00:00,Multistage Boiler Feedwater Injection Pump,High-Pressure Transport,53.04,none,0.0,0.0,1.0,Shift C (Night),59.3,44.93
2026-09-07 05:00:00,Waste Heat Recovery Steam Generation Boiler,Steam Utility,22.38,natural_gas,86.45,0.0,1.0,Shift C (Night),182.5,9.76
2026-09-07 05:00:00,Reciprocating Process Gas Compressor,Gas Compression Utility,38.42,none,0.0,0.0,0.0,Shift C (Night),44.0,25.5
2026-09-07 05:00:00,Closed-Loop Brine Refrigeration Chiller,Thermal Cooling Utility,64.82,none,0.0,0.0,1.0,Shift C (Night),-15.0,8.08
2026-09-07 06:00:00,Catalytic Steam Reforming Furnace,Reforming & Cracking,43.01,natural_gas,275.6,1126.6,1.0,Shift A (Morning),801.0,24.89
2026-09-07 06:00:00,Fractionation Distillation Column Reboiler,Fractionation & Separation,59.96,natural_gas,129.23,930.5,1.0,Shift A (Morning),210.7,4.47
2026-09-07 06:00:00,High-Pressure Exothermic Reactor Vessel,Chemical Synthesis,82.04,none,0.0,750.4,1.0,Shift A (Morning),187.6,64.65
2026-09-07 06:00:00,Multistage Boiler Feedwater Injection Pump,High-Pressure Transport,53.17,none,0.0,0.0,1.0,Shift A (Morning),59.0,43.74
2026-09-07 06:00:00,Waste Heat Recovery Steam Generation Boiler,Steam Utility,22.07,natural_gas,85.26,0.0,1.0,Shift A (Morning),183.8,10.3
2026-09-07 06:00:00,Reciprocating Process Gas Compressor,Gas Compression Utility,95.07,none,0.0,0.0,1.0,Shift A (Morning),54.8,30.78
2026-09-07 06:00:00,Closed-Loop Brine Refrigeration Chiller,Thermal Cooling Utility,62.01,none,0.0,0.0,1.0,Shift A (Morning),-14.8,7.92
2026-09-07 07:00:00,Catalytic Steam Reforming Furnace,Reforming & Cracking,41.92,natural_gas,268.6,1098.0,1.0,Shift A (Morning),784.5,25.5
2026-09-07 07:00:00,Fractionation Distillation Column Reboiler,Fractionation & Separation,58.25,natural_gas,125.53,903.8,1.0,Shift A (Morning),207.0,4.57
2026-09-07 07:00:00,High-Pressure Exothermic Reactor Vessel,Chemical Synthesis,84.23,none,0.0,770.4,1.0,Shift A (Morning),187.5,64.96
2026-09-07 07:00:00,Multistage Boiler Feedwater Injection Pump,High-Pressure Transport,54.27,none,0.0,0.0,1.0,Shift A (Morning),60.3,45.09
2026-09-07 07:00:00,Waste Heat Recovery Steam Generation Boiler,Steam Utility,21.77,natural_gas,84.1,0.0,1.0,Shift A (Morning),186.1,9.85
2026-09-07 07:00:00,Reciprocating Process Gas Compressor,Gas Compression Utility,95.35,none,0.0,0.0,1.0,Shift A (Morning),55.2,30.22
2026-09-07 07:00:00,Closed-Loop Brine Refrigeration Chiller,Thermal Cooling Utility,63.51,none,0.0,0.0,1.0,Shift A (Morning),-15.1,7.9
2026-09-07 08:00:00,Catalytic Steam Reforming Furnace,Reforming & Cracking,42.74,natural_gas,273.82,1119.3,1.0,Shift A (Morning),790.5,25.75
2026-09-07 08:00:00,Fractionation Distillation Column Reboiler,Fractionation & Separation,59.29,natural_gas,127.78,920.0,1.0,Shift A (Morning),213.2,4.42
2026-09-07 08:00:00,High-Pressure Exothermic Reactor Vessel,Chemical Synthesis,83.4,none,0.0,762.8,1.0,Shift A (Morning),186.7,66.15
2026-09-07 08:00:00,Multistage Boiler Feedwater Injection Pump,High-Pressure Transport,52.77,none,0.0,0.0,1.0,Shift A (Morning),61.0,44.2
2026-09-07 08:00:00,Waste Heat Recovery Steam Generation Boiler,Steam Utility,22.05,natural_gas,85.2,0.0,1.0,Shift A (Morning),184.0,9.94
2026-09-07 08:00:00,Reciprocating Process Gas Compressor,Gas Compression Utility,91.96,none,0.0,0.0,1.0,Shift A (Morning),55.0,29.32
2026-09-07 08:00:00,Closed-Loop Brine Refrigeration Chiller,Thermal Cooling Utility,65.29,none,0.0,0.0,1.0,Shift A (Morning),-15.2,7.88
2026-09-07 09:00:00,Catalytic Steam Reforming Furnace,Reforming & Cracking,42.71,natural_gas,273.63,1118.5,1.0,Shift A (Morning),806.5,24.66
2026-09-07 09:00:00,Fractionation Distillation Column Reboiler,Fractionation & Separation,57.1,natural_gas,123.05,886.0,1.0,Shift A (Morning),205.8,4.57
2026-09-07 09:00:00,High-Pressure Exothermic Reactor Vessel,Chemical Synthesis,80.5,none,0.0,736.3,1.0,Shift A (Morning),192.2,64.49
2026-09-07 09:00:00,Multistage Boiler Feedwater Injection Pump,High-Pressure Transport,52.03,none,0.0,0.0,1.0,Shift A (Morning),59.4,45.98
2026-09-07 09:00:00,Waste Heat Recovery Steam Generation Boiler,Steam Utility,21.34,natural_gas,82.44,0.0,1.0,Shift A (Morning),186.7,9.89
2026-09-07 09:00:00,Reciprocating Process Gas Compressor,Gas Compression Utility,94.03,none,0.0,0.0,1.0,Shift A (Morning),54.9,30.89
2026-09-07 09:00:00,Closed-Loop Brine Refrigeration Chiller,Thermal Cooling Utility,63.93,none,0.0,0.0,1.0,Shift A (Morning),-15.1,8.01
2026-09-07 10:00:00,Catalytic Steam Reforming Furnace,Reforming & Cracking,40.86,natural_gas,261.81,1070.2,1.0,Shift A (Morning),802.8,25.0
2026-09-07 10:00:00,Fractionation Distillation Column Reboiler,Fractionation & Separation,59.85,natural_gas,128.98,928.7,1.0,Shift A (Morning),212.1,4.45
2026-09-07 10:00:00,High-Pressure Exothermic Reactor Vessel,Chemical Synthesis,81.69,none,0.0,747.2,1.0,Shift A (Morning),187.8,64.09
2026-09-07 10:00:00,Multistage Boiler Feedwater Injection Pump,High-Pressure Transport,56.14,none,0.0,0.0,1.0,Shift A (Morning),60.5,45.2
2026-09-07 10:00:00,Waste Heat Recovery Steam Generation Boiler,Steam Utility,22.42,natural_gas,86.64,0.0,1.0,Shift A (Morning),182.4,10.22
2026-09-07 10:00:00,Reciprocating Process Gas Compressor,Gas Compression Utility,89.17,none,0.0,0.0,1.0,Shift A (Morning),55.8,30.76
2026-09-07 10:00:00,Closed-Loop Brine Refrigeration Chiller,Thermal Cooling Utility,63.9,none,0.0,0.0,1.0,Shift A (Morning),-14.8,7.96
2026-09-07 11:00:00,Catalytic Steam Reforming Furnace,Reforming & Cracking,42.44,natural_gas,271.92,1111.5,1.0,Shift A (Morning),807.4,25.74
2026-09-07 11:00:00,Fractionation Distillation Column Reboiler,Fractionation & Separation,57.75,natural_gas,124.45,896.1,1.0,Shift A (Morning),213.7,4.5
2026-09-07 11:00:00,High-Pressure Exothermic Reactor Vessel,Chemical Synthesis,84.2,none,0.0,770.1,1.0,Shift A (Morning),192.6,65.79
2026-09-07 11:00:00,Multistage Boiler Feedwater Injection Pump,High-Pressure Transport,55.9,none,0.0,0.0,1.0,Shift A (Morning),61.1,44.31
2026-09-07 11:00:00,Waste Heat Recovery Steam Generation Boiler,Steam Utility,22.29,natural_gas,86.13,0.0,1.0,Shift A (Morning),188.0,10.25
2026-09-07 11:00:00,Reciprocating Process Gas Compressor,Gas Compression Utility,94.5,none,0.0,0.0,1.0,Shift A (Morning),54.6,30.85
2026-09-07 11:00:00,Closed-Loop Brine Refrigeration Chiller,Thermal Cooling Utility,65.25,none,0.0,0.0,1.0,Shift A (Morning),-14.8,8.07
2026-09-07 12:00:00,Catalytic Steam Reforming Furnace,Reforming & Cracking,42.3,natural_gas,271.05,1107.9,1.0,Shift A (Morning),804.8,25.29
2026-09-07 12:00:00,Fractionation Distillation Column Reboiler,Fractionation & Separation,57.98,natural_gas,124.96,899.7,1.0,Shift A (Morning),206.8,4.45
2026-09-07 12:00:00,High-Pressure Exothermic Reactor Vessel,Chemical Synthesis,83.41,none,0.0,762.9,1.0,Shift A (Morning),186.2,65.53
2026-09-07 12:00:00,Multistage Boiler Feedwater Injection Pump,High-Pressure Transport,53.89,none,0.0,0.0,1.0,Shift A (Morning),61.0,45.54
2026-09-07 12:00:00,Waste Heat Recovery Steam Generation Boiler,Steam Utility,21.57,natural_gas,83.35,0.0,1.0,Shift A (Morning),188.4,9.79
2026-09-07 12:00:00,Reciprocating Process Gas Compressor,Gas Compression Utility,91.09,none,0.0,0.0,1.0,Shift A (Morning),55.6,29.18
2026-09-07 12:00:00,Closed-Loop Brine Refrigeration Chiller,Thermal Cooling Utility,62.06,none,0.0,0.0,1.0,Shift A (Morning),-15.2,7.96
2026-09-07 13:00:00,Catalytic Steam Reforming Furnace,Reforming & Cracking,41.65,natural_gas,266.88,1090.9,1.0,Shift A (Morning),795.2,24.78
2026-09-07 13:00:00,Fractionation Distillation Column Reboiler,Fractionation & Separation,57.91,natural_gas,124.8,898.6,1.0,Shift A (Morning),214.2,4.48
2026-09-07 13:00:00,High-Pressure Exothermic Reactor Vessel,Chemical Synthesis,85.22,none,0.0,779.4,1.0,Shift A (Morning),192.9,65.3
2026-09-07 13:00:00,Multistage Boiler Feedwater Injection Pump,High-Pressure Transport,54.89,none,0.0,0.0,1.0,Shift A (Morning),60.5,43.93
2026-09-07 13:00:00,Waste Heat Recovery Steam Generation Boiler,Steam Utility,21.88,natural_gas,84.52,0.0,1.0,Shift A (Morning),186.8,9.9
2026-09-07 13:00:00,Reciprocating Process Gas Compressor,Gas Compression Utility,91.34,none,0.0,0.0,1.0,Shift A (Morning),55.7,29.63
2026-09-07 13:00:00,Closed-Loop Brine Refrigeration Chiller,Thermal Cooling Utility,66.56,none,0.0,0.0,1.0,Shift A (Morning),-15.0,8.03
2026-09-07 14:00:00,Catalytic Steam Reforming Furnace,Reforming & Cracking,42.36,natural_gas,271.42,1109.5,1.0,Shift B (Evening),780.3,24.69
2026-09-07 14:00:00,Fractionation Distillation Column Reboiler,Fractionation & Separation,58.05,natural_gas,125.12,900.8,1.0,Shift B (Evening),211.1,4.5
2026-09-07 14:00:00,High-Pressure Exothermic Reactor Vessel,Chemical Synthesis,83.44,none,0.0,763.2,1.0,Shift B (Evening),189.7,63.58
2026-09-07 14:00:00,Multistage Boiler Feedwater Injection Pump,High-Pressure Transport,55.58,none,0.0,0.0,1.0,Shift B (Evening),60.8,44.83
2026-09-07 14:00:00,Waste Heat Recovery Steam Generation Boiler,Steam Utility,21.37,natural_gas,82.58,0.0,1.0,Shift B (Evening),183.9,9.85
2026-09-07 14:00:00,Reciprocating Process Gas Compressor,Gas Compression Utility,88.85,none,0.0,0.0,1.0,Shift B (Evening),55.3,30.88
2026-09-07 14:00:00,Closed-Loop Brine Refrigeration Chiller,Thermal Cooling Utility,64.38,none,0.0,0.0,1.0,Shift B (Evening),-14.9,7.91
2026-09-07 15:00:00,Catalytic Steam Reforming Furnace,Reforming & Cracking,41.73,natural_gas,267.4,1093.0,1.0,Shift B (Evening),807.7,24.44
2026-09-07 15:00:00,Fractionation Distillation Column Reboiler,Fractionation & Separation,57.62,natural_gas,124.19,894.1,1.0,Shift B (Evening),212.7,4.47
2026-09-07 15:00:00,High-Pressure Exothermic Reactor Vessel,Chemical Synthesis,81.79,none,0.0,748.0,1.0,Shift B (Evening),193.0,63.66
2026-09-07 15:00:00,Multistage Boiler Feedwater Injection Pump,High-Pressure Transport,54.66,none,0.0,0.0,1.0,Shift B (Evening),60.4,44.83
2026-09-07 15:00:00,Waste Heat Recovery Steam Generation Boiler,Steam Utility,21.16,natural_gas,81.75,0.0,1.0,Shift B (Evening),186.4,9.76
2026-09-07 15:00:00,Reciprocating Process Gas Compressor,Gas Compression Utility,93.55,none,0.0,0.0,1.0,Shift B (Evening),55.4,29.16
2026-09-07 15:00:00,Closed-Loop Brine Refrigeration Chiller,Thermal Cooling Utility,65.6,none,0.0,0.0,1.0,Shift B (Evening),-14.9,7.79
2026-09-07 16:00:00,Catalytic Steam Reforming Furnace,Reforming & Cracking,41.18,natural_gas,263.87,1078.6,1.0,Shift B (Evening),801.8,25.56
2026-09-07 16:00:00,Fractionation Distillation Column Reboiler,Fractionation & Separation,57.87,natural_gas,124.71,897.9,1.0,Shift B (Evening),206.6,4.4
2026-09-07 16:00:00,High-Pressure Exothermic Reactor Vessel,Chemical Synthesis,83.92,none,0.0,767.6,1.0,Shift B (Evening),191.3,66.23
2026-09-07 16:00:00,Multistage Boiler Feedwater Injection Pump,High-Pressure Transport,54.92,none,0.0,0.0,1.0,Shift B (Evening),59.7,44.83
2026-09-07 16:00:00,Waste Heat Recovery Steam Generation Boiler,Steam Utility,22.83,natural_gas,88.2,0.0,1.0,Shift B (Evening),183.4,9.7
2026-09-07 16:00:00,Reciprocating Process Gas Compressor,Gas Compression Utility,90.04,none,0.0,0.0,1.0,Shift B (Evening),55.3,29.6
2026-09-07 16:00:00,Closed-Loop Brine Refrigeration Chiller,Thermal Cooling Utility,64.65,none,0.0,0.0,1.0,Shift B (Evening),-15.1,8.09
2026-09-07 17:00:00,Catalytic Steam Reforming Furnace,Reforming & Cracking,41.7,natural_gas,267.21,1092.2,1.0,Shift B (Evening),797.4,24.58
2026-09-07 17:00:00,Fractionation Distillation Column Reboiler,Fractionation & Separation,56.72,natural_gas,122.24,880.1,1.0,Shift B (Evening),207.2,4.63
2026-09-07 17:00:00,High-Pressure Exothermic Reactor Vessel,Chemical Synthesis,83.61,none,0.0,764.7,1.0,Shift B (Evening),193.1,64.87
2026-09-07 17:00:00,Multistage Boiler Feedwater Injection Pump,High-Pressure Transport,54.72,none,0.0,0.0,1.0,Shift B (Evening),59.7,46.05
2026-09-07 17:00:00,Waste Heat Recovery Steam Generation Boiler,Steam Utility,21.54,natural_gas,83.23,0.0,1.0,Shift B (Evening),188.5,9.72
2026-09-07 17:00:00,Reciprocating Process Gas Compressor,Gas Compression Utility,90.77,none,0.0,0.0,1.0,Shift B (Evening),54.4,29.31
2026-09-07 17:00:00,Closed-Loop Brine Refrigeration Chiller,Thermal Cooling Utility,63.38,none,0.0,0.0,1.0,Shift B (Evening),-15.2,8.17
2026-09-07 18:00:00,Catalytic Steam Reforming Furnace,Reforming & Cracking,42.86,natural_gas,274.63,1122.6,1.0,Shift B (Evening),808.5,25.09
2026-09-07 18:00:00,Fractionation Distillation Column Reboiler,Fractionation & Separation,57.06,natural_gas,122.97,885.4,1.0,Shift B (Evening),208.6,4.47
2026-09-07 18:00:00,High-Pressure Exothermic Reactor Vessel,Chemical Synthesis,81.4,none,0.0,744.5,1.0,Shift B (Evening),188.6,63.17
2026-09-07 18:00:00,Multistage Boiler Feedwater Injection Pump,High-Pressure Transport,51.89,none,0.0,0.0,1.0,Shift B (Evening),60.6,45.45
2026-09-07 18:00:00,Waste Heat Recovery Steam Generation Boiler,Steam Utility,22.85,natural_gas,88.28,0.0,1.0,Shift B (Evening),181.4,10.28
2026-09-07 18:00:00,Reciprocating Process Gas Compressor,Gas Compression Utility,89.47,none,0.0,0.0,1.0,Shift B (Evening),56.0,29.17
2026-09-07 18:00:00,Closed-Loop Brine Refrigeration Chiller,Thermal Cooling Utility,63.48,none,0.0,0.0,1.0,Shift B (Evening),-15.0,8.14
2026-09-07 19:00:00,Catalytic Steam Reforming Furnace,Reforming & Cracking,41.29,natural_gas,264.56,1081.5,1.0,Shift B (Evening),783.6,24.54
2026-09-07 19:00:00,Fractionation Distillation Column Reboiler,Fractionation & Separation,59.99,natural_gas,129.28,930.8,1.0,Shift B (Evening),210.7,4.59
2026-09-07 19:00:00,High-Pressure Exothermic Reactor Vessel,Chemical Synthesis,85.07,none,0.0,778.0,1.0,Shift B (Evening),190.4,64.74
2026-09-07 19:00:00,Multistage Boiler Feedwater Injection Pump,High-Pressure Transport,52.59,none,0.0,0.0,1.0,Shift B (Evening),61.0,45.17
2026-09-07 19:00:00,Waste Heat Recovery Steam Generation Boiler,Steam Utility,22.17,natural_gas,85.66,0.0,1.0,Shift B (Evening),187.8,9.85
2026-09-07 19:00:00,Reciprocating Process Gas Compressor,Gas Compression Utility,91.49,none,0.0,0.0,1.0,Shift B (Evening),54.0,30.27
2026-09-07 19:00:00,Closed-Loop Brine Refrigeration Chiller,Thermal Cooling Utility,63.15,none,0.0,0.0,1.0,Shift B (Evening),-14.9,7.94
2026-09-07 20:00:00,Catalytic Steam Reforming Furnace,Reforming & Cracking,41.94,natural_gas,268.73,1098.5,1.0,Shift B (Evening),803.7,25.13
2026-09-07 20:00:00,Fractionation Distillation Column Reboiler,Fractionation & Separation,59.18,natural_gas,127.55,918.4,1.0,Shift B (Evening),211.6,4.46
2026-09-07 20:00:00,High-Pressure Exothermic Reactor Vessel,Chemical Synthesis,84.4,none,0.0,772.0,1.0,Shift B (Evening),187.7,66.47
2026-09-07 20:00:00,Multistage Boiler Feedwater Injection Pump,High-Pressure Transport,52.92,none,0.0,0.0,1.0,Shift B (Evening),59.6,43.83
2026-09-07 20:00:00,Waste Heat Recovery Steam Generation Boiler,Steam Utility,22.84,natural_gas,88.26,0.0,1.0,Shift B (Evening),184.7,9.82
2026-09-07 20:00:00,Reciprocating Process Gas Compressor,Gas Compression Utility,93.95,none,0.0,0.0,1.0,Shift B (Evening),54.5,30.66
2026-09-07 20:00:00,Closed-Loop Brine Refrigeration Chiller,Thermal Cooling Utility,64.15,none,0.0,0.0,1.0,Shift B (Evening),-14.7,7.79
2026-09-07 21:00:00,Catalytic Steam Reforming Furnace,Reforming & Cracking,43.66,natural_gas,279.73,1143.4,1.0,Shift B (Evening),793.0,24.49
2026-09-07 21:00:00,Fractionation Distillation Column Reboiler,Fractionation & Separation,56.6,natural_gas,121.97,878.2,1.0,Shift B (Evening),208.1,4.57
2026-09-07 21:00:00,High-Pressure Exothermic Reactor Vessel,Chemical Synthesis,81.32,none,0.0,743.8,1.0,Shift B (Evening),191.4,63.35
2026-09-07 21:00:00,Multistage Boiler Feedwater Injection Pump,High-Pressure Transport,52.48,none,0.0,0.0,1.0,Shift B (Evening),60.5,46.12
2026-09-07 21:00:00,Waste Heat Recovery Steam Generation Boiler,Steam Utility,22.48,natural_gas,86.84,0.0,1.0,Shift B (Evening),183.1,10.19
2026-09-07 21:00:00,Reciprocating Process Gas Compressor,Gas Compression Utility,89.26,none,0.0,0.0,1.0,Shift B (Evening),55.4,29.57
2026-09-07 21:00:00,Closed-Loop Brine Refrigeration Chiller,Thermal Cooling Utility,65.94,none,0.0,0.0,1.0,Shift B (Evening),-15.0,8.12
2026-09-07 22:00:00,Catalytic Steam Reforming Furnace,Reforming & Cracking,42.03,natural_gas,269.32,1100.9,1.0,Shift C (Night),810.7,24.25
2026-09-07 22:00:00,Fractionation Distillation Column Reboiler,Fractionation & Separation,56.93,natural_gas,122.7,883.4,1.0,Shift C (Night),211.6,4.41
2026-09-07 22:00:00,High-Pressure Exothermic Reactor Vessel,Chemical Synthesis,83.45,none,0.0,763.2,1.0,Shift C (Night),186.7,65.23
2026-09-07 22:00:00,Multistage Boiler Feedwater Injection Pump,High-Pressure Transport,53.02,none,0.0,0.0,1.0,Shift C (Night),60.7,45.15
2026-09-07 22:00:00,Waste Heat Recovery Steam Generation Boiler,Steam Utility,22.67,natural_gas,87.58,0.0,1.0,Shift C (Night),186.2,9.85
2026-09-07 22:00:00,Reciprocating Process Gas Compressor,Gas Compression Utility,93.97,none,0.0,0.0,1.0,Shift C (Night),56.0,30.1
2026-09-07 22:00:00,Closed-Loop Brine Refrigeration Chiller,Thermal Cooling Utility,65.35,none,0.0,0.0,1.0,Shift C (Night),-15.2,8.11
2026-09-07 23:00:00,Catalytic Steam Reforming Furnace,Reforming & Cracking,42.78,natural_gas,274.12,1120.5,1.0,Shift C (Night),783.3,24.45
2026-09-07 23:00:00,Fractionation Distillation Column Reboiler,Fractionation & Separation,57.54,natural_gas,124.02,892.9,1.0,Shift C (Night),206.7,4.57
2026-09-07 23:00:00,High-Pressure Exothermic Reactor Vessel,Chemical Synthesis,82.67,none,0.0,756.1,1.0,Shift C (Night),186.3,63.11
2026-09-07 23:00:00,Multistage Boiler Feedwater Injection Pump,High-Pressure Transport,55.52,none,0.0,0.0,1.0,Shift C (Night),59.6,45.11
2026-09-07 23:00:00,Waste Heat Recovery Steam Generation Boiler,Steam Utility,22.16,natural_gas,85.63,0.0,1.0,Shift C (Night),187.8,9.9
2026-09-07 23:00:00,Reciprocating Process Gas Compressor,Gas Compression Utility,38.27,none,0.0,0.0,0.0,Shift C (Night),44.0,25.5
2026-09-07 23:00:00,Closed-Loop Brine Refrigeration Chiller,Thermal Cooling Utility,66.5,none,0.0,0.0,1.0,Shift C (Night),-14.7,7.82
2026-09-08 00:00:00,Catalytic Steam Reforming Furnace,Reforming & Cracking,40.37,natural_gas,258.68,1057.4,1.0,Shift C (Night),786.4,25.32
2026-09-08 00:00:00,Fractionation Distillation Column Reboiler,Fractionation & Separation,55.8,natural_gas,120.25,865.8,1.0,Shift C (Night),214.1,4.51
2026-09-08 00:00:00,High-Pressure Exothermic Reactor Vessel,Chemical Synthesis,1.64,none,0.0,0.0,0.0,Shift C (Night),30.8,0.0
2026-09-08 00:00:00,Multistage Boiler Feedwater Injection Pump,High-Pressure Transport,55.7,none,0.0,0.0,1.0,Shift C (Night),59.6,46.3
2026-09-08 00:00:00,Waste Heat Recovery Steam Generation Boiler,Steam Utility,22.37,natural_gas,86.43,0.0,1.0,Shift C (Night),183.8,10.08
2026-09-08 00:00:00,Reciprocating Process Gas Compressor,Gas Compression Utility,38.6,none,0.0,0.0,0.0,Shift C (Night),44.0,25.5
2026-09-08 00:00:00,Closed-Loop Brine Refrigeration Chiller,Thermal Cooling Utility,64.81,none,0.0,0.0,1.0,Shift C (Night),-15.2,8.04
2026-09-08 01:00:00,Catalytic Steam Reforming Furnace,Reforming & Cracking,40.45,natural_gas,259.15,1059.3,1.0,Shift C (Night),785.3,24.41
2026-09-08 01:00:00,Fractionation Distillation Column Reboiler,Fractionation & Separation,56.77,natural_gas,122.36,881.0,1.0,Shift C (Night),206.4,4.48
2026-09-08 01:00:00,High-Pressure Exothermic Reactor Vessel,Chemical Synthesis,1.18,none,0.0,0.0,0.0,Shift C (Night),29.2,0.0
2026-09-08 01:00:00,Multistage Boiler Feedwater Injection Pump,High-Pressure Transport,51.94,none,0.0,0.0,1.0,Shift C (Night),59.1,45.37
2026-09-08 01:00:00,Waste Heat Recovery Steam Generation Boiler,Steam Utility,21.4,natural_gas,82.69,0.0,1.0,Shift C (Night),188.4,9.87
2026-09-08 01:00:00,Reciprocating Process Gas Compressor,Gas Compression Utility,37.15,none,0.0,0.0,0.0,Shift C (Night),44.0,25.5
2026-09-08 01:00:00,Closed-Loop Brine Refrigeration Chiller,Thermal Cooling Utility,63.73,none,0.0,0.0,1.0,Shift C (Night),-15.0,7.88
2026-09-08 02:00:00,Catalytic Steam Reforming Furnace,Reforming & Cracking,42.02,natural_gas,269.22,1100.5,1.0,Shift C (Night),784.2,25.28
2026-09-08 02:00:00,Fractionation Distillation Column Reboiler,Fractionation & Separation,59.05,natural_gas,127.27,916.4,1.0,Shift C (Night),210.6,4.6
2026-09-08 02:00:00,High-Pressure Exothermic Reactor Vessel,Chemical Synthesis,1.16,none,0.0,0.0,0.0,Shift C (Night),28.6,0.0
2026-09-08 02:00:00,Multistage Boiler Feedwater Injection Pump,High-Pressure Transport,53.81,none,0.0,0.0,1.0,Shift C (Night),60.7,45.33
2026-09-08 02:00:00,Waste Heat Recovery Steam Generation Boiler,Steam Utility,22.57,natural_gas,87.2,0.0,1.0,Shift C (Night),187.1,9.86
2026-09-08 02:00:00,Reciprocating Process Gas Compressor,Gas Compression Utility,39.51,none,0.0,0.0,0.0,Shift C (Night),44.0,25.5
2026-09-08 02:00:00,Closed-Loop Brine Refrigeration Chiller,Thermal Cooling Utility,65.15,none,0.0,0.0,1.0,Shift C (Night),-15.1,8.17
2026-09-08 03:00:00,Catalytic Steam Reforming Furnace,Reforming & Cracking,41.63,natural_gas,266.71,1090.2,1.0,Shift C (Night),806.9,24.47
2026-09-08 03:00:00,Fractionation Distillation Column Reboiler,Fractionation & Separation,56.82,natural_gas,122.45,881.6,1.0,Shift C (Night),206.5,4.59
2026-09-08 03:00:00,High-Pressure Exothermic Reactor Vessel,Chemical Synthesis,1.64,none,0.0,0.0,0.0,Shift C (Night),29.5,0.0
2026-09-08 03:00:00,Multistage Boiler Feedwater Injection Pump,High-Pressure Transport,56.02,none,0.0,0.0,1.0,Shift C (Night),59.6,45.58
2026-09-08 03:00:00,Waste Heat Recovery Steam Generation Boiler,Steam Utility,22.65,natural_gas,87.53,0.0,1.0,Shift C (Night),186.9,9.93
2026-09-08 03:00:00,Reciprocating Process Gas Compressor,Gas Compression Utility,37.45,none,0.0,0.0,0.0,Shift C (Night),44.0,25.5
2026-09-08 03:00:00,Closed-Loop Brine Refrigeration Chiller,Thermal Cooling Utility,65.85,none,0.0,0.0,1.0,Shift C (Night),-15.0,7.81
2026-09-08 04:00:00,Catalytic Steam Reforming Furnace,Reforming & Cracking,40.4,natural_gas,258.82,1058.0,1.0,Shift C (Night),810.6,25.19
2026-09-08 04:00:00,Fractionation Distillation Column Reboiler,Fractionation & Separation,59.62,natural_gas,128.49,925.2,1.0,Shift C (Night),208.3,4.62
2026-09-08 04:00:00,High-Pressure Exothermic Reactor Vessel,Chemical Synthesis,1.4,none,0.0,0.0,0.0,Shift C (Night),31.0,0.0
2026-09-08 04:00:00,Multistage Boiler Feedwater Injection Pump,High-Pressure Transport,53.1,none,0.0,0.0,1.0,Shift C (Night),59.0,44.38
2026-09-08 04:00:00,Waste Heat Recovery Steam Generation Boiler,Steam Utility,21.19,natural_gas,81.87,0.0,1.0,Shift C (Night),184.2,10.23
2026-09-08 04:00:00,Reciprocating Process Gas Compressor,Gas Compression Utility,38.53,none,0.0,0.0,0.0,Shift C (Night),44.0,25.5
2026-09-08 04:00:00,Closed-Loop Brine Refrigeration Chiller,Thermal Cooling Utility,64.33,none,0.0,0.0,1.0,Shift C (Night),-14.9,8.14
2026-09-08 05:00:00,Catalytic Steam Reforming Furnace,Reforming & Cracking,40.76,natural_gas,261.14,1067.5,1.0,Shift C (Night),783.6,24.59
2026-09-08 05:00:00,Fractionation Distillation Column Reboiler,Fractionation & Separation,57.87,natural_gas,124.72,898.0,1.0,Shift C (Night),207.0,4.44
2026-09-08 05:00:00,High-Pressure Exothermic Reactor Vessel,Chemical Synthesis,1.62,none,0.0,0.0,0.0,Shift C (Night),31.9,0.0
2026-09-08 05:00:00,Multistage Boiler Feedwater Injection Pump,High-Pressure Transport,55.8,none,0.0,0.0,1.0,Shift C (Night),59.7,43.9
2026-09-08 05:00:00,Waste Heat Recovery Steam Generation Boiler,Steam Utility,21.45,natural_gas,82.87,0.0,1.0,Shift C (Night),182.0,9.83
2026-09-08 05:00:00,Reciprocating Process Gas Compressor,Gas Compression Utility,39.33,none,0.0,0.0,0.0,Shift C (Night),44.0,25.5
2026-09-08 05:00:00,Closed-Loop Brine Refrigeration Chiller,Thermal Cooling Utility,63.3,none,0.0,0.0,1.0,Shift C (Night),-15.2,8.13
2026-09-08 06:00:00,Catalytic Steam Reforming Furnace,Reforming & Cracking,41.97,natural_gas,268.88,1099.1,1.0,Shift A (Morning),789.7,24.85
2026-09-08 06:00:00,Fractionation Distillation Column Reboiler,Fractionation & Separation,58.02,natural_gas,125.04,900.3,1.0,Shift A (Morning),205.9,4.45
2026-09-08 06:00:00,High-Pressure Exothermic Reactor Vessel,Chemical Synthesis,82.03,none,0.0,750.2,1.0,Shift A (Morning),190.6,64.27
2026-09-08 06:00:00,Multistage Boiler Feedwater Injection Pump,High-Pressure Transport,56.01,none,0.0,0.0,1.0,Shift A (Morning),60.0,44.65
2026-09-08 06:00:00,Waste Heat Recovery Steam Generation Boiler,Steam Utility,22.23,natural_gas,85.91,0.0,1.0,Shift A (Morning),188.1,10.2
2026-09-08 06:00:00,Reciprocating Process Gas Compressor,Gas Compression Utility,93.29,none,0.0,0.0,1.0,Shift A (Morning),54.9,30.05
2026-09-08 06:00:00,Closed-Loop Brine Refrigeration Chiller,Thermal Cooling Utility,64.33,none,0.0,0.0,1.0,Shift A (Morning),-15.3,7.82
2026-09-08 07:00:00,Catalytic Steam Reforming Furnace,Reforming & Cracking,40.9,natural_gas,262.03,1071.1,1.0,Shift A (Morning),793.3,24.82
2026-09-08 07:00:00,Fractionation Distillation Column Reboiler,Fractionation & Separation,57.45,natural_gas,123.81,891.4,1.0,Shift A (Morning),207.4,4.47
2026-09-08 07:00:00,High-Pressure Exothermic Reactor Vessel,Chemical Synthesis,84.72,none,0.0,774.9,1.0,Shift A (Morning),189.4,63.6
2026-09-08 07:00:00,Multistage Boiler Feedwater Injection Pump,High-Pressure Transport,53.82,none,0.0,0.0,1.0,Shift A (Morning),60.5,44.02
2026-09-08 07:00:00,Waste Heat Recovery Steam Generation Boiler,Steam Utility,21.85,natural_gas,84.42,0.0,1.0,Shift A (Morning),183.0,10.18
2026-09-08 07:00:00,Reciprocating Process Gas Compressor,Gas Compression Utility,91.78,none,0.0,0.0,1.0,Shift A (Morning),54.4,29.56
2026-09-08 07:00:00,Closed-Loop Brine Refrigeration Chiller,Thermal Cooling Utility,64.17,none,0.0,0.0,1.0,Shift A (Morning),-15.1,8.05
2026-09-08 08:00:00,Catalytic Steam Reforming Furnace,Reforming & Cracking,42.85,natural_gas,274.54,1122.2,1.0,Shift A (Morning),790.5,24.76
2026-09-08 08:00:00,Fractionation Distillation Column Reboiler,Fractionation & Separation,60.27,natural_gas,129.9,935.3,1.0,Shift A (Morning),212.8,4.59
2026-09-08 08:00:00,High-Pressure Exothermic Reactor Vessel,Chemical Synthesis,83.83,none,0.0,766.7,1.0,Shift A (Morning),186.4,66.58
2026-09-08 08:00:00,Multistage Boiler Feedwater Injection Pump,High-Pressure Transport,55.22,none,0.0,0.0,1.0,Shift A (Morning),60.8,45.93
2026-09-08 08:00:00,Waste Heat Recovery Steam Generation Boiler,Steam Utility,22.69,natural_gas,87.68,0.0,1.0,Shift A (Morning),181.4,10.22
2026-09-08 08:00:00,Reciprocating Process Gas Compressor,Gas Compression Utility,91.98,none,0.0,0.0,1.0,Shift A (Morning),55.4,29.15
2026-09-08 08:00:00,Closed-Loop Brine Refrigeration Chiller,Thermal Cooling Utility,62.11,none,0.0,0.0,1.0,Shift A (Morning),-14.9,8.18
2026-09-08 09:00:00,Catalytic Steam Reforming Furnace,Reforming & Cracking,40.38,natural_gas,258.72,1057.6,1.0,Shift A (Morning),803.4,25.24
2026-09-08 09:00:00,Fractionation Distillation Column Reboiler,Fractionation & Separation,58.33,natural_gas,125.71,905.1,1.0,Shift A (Morning),208.0,4.43
2026-09-08 09:00:00,High-Pressure Exothermic Reactor Vessel,Chemical Synthesis,81.11,none,0.0,741.9,1.0,Shift A (Morning),187.8,63.42
2026-09-08 09:00:00,Multistage Boiler Feedwater Injection Pump,High-Pressure Transport,55.64,none,0.0,0.0,1.0,Shift A (Morning),60.3,45.53
2026-09-08 09:00:00,Waste Heat Recovery Steam Generation Boiler,Steam Utility,22.21,natural_gas,85.82,0.0,1.0,Shift A (Morning),181.5,9.83
2026-09-08 09:00:00,Reciprocating Process Gas Compressor,Gas Compression Utility,95.31,none,0.0,0.0,1.0,Shift A (Morning),55.5,29.32
2026-09-08 09:00:00,Closed-Loop Brine Refrigeration Chiller,Thermal Cooling Utility,64.15,none,0.0,0.0,1.0,Shift A (Morning),-15.2,8.12
2026-09-08 10:00:00,Catalytic Steam Reforming Furnace,Reforming & Cracking,43.57,natural_gas,279.13,1141.0,1.0,Shift A (Morning),806.7,25.21
2026-09-08 10:00:00,Fractionation Distillation Column Reboiler,Fractionation & Separation,59.8,natural_gas,128.88,928.0,1.0,Shift A (Morning),209.3,4.5
2026-09-08 10:00:00,High-Pressure Exothermic Reactor Vessel,Chemical Synthesis,83.61,none,0.0,764.7,1.0,Shift A (Morning),189.8,65.57
2026-09-08 10:00:00,Multistage Boiler Feedwater Injection Pump,High-Pressure Transport,52.43,none,0.0,0.0,1.0,Shift A (Morning),58.9,46.15
2026-09-08 10:00:00,Waste Heat Recovery Steam Generation Boiler,Steam Utility,21.26,natural_gas,82.14,0.0,1.0,Shift A (Morning),187.8,9.88
2026-09-08 10:00:00,Reciprocating Process Gas Compressor,Gas Compression Utility,92.38,none,0.0,0.0,1.0,Shift A (Morning),55.0,29.54
2026-09-08 10:00:00,Closed-Loop Brine Refrigeration Chiller,Thermal Cooling Utility,63.84,none,0.0,0.0,1.0,Shift A (Morning),-15.0,7.95
2026-09-08 11:00:00,Catalytic Steam Reforming Furnace,Reforming & Cracking,42.98,natural_gas,275.39,1125.7,1.0,Shift A (Morning),800.0,24.92
2026-09-08 11:00:00,Fractionation Distillation Column Reboiler,Fractionation & Separation,58.98,natural_gas,127.12,915.2,1.0,Shift A (Morning),212.4,4.57
2026-09-08 11:00:00,High-Pressure Exothermic Reactor Vessel,Chemical Synthesis,82.95,none,0.0,758.7,1.0,Shift A (Morning),187.6,66.69
2026-09-08 11:00:00,Multistage Boiler Feedwater Injection Pump,High-Pressure Transport,55.87,none,0.0,0.0,1.0,Shift A (Morning),59.1,44.53
2026-09-08 11:00:00,Waste Heat Recovery Steam Generation Boiler,Steam Utility,22.16,natural_gas,85.62,0.0,1.0,Shift A (Morning),188.3,9.78
2026-09-08 11:00:00,Reciprocating Process Gas Compressor,Gas Compression Utility,90.26,none,0.0,0.0,1.0,Shift A (Morning),54.7,30.48
2026-09-08 11:00:00,Closed-Loop Brine Refrigeration Chiller,Thermal Cooling Utility,63.88,none,0.0,0.0,1.0,Shift A (Morning),-15.2,7.98
2026-09-08 12:00:00,Catalytic Steam Reforming Furnace,Reforming & Cracking,41.17,natural_gas,263.77,1078.2,1.0,Shift A (Morning),793.7,24.76
2026-09-08 12:00:00,Fractionation Distillation Column Reboiler,Fractionation & Separation,56.44,natural_gas,121.65,875.9,1.0,Shift A (Morning),206.7,4.58
2026-09-08 12:00:00,High-Pressure Exothermic Reactor Vessel,Chemical Synthesis,82.17,none,0.0,751.5,1.0,Shift A (Morning),188.8,63.41
2026-09-08 12:00:00,Multistage Boiler Feedwater Injection Pump,High-Pressure Transport,55.88,none,0.0,0.0,1.0,Shift A (Morning),59.5,44.48
2026-09-08 12:00:00,Waste Heat Recovery Steam Generation Boiler,Steam Utility,22.87,natural_gas,88.37,0.0,1.0,Shift A (Morning),183.0,9.93
2026-09-08 12:00:00,Reciprocating Process Gas Compressor,Gas Compression Utility,92.23,none,0.0,0.0,1.0,Shift A (Morning),55.2,29.81
2026-09-08 12:00:00,Closed-Loop Brine Refrigeration Chiller,Thermal Cooling Utility,65.36,none,0.0,0.0,1.0,Shift A (Morning),-15.0,8.16
2026-09-08 13:00:00,Catalytic Steam Reforming Furnace,Reforming & Cracking,43.25,natural_gas,277.13,1132.8,1.0,Shift A (Morning),785.1,25.43
2026-09-08 13:00:00,Fractionation Distillation Column Reboiler,Fractionation & Separation,59.2,natural_gas,127.58,918.6,1.0,Shift A (Morning),212.5,4.44
2026-09-08 13:00:00,High-Pressure Exothermic Reactor Vessel,Chemical Synthesis,80.89,none,0.0,739.9,1.0,Shift A (Morning),191.4,65.75
2026-09-08 13:00:00,Multistage Boiler Feedwater Injection Pump,High-Pressure Transport,54.38,none,0.0,0.0,1.0,Shift A (Morning),60.1,44.64
2026-09-08 13:00:00,Waste Heat Recovery Steam Generation Boiler,Steam Utility,22.01,natural_gas,85.02,0.0,1.0,Shift A (Morning),185.7,9.97
2026-09-08 13:00:00,Reciprocating Process Gas Compressor,Gas Compression Utility,91.81,none,0.0,0.0,1.0,Shift A (Morning),55.8,30.14
2026-09-08 13:00:00,Closed-Loop Brine Refrigeration Chiller,Thermal Cooling Utility,66.32,none,0.0,0.0,1.0,Shift A (Morning),-15.2,8.09
2026-09-08 14:00:00,Catalytic Steam Reforming Furnace,Reforming & Cracking,40.92,natural_gas,262.16,1071.6,1.0,Shift B (Evening),790.4,24.45
2026-09-08 14:00:00,Fractionation Distillation Column Reboiler,Fractionation & Separation,58.64,natural_gas,126.39,910.0,1.0,Shift B (Evening),207.1,4.63
2026-09-08 14:00:00,High-Pressure Exothermic Reactor Vessel,Chemical Synthesis,80.8,none,0.0,739.0,1.0,Shift B (Evening),189.3,66.37
2026-09-08 14:00:00,Multistage Boiler Feedwater Injection Pump,High-Pressure Transport,54.92,none,0.0,0.0,1.0,Shift B (Evening),60.5,44.93
2026-09-08 14:00:00,Waste Heat Recovery Steam Generation Boiler,Steam Utility,22.79,natural_gas,88.06,0.0,1.0,Shift B (Evening),184.3,10.29
2026-09-08 14:00:00,Reciprocating Process Gas Compressor,Gas Compression Utility,93.07,none,0.0,0.0,1.0,Shift B (Evening),55.1,30.53
2026-09-08 14:00:00,Closed-Loop Brine Refrigeration Chiller,Thermal Cooling Utility,64.1,none,0.0,0.0,1.0,Shift B (Evening),-15.2,8.01
2026-09-08 15:00:00,Catalytic Steam Reforming Furnace,Reforming & Cracking,41.78,natural_gas,267.69,1094.2,1.0,Shift B (Evening),802.3,25.37
2026-09-08 15:00:00,Fractionation Distillation Column Reboiler,Fractionation & Separation,56.04,natural_gas,120.78,869.6,1.0,Shift B (Evening),207.7,4.52
2026-09-08 15:00:00,High-Pressure Exothermic Reactor Vessel,Chemical Synthesis,82.78,none,0.0,757.1,1.0,Shift B (Evening),188.4,65.54
2026-09-08 15:00:00,Multistage Boiler Feedwater Injection Pump,High-Pressure Transport,56.07,none,0.0,0.0,1.0,Shift B (Evening),60.2,45.55
2026-09-08 15:00:00,Waste Heat Recovery Steam Generation Boiler,Steam Utility,21.23,natural_gas,82.04,0.0,1.0,Shift B (Evening),186.6,9.9
2026-09-08 15:00:00,Reciprocating Process Gas Compressor,Gas Compression Utility,91.55,none,0.0,0.0,1.0,Shift B (Evening),54.4,30.24
2026-09-08 15:00:00,Closed-Loop Brine Refrigeration Chiller,Thermal Cooling Utility,66.36,none,0.0,0.0,1.0,Shift B (Evening),-14.7,8.06
2026-09-08 16:00:00,Catalytic Steam Reforming Furnace,Reforming & Cracking,41.87,natural_gas,268.26,1096.5,1.0,Shift B (Evening),795.2,25.11
2026-09-08 16:00:00,Fractionation Distillation Column Reboiler,Fractionation & Separation,56.32,natural_gas,121.38,873.9,1.0,Shift B (Evening),211.5,4.5
2026-09-08 16:00:00,High-Pressure Exothermic Reactor Vessel,Chemical Synthesis,83.85,none,0.0,766.9,1.0,Shift B (Evening),189.1,66.29
2026-09-08 16:00:00,Multistage Boiler Feedwater Injection Pump,High-Pressure Transport,53.1,none,0.0,0.0,1.0,Shift B (Evening),61.1,46.2
2026-09-08 16:00:00,Waste Heat Recovery Steam Generation Boiler,Steam Utility,22.67,natural_gas,87.57,0.0,1.0,Shift B (Evening),186.3,10.04
2026-09-08 16:00:00,Reciprocating Process Gas Compressor,Gas Compression Utility,93.53,none,0.0,0.0,1.0,Shift B (Evening),55.1,30.24
2026-09-08 16:00:00,Closed-Loop Brine Refrigeration Chiller,Thermal Cooling Utility,65.59,none,0.0,0.0,1.0,Shift B (Evening),-15.2,7.77
2026-09-08 17:00:00,Catalytic Steam Reforming Furnace,Reforming & Cracking,42.17,natural_gas,270.18,1104.4,1.0,Shift B (Evening),800.0,24.28
2026-09-08 17:00:00,Fractionation Distillation Column Reboiler,Fractionation & Separation,55.82,natural_gas,120.3,866.2,1.0,Shift B (Evening),212.0,4.41
2026-09-08 17:00:00,High-Pressure Exothermic Reactor Vessel,Chemical Synthesis,84.08,none,0.0,769.0,1.0,Shift B (Evening),191.3,65.37
2026-09-08 17:00:00,Multistage Boiler Feedwater Injection Pump,High-Pressure Transport,53.55,none,0.0,0.0,1.0,Shift B (Evening),59.6,44.52
2026-09-08 17:00:00,Waste Heat Recovery Steam Generation Boiler,Steam Utility,21.69,natural_gas,83.8,0.0,1.0,Shift B (Evening),183.8,9.85
2026-09-08 17:00:00,Reciprocating Process Gas Compressor,Gas Compression Utility,92.61,none,0.0,0.0,1.0,Shift B (Evening),55.6,29.18
2026-09-08 17:00:00,Closed-Loop Brine Refrigeration Chiller,Thermal Cooling Utility,65.02,none,0.0,0.0,1.0,Shift B (Evening),-15.0,8.06
2026-09-08 18:00:00,Catalytic Steam Reforming Furnace,Reforming & Cracking,42.96,natural_gas,275.23,1125.0,1.0,Shift B (Evening),811.0,24.27
2026-09-08 18:00:00,Fractionation Distillation Column Reboiler,Fractionation & Separation,58.05,natural_gas,125.11,900.8,1.0,Shift B (Evening),205.8,4.44
2026-09-08 18:00:00,High-Pressure Exothermic Reactor Vessel,Chemical Synthesis,84.89,none,0.0,776.4,1.0,Shift B (Evening),190.1,64.94
2026-09-08 18:00:00,Multistage Boiler Feedwater Injection Pump,High-Pressure Transport,52.63,none,0.0,0.0,1.0,Shift B (Evening),59.2,44.12
2026-09-08 18:00:00,Waste Heat Recovery Steam Generation Boiler,Steam Utility,22.63,natural_gas,87.43,0.0,1.0,Shift B (Evening),188.0,9.88
2026-09-08 18:00:00,Reciprocating Process Gas Compressor,Gas Compression Utility,95.5,none,0.0,0.0,1.0,Shift B (Evening),55.4,30.83
2026-09-08 18:00:00,Closed-Loop Brine Refrigeration Chiller,Thermal Cooling Utility,63.61,none,0.0,0.0,1.0,Shift B (Evening),-15.1,7.82
2026-09-08 19:00:00,Catalytic Steam Reforming Furnace,Reforming & Cracking,41.32,natural_gas,264.74,1082.2,1.0,Shift B (Evening),795.9,25.53
2026-09-08 19:00:00,Fractionation Distillation Column Reboiler,Fractionation & Separation,60.09,natural_gas,129.5,932.4,1.0,Shift B (Evening),208.7,4.49
2026-09-08 19:00:00,High-Pressure Exothermic Reactor Vessel,Chemical Synthesis,82.57,none,0.0,755.2,1.0,Shift B (Evening),187.4,64.34
2026-09-08 19:00:00,Multistage Boiler Feedwater Injection Pump,High-Pressure Transport,52.62,none,0.0,0.0,1.0,Shift B (Evening),59.3,46.11
2026-09-08 19:00:00,Waste Heat Recovery Steam Generation Boiler,Steam Utility,21.48,natural_gas,83.0,0.0,1.0,Shift B (Evening),188.3,9.9
2026-09-08 19:00:00,Reciprocating Process Gas Compressor,Gas Compression Utility,95.27,none,0.0,0.0,1.0,Shift B (Evening),54.9,30.32
2026-09-08 19:00:00,Closed-Loop Brine Refrigeration Chiller,Thermal Cooling Utility,64.92,none,0.0,0.0,1.0,Shift B (Evening),-15.0,7.86
2026-09-08 20:00:00,Catalytic Steam Reforming Furnace,Reforming & Cracking,43.35,natural_gas,277.78,1135.5,1.0,Shift B (Evening),804.5,24.45
2026-09-08 20:00:00,Fractionation Distillation Column Reboiler,Fractionation & Separation,59.39,natural_gas,127.99,921.5,1.0,Shift B (Evening),212.3,4.51
2026-09-08 20:00:00,High-Pressure Exothermic Reactor Vessel,Chemical Synthesis,81.88,none,0.0,748.9,1.0,Shift B (Evening),186.6,65.65
2026-09-08 20:00:00,Multistage Boiler Feedwater Injection Pump,High-Pressure Transport,51.88,none,0.0,0.0,1.0,Shift B (Evening),60.5,45.24
2026-09-08 20:00:00,Waste Heat Recovery Steam Generation Boiler,Steam Utility,22.17,natural_gas,85.68,0.0,1.0,Shift B (Evening),183.2,9.98
2026-09-08 20:00:00,Reciprocating Process Gas Compressor,Gas Compression Utility,91.83,none,0.0,0.0,1.0,Shift B (Evening),55.3,30.33
2026-09-08 20:00:00,Closed-Loop Brine Refrigeration Chiller,Thermal Cooling Utility,62.37,none,0.0,0.0,1.0,Shift B (Evening),-15.0,8.22
2026-09-08 21:00:00,Catalytic Steam Reforming Furnace,Reforming & Cracking,41.71,natural_gas,267.22,1092.3,1.0,Shift B (Evening),809.4,25.74
2026-09-08 21:00:00,Fractionation Distillation Column Reboiler,Fractionation & Separation,58.45,natural_gas,125.96,906.9,1.0,Shift B (Evening),209.8,4.44
2026-09-08 21:00:00,High-Pressure Exothermic Reactor Vessel,Chemical Synthesis,81.31,none,0.0,743.7,1.0,Shift B (Evening),192.9,66.87
2026-09-08 21:00:00,Multistage Boiler Feedwater Injection Pump,High-Pressure Transport,54.45,none,0.0,0.0,1.0,Shift B (Evening),60.0,45.45
2026-09-08 21:00:00,Waste Heat Recovery Steam Generation Boiler,Steam Utility,21.96,natural_gas,84.83,0.0,1.0,Shift B (Evening),187.2,10.24
2026-09-08 21:00:00,Reciprocating Process Gas Compressor,Gas Compression Utility,93.84,none,0.0,0.0,1.0,Shift B (Evening),54.9,30.45
2026-09-08 21:00:00,Closed-Loop Brine Refrigeration Chiller,Thermal Cooling Utility,62.31,none,0.0,0.0,1.0,Shift B (Evening),-15.2,7.94
2026-09-08 22:00:00,Catalytic Steam Reforming Furnace,Reforming & Cracking,41.74,natural_gas,267.44,1093.2,1.0,Shift C (Night),800.3,24.62
2026-09-08 22:00:00,Fractionation Distillation Column Reboiler,Fractionation & Separation,60.27,natural_gas,129.9,935.2,1.0,Shift C (Night),206.2,4.41
2026-09-08 22:00:00,High-Pressure Exothermic Reactor Vessel,Chemical Synthesis,83.69,none,0.0,765.4,1.0,Shift C (Night),189.1,66.91
2026-09-08 22:00:00,Multistage Boiler Feedwater Injection Pump,High-Pressure Transport,55.8,none,0.0,0.0,1.0,Shift C (Night),59.7,44.04
2026-09-08 22:00:00,Waste Heat Recovery Steam Generation Boiler,Steam Utility,21.76,natural_gas,84.06,0.0,1.0,Shift C (Night),185.2,10.14
2026-09-08 22:00:00,Reciprocating Process Gas Compressor,Gas Compression Utility,94.87,none,0.0,0.0,1.0,Shift C (Night),55.0,29.68
2026-09-08 22:00:00,Closed-Loop Brine Refrigeration Chiller,Thermal Cooling Utility,61.49,none,0.0,0.0,1.0,Shift C (Night),-15.3,8.12
2026-09-08 23:00:00,Catalytic Steam Reforming Furnace,Reforming & Cracking,42.83,natural_gas,274.4,1121.7,1.0,Shift C (Night),800.5,24.51
2026-09-08 23:00:00,Fractionation Distillation Column Reboiler,Fractionation & Separation,58.87,natural_gas,126.89,913.6,1.0,Shift C (Night),211.3,4.45
2026-09-08 23:00:00,High-Pressure Exothermic Reactor Vessel,Chemical Synthesis,81.75,none,0.0,747.7,1.0,Shift C (Night),189.1,66.74
2026-09-08 23:00:00,Multistage Boiler Feedwater Injection Pump,High-Pressure Transport,53.63,none,0.0,0.0,1.0,Shift C (Night),60.4,46.19
2026-09-08 23:00:00,Waste Heat Recovery Steam Generation Boiler,Steam Utility,21.44,natural_gas,82.85,0.0,1.0,Shift C (Night),184.1,9.86
2026-09-08 23:00:00,Reciprocating Process Gas Compressor,Gas Compression Utility,38.49,none,0.0,0.0,0.0,Shift C (Night),44.0,25.5
2026-09-08 23:00:00,Closed-Loop Brine Refrigeration Chiller,Thermal Cooling Utility,65.48,none,0.0,0.0,1.0,Shift C (Night),-14.8,7.95
2026-09-09 00:00:00,Catalytic Steam Reforming Furnace,Reforming & Cracking,43.45,natural_gas,201.74,1138.0,1.0,Shift C (Night),807.1,25.11
2026-09-09 00:00:00,Fractionation Distillation Column Reboiler,Fractionation & Separation,56.5,natural_gas,121.76,876.7,1.0,Shift C (Night),213.9,4.48
2026-09-09 00:00:00,High-Pressure Exothermic Reactor Vessel,Chemical Synthesis,1.15,none,0.0,0.0,0.0,Shift C (Night),29.2,0.0
2026-09-09 00:00:00,Multistage Boiler Feedwater Injection Pump,High-Pressure Transport,52.8,none,0.0,0.0,1.0,Shift C (Night),60.9,43.75
2026-09-09 00:00:00,Waste Heat Recovery Steam Generation Boiler,Steam Utility,21.68,natural_gas,83.76,0.0,1.0,Shift C (Night),186.0,10.2
2026-09-09 00:00:00,Reciprocating Process Gas Compressor,Gas Compression Utility,36.97,none,0.0,0.0,0.0,Shift C (Night),44.0,25.5
2026-09-09 00:00:00,Closed-Loop Brine Refrigeration Chiller,Thermal Cooling Utility,66.52,none,0.0,0.0,1.0,Shift C (Night),-14.8,7.77
2026-09-09 01:00:00,Catalytic Steam Reforming Furnace,Reforming & Cracking,42.51,natural_gas,197.37,1113.4,1.0,Shift C (Night),810.2,24.47
2026-09-09 01:00:00,Fractionation Distillation Column Reboiler,Fractionation & Separation,59.97,natural_gas,129.26,930.6,1.0,Shift C (Night),212.5,4.38
2026-09-09 01:00:00,High-Pressure Exothermic Reactor Vessel,Chemical Synthesis,1.55,none,0.0,0.0,0.0,Shift C (Night),29.6,0.0
2026-09-09 01:00:00,Multistage Boiler Feedwater Injection Pump,High-Pressure Transport,52.08,none,0.0,0.0,1.0,Shift C (Night),60.0,46.0
2026-09-09 01:00:00,Waste Heat Recovery Steam Generation Boiler,Steam Utility,22.82,natural_gas,88.16,0.0,1.0,Shift C (Night),187.3,10.21
2026-09-09 01:00:00,Reciprocating Process Gas Compressor,Gas Compression Utility,35.28,none,0.0,0.0,0.0,Shift C (Night),44.0,25.5
2026-09-09 01:00:00,Closed-Loop Brine Refrigeration Chiller,Thermal Cooling Utility,62.98,none,0.0,0.0,1.0,Shift C (Night),-15.2,7.81
2026-09-09 02:00:00,Catalytic Steam Reforming Furnace,Reforming & Cracking,41.01,natural_gas,190.39,1074.0,1.0,Shift C (Night),825.1,25.4
2026-09-09 02:00:00,Fractionation Distillation Column Reboiler,Fractionation & Separation,59.82,natural_gas,128.92,928.2,1.0,Shift C (Night),207.4,4.62
2026-09-09 02:00:00,High-Pressure Exothermic Reactor Vessel,Chemical Synthesis,1.62,none,0.0,0.0,0.0,Shift C (Night),31.0,0.0
2026-09-09 02:00:00,Multistage Boiler Feedwater Injection Pump,High-Pressure Transport,56.13,none,0.0,0.0,1.0,Shift C (Night),60.3,45.28
2026-09-09 02:00:00,Waste Heat Recovery Steam Generation Boiler,Steam Utility,21.76,natural_gas,84.08,0.0,1.0,Shift C (Night),182.5,10.25
2026-09-09 02:00:00,Reciprocating Process Gas Compressor,Gas Compression Utility,39.43,none,0.0,0.0,0.0,Shift C (Night),44.0,25.5
2026-09-09 02:00:00,Closed-Loop Brine Refrigeration Chiller,Thermal Cooling Utility,65.36,none,0.0,0.0,1.0,Shift C (Night),-15.1,8.04
2026-09-09 03:00:00,Catalytic Steam Reforming Furnace,Reforming & Cracking,42.15,natural_gas,195.69,1103.9,1.0,Shift C (Night),818.1,24.95
2026-09-09 03:00:00,Fractionation Distillation Column Reboiler,Fractionation & Separation,55.96,natural_gas,120.61,868.4,1.0,Shift C (Night),208.8,4.5
2026-09-09 03:00:00,High-Pressure Exothermic Reactor Vessel,Chemical Synthesis,1.42,none,0.0,0.0,0.0,Shift C (Night),31.1,0.0
2026-09-09 03:00:00,Multistage Boiler Feedwater Injection Pump,High-Pressure Transport,53.89,none,0.0,0.0,1.0,Shift C (Night),61.2,45.52
2026-09-09 03:00:00,Waste Heat Recovery Steam Generation Boiler,Steam Utility,22.74,natural_gas,87.86,0.0,1.0,Shift C (Night),184.1,10.16
2026-09-09 03:00:00,Reciprocating Process Gas Compressor,Gas Compression Utility,39.65,none,0.0,0.0,0.0,Shift C (Night),44.0,25.5
2026-09-09 03:00:00,Closed-Loop Brine Refrigeration Chiller,Thermal Cooling Utility,63.11,none,0.0,0.0,1.0,Shift C (Night),-15.1,7.85
2026-09-09 04:00:00,Catalytic Steam Reforming Furnace,Reforming & Cracking,43.08,natural_gas,200.02,1128.3,1.0,Shift C (Night),819.3,24.32
2026-09-09 04:00:00,Fractionation Distillation Column Reboiler,Fractionation & Separation,56.27,natural_gas,121.27,873.2,1.0,Shift C (Night),207.9,4.57
2026-09-09 04:00:00,High-Pressure Exothermic Reactor Vessel,Chemical Synthesis,1.76,none,0.0,0.0,0.0,Shift C (Night),28.8,0.0
2026-09-09 04:00:00,Multistage Boiler Feedwater Injection Pump,High-Pressure Transport,52.4,none,0.0,0.0,1.0,Shift C (Night),60.0,44.18
2026-09-09 04:00:00,Waste Heat Recovery Steam Generation Boiler,Steam Utility,22.56,natural_gas,87.14,0.0,1.0,Shift C (Night),184.4,9.79
2026-09-09 04:00:00,Reciprocating Process Gas Compressor,Gas Compression Utility,36.25,none,0.0,0.0,0.0,Shift C (Night),44.0,25.5
2026-09-09 04:00:00,Closed-Loop Brine Refrigeration Chiller,Thermal Cooling Utility,65.32,none,0.0,0.0,1.0,Shift C (Night),-15.2,7.9
2026-09-09 05:00:00,Catalytic Steam Reforming Furnace,Reforming & Cracking,41.53,natural_gas,192.81,1087.7,1.0,Shift C (Night),819.4,25.29
2026-09-09 05:00:00,Fractionation Distillation Column Reboiler,Fractionation & Separation,59.12,natural_gas,127.42,917.4,1.0,Shift C (Night),214.1,4.51
2026-09-09 05:00:00,High-Pressure Exothermic Reactor Vessel,Chemical Synthesis,0.84,none,0.0,0.0,0.0,Shift C (Night),30.5,0.0
2026-09-09 05:00:00,Multistage Boiler Feedwater Injection Pump,High-Pressure Transport,53.46,none,0.0,0.0,1.0,Shift C (Night),60.5,44.6
2026-09-09 05:00:00,Waste Heat Recovery Steam Generation Boiler,Steam Utility,21.85,natural_gas,84.41,0.0,1.0,Shift C (Night),181.9,9.96
2026-09-09 05:00:00,Reciprocating Process Gas Compressor,Gas Compression Utility,39.94,none,0.0,0.0,0.0,Shift C (Night),44.0,25.5
2026-09-09 05:00:00,Closed-Loop Brine Refrigeration Chiller,Thermal Cooling Utility,63.31,none,0.0,0.0,1.0,Shift C (Night),-15.0,7.84
2026-09-09 06:00:00,Catalytic Steam Reforming Furnace,Reforming & Cracking,41.06,natural_gas,190.63,1075.4,1.0,Shift A (Morning),815.7,25.57
2026-09-09 06:00:00,Fractionation Distillation Column Reboiler,Fractionation & Separation,58.89,natural_gas,126.91,913.7,1.0,Shift A (Morning),208.5,4.5
2026-09-09 06:00:00,High-Pressure Exothermic Reactor Vessel,Chemical Synthesis,78.89,none,0.0,721.5,1.0,Shift A (Morning),193.7,64.75
2026-09-09 06:00:00,Multistage Boiler Feedwater Injection Pump,High-Pressure Transport,51.86,none,0.0,0.0,1.0,Shift A (Morning),60.4,45.72
2026-09-09 06:00:00,Waste Heat Recovery Steam Generation Boiler,Steam Utility,22.08,natural_gas,85.32,0.0,1.0,Shift A (Morning),187.7,9.81
2026-09-09 06:00:00,Reciprocating Process Gas Compressor,Gas Compression Utility,95.15,none,0.0,0.0,1.0,Shift A (Morning),55.7,29.74
2026-09-09 06:00:00,Closed-Loop Brine Refrigeration Chiller,Thermal Cooling Utility,62.18,none,0.0,0.0,1.0,Shift A (Morning),-15.2,8.01
2026-09-09 07:00:00,Catalytic Steam Reforming Furnace,Reforming & Cracking,41.99,natural_gas,194.97,1099.8,1.0,Shift A (Morning),815.9,25.59
2026-09-09 07:00:00,Fractionation Distillation Column Reboiler,Fractionation & Separation,57.31,natural_gas,123.51,889.3,1.0,Shift A (Morning),213.4,4.54
2026-09-09 07:00:00,High-Pressure Exothermic Reactor Vessel,Chemical Synthesis,80.69,none,0.0,738.0,1.0,Shift A (Morning),193.4,64.65
2026-09-09 07:00:00,Multistage Boiler Feedwater Injection Pump,High-Pressure Transport,54.71,none,0.0,0.0,1.0,Shift A (Morning),60.8,45.0
2026-09-09 07:00:00,Waste Heat Recovery Steam Generation Boiler,Steam Utility,21.85,natural_gas,84.4,0.0,1.0,Shift A (Morning),186.3,9.89
2026-09-09 07:00:00,Reciprocating Process Gas Compressor,Gas Compression Utility,91.67,none,0.0,0.0,1.0,Shift A (Morning),54.2,30.04
2026-09-09 07:00:00,Closed-Loop Brine Refrigeration Chiller,Thermal Cooling Utility,61.97,none,0.0,0.0,1.0,Shift A (Morning),-14.7,8.22
2026-09-09 08:00:00,Catalytic Steam Reforming Furnace,Reforming & Cracking,43.68,natural_gas,202.78,1143.9,1.0,Shift A (Morning),834.7,25.34
2026-09-09 08:00:00,Fractionation Distillation Column Reboiler,Fractionation & Separation,55.91,natural_gas,120.49,867.5,1.0,Shift A (Morning),210.4,4.62
2026-09-09 08:00:00,High-Pressure Exothermic Reactor Vessel,Chemical Synthesis,81.87,none,0.0,748.8,1.0,Shift A (Morning),189.3,64.26
2026-09-09 08:00:00,Multistage Boiler Feedwater Injection Pump,High-Pressure Transport,55.88,none,0.0,0.0,1.0,Shift A (Morning),59.6,43.72
2026-09-09 08:00:00,Waste Heat Recovery Steam Generation Boiler,Steam Utility,22.31,natural_gas,86.21,0.0,1.0,Shift A (Morning),185.3,10.09
2026-09-09 08:00:00,Reciprocating Process Gas Compressor,Gas Compression Utility,90.68,none,0.0,0.0,1.0,Shift A (Morning),53.9,29.1
2026-09-09 08:00:00,Closed-Loop Brine Refrigeration Chiller,Thermal Cooling Utility,66.07,none,0.0,0.0,1.0,Shift A (Morning),-15.0,8.09
2026-09-09 09:00:00,Catalytic Steam Reforming Furnace,Reforming & Cracking,41.73,natural_gas,193.76,1093.0,1.0,Shift A (Morning),823.1,25.46
2026-09-09 09:00:00,Fractionation Distillation Column Reboiler,Fractionation & Separation,56.89,natural_gas,122.6,882.7,1.0,Shift A (Morning),210.0,4.39
2026-09-09 09:00:00,High-Pressure Exothermic Reactor Vessel,Chemical Synthesis,80.11,none,0.0,732.7,1.0,Shift A (Morning),190.2,66.06
2026-09-09 09:00:00,Multistage Boiler Feedwater Injection Pump,High-Pressure Transport,54.21,none,0.0,0.0,1.0,Shift A (Morning),59.8,44.17
2026-09-09 09:00:00,Waste Heat Recovery Steam Generation Boiler,Steam Utility,21.8,natural_gas,84.21,0.0,1.0,Shift A (Morning),186.0,9.93
2026-09-09 09:00:00,Reciprocating Process Gas Compressor,Gas Compression Utility,90.75,none,0.0,0.0,1.0,Shift A (Morning),56.0,29.52
2026-09-09 09:00:00,Closed-Loop Brine Refrigeration Chiller,Thermal Cooling Utility,65.62,none,0.0,0.0,1.0,Shift A (Morning),-15.0,8.12
2026-09-09 10:00:00,Catalytic Steam Reforming Furnace,Reforming & Cracking,41.69,natural_gas,193.57,1091.9,1.0,Shift A (Morning),811.1,25.68
2026-09-09 10:00:00,Fractionation Distillation Column Reboiler,Fractionation & Separation,58.36,natural_gas,125.77,905.6,1.0,Shift A (Morning),213.0,4.41
2026-09-09 10:00:00,High-Pressure Exothermic Reactor Vessel,Chemical Synthesis,84.4,none,0.0,771.9,1.0,Shift A (Morning),191.5,66.64
2026-09-09 10:00:00,Multistage Boiler Feedwater Injection Pump,High-Pressure Transport,52.58,none,0.0,0.0,1.0,Shift A (Morning),59.1,46.15
2026-09-09 10:00:00,Waste Heat Recovery Steam Generation Boiler,Steam Utility,21.73,natural_gas,83.95,0.0,1.0,Shift A (Morning),182.6,9.99
2026-09-09 10:00:00,Reciprocating Process Gas Compressor,Gas Compression Utility,89.84,none,0.0,0.0,1.0,Shift A (Morning),55.8,30.0
2026-09-09 10:00:00,Closed-Loop Brine Refrigeration Chiller,Thermal Cooling Utility,62.92,none,0.0,0.0,1.0,Shift A (Morning),-14.9,7.92
2026-09-09 11:00:00,Catalytic Steam Reforming Furnace,Reforming & Cracking,40.87,natural_gas,189.77,1070.5,1.0,Shift A (Morning),823.3,24.26
2026-09-09 11:00:00,Fractionation Distillation Column Reboiler,Fractionation & Separation,59.89,natural_gas,129.08,929.4,1.0,Shift A (Morning),205.8,4.49
2026-09-09 11:00:00,High-Pressure Exothermic Reactor Vessel,Chemical Synthesis,83.65,none,0.0,765.1,1.0,Shift A (Morning),186.4,64.91
2026-09-09 11:00:00,Multistage Boiler Feedwater Injection Pump,High-Pressure Transport,55.77,none,0.0,0.0,1.0,Shift A (Morning),60.2,44.09
2026-09-09 11:00:00,Waste Heat Recovery Steam Generation Boiler,Steam Utility,21.25,natural_gas,82.12,0.0,1.0,Shift A (Morning),183.9,10.05
2026-09-09 11:00:00,Reciprocating Process Gas Compressor,Gas Compression Utility,91.64,none,0.0,0.0,1.0,Shift A (Morning),56.0,29.84
2026-09-09 11:00:00,Closed-Loop Brine Refrigeration Chiller,Thermal Cooling Utility,61.52,none,0.0,0.0,1.0,Shift A (Morning),-15.0,8.12
2026-09-09 12:00:00,Catalytic Steam Reforming Furnace,Reforming & Cracking,41.39,natural_gas,192.15,1083.9,1.0,Shift A (Morning),807.4,25.08
2026-09-09 12:00:00,Fractionation Distillation Column Reboiler,Fractionation & Separation,57.72,natural_gas,124.39,895.6,1.0,Shift A (Morning),208.3,4.63
2026-09-09 12:00:00,High-Pressure Exothermic Reactor Vessel,Chemical Synthesis,80.24,none,0.0,733.9,1.0,Shift A (Morning),189.5,63.85
2026-09-09 12:00:00,Multistage Boiler Feedwater Injection Pump,High-Pressure Transport,53.75,none,0.0,0.0,1.0,Shift A (Morning),60.1,44.6
2026-09-09 12:00:00,Waste Heat Recovery Steam Generation Boiler,Steam Utility,21.91,natural_gas,84.66,0.0,1.0,Shift A (Morning),183.5,10.15
2026-09-09 12:00:00,Reciprocating Process Gas Compressor,Gas Compression Utility,93.35,none,0.0,0.0,1.0,Shift A (Morning),54.7,30.28
2026-09-09 12:00:00,Closed-Loop Brine Refrigeration Chiller,Thermal Cooling Utility,63.29,none,0.0,0.0,1.0,Shift A (Morning),-14.8,7.81
2026-09-09 13:00:00,Catalytic Steam Reforming Furnace,Reforming & Cracking,42.44,natural_gas,197.06,1111.6,1.0,Shift A (Morning),821.2,25.69
2026-09-09 13:00:00,Fractionation Distillation Column Reboiler,Fractionation & Separation,56.9,natural_gas,122.64,883.0,1.0,Shift A (Morning),212.5,4.53
2026-09-09 13:00:00,High-Pressure Exothermic Reactor Vessel,Chemical Synthesis,81.28,none,0.0,743.4,1.0,Shift A (Morning),193.2,64.0
2026-09-09 13:00:00,Multistage Boiler Feedwater Injection Pump,High-Pressure Transport,54.28,none,0.0,0.0,1.0,Shift A (Morning),59.2,44.94
2026-09-09 13:00:00,Waste Heat Recovery Steam Generation Boiler,Steam Utility,21.96,natural_gas,84.85,0.0,1.0,Shift A (Morning),184.9,9.84
2026-09-09 13:00:00,Reciprocating Process Gas Compressor,Gas Compression Utility,93.03,none,0.0,0.0,1.0,Shift A (Morning),54.1,29.5
2026-09-09 13:00:00,Closed-Loop Brine Refrigeration Chiller,Thermal Cooling Utility,62.84,none,0.0,0.0,1.0,Shift A (Morning),-15.0,7.94
2026-09-09 14:00:00,Catalytic Steam Reforming Furnace,Reforming & Cracking,43.35,natural_gas,201.28,1135.4,1.0,Shift B (Evening),806.0,25.54
2026-09-09 14:00:00,Fractionation Distillation Column Reboiler,Fractionation & Separation,58.56,natural_gas,126.21,908.7,1.0,Shift B (Evening),213.6,4.57
2026-09-09 14:00:00,High-Pressure Exothermic Reactor Vessel,Chemical Synthesis,84.18,none,0.0,770.0,1.0,Shift B (Evening),189.8,64.51
2026-09-09 14:00:00,Multistage Boiler Feedwater Injection Pump,High-Pressure Transport,54.4,none,0.0,0.0,1.0,Shift B (Evening),60.4,45.94
2026-09-09 14:00:00,Waste Heat Recovery Steam Generation Boiler,Steam Utility,21.51,natural_gas,83.1,0.0,1.0,Shift B (Evening),186.7,10.19
2026-09-09 14:00:00,Reciprocating Process Gas Compressor,Gas Compression Utility,88.62,none,0.0,0.0,1.0,Shift B (Evening),55.6,30.75
2026-09-09 14:00:00,Closed-Loop Brine Refrigeration Chiller,Thermal Cooling Utility,63.1,none,0.0,0.0,1.0,Shift B (Evening),-14.7,7.9
2026-09-09 15:00:00,Catalytic Steam Reforming Furnace,Reforming & Cracking,42.8,natural_gas,198.74,1121.1,1.0,Shift B (Evening),818.0,24.82
2026-09-09 15:00:00,Fractionation Distillation Column Reboiler,Fractionation & Separation,58.23,natural_gas,125.51,903.6,1.0,Shift B (Evening),208.2,4.45
2026-09-09 15:00:00,High-Pressure Exothermic Reactor Vessel,Chemical Synthesis,82.44,none,0.0,754.0,1.0,Shift B (Evening),190.5,64.13
2026-09-09 15:00:00,Multistage Boiler Feedwater Injection Pump,High-Pressure Transport,55.84,none,0.0,0.0,1.0,Shift B (Evening),59.5,43.99
2026-09-09 15:00:00,Waste Heat Recovery Steam Generation Boiler,Steam Utility,22.28,natural_gas,86.07,0.0,1.0,Shift B (Evening),187.7,9.76
2026-09-09 15:00:00,Reciprocating Process Gas Compressor,Gas Compression Utility,89.31,none,0.0,0.0,1.0,Shift B (Evening),55.2,29.54
2026-09-09 15:00:00,Closed-Loop Brine Refrigeration Chiller,Thermal Cooling Utility,65.96,none,0.0,0.0,1.0,Shift B (Evening),-14.7,8.23
2026-09-09 16:00:00,Catalytic Steam Reforming Furnace,Reforming & Cracking,41.69,natural_gas,193.54,1091.8,1.0,Shift B (Evening),811.4,24.81
2026-09-09 16:00:00,Fractionation Distillation Column Reboiler,Fractionation & Separation,59.35,natural_gas,127.91,921.0,1.0,Shift B (Evening),213.2,4.46
2026-09-09 16:00:00,High-Pressure Exothermic Reactor Vessel,Chemical Synthesis,84.92,none,0.0,776.7,1.0,Shift B (Evening),188.6,66.59
2026-09-09 16:00:00,Multistage Boiler Feedwater Injection Pump,High-Pressure Transport,54.37,none,0.0,0.0,1.0,Shift B (Evening),60.1,45.19
2026-09-09 16:00:00,Waste Heat Recovery Steam Generation Boiler,Steam Utility,22.88,natural_gas,88.38,0.0,1.0,Shift B (Evening),182.5,9.81
2026-09-09 16:00:00,Reciprocating Process Gas Compressor,Gas Compression Utility,93.5,none,0.0,0.0,1.0,Shift B (Evening),55.2,30.75
2026-09-09 16:00:00,Closed-Loop Brine Refrigeration Chiller,Thermal Cooling Utility,64.13,none,0.0,0.0,1.0,Shift B (Evening),-15.0,8.13
2026-09-09 17:00:00,Catalytic Steam Reforming Furnace,Reforming & Cracking,41.41,natural_gas,192.27,1084.6,1.0,Shift B (Evening),819.0,25.23
2026-09-09 17:00:00,Fractionation Distillation Column Reboiler,Fractionation & Separation,58.24,natural_gas,125.52,903.7,1.0,Shift B (Evening),212.3,4.58
2026-09-09 17:00:00,High-Pressure Exothermic Reactor Vessel,Chemical Synthesis,85.18,none,0.0,779.1,1.0,Shift B (Evening),189.7,66.71
2026-09-09 17:00:00,Multistage Boiler Feedwater Injection Pump,High-Pressure Transport,52.91,none,0.0,0.0,1.0,Shift B (Evening),60.2,44.92
2026-09-09 17:00:00,Waste Heat Recovery Steam Generation Boiler,Steam Utility,21.51,natural_gas,83.09,0.0,1.0,Shift B (Evening),186.0,10.01
2026-09-09 17:00:00,Reciprocating Process Gas Compressor,Gas Compression Utility,90.14,none,0.0,0.0,1.0,Shift B (Evening),54.9,29.79
2026-09-09 17:00:00,Closed-Loop Brine Refrigeration Chiller,Thermal Cooling Utility,61.58,none,0.0,0.0,1.0,Shift B (Evening),-15.0,8.03
2026-09-09 18:00:00,Catalytic Steam Reforming Furnace,Reforming & Cracking,42.0,natural_gas,194.98,1099.9,1.0,Shift B (Evening),830.2,25.64
2026-09-09 18:00:00,Fractionation Distillation Column Reboiler,Fractionation & Separation,60.21,natural_gas,129.76,934.3,1.0,Shift B (Evening),212.4,4.57
2026-09-09 18:00:00,High-Pressure Exothermic Reactor Vessel,Chemical Synthesis,83.22,none,0.0,761.2,1.0,Shift B (Evening),188.4,66.93
2026-09-09 18:00:00,Multistage Boiler Feedwater Injection Pump,High-Pressure Transport,54.7,none,0.0,0.0,1.0,Shift B (Evening),59.9,44.03
2026-09-09 18:00:00,Waste Heat Recovery Steam Generation Boiler,Steam Utility,21.82,natural_gas,84.32,0.0,1.0,Shift B (Evening),188.3,10.24
2026-09-09 18:00:00,Reciprocating Process Gas Compressor,Gas Compression Utility,93.69,none,0.0,0.0,1.0,Shift B (Evening),56.0,30.43
2026-09-09 18:00:00,Closed-Loop Brine Refrigeration Chiller,Thermal Cooling Utility,64.95,none,0.0,0.0,1.0,Shift B (Evening),-14.7,7.97
2026-09-09 19:00:00,Catalytic Steam Reforming Furnace,Reforming & Cracking,41.1,natural_gas,190.81,1076.4,1.0,Shift B (Evening),809.6,25.67
2026-09-09 19:00:00,Fractionation Distillation Column Reboiler,Fractionation & Separation,57.56,natural_gas,124.05,893.1,1.0,Shift B (Evening),207.0,4.5
2026-09-09 19:00:00,High-Pressure Exothermic Reactor Vessel,Chemical Synthesis,80.99,none,0.0,740.7,1.0,Shift B (Evening),189.1,63.11
2026-09-09 19:00:00,Multistage Boiler Feedwater Injection Pump,High-Pressure Transport,54.52,none,0.0,0.0,1.0,Shift B (Evening),60.4,45.64
2026-09-09 19:00:00,Waste Heat Recovery Steam Generation Boiler,Steam Utility,21.87,natural_gas,84.49,0.0,1.0,Shift B (Evening),182.2,9.98
2026-09-09 19:00:00,Reciprocating Process Gas Compressor,Gas Compression Utility,90.67,none,0.0,0.0,1.0,Shift B (Evening),55.2,30.61
2026-09-09 19:00:00,Closed-Loop Brine Refrigeration Chiller,Thermal Cooling Utility,66.34,none,0.0,0.0,1.0,Shift B (Evening),-15.3,7.97
2026-09-09 20:00:00,Catalytic Steam Reforming Furnace,Reforming & Cracking,41.25,natural_gas,191.54,1080.5,1.0,Shift B (Evening),824.5,25.08
2026-09-09 20:00:00,Fractionation Distillation Column Reboiler,Fractionation & Separation,59.01,natural_gas,127.17,915.6,1.0,Shift B (Evening),210.8,4.59
2026-09-09 20:00:00,High-Pressure Exothermic Reactor Vessel,Chemical Synthesis,82.35,none,0.0,753.2,1.0,Shift B (Evening),191.3,66.88
2026-09-09 20:00:00,Multistage Boiler Feedwater Injection Pump,High-Pressure Transport,54.74,none,0.0,0.0,1.0,Shift B (Evening),59.5,44.99
2026-09-09 20:00:00,Waste Heat Recovery Steam Generation Boiler,Steam Utility,22.37,natural_gas,86.44,0.0,1.0,Shift B (Evening),187.0,10.11
2026-09-09 20:00:00,Reciprocating Process Gas Compressor,Gas Compression Utility,94.26,none,0.0,0.0,1.0,Shift B (Evening),54.7,30.43
2026-09-09 20:00:00,Closed-Loop Brine Refrigeration Chiller,Thermal Cooling Utility,63.17,none,0.0,0.0,1.0,Shift B (Evening),-15.1,7.83
2026-09-09 21:00:00,Catalytic Steam Reforming Furnace,Reforming & Cracking,42.07,natural_gas,195.34,1101.9,1.0,Shift B (Evening),832.2,25.67
2026-09-09 21:00:00,Fractionation Distillation Column Reboiler,Fractionation & Separation,55.83,natural_gas,120.33,866.4,1.0,Shift B (Evening),209.6,4.55
2026-09-09 21:00:00,High-Pressure Exothermic Reactor Vessel,Chemical Synthesis,78.88,none,0.0,721.4,1.0,Shift B (Evening),186.8,63.79
2026-09-09 21:00:00,Multistage Boiler Feedwater Injection Pump,High-Pressure Transport,52.04,none,0.0,0.0,1.0,Shift B (Evening),60.3,44.86
2026-09-09 21:00:00,Waste Heat Recovery Steam Generation Boiler,Steam Utility,21.23,natural_gas,82.04,0.0,1.0,Shift B (Evening),182.3,9.76
2026-09-09 21:00:00,Reciprocating Process Gas Compressor,Gas Compression Utility,91.18,none,0.0,0.0,1.0,Shift B (Evening),54.4,29.91
2026-09-09 21:00:00,Closed-Loop Brine Refrigeration Chiller,Thermal Cooling Utility,61.58,none,0.0,0.0,1.0,Shift B (Evening),-15.3,7.99
2026-09-09 22:00:00,Catalytic Steam Reforming Furnace,Reforming & Cracking,43.49,natural_gas,201.93,1139.1,1.0,Shift C (Night),834.3,24.59
2026-09-09 22:00:00,Fractionation Distillation Column Reboiler,Fractionation & Separation,58.32,natural_gas,125.69,905.0,1.0,Shift C (Night),212.6,4.57
2026-09-09 22:00:00,High-Pressure Exothermic Reactor Vessel,Chemical Synthesis,79.45,none,0.0,726.7,1.0,Shift C (Night),193.6,65.88
2026-09-09 22:00:00,Multistage Boiler Feedwater Injection Pump,High-Pressure Transport,52.58,none,0.0,0.0,1.0,Shift C (Night),59.0,44.93
2026-09-09 22:00:00,Waste Heat Recovery Steam Generation Boiler,Steam Utility,21.96,natural_gas,84.86,0.0,1.0,Shift C (Night),181.3,10.23
2026-09-09 22:00:00,Reciprocating Process Gas Compressor,Gas Compression Utility,93.39,none,0.0,0.0,1.0,Shift C (Night),55.1,30.59
2026-09-09 22:00:00,Closed-Loop Brine Refrigeration Chiller,Thermal Cooling Utility,64.15,none,0.0,0.0,1.0,Shift C (Night),-15.0,7.78
2026-09-09 23:00:00,Catalytic Steam Reforming Furnace,Reforming & Cracking,42.2,natural_gas,195.92,1105.2,1.0,Shift C (Night),826.0,25.0
2026-09-09 23:00:00,Fractionation Distillation Column Reboiler,Fractionation & Separation,60.22,natural_gas,129.78,934.4,1.0,Shift C (Night),209.4,4.62
2026-09-09 23:00:00,High-Pressure Exothermic Reactor Vessel,Chemical Synthesis,82.1,none,0.0,751.0,1.0,Shift C (Night),187.1,64.78
2026-09-09 23:00:00,Multistage Boiler Feedwater Injection Pump,High-Pressure Transport,52.7,none,0.0,0.0,1.0,Shift C (Night),59.7,44.56
2026-09-09 23:00:00,Waste Heat Recovery Steam Generation Boiler,Steam Utility,21.85,natural_gas,84.41,0.0,1.0,Shift C (Night),188.2,9.98
2026-09-09 23:00:00,Reciprocating Process Gas Compressor,Gas Compression Utility,36.86,none,0.0,0.0,0.0,Shift C (Night),44.0,25.5
2026-09-09 23:00:00,Closed-Loop Brine Refrigeration Chiller,Thermal Cooling Utility,66.22,none,0.0,0.0,1.0,Shift C (Night),-15.0,7.98
2026-09-10 00:00:00,Catalytic Steam Reforming Furnace,Reforming & Cracking,41.14,natural_gas,191.0,1077.4,1.0,Shift C (Night),833.6,25.44
2026-09-10 00:00:00,Fractionation Distillation Column Reboiler,Fractionation & Separation,57.03,natural_gas,122.91,884.9,1.0,Shift C (Night),212.6,4.45
2026-09-10 00:00:00,High-Pressure Exothermic Reactor Vessel,Chemical Synthesis,1.64,none,0.0,0.0,0.0,Shift C (Night),30.6,0.0
2026-09-10 00:00:00,Multistage Boiler Feedwater Injection Pump,High-Pressure Transport,55.68,none,0.0,0.0,1.0,Shift C (Night),60.0,45.43
2026-09-10 00:00:00,Waste Heat Recovery Steam Generation Boiler,Steam Utility,21.74,natural_gas,84.01,0.0,1.0,Shift C (Night),181.4,9.72
2026-09-10 00:00:00,Reciprocating Process Gas Compressor,Gas Compression Utility,36.64,none,0.0,0.0,0.0,Shift C (Night),44.0,25.5
2026-09-10 00:00:00,Closed-Loop Brine Refrigeration Chiller,Thermal Cooling Utility,65.66,none,0.0,0.0,1.0,Shift C (Night),-15.1,8.07
2026-09-10 01:00:00,Catalytic Steam Reforming Furnace,Reforming & Cracking,42.8,natural_gas,198.7,1120.9,1.0,Shift C (Night),821.6,24.29
2026-09-10 01:00:00,Fractionation Distillation Column Reboiler,Fractionation & Separation,58.19,natural_gas,125.41,902.9,1.0,Shift C (Night),208.5,4.45
2026-09-10 01:00:00,High-Pressure Exothermic Reactor Vessel,Chemical Synthesis,1.23,none,0.0,0.0,0.0,Shift C (Night),28.8,0.0
2026-09-10 01:00:00,Multistage Boiler Feedwater Injection Pump,High-Pressure Transport,53.93,none,0.0,0.0,1.0,Shift C (Night),59.5,44.62
2026-09-10 01:00:00,Waste Heat Recovery Steam Generation Boiler,Steam Utility,21.95,natural_gas,84.81,0.0,1.0,Shift C (Night),182.4,10.02
2026-09-10 01:00:00,Reciprocating Process Gas Compressor,Gas Compression Utility,35.76,none,0.0,0.0,0.0,Shift C (Night),44.0,25.5
2026-09-10 01:00:00,Closed-Loop Brine Refrigeration Chiller,Thermal Cooling Utility,66.26,none,0.0,0.0,1.0,Shift C (Night),-14.7,7.9
2026-09-10 02:00:00,Catalytic Steam Reforming Furnace,Reforming & Cracking,41.56,natural_gas,192.97,1088.5,1.0,Shift C (Night),829.5,25.35
2026-09-10 02:00:00,Fractionation Distillation Column Reboiler,Fractionation & Separation,60.02,natural_gas,129.36,931.4,1.0,Shift C (Night),208.3,4.43
2026-09-10 02:00:00,High-Pressure Exothermic Reactor Vessel,Chemical Synthesis,1.17,none,0.0,0.0,0.0,Shift C (Night),28.1,0.0
2026-09-10 02:00:00,Multistage Boiler Feedwater Injection Pump,High-Pressure Transport,54.74,none,0.0,0.0,1.0,Shift C (Night),59.8,45.49
2026-09-10 02:00:00,Waste Heat Recovery Steam Generation Boiler,Steam Utility,21.32,natural_gas,82.38,0.0,1.0,Shift C (Night),183.8,9.92
2026-09-10 02:00:00,Reciprocating Process Gas Compressor,Gas Compression Utility,36.91,none,0.0,0.0,0.0,Shift C (Night),44.0,25.5
2026-09-10 02:00:00,Closed-Loop Brine Refrigeration Chiller,Thermal Cooling Utility,63.68,none,0.0,0.0,1.0,Shift C (Night),-14.8,7.9
2026-09-10 03:00:00,Catalytic Steam Reforming Furnace,Reforming & Cracking,42.69,natural_gas,198.19,1118.0,1.0,Shift C (Night),818.0,25.23
2026-09-10 03:00:00,Fractionation Distillation Column Reboiler,Fractionation & Separation,55.89,natural_gas,120.45,867.2,1.0,Shift C (Night),206.1,4.59
2026-09-10 03:00:00,High-Pressure Exothermic Reactor Vessel,Chemical Synthesis,1.07,none,0.0,0.0,0.0,Shift C (Night),29.2,0.0
2026-09-10 03:00:00,Multistage Boiler Feedwater Injection Pump,High-Pressure Transport,55.94,none,0.0,0.0,1.0,Shift C (Night),60.1,44.02
2026-09-10 03:00:00,Waste Heat Recovery Steam Generation Boiler,Steam Utility,22.22,natural_gas,85.86,0.0,1.0,Shift C (Night),181.5,10.22
2026-09-10 03:00:00,Reciprocating Process Gas Compressor,Gas Compression Utility,37.85,none,0.0,0.0,0.0,Shift C (Night),44.0,25.5
2026-09-10 03:00:00,Closed-Loop Brine Refrigeration Chiller,Thermal Cooling Utility,64.93,none,0.0,0.0,1.0,Shift C (Night),-15.3,7.94
2026-09-10 04:00:00,Catalytic Steam Reforming Furnace,Reforming & Cracking,42.36,natural_gas,196.67,1109.4,1.0,Shift C (Night),813.7,24.61
2026-09-10 04:00:00,Fractionation Distillation Column Reboiler,Fractionation & Separation,57.71,natural_gas,124.37,895.5,1.0,Shift C (Night),208.7,4.55
2026-09-10 04:00:00,High-Pressure Exothermic Reactor Vessel,Chemical Synthesis,1.85,none,0.0,0.0,0.0,Shift C (Night),31.3,0.0
2026-09-10 04:00:00,Multistage Boiler Feedwater Injection Pump,High-Pressure Transport,55.92,none,0.0,0.0,1.0,Shift C (Night),61.0,44.26
2026-09-10 04:00:00,Waste Heat Recovery Steam Generation Boiler,Steam Utility,22.27,natural_gas,86.06,0.0,1.0,Shift C (Night),182.9,9.83
2026-09-10 04:00:00,Reciprocating Process Gas Compressor,Gas Compression Utility,36.46,none,0.0,0.0,0.0,Shift C (Night),44.0,25.5
2026-09-10 04:00:00,Closed-Loop Brine Refrigeration Chiller,Thermal Cooling Utility,62.16,none,0.0,0.0,1.0,Shift C (Night),-14.8,7.93
2026-09-10 05:00:00,Catalytic Steam Reforming Furnace,Reforming & Cracking,42.91,natural_gas,199.23,1123.9,1.0,Shift C (Night),833.7,24.4
2026-09-10 05:00:00,Fractionation Distillation Column Reboiler,Fractionation & Separation,55.86,natural_gas,120.38,866.8,1.0,Shift C (Night),211.9,4.43
2026-09-10 05:00:00,High-Pressure Exothermic Reactor Vessel,Chemical Synthesis,0.69,none,0.0,0.0,0.0,Shift C (Night),31.1,0.0
2026-09-10 05:00:00,Multistage Boiler Feedwater Injection Pump,High-Pressure Transport,53.12,none,0.0,0.0,1.0,Shift C (Night),60.3,44.15
2026-09-10 05:00:00,Waste Heat Recovery Steam Generation Boiler,Steam Utility,21.6,natural_gas,83.45,0.0,1.0,Shift C (Night),186.0,10.17
2026-09-10 05:00:00,Reciprocating Process Gas Compressor,Gas Compression Utility,38.15,none,0.0,0.0,0.0,Shift C (Night),44.0,25.5
2026-09-10 05:00:00,Closed-Loop Brine Refrigeration Chiller,Thermal Cooling Utility,65.08,none,0.0,0.0,1.0,Shift C (Night),-14.9,7.88
2026-09-10 06:00:00,Catalytic Steam Reforming Furnace,Reforming & Cracking,42.36,natural_gas,196.68,1109.5,1.0,Shift A (Morning),828.9,25.34
2026-09-10 06:00:00,Fractionation Distillation Column Reboiler,Fractionation & Separation,56.89,natural_gas,122.6,882.7,1.0,Shift A (Morning),207.6,4.61
2026-09-10 06:00:00,High-Pressure Exothermic Reactor Vessel,Chemical Synthesis,83.38,none,0.0,762.6,1.0,Shift A (Morning),186.3,65.79
2026-09-10 06:00:00,Multistage Boiler Feedwater Injection Pump,High-Pressure Transport,55.61,none,0.0,0.0,1.0,Shift A (Morning),60.5,45.99
2026-09-10 06:00:00,Waste Heat Recovery Steam Generation Boiler,Steam Utility,22.08,natural_gas,85.3,0.0,1.0,Shift A (Morning),186.8,10.0
2026-09-10 06:00:00,Reciprocating Process Gas Compressor,Gas Compression Utility,89.54,none,0.0,0.0,1.0,Shift A (Morning),54.6,29.64
2026-09-10 06:00:00,Closed-Loop Brine Refrigeration Chiller,Thermal Cooling Utility,64.96,none,0.0,0.0,1.0,Shift A (Morning),-14.9,8.11
2026-09-10 07:00:00,Catalytic Steam Reforming Furnace,Reforming & Cracking,40.49,natural_gas,187.99,1060.5,1.0,Shift A (Morning),822.6,25.67
2026-09-10 07:00:00,Fractionation Distillation Column Reboiler,Fractionation & Separation,56.66,natural_gas,122.11,879.2,1.0,Shift A (Morning),210.0,4.37
2026-09-10 07:00:00,High-Pressure Exothermic Reactor Vessel,Chemical Synthesis,82.59,none,0.0,755.4,1.0,Shift A (Morning),193.6,66.51
2026-09-10 07:00:00,Multistage Boiler Feedwater Injection Pump,High-Pressure Transport,56.03,none,0.0,0.0,1.0,Shift A (Morning),61.1,46.11
2026-09-10 07:00:00,Waste Heat Recovery Steam Generation Boiler,Steam Utility,21.3,natural_gas,82.3,0.0,1.0,Shift A (Morning),187.9,9.84
2026-09-10 07:00:00,Reciprocating Process Gas Compressor,Gas Compression Utility,92.93,none,0.0,0.0,1.0,Shift A (Morning),54.5,30.18
2026-09-10 07:00:00,Closed-Loop Brine Refrigeration Chiller,Thermal Cooling Utility,64.92,none,0.0,0.0,1.0,Shift A (Morning),-15.0,7.94
2026-09-10 08:00:00,Catalytic Steam Reforming Furnace,Reforming & Cracking,40.66,natural_gas,188.78,1064.9,1.0,Shift A (Morning),811.9,24.64
2026-09-10 08:00:00,Fractionation Distillation Column Reboiler,Fractionation & Separation,57.58,natural_gas,124.09,893.4,1.0,Shift A (Morning),214.2,4.46
2026-09-10 08:00:00,High-Pressure Exothermic Reactor Vessel,Chemical Synthesis,80.24,none,0.0,733.9,1.0,Shift A (Morning),187.4,64.41
2026-09-10 08:00:00,Multistage Boiler Feedwater Injection Pump,High-Pressure Transport,53.66,none,0.0,0.0,1.0,Shift A (Morning),59.1,44.74
2026-09-10 08:00:00,Waste Heat Recovery Steam Generation Boiler,Steam Utility,22.0,natural_gas,85.0,0.0,1.0,Shift A (Morning),184.2,10.16
2026-09-10 08:00:00,Reciprocating Process Gas Compressor,Gas Compression Utility,89.51,none,0.0,0.0,1.0,Shift A (Morning),55.6,30.7
2026-09-10 08:00:00,Closed-Loop Brine Refrigeration Chiller,Thermal Cooling Utility,63.26,none,0.0,0.0,1.0,Shift A (Morning),-15.0,8.12
2026-09-10 09:00:00,Catalytic Steam Reforming Furnace,Reforming & Cracking,42.28,natural_gas,196.32,1107.4,1.0,Shift A (Morning),813.7,24.67
2026-09-10 09:00:00,Fractionation Distillation Column Reboiler,Fractionation & Separation,55.85,natural_gas,120.37,866.7,1.0,Shift A (Morning),206.3,4.52
2026-09-10 09:00:00,High-Pressure Exothermic Reactor Vessel,Chemical Synthesis,82.04,none,0.0,750.3,1.0,Shift A (Morning),192.2,63.52
2026-09-10 09:00:00,Multistage Boiler Feedwater Injection Pump,High-Pressure Transport,55.74,none,0.0,0.0,1.0,Shift A (Morning),60.4,43.89
2026-09-10 09:00:00,Waste Heat Recovery Steam Generation Boiler,Steam Utility,21.71,natural_gas,83.89,0.0,1.0,Shift A (Morning),185.0,10.26
2026-09-10 09:00:00,Reciprocating Process Gas Compressor,Gas Compression Utility,88.59,none,0.0,0.0,1.0,Shift A (Morning),54.5,29.79
2026-09-10 09:00:00,Closed-Loop Brine Refrigeration Chiller,Thermal Cooling Utility,66.27,none,0.0,0.0,1.0,Shift A (Morning),-14.7,8.16
2026-09-10 10:00:00,Catalytic Steam Reforming Furnace,Reforming & Cracking,42.91,natural_gas,199.21,1123.8,1.0,Shift A (Morning),818.3,25.59
2026-09-10 10:00:00,Fractionation Distillation Column Reboiler,Fractionation & Separation,57.22,natural_gas,123.33,888.0,1.0,Shift A (Morning),212.9,4.44
2026-09-10 10:00:00,High-Pressure Exothermic Reactor Vessel,Chemical Synthesis,79.41,none,0.0,726.3,1.0,Shift A (Morning),187.6,64.07
2026-09-10 10:00:00,Multistage Boiler Feedwater Injection Pump,High-Pressure Transport,56.02,none,0.0,0.0,1.0,Shift A (Morning),60.4,45.0
2026-09-10 10:00:00,Waste Heat Recovery Steam Generation Boiler,Steam Utility,22.23,natural_gas,85.9,0.0,1.0,Shift A (Morning),185.7,10.17
2026-09-10 10:00:00,Reciprocating Process Gas Compressor,Gas Compression Utility,93.76,none,0.0,0.0,1.0,Shift A (Morning),54.5,30.87
2026-09-10 10:00:00,Closed-Loop Brine Refrigeration Chiller,Thermal Cooling Utility,62.76,none,0.0,0.0,1.0,Shift A (Morning),-15.1,8.16
2026-09-10 11:00:00,Catalytic Steam Reforming Furnace,Reforming & Cracking,43.0,natural_gas,199.65,1126.2,1.0,Shift A (Morning),807.4,24.58
2026-09-10 11:00:00,Fractionation Distillation Column Reboiler,Fractionation & Separation,59.07,natural_gas,127.3,916.6,1.0,Shift A (Morning),209.7,4.38
2026-09-10 11:00:00,High-Pressure Exothermic Reactor Vessel,Chemical Synthesis,82.62,none,0.0,755.7,1.0,Shift A (Morning),189.9,64.72
2026-09-10 11:00:00,Multistage Boiler Feedwater Injection Pump,High-Pressure Transport,51.93,none,0.0,0.0,1.0,Shift A (Morning),59.3,45.13
2026-09-10 11:00:00,Waste Heat Recovery Steam Generation Boiler,Steam Utility,21.46,natural_gas,82.91,0.0,1.0,Shift A (Morning),183.1,9.94
2026-09-10 11:00:00,Reciprocating Process Gas Compressor,Gas Compression Utility,90.71,none,0.0,0.0,1.0,Shift A (Morning),54.3,30.72
2026-09-10 11:00:00,Closed-Loop Brine Refrigeration Chiller,Thermal Cooling Utility,65.62,none,0.0,0.0,1.0,Shift A (Morning),-15.1,7.76
2026-09-10 12:00:00,Catalytic Steam Reforming Furnace,Reforming & Cracking,43.01,natural_gas,199.71,1126.5,1.0,Shift A (Morning),812.8,25.26
2026-09-10 12:00:00,Fractionation Distillation Column Reboiler,Fractionation & Separation,57.12,natural_gas,123.11,886.4,1.0,Shift A (Morning),208.0,4.57
2026-09-10 12:00:00,High-Pressure Exothermic Reactor Vessel,Chemical Synthesis,80.49,none,0.0,736.2,1.0,Shift A (Morning),192.3,64.75
2026-09-10 12:00:00,Multistage Boiler Feedwater Injection Pump,High-Pressure Transport,52.38,none,0.0,0.0,1.0,Shift A (Morning),59.6,44.41
2026-09-10 12:00:00,Waste Heat Recovery Steam Generation Boiler,Steam Utility,21.69,natural_gas,83.81,0.0,1.0,Shift A (Morning),183.8,9.75
2026-09-10 12:00:00,Reciprocating Process Gas Compressor,Gas Compression Utility,89.77,none,0.0,0.0,1.0,Shift A (Morning),55.7,29.87
2026-09-10 12:00:00,Closed-Loop Brine Refrigeration Chiller,Thermal Cooling Utility,62.22,none,0.0,0.0,1.0,Shift A (Morning),-14.8,8.02
2026-09-10 13:00:00,Catalytic Steam Reforming Furnace,Reforming & Cracking,43.47,natural_gas,201.85,1138.6,1.0,Shift A (Morning),831.9,24.79
2026-09-10 13:00:00,Fractionation Distillation Column Reboiler,Fractionation & Separation,56.02,natural_gas,120.72,869.2,1.0,Shift A (Morning),205.9,4.55
2026-09-10 13:00:00,High-Pressure Exothermic Reactor Vessel,Chemical Synthesis,80.51,none,0.0,736.4,1.0,Shift A (Morning),187.2,66.82
2026-09-10 13:00:00,Multistage Boiler Feedwater Injection Pump,High-Pressure Transport,53.4,none,0.0,0.0,1.0,Shift A (Morning),59.1,44.95
2026-09-10 13:00:00,Waste Heat Recovery Steam Generation Boiler,Steam Utility,21.13,natural_gas,81.65,0.0,1.0,Shift A (Morning),184.3,10.02
2026-09-10 13:00:00,Reciprocating Process Gas Compressor,Gas Compression Utility,93.02,none,0.0,0.0,1.0,Shift A (Morning),55.0,29.59
2026-09-10 13:00:00,Closed-Loop Brine Refrigeration Chiller,Thermal Cooling Utility,65.93,none,0.0,0.0,1.0,Shift A (Morning),-15.3,8.09
2026-09-10 14:00:00,Catalytic Steam Reforming Furnace,Reforming & Cracking,41.79,natural_gas,194.04,1094.6,1.0,Shift B (Evening),819.0,24.48
2026-09-10 14:00:00,Fractionation Distillation Column Reboiler,Fractionation & Separation,56.55,natural_gas,121.88,877.5,1.0,Shift B (Evening),208.4,4.55
2026-09-10 14:00:00,High-Pressure Exothermic Reactor Vessel,Chemical Synthesis,79.93,none,0.0,731.1,1.0,Shift B (Evening),190.9,64.96
2026-09-10 14:00:00,Multistage Boiler Feedwater Injection Pump,High-Pressure Transport,55.88,none,0.0,0.0,1.0,Shift B (Evening),60.6,44.32
2026-09-10 14:00:00,Waste Heat Recovery Steam Generation Boiler,Steam Utility,21.84,natural_gas,84.37,0.0,1.0,Shift B (Evening),182.5,9.85
2026-09-10 14:00:00,Reciprocating Process Gas Compressor,Gas Compression Utility,89.46,none,0.0,0.0,1.0,Shift B (Evening),54.8,29.91
2026-09-10 14:00:00,Closed-Loop Brine Refrigeration Chiller,Thermal Cooling Utility,66.13,none,0.0,0.0,1.0,Shift B (Evening),-15.0,7.9
2026-09-10 15:00:00,Catalytic Steam Reforming Furnace,Reforming & Cracking,43.28,natural_gas,200.96,1133.6,1.0,Shift B (Evening),814.6,25.01
2026-09-10 15:00:00,Fractionation Distillation Column Reboiler,Fractionation & Separation,58.04,natural_gas,125.09,900.6,1.0,Shift B (Evening),206.8,4.54
2026-09-10 15:00:00,High-Pressure Exothermic Reactor Vessel,Chemical Synthesis,80.64,none,0.0,737.6,1.0,Shift B (Evening),189.1,66.83
2026-09-10 15:00:00,Multistage Boiler Feedwater Injection Pump,High-Pressure Transport,54.61,none,0.0,0.0,1.0,Shift B (Evening),59.9,44.44
2026-09-10 15:00:00,Waste Heat Recovery Steam Generation Boiler,Steam Utility,22.33,natural_gas,86.26,0.0,1.0,Shift B (Evening),188.5,9.87
2026-09-10 15:00:00,Reciprocating Process Gas Compressor,Gas Compression Utility,92.79,none,0.0,0.0,1.0,Shift B (Evening),54.3,29.23
2026-09-10 15:00:00,Closed-Loop Brine Refrigeration Chiller,Thermal Cooling Utility,63.58,none,0.0,0.0,1.0,Shift B (Evening),-14.9,8.18
2026-09-10 16:00:00,Catalytic Steam Reforming Furnace,Reforming & Cracking,40.85,natural_gas,189.65,1069.8,1.0,Shift B (Evening),832.0,25.34
2026-09-10 16:00:00,Fractionation Distillation Column Reboiler,Fractionation & Separation,59.78,natural_gas,128.84,927.7,1.0,Shift B (Evening),209.2,4.44
2026-09-10 16:00:00,High-Pressure Exothermic Reactor Vessel,Chemical Synthesis,84.07,none,0.0,768.9,1.0,Shift B (Evening),193.5,63.07
2026-09-10 16:00:00,Multistage Boiler Feedwater Injection Pump,High-Pressure Transport,54.81,none,0.0,0.0,1.0,Shift B (Evening),59.4,45.4
2026-09-10 16:00:00,Waste Heat Recovery Steam Generation Boiler,Steam Utility,22.7,natural_gas,87.7,0.0,1.0,Shift B (Evening),186.1,9.83
2026-09-10 16:00:00,Reciprocating Process Gas Compressor,Gas Compression Utility,89.69,none,0.0,0.0,1.0,Shift B (Evening),54.3,29.81
2026-09-10 16:00:00,Closed-Loop Brine Refrigeration Chiller,Thermal Cooling Utility,66.06,none,0.0,0.0,1.0,Shift B (Evening),-15.1,7.86
2026-09-10 17:00:00,Catalytic Steam Reforming Furnace,Reforming & Cracking,40.68,natural_gas,188.87,1065.4,1.0,Shift B (Evening),818.4,24.27
2026-09-10 17:00:00,Fractionation Distillation Column Reboiler,Fractionation & Separation,56.81,natural_gas,122.43,881.5,1.0,Shift B (Evening),206.1,4.42
2026-09-10 17:00:00,High-Pressure Exothermic Reactor Vessel,Chemical Synthesis,83.18,none,0.0,760.8,1.0,Shift B (Evening),187.9,63.83
2026-09-10 17:00:00,Multistage Boiler Feedwater Injection Pump,High-Pressure Transport,54.67,none,0.0,0.0,1.0,Shift B (Evening),60.7,45.44
2026-09-10 17:00:00,Waste Heat Recovery Steam Generation Boiler,Steam Utility,22.68,natural_gas,87.63,0.0,1.0,Shift B (Evening),182.0,9.71
2026-09-10 17:00:00,Reciprocating Process Gas Compressor,Gas Compression Utility,91.25,none,0.0,0.0,1.0,Shift B (Evening),54.5,30.57
2026-09-10 17:00:00,Closed-Loop Brine Refrigeration Chiller,Thermal Cooling Utility,62.25,none,0.0,0.0,1.0,Shift B (Evening),-15.0,8.02
2026-09-10 18:00:00,Catalytic Steam Reforming Furnace,Reforming & Cracking,43.24,natural_gas,200.75,1132.4,1.0,Shift B (Evening),832.2,24.58
2026-09-10 18:00:00,Fractionation Distillation Column Reboiler,Fractionation & Separation,58.13,natural_gas,125.29,902.1,1.0,Shift B (Evening),211.6,4.61
2026-09-10 18:00:00,High-Pressure Exothermic Reactor Vessel,Chemical Synthesis,82.95,none,0.0,758.7,1.0,Shift B (Evening),189.0,63.81
2026-09-10 18:00:00,Multistage Boiler Feedwater Injection Pump,High-Pressure Transport,52.32,none,0.0,0.0,1.0,Shift B (Evening),59.5,46.04
2026-09-10 18:00:00,Waste Heat Recovery Steam Generation Boiler,Steam Utility,22.69,natural_gas,87.68,0.0,1.0,Shift B (Evening),185.5,10.03
2026-09-10 18:00:00,Reciprocating Process Gas Compressor,Gas Compression Utility,89.01,none,0.0,0.0,1.0,Shift B (Evening),55.0,29.57
2026-09-10 18:00:00,Closed-Loop Brine Refrigeration Chiller,Thermal Cooling Utility,61.88,none,0.0,0.0,1.0,Shift B (Evening),-14.9,8.15
2026-09-10 19:00:00,Catalytic Steam Reforming Furnace,Reforming & Cracking,40.39,natural_gas,187.54,1057.9,1.0,Shift B (Evening),816.0,24.89
2026-09-10 19:00:00,Fractionation Distillation Column Reboiler,Fractionation & Separation,58.0,natural_gas,125.0,900.0,1.0,Shift B (Evening),212.9,4.43
2026-09-10 19:00:00,High-Pressure Exothermic Reactor Vessel,Chemical Synthesis,81.21,none,0.0,742.8,1.0,Shift B (Evening),186.7,64.6
2026-09-10 19:00:00,Multistage Boiler Feedwater Injection Pump,High-Pressure Transport,55.95,none,0.0,0.0,1.0,Shift B (Evening),59.8,46.32
2026-09-10 19:00:00,Waste Heat Recovery Steam Generation Boiler,Steam Utility,21.43,natural_gas,82.79,0.0,1.0,Shift B (Evening),182.4,10.22
2026-09-10 19:00:00,Reciprocating Process Gas Compressor,Gas Compression Utility,91.96,none,0.0,0.0,1.0,Shift B (Evening),55.3,29.34
2026-09-10 19:00:00,Closed-Loop Brine Refrigeration Chiller,Thermal Cooling Utility,66.22,none,0.0,0.0,1.0,Shift B (Evening),-15.3,7.81
2026-09-10 20:00:00,Catalytic Steam Reforming Furnace,Reforming & Cracking,42.95,natural_gas,199.4,1124.8,1.0,Shift B (Evening),836.2,24.47
2026-09-10 20:00:00,Fractionation Distillation Column Reboiler,Fractionation & Separation,60.13,natural_gas,129.58,933.0,1.0,Shift B (Evening),209.4,4.54
2026-09-10 20:00:00,High-Pressure Exothermic Reactor Vessel,Chemical Synthesis,84.9,none,0.0,776.6,1.0,Shift B (Evening),192.1,64.37
2026-09-10 20:00:00,Multistage Boiler Feedwater Injection Pump,High-Pressure Transport,55.97,none,0.0,0.0,1.0,Shift B (Evening),59.1,43.81
2026-09-10 20:00:00,Waste Heat Recovery Steam Generation Boiler,Steam Utility,21.63,natural_gas,83.57,0.0,1.0,Shift B (Evening),181.9,10.22
2026-09-10 20:00:00,Reciprocating Process Gas Compressor,Gas Compression Utility,94.53,none,0.0,0.0,1.0,Shift B (Evening),55.9,29.99
2026-09-10 20:00:00,Closed-Loop Brine Refrigeration Chiller,Thermal Cooling Utility,64.78,none,0.0,0.0,1.0,Shift B (Evening),-14.9,8.1
2026-09-10 21:00:00,Catalytic Steam Reforming Furnace,Reforming & Cracking,43.29,natural_gas,200.99,1133.8,1.0,Shift B (Evening),805.7,25.1
2026-09-10 21:00:00,Fractionation Distillation Column Reboiler,Fractionation & Separation,58.52,natural_gas,126.12,908.0,1.0,Shift B (Evening),211.2,4.41
2026-09-10 21:00:00,High-Pressure Exothermic Reactor Vessel,Chemical Synthesis,84.99,none,0.0,777.4,1.0,Shift B (Evening),190.2,64.68
2026-09-10 21:00:00,Multistage Boiler Feedwater Injection Pump,High-Pressure Transport,53.46,none,0.0,0.0,1.0,Shift B (Evening),61.2,44.23
2026-09-10 21:00:00,Waste Heat Recovery Steam Generation Boiler,Steam Utility,22.09,natural_gas,85.36,0.0,1.0,Shift B (Evening),186.9,10.03
2026-09-10 21:00:00,Reciprocating Process Gas Compressor,Gas Compression Utility,94.28,none,0.0,0.0,1.0,Shift B (Evening),56.0,29.3
2026-09-10 21:00:00,Closed-Loop Brine Refrigeration Chiller,Thermal Cooling Utility,61.65,none,0.0,0.0,1.0,Shift B (Evening),-15.3,7.99
2026-09-10 22:00:00,Catalytic Steam Reforming Furnace,Reforming & Cracking,40.98,natural_gas,190.26,1073.2,1.0,Shift C (Night),820.8,25.71
2026-09-10 22:00:00,Fractionation Distillation Column Reboiler,Fractionation & Separation,56.06,natural_gas,120.83,870.0,1.0,Shift C (Night),208.2,4.42
2026-09-10 22:00:00,High-Pressure Exothermic Reactor Vessel,Chemical Synthesis,78.84,none,0.0,721.1,1.0,Shift C (Night),190.9,65.4
2026-09-10 22:00:00,Multistage Boiler Feedwater Injection Pump,High-Pressure Transport,55.96,none,0.0,0.0,1.0,Shift C (Night),58.9,43.79
2026-09-10 22:00:00,Waste Heat Recovery Steam Generation Boiler,Steam Utility,22.61,natural_gas,87.35,0.0,1.0,Shift C (Night),186.8,9.93
2026-09-10 22:00:00,Reciprocating Process Gas Compressor,Gas Compression Utility,91.25,none,0.0,0.0,1.0,Shift C (Night),54.0,29.11
2026-09-10 22:00:00,Closed-Loop Brine Refrigeration Chiller,Thermal Cooling Utility,62.35,none,0.0,0.0,1.0,Shift C (Night),-15.1,7.9
2026-09-10 23:00:00,Catalytic Steam Reforming Furnace,Reforming & Cracking,41.28,natural_gas,191.65,1081.1,1.0,Shift C (Night),830.7,25.59
2026-09-10 23:00:00,Fractionation Distillation Column Reboiler,Fractionation & Separation,57.76,natural_gas,124.49,896.3,1.0,Shift C (Night),210.2,4.51
2026-09-10 23:00:00,High-Pressure Exothermic Reactor Vessel,Chemical Synthesis,82.19,none,0.0,751.8,1.0,Shift C (Night),187.5,63.95
2026-09-10 23:00:00,Multistage Boiler Feedwater Injection Pump,High-Pressure Transport,53.84,none,0.0,0.0,1.0,Shift C (Night),60.1,46.05
2026-09-10 23:00:00,Waste Heat Recovery Steam Generation Boiler,Steam Utility,22.77,natural_gas,87.99,0.0,1.0,Shift C (Night),182.4,10.17
2026-09-10 23:00:00,Reciprocating Process Gas Compressor,Gas Compression Utility,36.04,none,0.0,0.0,0.0,Shift C (Night),44.0,25.5
2026-09-10 23:00:00,Closed-Loop Brine Refrigeration Chiller,Thermal Cooling Utility,62.13,none,0.0,0.0,1.0,Shift C (Night),-15.0,8.09
