timestamp,equipment,process,electricity_kwh,fuel_type,fuel_quantity,production_volume,operating_hours,shift,temperature,pressure
2026-08-28 00:00:00,Medium Frequency Induction Melting Furnace (5T),Melting & Refining,285.99,none,0.0,884.0,1.0,Shift C (Night),1546.4,0.97
2026-08-28 00:00:00,Oxy-Fuel Ladle Pre-Heating Station,Ladle Heating Utility,12.05,natural_gas,55.21,0.0,1.0,Shift C (Night),1107.4,1.97
2026-08-28 00:00:00,Continuous Billet Casting Machine,Continuous Casting,61.97,none,0.0,779.7,1.0,Shift C (Night),1165.3,3.09
2026-08-28 00:00:00,Soaking Pit Reheating Furnace,Reheating & Rolling,0.94,natural_gas,0.0,0.0,0.0,Shift C (Night),28.9,0.0
2026-08-28 00:00:00,Heavy Hydraulic Forging Press (1200T),Hot Forging & Pressing,1.51,none,0.0,0.0,0.0,Shift C (Night),28.9,0.0
2026-08-28 00:00:00,High-Pressure Hydraulic Power Pack,Hydraulic Utility,28.06,none,0.0,0.0,0.0,Shift C (Night),41.6,178.5
2026-08-28 00:00:00,Primary Cooling Tower & Water Pump Station,Cooling Utility,47.02,none,0.0,0.0,1.0,Shift C (Night),27.5,3.83
2026-08-28 01:00:00,Medium Frequency Induction Melting Furnace (5T),Melting & Refining,282.43,none,0.0,873.0,1.0,Shift C (Night),1544.7,1.0
2026-08-28 01:00:00,Oxy-Fuel Ladle Pre-Heating Station,Ladle Heating Utility,12.07,natural_gas,55.3,0.0,1.0,Shift C (Night),1096.1,2.04
2026-08-28 01:00:00,Continuous Billet Casting Machine,Continuous Casting,62.4,none,0.0,785.0,1.0,Shift C (Night),1155.9,3.07
2026-08-28 01:00:00,Soaking Pit Reheating Furnace,Reheating & Rolling,1.97,natural_gas,0.0,0.0,0.0,Shift C (Night),31.0,0.0
2026-08-28 01:00:00,Heavy Hydraulic Forging Press (1200T),Hot Forging & Pressing,1.59,none,0.0,0.0,0.0,Shift C (Night),31.9,0.0
2026-08-28 01:00:00,High-Pressure Hydraulic Power Pack,Hydraulic Utility,32.02,none,0.0,0.0,0.0,Shift C (Night),41.6,178.5
2026-08-28 01:00:00,Primary Cooling Tower & Water Pump Station,Cooling Utility,47.09,none,0.0,0.0,1.0,Shift C (Night),27.9,3.89
2026-08-28 02:00:00,Medium Frequency Induction Melting Furnace (5T),Melting & Refining,284.61,none,0.0,879.7,1.0,Shift C (Night),1538.8,0.99
2026-08-28 02:00:00,Oxy-Fuel Ladle Pre-Heating Station,Ladle Heating Utility,12.44,natural_gas,57.02,0.0,1.0,Shift C (Night),1083.9,2.04
2026-08-28 02:00:00,Continuous Billet Casting Machine,Continuous Casting,64.41,none,0.0,810.3,1.0,Shift C (Night),1138.4,3.01
2026-08-28 02:00:00,Soaking Pit Reheating Furnace,Reheating & Rolling,0.78,natural_gas,0.0,0.0,0.0,Shift C (Night),31.9,0.0
2026-08-28 02:00:00,Heavy Hydraulic Forging Press (1200T),Hot Forging & Pressing,1.7,none,0.0,0.0,0.0,Shift C (Night),30.0,0.0
2026-08-28 02:00:00,High-Pressure Hydraulic Power Pack,Hydraulic Utility,30.38,none,0.0,0.0,0.0,Shift C (Night),41.6,178.5
2026-08-28 02:00:00,Primary Cooling Tower & Water Pump Station,Cooling Utility,47.28,none,0.0,0.0,1.0,Shift C (Night),28.3,3.82
2026-08-28 03:00:00,Medium Frequency Induction Melting Furnace (5T),Melting & Refining,279.84,none,0.0,865.0,1.0,Shift C (Night),1563.5,1.01
2026-08-28 03:00:00,Oxy-Fuel Ladle Pre-Heating Station,Ladle Heating Utility,12.05,natural_gas,55.24,0.0,1.0,Shift C (Night),1121.3,2.0
2026-08-28 03:00:00,Continuous Billet Casting Machine,Continuous Casting,62.37,none,0.0,784.6,1.0,Shift C (Night),1129.4,3.02
2026-08-28 03:00:00,Soaking Pit Reheating Furnace,Reheating & Rolling,1.3,natural_gas,0.0,0.0,0.0,Shift C (Night),29.7,0.0
2026-08-28 03:00:00,Heavy Hydraulic Forging Press (1200T),Hot Forging & Pressing,1.93,none,0.0,0.0,0.0,Shift C (Night),28.7,0.0
2026-08-28 03:00:00,High-Pressure Hydraulic Power Pack,Hydraulic Utility,30.8,none,0.0,0.0,0.0,Shift C (Night),41.6,178.5
2026-08-28 03:00:00,Primary Cooling Tower & Water Pump Station,Cooling Utility,48.23,none,0.0,0.0,1.0,Shift C (Night),27.5,3.77
2026-08-28 04:00:00,Medium Frequency Induction Melting Furnace (5T),Melting & Refining,283.09,none,0.0,875.0,1.0,Shift C (Night),1528.2,1.01
2026-08-28 04:00:00,Oxy-Fuel Ladle Pre-Heating Station,Ladle Heating Utility,11.58,natural_gas,53.09,0.0,1.0,Shift C (Night),1109.6,2.01
2026-08-28 04:00:00,Continuous Billet Casting Machine,Continuous Casting,64.22,none,0.0,807.9,1.0,Shift C (Night),1160.5,3.04
2026-08-28 04:00:00,Soaking Pit Reheating Furnace,Reheating & Rolling,1.29,natural_gas,0.0,0.0,0.0,Shift C (Night),30.8,0.0
2026-08-28 04:00:00,Heavy Hydraulic Forging Press (1200T),Hot Forging & Pressing,1.92,none,0.0,0.0,0.0,Shift C (Night),31.9,0.0
2026-08-28 04:00:00,High-Pressure Hydraulic Power Pack,Hydraulic Utility,29.08,none,0.0,0.0,0.0,Shift C (Night),41.6,178.5
2026-08-28 04:00:00,Primary Cooling Tower & Water Pump Station,Cooling Utility,47.82,none,0.0,0.0,1.0,Shift C (Night),28.0,3.84
2026-08-28 05:00:00,Medium Frequency Induction Melting Furnace (5T),Melting & Refining,271.27,none,0.0,838.5,1.0,Shift C (Night),1554.3,1.02
2026-08-28 05:00:00,Oxy-Fuel Ladle Pre-Heating Station,Ladle Heating Utility,12.43,natural_gas,56.96,0.0,1.0,Shift C (Night),1084.3,2.0
2026-08-28 05:00:00,Continuous Billet Casting Machine,Continuous Casting,62.9,none,0.0,791.3,1.0,Shift C (Night),1141.5,2.91
2026-08-28 05:00:00,Soaking Pit Reheating Furnace,Reheating & Rolling,1.45,natural_gas,0.0,0.0,0.0,Shift C (Night),30.8,0.0
2026-08-28 05:00:00,Heavy Hydraulic Forging Press (1200T),Hot Forging & Pressing,1.1,none,0.0,0.0,0.0,Shift C (Night),28.5,0.0
2026-08-28 05:00:00,High-Pressure Hydraulic Power Pack,Hydraulic Utility,32.89,none,0.0,0.0,0.0,Shift C (Night),41.6,178.5
2026-08-28 05:00:00,Primary Cooling Tower & Water Pump Station,Cooling Utility,48.44,none,0.0,0.0,1.0,Shift C (Night),28.0,3.85
2026-08-28 06:00:00,Medium Frequency Induction Melting Furnace (5T),Melting & Refining,280.12,none,0.0,865.8,1.0,Shift A (Morning),1534.4,1.01
2026-08-28 06:00:00,Oxy-Fuel Ladle Pre-Heating Station,Ladle Heating Utility,12.25,natural_gas,56.14,0.0,1.0,Shift A (Morning),1085.9,1.96
2026-08-28 06:00:00,Continuous Billet Casting Machine,Continuous Casting,62.74,none,0.0,789.3,1.0,Shift A (Morning),1149.8,2.93
2026-08-28 06:00:00,Soaking Pit Reheating Furnace,Reheating & Rolling,33.85,natural_gas,91.88,870.4,1.0,Shift A (Morning),1241.8,1.21
2026-08-28 06:00:00,Heavy Hydraulic Forging Press (1200T),Hot Forging & Pressing,91.16,none,0.0,621.6,1.0,Shift A (Morning),975.6,218.78
2026-08-28 06:00:00,High-Pressure Hydraulic Power Pack,Hydraulic Utility,73.13,none,0.0,0.0,1.0,Shift A (Morning),51.2,208.03
2026-08-28 06:00:00,Primary Cooling Tower & Water Pump Station,Cooling Utility,46.45,none,0.0,0.0,1.0,Shift A (Morning),27.8,3.85
2026-08-28 07:00:00,Medium Frequency Induction Melting Furnace (5T),Melting & Refining,283.34,none,0.0,875.8,1.0,Shift A (Morning),1550.0,0.98
2026-08-28 07:00:00,Oxy-Fuel Ladle Pre-Heating Station,Ladle Heating Utility,11.91,natural_gas,54.57,0.0,1.0,Shift A (Morning),1088.0,2.06
2026-08-28 07:00:00,Continuous Billet Casting Machine,Continuous Casting,62.66,none,0.0,788.3,1.0,Shift A (Morning),1142.6,3.05
2026-08-28 07:00:00,Soaking Pit Reheating Furnace,Reheating & Rolling,35.07,natural_gas,95.18,901.7,1.0,Shift A (Morning),1196.6,1.21
2026-08-28 07:00:00,Heavy Hydraulic Forging Press (1200T),Hot Forging & Pressing,91.39,none,0.0,623.1,1.0,Shift A (Morning),962.7,218.33
2026-08-28 07:00:00,High-Pressure Hydraulic Power Pack,Hydraulic Utility,70.09,none,0.0,0.0,1.0,Shift A (Morning),53.0,210.37
2026-08-28 07:00:00,Primary Cooling Tower & Water Pump Station,Cooling Utility,46.1,none,0.0,0.0,1.0,Shift A (Morning),27.9,3.69
2026-08-28 08:00:00,Medium Frequency Induction Melting Furnace (5T),Melting & Refining,283.91,none,0.0,877.5,1.0,Shift A (Morning),1553.9,1.02
2026-08-28 08:00:00,Oxy-Fuel Ladle Pre-Heating Station,Ladle Heating Utility,12.44,natural_gas,57.01,0.0,1.0,Shift A (Morning),1086.3,2.01
2026-08-28 08:00:00,Continuous Billet Casting Machine,Continuous Casting,60.42,none,0.0,760.1,1.0,Shift A (Morning),1137.0,2.97
2026-08-28 08:00:00,Soaking Pit Reheating Furnace,Reheating & Rolling,36.04,natural_gas,97.83,926.8,1.0,Shift A (Morning),1240.1,1.21
2026-08-28 08:00:00,Heavy Hydraulic Forging Press (1200T),Hot Forging & Pressing,88.52,none,0.0,603.6,1.0,Shift A (Morning),995.3,222.72
2026-08-28 08:00:00,High-Pressure Hydraulic Power Pack,Hydraulic Utility,74.19,none,0.0,0.0,1.0,Shift A (Morning),51.3,205.58
2026-08-28 08:00:00,Primary Cooling Tower & Water Pump Station,Cooling Utility,49.22,none,0.0,0.0,1.0,Shift A (Morning),27.5,3.69
2026-08-28 09:00:00,Medium Frequency Induction Melting Furnace (5T),Melting & Refining,275.83,none,0.0,852.6,1.0,Shift A (Morning),1578.4,1.03
2026-08-28 09:00:00,Oxy-Fuel Ladle Pre-Heating Station,Ladle Heating Utility,12.29,natural_gas,56.35,0.0,1.0,Shift A (Morning),1091.7,1.97
2026-08-28 09:00:00,Continuous Billet Casting Machine,Continuous Casting,61.25,none,0.0,770.6,1.0,Shift A (Morning),1135.3,3.0
2026-08-28 09:00:00,Soaking Pit Reheating Furnace,Reheating & Rolling,36.12,natural_gas,98.04,928.8,1.0,Shift A (Morning),1219.9,1.21
2026-08-28 09:00:00,Heavy Hydraulic Forging Press (1200T),Hot Forging & Pressing,91.5,none,0.0,623.9,1.0,Shift A (Morning),996.5,225.78
2026-08-28 09:00:00,High-Pressure Hydraulic Power Pack,Hydraulic Utility,74.47,none,0.0,0.0,1.0,Shift A (Morning),52.1,208.6
2026-08-28 09:00:00,Primary Cooling Tower & Water Pump Station,Cooling Utility,47.8,none,0.0,0.0,1.0,Shift A (Morning),27.6,3.81
2026-08-28 10:00:00,Medium Frequency Induction Melting Furnace (5T),Melting & Refining,271.44,none,0.0,839.0,1.0,Shift A (Morning),1541.7,0.98
2026-08-28 10:00:00,Oxy-Fuel Ladle Pre-Heating Station,Ladle Heating Utility,12.3,natural_gas,56.4,0.0,1.0,Shift A (Morning),1086.3,1.99
2026-08-28 10:00:00,Continuous Billet Casting Machine,Continuous Casting,61.3,none,0.0,771.2,1.0,Shift A (Morning),1169.2,3.08
2026-08-28 10:00:00,Soaking Pit Reheating Furnace,Reheating & Rolling,35.87,natural_gas,97.36,922.4,1.0,Shift A (Morning),1240.0,1.21
2026-08-28 10:00:00,Heavy Hydraulic Forging Press (1200T),Hot Forging & Pressing,90.39,none,0.0,616.3,1.0,Shift A (Morning),964.3,220.26
2026-08-28 10:00:00,High-Pressure Hydraulic Power Pack,Hydraulic Utility,72.94,none,0.0,0.0,1.0,Shift A (Morning),51.6,210.34
2026-08-28 10:00:00,Primary Cooling Tower & Water Pump Station,Cooling Utility,48.29,none,0.0,0.0,1.0,Shift A (Morning),28.0,3.78
2026-08-28 11:00:00,Medium Frequency Induction Melting Furnace (5T),Melting & Refining,276.02,none,0.0,853.2,1.0,Shift A (Morning),1531.5,0.99
2026-08-28 11:00:00,Oxy-Fuel Ladle Pre-Heating Station,Ladle Heating Utility,11.95,natural_gas,54.77,0.0,1.0,Shift A (Morning),1086.7,2.05
2026-08-28 11:00:00,Continuous Billet Casting Machine,Continuous Casting,61.63,none,0.0,775.4,1.0,Shift A (Morning),1147.0,2.92
2026-08-28 11:00:00,Soaking Pit Reheating Furnace,Reheating & Rolling,33.67,natural_gas,91.38,865.7,1.0,Shift A (Morning),1200.7,1.2
2026-08-28 11:00:00,Heavy Hydraulic Forging Press (1200T),Hot Forging & Pressing,88.77,none,0.0,605.3,1.0,Shift A (Morning),972.4,226.5
2026-08-28 11:00:00,High-Pressure Hydraulic Power Pack,Hydraulic Utility,73.56,none,0.0,0.0,1.0,Shift A (Morning),52.6,212.51
2026-08-28 11:00:00,Primary Cooling Tower & Water Pump Station,Cooling Utility,48.11,none,0.0,0.0,1.0,Shift A (Morning),27.5,3.9
2026-08-28 12:00:00,Medium Frequency Induction Melting Furnace (5T),Melting & Refining,270.76,none,0.0,836.9,1.0,Shift A (Morning),1555.4,1.02
2026-08-28 12:00:00,Oxy-Fuel Ladle Pre-Heating Station,Ladle Heating Utility,12.04,natural_gas,55.19,0.0,1.0,Shift A (Morning),1106.2,2.03
2026-08-28 12:00:00,Continuous Billet Casting Machine,Continuous Casting,62.17,none,0.0,782.1,1.0,Shift A (Morning),1129.2,2.96
2026-08-28 12:00:00,Soaking Pit Reheating Furnace,Reheating & Rolling,34.13,natural_gas,92.63,877.6,1.0,Shift A (Morning),1242.7,1.17
2026-08-28 12:00:00,Heavy Hydraulic Forging Press (1200T),Hot Forging & Pressing,90.29,none,0.0,615.6,1.0,Shift A (Morning),994.6,223.15
2026-08-28 12:00:00,High-Pressure Hydraulic Power Pack,Hydraulic Utility,72.14,none,0.0,0.0,1.0,Shift A (Morning),51.3,208.37
2026-08-28 12:00:00,Primary Cooling Tower & Water Pump Station,Cooling Utility,48.76,none,0.0,0.0,1.0,Shift A (Morning),28.5,3.71
2026-08-28 13:00:00,Medium Frequency Induction Melting Furnace (5T),Melting & Refining,284.9,none,0.0,880.6,1.0,Shift A (Morning),1574.3,1.01
2026-08-28 13:00:00,Oxy-Fuel Ladle Pre-Heating Station,Ladle Heating Utility,11.59,natural_gas,53.12,0.0,1.0,Shift A (Morning),1087.0,1.96
2026-08-28 13:00:00,Continuous Billet Casting Machine,Continuous Casting,62.7,none,0.0,788.8,1.0,Shift A (Morning),1127.7,3.08
2026-08-28 13:00:00,Soaking Pit Reheating Furnace,Reheating & Rolling,34.18,natural_gas,92.77,878.8,1.0,Shift A (Morning),1229.2,1.23
2026-08-28 13:00:00,Heavy Hydraulic Forging Press (1200T),Hot Forging & Pressing,84.51,none,0.0,576.2,1.0,Shift A (Morning),969.8,224.14
2026-08-28 13:00:00,High-Pressure Hydraulic Power Pack,Hydraulic Utility,73.91,none,0.0,0.0,1.0,Shift A (Morning),53.0,216.14
2026-08-28 13:00:00,Primary Cooling Tower & Water Pump Station,Cooling Utility,49.25,none,0.0,0.0,1.0,Shift A (Morning),27.9,3.88
2026-08-28 14:00:00,Medium Frequency Induction Melting Furnace (5T),Melting & Refining,264.98,none,0.0,819.0,1.0,Shift B (Evening),1527.8,0.98
2026-08-28 14:00:00,Oxy-Fuel Ladle Pre-Heating Station,Ladle Heating Utility,12.16,natural_gas,55.74,0.0,1.0,Shift B (Evening),1116.8,1.99
2026-08-28 14:00:00,Continuous Billet Casting Machine,Continuous Casting,62.35,none,0.0,784.4,1.0,Shift B (Evening),1166.7,3.02
2026-08-28 14:00:00,Soaking Pit Reheating Furnace,Reheating & Rolling,34.17,natural_gas,92.76,878.8,1.0,Shift B (Evening),1238.5,1.22
2026-08-28 14:00:00,Heavy Hydraulic Forging Press (1200T),Hot Forging & Pressing,86.4,none,0.0,589.1,1.0,Shift B (Evening),987.5,218.89
2026-08-28 14:00:00,High-Pressure Hydraulic Power Pack,Hydraulic Utility,71.5,none,0.0,0.0,1.0,Shift B (Evening),51.5,215.05
2026-08-28 14:00:00,Primary Cooling Tower & Water Pump Station,Cooling Utility,49.22,none,0.0,0.0,1.0,Shift B (Evening),28.0,3.82
2026-08-28 15:00:00,Medium Frequency Induction Melting Furnace (5T),Melting & Refining,277.78,none,0.0,858.6,1.0,Shift B (Evening),1543.5,1.01
2026-08-28 15:00:00,Oxy-Fuel Ladle Pre-Heating Station,Ladle Heating Utility,11.95,natural_gas,54.78,0.0,1.0,Shift B (Evening),1107.2,1.97
2026-08-28 15:00:00,Continuous Billet Casting Machine,Continuous Casting,62.68,none,0.0,788.6,1.0,Shift B (Evening),1132.3,3.07
2026-08-28 15:00:00,Soaking Pit Reheating Furnace,Reheating & Rolling,34.97,natural_gas,94.91,899.2,1.0,Shift B (Evening),1204.5,1.19
2026-08-28 15:00:00,Heavy Hydraulic Forging Press (1200T),Hot Forging & Pressing,91.12,none,0.0,621.3,1.0,Shift B (Evening),970.5,222.39
2026-08-28 15:00:00,High-Pressure Hydraulic Power Pack,Hydraulic Utility,74.48,none,0.0,0.0,1.0,Shift B (Evening),51.8,210.46
2026-08-28 15:00:00,Primary Cooling Tower & Water Pump Station,Cooling Utility,47.17,none,0.0,0.0,1.0,Shift B (Evening),28.1,3.71
2026-08-28 16:00:00,Medium Frequency Induction Melting Furnace (5T),Melting & Refining,266.63,none,0.0,824.1,1.0,Shift B (Evening),1570.0,1.02
2026-08-28 16:00:00,Oxy-Fuel Ladle Pre-Heating Station,Ladle Heating Utility,12.43,natural_gas,56.98,0.0,1.0,Shift B (Evening),1102.4,2.0
2026-08-28 16:00:00,Continuous Billet Casting Machine,Continuous Casting,60.15,none,0.0,756.7,1.0,Shift B (Evening),1172.8,2.99
2026-08-28 16:00:00,Soaking Pit Reheating Furnace,Reheating & Rolling,33.91,natural_gas,92.03,871.9,1.0,Shift B (Evening),1206.8,1.22
2026-08-28 16:00:00,Heavy Hydraulic Forging Press (1200T),Hot Forging & Pressing,85.78,none,0.0,584.9,1.0,Shift B (Evening),990.3,224.04
2026-08-28 16:00:00,High-Pressure Hydraulic Power Pack,Hydraulic Utility,70.51,none,0.0,0.0,1.0,Shift B (Evening),52.2,209.22
2026-08-28 16:00:00,Primary Cooling Tower & Water Pump Station,Cooling Utility,46.63,none,0.0,0.0,1.0,Shift B (Evening),28.1,3.7
2026-08-28 17:00:00,Medium Frequency Induction Melting Furnace (5T),Melting & Refining,284.54,none,0.0,879.5,1.0,Shift B (Evening),1566.5,0.98
2026-08-28 17:00:00,Oxy-Fuel Ladle Pre-Heating Station,Ladle Heating Utility,11.72,natural_gas,53.73,0.0,1.0,Shift B (Evening),1092.0,2.01
2026-08-28 17:00:00,Continuous Billet Casting Machine,Continuous Casting,64.23,none,0.0,808.0,1.0,Shift B (Evening),1142.7,3.08
2026-08-28 17:00:00,Soaking Pit Reheating Furnace,Reheating & Rolling,36.18,natural_gas,98.21,930.4,1.0,Shift B (Evening),1212.7,1.18
2026-08-28 17:00:00,Heavy Hydraulic Forging Press (1200T),Hot Forging & Pressing,89.01,none,0.0,606.9,1.0,Shift B (Evening),975.7,215.42
2026-08-28 17:00:00,High-Pressure Hydraulic Power Pack,Hydraulic Utility,70.8,none,0.0,0.0,1.0,Shift B (Evening),51.1,206.02
2026-08-28 17:00:00,Primary Cooling Tower & Water Pump Station,Cooling Utility,46.83,none,0.0,0.0,1.0,Shift B (Evening),28.2,3.79
2026-08-28 18:00:00,Medium Frequency Induction Melting Furnace (5T),Melting & Refining,283.17,none,0.0,875.3,1.0,Shift B (Evening),1523.3,0.98
2026-08-28 18:00:00,Oxy-Fuel Ladle Pre-Heating Station,Ladle Heating Utility,12.03,natural_gas,55.13,0.0,1.0,Shift B (Evening),1102.5,1.96
2026-08-28 18:00:00,Continuous Billet Casting Machine,Continuous Casting,64.3,none,0.0,809.0,1.0,Shift B (Evening),1129.6,3.03
2026-08-28 18:00:00,Soaking Pit Reheating Furnace,Reheating & Rolling,34.75,natural_gas,94.32,893.5,1.0,Shift B (Evening),1221.7,1.21
2026-08-28 18:00:00,Heavy Hydraulic Forging Press (1200T),Hot Forging & Pressing,85.68,none,0.0,584.2,1.0,Shift B (Evening),997.0,218.29
2026-08-28 18:00:00,High-Pressure Hydraulic Power Pack,Hydraulic Utility,69.95,none,0.0,0.0,1.0,Shift B (Evening),51.2,206.64
2026-08-28 18:00:00,Primary Cooling Tower & Water Pump Station,Cooling Utility,47.54,none,0.0,0.0,1.0,Shift B (Evening),28.1,3.87
2026-08-28 19:00:00,Medium Frequency Induction Melting Furnace (5T),Melting & Refining,280.91,none,0.0,868.3,1.0,Shift B (Evening),1526.4,0.98
2026-08-28 19:00:00,Oxy-Fuel Ladle Pre-Heating Station,Ladle Heating Utility,12.12,natural_gas,55.56,0.0,1.0,Shift B (Evening),1102.8,1.95
2026-08-28 19:00:00,Continuous Billet Casting Machine,Continuous Casting,62.74,none,0.0,789.3,1.0,Shift B (Evening),1168.9,3.08
2026-08-28 19:00:00,Soaking Pit Reheating Furnace,Reheating & Rolling,35.41,natural_gas,96.1,910.4,1.0,Shift B (Evening),1209.4,1.21
2026-08-28 19:00:00,Heavy Hydraulic Forging Press (1200T),Hot Forging & Pressing,87.65,none,0.0,597.6,1.0,Shift B (Evening),989.7,222.41
2026-08-28 19:00:00,High-Pressure Hydraulic Power Pack,Hydraulic Utility,72.65,none,0.0,0.0,1.0,Shift B (Evening),51.7,216.15
2026-08-28 19:00:00,Primary Cooling Tower & Water Pump Station,Cooling Utility,47.83,none,0.0,0.0,1.0,Shift B (Evening),28.5,3.72
2026-08-28 20:00:00,Medium Frequency Induction Melting Furnace (5T),Melting & Refining,275.8,none,0.0,852.5,1.0,Shift B (Evening),1541.3,0.98
2026-08-28 20:00:00,Oxy-Fuel Ladle Pre-Heating Station,Ladle Heating Utility,12.13,natural_gas,55.6,0.0,1.0,Shift B (Evening),1085.7,2.06
2026-08-28 20:00:00,Continuous Billet Casting Machine,Continuous Casting,64.48,none,0.0,811.1,1.0,Shift B (Evening),1167.6,2.98
2026-08-28 20:00:00,Soaking Pit Reheating Furnace,Reheating & Rolling,33.66,natural_gas,91.36,865.5,1.0,Shift B (Evening),1234.9,1.17
2026-08-28 20:00:00,Heavy Hydraulic Forging Press (1200T),Hot Forging & Pressing,87.72,none,0.0,598.1,1.0,Shift B (Evening),988.3,220.55
2026-08-28 20:00:00,High-Pressure Hydraulic Power Pack,Hydraulic Utility,70.43,none,0.0,0.0,1.0,Shift B (Evening),51.8,214.29
2026-08-28 20:00:00,Primary Cooling Tower & Water Pump Station,Cooling Utility,47.44,none,0.0,0.0,1.0,Shift B (Evening),28.5,3.78
2026-08-28 21:00:00,Medium Frequency Induction Melting Furnace (5T),Melting & Refining,273.19,none,0.0,844.4,1.0,Shift B (Evening),1564.5,1.0
2026-08-28 21:00:00,Oxy-Fuel Ladle Pre-Heating Station,Ladle Heating Utility,11.89,natural_gas,54.51,0.0,1.0,Shift B (Evening),1094.0,1.98
2026-08-28 21:00:00,Continuous Billet Casting Machine,Continuous Casting,61.5,none,0.0,773.7,1.0,Shift B (Evening),1160.3,2.95
2026-08-28 21:00:00,Soaking Pit Reheating Furnace,Reheating & Rolling,34.21,natural_gas,92.85,879.6,1.0,Shift B (Evening),1204.9,1.18
2026-08-28 21:00:00,Heavy Hydraulic Forging Press (1200T),Hot Forging & Pressing,90.63,none,0.0,617.9,1.0,Shift B (Evening),986.2,221.57
2026-08-28 21:00:00,High-Pressure Hydraulic Power Pack,Hydraulic Utility,74.31,none,0.0,0.0,1.0,Shift B (Evening),52.1,213.33
2026-08-28 21:00:00,Primary Cooling Tower & Water Pump Station,Cooling Utility,47.65,none,0.0,0.0,1.0,Shift B (Evening),28.2,3.73
2026-08-28 22:00:00,Medium Frequency Induction Melting Furnace (5T),Melting & Refining,267.11,none,0.0,825.6,1.0,Shift C (Night),1525.7,1.01
2026-08-28 22:00:00,Oxy-Fuel Ladle Pre-Heating Station,Ladle Heating Utility,11.81,natural_gas,54.12,0.0,1.0,Shift C (Night),1114.6,2.03
2026-08-28 22:00:00,Continuous Billet Casting Machine,Continuous Casting,62.61,none,0.0,787.7,1.0,Shift C (Night),1129.3,2.95
2026-08-28 22:00:00,Soaking Pit Reheating Furnace,Reheating & Rolling,35.14,natural_gas,95.39,903.7,1.0,Shift C (Night),1203.2,1.19
2026-08-28 22:00:00,Heavy Hydraulic Forging Press (1200T),Hot Forging & Pressing,88.12,none,0.0,600.8,1.0,Shift C (Night),967.5,219.25
2026-08-28 22:00:00,High-Pressure Hydraulic Power Pack,Hydraulic Utility,73.12,none,0.0,0.0,1.0,Shift C (Night),51.8,212.1
2026-08-28 22:00:00,Primary Cooling Tower & Water Pump Station,Cooling Utility,47.13,none,0.0,0.0,1.0,Shift C (Night),28.3,3.81
2026-08-28 23:00:00,Medium Frequency Induction Melting Furnace (5T),Melting & Refining,267.43,none,0.0,826.6,1.0,Shift C (Night),1543.9,1.02
2026-08-28 23:00:00,Oxy-Fuel Ladle Pre-Heating Station,Ladle Heating Utility,11.71,natural_gas,53.67,0.0,1.0,Shift C (Night),1096.1,2.0
2026-08-28 23:00:00,Continuous Billet Casting Machine,Continuous Casting,63.83,none,0.0,803.0,1.0,Shift C (Night),1133.0,3.08
2026-08-28 23:00:00,Soaking Pit Reheating Furnace,Reheating & Rolling,34.49,natural_gas,93.6,886.8,1.0,Shift C (Night),1241.1,1.21
2026-08-28 23:00:00,Heavy Hydraulic Forging Press (1200T),Hot Forging & Pressing,1.63,none,0.0,0.0,0.0,Shift C (Night),31.5,0.0
2026-08-28 23:00:00,High-Pressure Hydraulic Power Pack,Hydraulic Utility,31.38,none,0.0,0.0,0.0,Shift C (Night),41.6,178.5
2026-08-28 23:00:00,Primary Cooling Tower & Water Pump Station,Cooling Utility,49.1,none,0.0,0.0,1.0,Shift C (Night),27.5,3.69
2026-08-29 00:00:00,Medium Frequency Induction Melting Furnace (5T),Melting & Refining,282.97,none,0.0,874.6,1.0,Shift C (Night),1522.3,1.02
2026-08-29 00:00:00,Oxy-Fuel Ladle Pre-Heating Station,Ladle Heating Utility,11.82,natural_gas,54.18,0.0,1.0,Shift C (Night),1117.7,1.96
2026-08-29 00:00:00,Continuous Billet Casting Machine,Continuous Casting,60.27,none,0.0,758.2,1.0,Shift C (Night),1136.8,3.06
2026-08-29 00:00:00,Soaking Pit Reheating Furnace,Reheating & Rolling,1.11,natural_gas,0.0,0.0,0.0,Shift C (Night),31.6,0.0
2026-08-29 00:00:00,Heavy Hydraulic Forging Press (1200T),Hot Forging & Pressing,1.42,none,0.0,0.0,0.0,Shift C (Night),31.3,0.0
2026-08-29 00:00:00,High-Pressure Hydraulic Power Pack,Hydraulic Utility,30.38,none,0.0,0.0,0.0,Shift C (Night),41.6,178.5
2026-08-29 00:00:00,Primary Cooling Tower & Water Pump Station,Cooling Utility,48.78,none,0.0,0.0,1.0,Shift C (Night),27.8,3.71
2026-08-29 01:00:00,Medium Frequency Induction Melting Furnace (5T),Melting & Refining,276.36,none,0.0,854.2,1.0,Shift C (Night),1574.9,0.98
2026-08-29 01:00:00,Oxy-Fuel Ladle Pre-Heating Station,Ladle Heating Utility,11.92,natural_gas,54.63,0.0,1.0,Shift C (Night),1101.4,2.01
2026-08-29 01:00:00,Continuous Billet Casting Machine,Continuous Casting,60.31,none,0.0,758.7,1.0,Shift C (Night),1152.4,2.99
2026-08-29 01:00:00,Soaking Pit Reheating Furnace,Reheating & Rolling,1.98,natural_gas,0.0,0.0,0.0,Shift C (Night),30.8,0.0
2026-08-29 01:00:00,Heavy Hydraulic Forging Press (1200T),Hot Forging & Pressing,1.87,none,0.0,0.0,0.0,Shift C (Night),31.9,0.0
2026-08-29 01:00:00,High-Pressure Hydraulic Power Pack,Hydraulic Utility,31.32,none,0.0,0.0,0.0,Shift C (Night),41.6,178.5
2026-08-29 01:00:00,Primary Cooling Tower & Water Pump Station,Cooling Utility,46.64,none,0.0,0.0,1.0,Shift C (Night),27.9,3.86
2026-08-29 02:00:00,Medium Frequency Induction Melting Furnace (5T),Melting & Refining,266.98,none,0.0,825.2,1.0,Shift C (Night),1542.6,0.99
2026-08-29 02:00:00,Oxy-Fuel Ladle Pre-Heating Station,Ladle Heating Utility,11.68,natural_gas,53.55,0.0,1.0,Shift C (Night),1078.9,2.02
2026-08-29 02:00:00,Continuous Billet Casting Machine,Continuous Casting,63.58,none,0.0,799.8,1.0,Shift C (Night),1169.8,3.02
2026-08-29 02:00:00,Soaking Pit Reheating Furnace,Reheating & Rolling,0.85,natural_gas,0.0,0.0,0.0,Shift C (Night),31.6,0.0
2026-08-29 02:00:00,Heavy Hydraulic Forging Press (1200T),Hot Forging & Pressing,1.96,none,0.0,0.0,0.0,Shift C (Night),31.8,0.0
2026-08-29 02:00:00,High-Pressure Hydraulic Power Pack,Hydraulic Utility,30.83,none,0.0,0.0,0.0,Shift C (Night),41.6,178.5
2026-08-29 02:00:00,Primary Cooling Tower & Water Pump Station,Cooling Utility,49.48,none,0.0,0.0,1.0,Shift C (Night),28.5,3.89
2026-08-29 03:00:00,Medium Frequency Induction Melting Furnace (5T),Melting & Refining,265.52,none,0.0,820.7,1.0,Shift C (Night),1527.4,0.99
2026-08-29 03:00:00,Oxy-Fuel Ladle Pre-Heating Station,Ladle Heating Utility,11.9,natural_gas,54.53,0.0,1.0,Shift C (Night),1084.6,2.06
2026-08-29 03:00:00,Continuous Billet Casting Machine,Continuous Casting,63.44,none,0.0,798.2,1.0,Shift C (Night),1157.8,3.08
2026-08-29 03:00:00,Soaking Pit Reheating Furnace,Reheating & Rolling,1.05,natural_gas,0.0,0.0,0.0,Shift C (Night),30.8,0.0
2026-08-29 03:00:00,Heavy Hydraulic Forging Press (1200T),Hot Forging & Pressing,1.93,none,0.0,0.0,0.0,Shift C (Night),28.3,0.0
2026-08-29 03:00:00,High-Pressure Hydraulic Power Pack,Hydraulic Utility,31.01,none,0.0,0.0,0.0,Shift C (Night),41.6,178.5
2026-08-29 03:00:00,Primary Cooling Tower & Water Pump Station,Cooling Utility,49.15,none,0.0,0.0,1.0,Shift C (Night),27.5,3.89
2026-08-29 04:00:00,Medium Frequency Induction Melting Furnace (5T),Melting & Refining,273.19,none,0.0,844.4,1.0,Shift C (Night),1529.5,1.02
2026-08-29 04:00:00,Oxy-Fuel Ladle Pre-Heating Station,Ladle Heating Utility,11.7,natural_gas,53.64,0.0,1.0,Shift C (Night),1090.3,2.0
2026-08-29 04:00:00,Continuous Billet Casting Machine,Continuous Casting,64.06,none,0.0,806.0,1.0,Shift C (Night),1149.5,3.07
2026-08-29 04:00:00,Soaking Pit Reheating Furnace,Reheating & Rolling,0.67,natural_gas,0.0,0.0,0.0,Shift C (Night),29.0,0.0
2026-08-29 04:00:00,Heavy Hydraulic Forging Press (1200T),Hot Forging & Pressing,1.03,none,0.0,0.0,0.0,Shift C (Night),29.8,0.0
2026-08-29 04:00:00,High-Pressure Hydraulic Power Pack,Hydraulic Utility,30.16,none,0.0,0.0,0.0,Shift C (Night),41.6,178.5
2026-08-29 04:00:00,Primary Cooling Tower & Water Pump Station,Cooling Utility,46.24,none,0.0,0.0,1.0,Shift C (Night),28.3,3.86
2026-08-29 05:00:00,Medium Frequency Induction Melting Furnace (5T),Melting & Refining,274.08,none,0.0,847.1,1.0,Shift C (Night),1524.0,1.0
2026-08-29 05:00:00,Oxy-Fuel Ladle Pre-Heating Station,Ladle Heating Utility,11.65,natural_gas,53.37,0.0,1.0,Shift C (Night),1121.0,2.01
2026-08-29 05:00:00,Continuous Billet Casting Machine,Continuous Casting,63.16,none,0.0,794.6,1.0,Shift C (Night),1127.9,2.98
2026-08-29 05:00:00,Soaking Pit Reheating Furnace,Reheating & Rolling,1.87,natural_gas,0.0,0.0,0.0,Shift C (Night),29.5,0.0
2026-08-29 05:00:00,Heavy Hydraulic Forging Press (1200T),Hot Forging & Pressing,0.65,none,0.0,0.0,0.0,Shift C (Night),30.7,0.0
2026-08-29 05:00:00,High-Pressure Hydraulic Power Pack,Hydraulic Utility,31.48,none,0.0,0.0,0.0,Shift C (Night),41.6,178.5
2026-08-29 05:00:00,Primary Cooling Tower & Water Pump Station,Cooling Utility,47.37,none,0.0,0.0,1.0,Shift C (Night),28.3,3.88
2026-08-29 06:00:00,Medium Frequency Induction Melting Furnace (5T),Melting & Refining,281.25,none,0.0,869.3,1.0,Shift A (Morning),1544.2,0.99
2026-08-29 06:00:00,Oxy-Fuel Ladle Pre-Heating Station,Ladle Heating Utility,12.43,natural_gas,56.95,0.0,1.0,Shift A (Morning),1109.6,2.01
2026-08-29 06:00:00,Continuous Billet Casting Machine,Continuous Casting,61.94,none,0.0,779.3,1.0,Shift A (Morning),1139.3,3.07
2026-08-29 06:00:00,Soaking Pit Reheating Furnace,Reheating & Rolling,36.17,natural_gas,98.18,930.2,1.0,Shift A (Morning),1199.7,1.21
2026-08-29 06:00:00,Heavy Hydraulic Forging Press (1200T),Hot Forging & Pressing,1.05,none,0.0,0.0,0.0,Shift A (Morning),30.0,0.0
2026-08-29 06:00:00,High-Pressure Hydraulic Power Pack,Hydraulic Utility,28.57,none,0.0,0.0,0.0,Shift A (Morning),41.6,178.5
2026-08-29 06:00:00,Primary Cooling Tower & Water Pump Station,Cooling Utility,49.19,none,0.0,0.0,1.0,Shift A (Morning),28.3,3.71
2026-08-29 07:00:00,Medium Frequency Induction Melting Furnace (5T),Melting & Refining,265.64,none,0.0,821.1,1.0,Shift A (Morning),1542.2,0.98
2026-08-29 07:00:00,Oxy-Fuel Ladle Pre-Heating Station,Ladle Heating Utility,12.29,natural_gas,56.33,0.0,1.0,Shift A (Morning),1112.3,2.04
2026-08-29 07:00:00,Continuous Billet Casting Machine,Continuous Casting,59.57,none,0.0,749.4,1.0,Shift A (Morning),1127.6,3.06
2026-08-29 07:00:00,Soaking Pit Reheating Furnace,Reheating & Rolling,36.04,natural_gas,97.81,926.7,1.0,Shift A (Morning),1225.7,1.18
2026-08-29 07:00:00,Heavy Hydraulic Forging Press (1200T),Hot Forging & Pressing,1.48,none,0.0,0.0,0.0,Shift A (Morning),31.5,0.0
2026-08-29 07:00:00,High-Pressure Hydraulic Power Pack,Hydraulic Utility,30.3,none,0.0,0.0,0.0,Shift A (Morning),41.6,178.5
2026-08-29 07:00:00,Primary Cooling Tower & Water Pump Station,Cooling Utility,49.43,none,0.0,0.0,1.0,Shift A (Morning),28.3,3.71
2026-08-29 08:00:00,Medium Frequency Induction Melting Furnace (5T),Melting & Refining,266.68,none,0.0,824.3,1.0,Shift A (Morning),1562.7,0.98
2026-08-29 08:00:00,Oxy-Fuel Ladle Pre-Heating Station,Ladle Heating Utility,12.24,natural_gas,56.08,0.0,1.0,Shift A (Morning),1081.6,1.95
2026-08-29 08:00:00,Continuous Billet Casting Machine,Continuous Casting,64.24,none,0.0,808.2,1.0,Shift A (Morning),1127.2,3.05
2026-08-29 08:00:00,Soaking Pit Reheating Furnace,Reheating & Rolling,34.25,natural_gas,92.97,880.8,1.0,Shift A (Morning),1198.0,1.17
2026-08-29 08:00:00,Heavy Hydraulic Forging Press (1200T),Hot Forging & Pressing,1.05,none,0.0,0.0,0.0,Shift A (Morning),30.1,0.0
2026-08-29 08:00:00,High-Pressure Hydraulic Power Pack,Hydraulic Utility,30.38,none,0.0,0.0,0.0,Shift A (Morning),41.6,178.5
2026-08-29 08:00:00,Primary Cooling Tower & Water Pump Station,Cooling Utility,46.84,none,0.0,0.0,1.0,Shift A (Morning),28.5,3.82
2026-08-29 09:00:00,Medium Frequency Induction Melting Furnace (5T),Melting & Refining,268.09,none,0.0,828.7,1.0,Shift A (Morning),1536.9,1.01
2026-08-29 09:00:00,Oxy-Fuel Ladle Pre-Heating Station,Ladle Heating Utility,12.35,natural_gas,56.61,0.0,1.0,Shift A (Morning),1080.7,1.96
2026-08-29 09:00:00,Continuous Billet Casting Machine,Continuous Casting,59.55,none,0.0,749.2,1.0,Shift A (Morning),1135.1,2.95
2026-08-29 09:00:00,Soaking Pit Reheating Furnace,Reheating & Rolling,34.0,natural_gas,92.29,874.4,1.0,Shift A (Morning),1222.0,1.23
2026-08-29 09:00:00,Heavy Hydraulic Forging Press (1200T),Hot Forging & Pressing,1.58,none,0.0,0.0,0.0,Shift A (Morning),30.8,0.0
2026-08-29 09:00:00,High-Pressure Hydraulic Power Pack,Hydraulic Utility,28.38,none,0.0,0.0,0.0,Shift A (Morning),41.6,178.5
2026-08-29 09:00:00,Primary Cooling Tower & Water Pump Station,Cooling Utility,46.8,none,0.0,0.0,1.0,Shift A (Morning),27.8,3.91
2026-08-29 10:00:00,Medium Frequency Induction Melting Furnace (5T),Melting & Refining,267.57,none,0.0,827.0,1.0,Shift A (Morning),1558.4,1.01
2026-08-29 10:00:00,Oxy-Fuel Ladle Pre-Heating Station,Ladle Heating Utility,12.1,natural_gas,55.45,0.0,1.0,Shift A (Morning),1100.3,1.97
2026-08-29 10:00:00,Continuous Billet Casting Machine,Continuous Casting,61.64,none,0.0,775.4,1.0,Shift A (Morning),1164.9,3.04
2026-08-29 10:00:00,Soaking Pit Reheating Furnace,Reheating & Rolling,35.09,natural_gas,95.23,902.2,1.0,Shift A (Morning),1227.6,1.23
2026-08-29 10:00:00,Heavy Hydraulic Forging Press (1200T),Hot Forging & Pressing,0.95,none,0.0,0.0,0.0,Shift A (Morning),31.0,0.0
2026-08-29 10:00:00,High-Pressure Hydraulic Power Pack,Hydraulic Utility,28.32,none,0.0,0.0,0.0,Shift A (Morning),41.6,178.5
2026-08-29 10:00:00,Primary Cooling Tower & Water Pump Station,Cooling Utility,46.32,none,0.0,0.0,1.0,Shift A (Morning),27.8,3.85
2026-08-29 11:00:00,Medium Frequency Induction Melting Furnace (5T),Melting & Refining,277.64,none,0.0,858.1,1.0,Shift A (Morning),1569.7,0.97
2026-08-29 11:00:00,Oxy-Fuel Ladle Pre-Heating Station,Ladle Heating Utility,12.25,natural_gas,56.16,0.0,1.0,Shift A (Morning),1109.5,1.94
2026-08-29 11:00:00,Continuous Billet Casting Machine,Continuous Casting,63.21,none,0.0,795.2,1.0,Shift A (Morning),1131.1,3.02
2026-08-29 11:00:00,Soaking Pit Reheating Furnace,Reheating & Rolling,36.17,natural_gas,98.16,930.0,1.0,Shift A (Morning),1213.2,1.21
2026-08-29 11:00:00,Heavy Hydraulic Forging Press (1200T),Hot Forging & Pressing,1.55,none,0.0,0.0,0.0,Shift A (Morning),28.3,0.0
2026-08-29 11:00:00,High-Pressure Hydraulic Power Pack,Hydraulic Utility,29.31,none,0.0,0.0,0.0,Shift A (Morning),41.6,178.5
2026-08-29 11:00:00,Primary Cooling Tower & Water Pump Station,Cooling Utility,49.3,none,0.0,0.0,1.0,Shift A (Morning),27.9,3.86
2026-08-29 12:00:00,Medium Frequency Induction Melting Furnace (5T),Melting & Refining,274.57,none,0.0,848.7,1.0,Shift A (Morning),1550.0,1.02
2026-08-29 12:00:00,Oxy-Fuel Ladle Pre-Heating Station,Ladle Heating Utility,11.82,natural_gas,54.18,0.0,1.0,Shift A (Morning),1122.0,1.96
2026-08-29 12:00:00,Continuous Billet Casting Machine,Continuous Casting,62.43,none,0.0,785.4,1.0,Shift A (Morning),1129.0,2.97
2026-08-29 12:00:00,Soaking Pit Reheating Furnace,Reheating & Rolling,34.9,natural_gas,94.73,897.5,1.0,Shift A (Morning),1218.1,1.23
2026-08-29 12:00:00,Heavy Hydraulic Forging Press (1200T),Hot Forging & Pressing,1.79,none,0.0,0.0,0.0,Shift A (Morning),31.9,0.0
2026-08-29 12:00:00,High-Pressure Hydraulic Power Pack,Hydraulic Utility,30.32,none,0.0,0.0,0.0,Shift A (Morning),41.6,178.5
2026-08-29 12:00:00,Primary Cooling Tower & Water Pump Station,Cooling Utility,49.53,none,0.0,0.0,1.0,Shift A (Morning),27.9,3.72
2026-08-29 13:00:00,Medium Frequency Induction Melting Furnace (5T),Melting & Refining,280.51,none,0.0,867.0,1.0,Shift A (Morning),1545.0,0.97
2026-08-29 13:00:00,Oxy-Fuel Ladle Pre-Heating Station,Ladle Heating Utility,11.65,natural_gas,53.41,0.0,1.0,Shift A (Morning),1091.9,2.06
2026-08-29 13:00:00,Continuous Billet Casting Machine,Continuous Casting,62.66,none,0.0,788.2,1.0,Shift A (Morning),1145.4,2.91
2026-08-29 13:00:00,Soaking Pit Reheating Furnace,Reheating & Rolling,35.82,natural_gas,97.21,921.0,1.0,Shift A (Morning),1227.9,1.18
2026-08-29 13:00:00,Heavy Hydraulic Forging Press (1200T),Hot Forging & Pressing,1.43,none,0.0,0.0,0.0,Shift A (Morning),28.7,0.0
2026-08-29 13:00:00,High-Pressure Hydraulic Power Pack,Hydraulic Utility,28.47,none,0.0,0.0,0.0,Shift A (Morning),41.6,178.5
2026-08-29 13:00:00,Primary Cooling Tower & Water Pump Station,Cooling Utility,47.58,none,0.0,0.0,1.0,Shift A (Morning),27.6,3.76
2026-08-29 14:00:00,Medium Frequency Induction Melting Furnace (5T),Melting & Refining,264.48,none,0.0,817.5,1.0,Shift B (Evening),1543.3,0.99
2026-08-29 14:00:00,Oxy-Fuel Ladle Pre-Heating Station,Ladle Heating Utility,12.44,natural_gas,57.0,0.0,1.0,Shift B (Evening),1102.2,1.97
2026-08-29 14:00:00,Continuous Billet Casting Machine,Continuous Casting,61.93,none,0.0,779.2,1.0,Shift B (Evening),1160.3,2.99
2026-08-29 14:00:00,Soaking Pit Reheating Furnace,Reheating & Rolling,36.25,natural_gas,98.4,932.2,1.0,Shift B (Evening),1203.4,1.23
2026-08-29 14:00:00,Heavy Hydraulic Forging Press (1200T),Hot Forging & Pressing,0.68,none,0.0,0.0,0.0,Shift B (Evening),31.8,0.0
2026-08-29 14:00:00,High-Pressure Hydraulic Power Pack,Hydraulic Utility,28.33,none,0.0,0.0,0.0,Shift B (Evening),41.6,178.5
2026-08-29 14:00:00,Primary Cooling Tower & Water Pump Station,Cooling Utility,47.32,none,0.0,0.0,1.0,Shift B (Evening),28.0,3.75
2026-08-29 15:00:00,Medium Frequency Induction Melting Furnace (5T),Melting & Refining,269.17,none,0.0,832.0,1.0,Shift B (Evening),1577.5,1.02
2026-08-29 15:00:00,Oxy-Fuel Ladle Pre-Heating Station,Ladle Heating Utility,11.92,natural_gas,54.63,0.0,1.0,Shift B (Evening),1078.6,1.98
2026-08-29 15:00:00,Continuous Billet Casting Machine,Continuous Casting,60.31,none,0.0,758.7,1.0,Shift B (Evening),1156.0,3.03
2026-08-29 15:00:00,Soaking Pit Reheating Furnace,Reheating & Rolling,34.8,natural_gas,94.46,894.9,1.0,Shift B (Evening),1201.5,1.17
2026-08-29 15:00:00,Heavy Hydraulic Forging Press (1200T),Hot Forging & Pressing,0.99,none,0.0,0.0,0.0,Shift B (Evening),30.9,0.0
2026-08-29 15:00:00,High-Pressure Hydraulic Power Pack,Hydraulic Utility,32.04,none,0.0,0.0,0.0,Shift B (Evening),41.6,178.5
2026-08-29 15:00:00,Primary Cooling Tower & Water Pump Station,Cooling Utility,49.4,none,0.0,0.0,1.0,Shift B (Evening),27.9,3.91
2026-08-29 16:00:00,Medium Frequency Induction Melting Furnace (5T),Melting & Refining,265.39,none,0.0,820.3,1.0,Shift B (Evening),1546.7,1.0
2026-08-29 16:00:00,Oxy-Fuel Ladle Pre-Heating Station,Ladle Heating Utility,11.72,natural_gas,53.72,0.0,1.0,Shift B (Evening),1092.4,1.97
2026-08-29 16:00:00,Continuous Billet Casting Machine,Continuous Casting,63.84,none,0.0,803.2,1.0,Shift B (Evening),1141.4,3.07
2026-08-29 16:00:00,Soaking Pit Reheating Furnace,Reheating & Rolling,36.32,natural_gas,98.59,934.0,1.0,Shift B (Evening),1234.0,1.2
2026-08-29 16:00:00,Heavy Hydraulic Forging Press (1200T),Hot Forging & Pressing,1.41,none,0.0,0.0,0.0,Shift B (Evening),29.3,0.0
2026-08-29 16:00:00,High-Pressure Hydraulic Power Pack,Hydraulic Utility,28.97,none,0.0,0.0,0.0,Shift B (Evening),41.6,178.5
2026-08-29 16:00:00,Primary Cooling Tower & Water Pump Station,Cooling Utility,46.57,none,0.0,0.0,1.0,Shift B (Evening),27.8,3.83
2026-08-29 17:00:00,Medium Frequency Induction Melting Furnace (5T),Melting & Refining,285.36,none,0.0,882.0,1.0,Shift B (Evening),1533.2,1.01
2026-08-29 17:00:00,Oxy-Fuel Ladle Pre-Heating Station,Ladle Heating Utility,11.75,natural_gas,53.84,0.0,1.0,Shift B (Evening),1114.1,2.0
2026-08-29 17:00:00,Continuous Billet Casting Machine,Continuous Casting,61.85,none,0.0,778.1,1.0,Shift B (Evening),1127.9,3.0
2026-08-29 17:00:00,Soaking Pit Reheating Furnace,Reheating & Rolling,33.87,natural_gas,91.93,870.9,1.0,Shift B (Evening),1232.2,1.21
2026-08-29 17:00:00,Heavy Hydraulic Forging Press (1200T),Hot Forging & Pressing,0.71,none,0.0,0.0,0.0,Shift B (Evening),30.0,0.0
2026-08-29 17:00:00,High-Pressure Hydraulic Power Pack,Hydraulic Utility,31.01,none,0.0,0.0,0.0,Shift B (Evening),41.6,178.5
2026-08-29 17:00:00,Primary Cooling Tower & Water Pump Station,Cooling Utility,49.5,none,0.0,0.0,1.0,Shift B (Evening),28.5,3.75
2026-08-29 18:00:00,Medium Frequency Induction Melting Furnace (5T),Melting & Refining,273.89,none,0.0,846.6,1.0,Shift B (Evening),1567.2,1.02
2026-08-29 18:00:00,Oxy-Fuel Ladle Pre-Heating Station,Ladle Heating Utility,11.79,natural_gas,54.02,0.0,1.0,Shift B (Evening),1084.3,2.04
2026-08-29 18:00:00,Continuous Billet Casting Machine,Continuous Casting,59.81,none,0.0,752.5,1.0,Shift B (Evening),1138.3,3.02
2026-08-29 18:00:00,Soaking Pit Reheating Furnace,Reheating & Rolling,1.06,natural_gas,0.0,0.0,0.0,Shift B (Evening),31.3,0.0
2026-08-29 18:00:00,Heavy Hydraulic Forging Press (1200T),Hot Forging & Pressing,1.28,none,0.0,0.0,0.0,Shift B (Evening),28.6,0.0
2026-08-29 18:00:00,High-Pressure Hydraulic Power Pack,Hydraulic Utility,29.36,none,0.0,0.0,0.0,Shift B (Evening),41.6,178.5
2026-08-29 18:00:00,Primary Cooling Tower & Water Pump Station,Cooling Utility,47.31,none,0.0,0.0,1.0,Shift B (Evening),28.5,3.82
2026-08-29 19:00:00,Medium Frequency Induction Melting Furnace (5T),Melting & Refining,275.8,none,0.0,852.5,1.0,Shift B (Evening),1570.1,1.01
2026-08-29 19:00:00,Oxy-Fuel Ladle Pre-Heating Station,Ladle Heating Utility,12.44,natural_gas,57.01,0.0,1.0,Shift B (Evening),1104.3,1.95
2026-08-29 19:00:00,Continuous Billet Casting Machine,Continuous Casting,63.16,none,0.0,794.6,1.0,Shift B (Evening),1160.8,2.95
2026-08-29 19:00:00,Soaking Pit Reheating Furnace,Reheating & Rolling,1.72,natural_gas,0.0,0.0,0.0,Shift B (Evening),29.1,0.0
2026-08-29 19:00:00,Heavy Hydraulic Forging Press (1200T),Hot Forging & Pressing,1.71,none,0.0,0.0,0.0,Shift B (Evening),29.7,0.0
2026-08-29 19:00:00,High-Pressure Hydraulic Power Pack,Hydraulic Utility,32.09,none,0.0,0.0,0.0,Shift B (Evening),41.6,178.5
2026-08-29 19:00:00,Primary Cooling Tower & Water Pump Station,Cooling Utility,46.12,none,0.0,0.0,1.0,Shift B (Evening),27.7,3.72
2026-08-29 20:00:00,Medium Frequency Induction Melting Furnace (5T),Melting & Refining,264.56,none,0.0,817.7,1.0,Shift B (Evening),1559.4,1.02
2026-08-29 20:00:00,Oxy-Fuel Ladle Pre-Heating Station,Ladle Heating Utility,11.6,natural_gas,53.15,0.0,1.0,Shift B (Evening),1098.5,2.05
2026-08-29 20:00:00,Continuous Billet Casting Machine,Continuous Casting,60.25,none,0.0,758.0,1.0,Shift B (Evening),1155.8,3.01
2026-08-29 20:00:00,Soaking Pit Reheating Furnace,Reheating & Rolling,1.43,natural_gas,0.0,0.0,0.0,Shift B (Evening),31.0,0.0
2026-08-29 20:00:00,Heavy Hydraulic Forging Press (1200T),Hot Forging & Pressing,0.75,none,0.0,0.0,0.0,Shift B (Evening),29.1,0.0
2026-08-29 20:00:00,High-Pressure Hydraulic Power Pack,Hydraulic Utility,29.38,none,0.0,0.0,0.0,Shift B (Evening),41.6,178.5
2026-08-29 20:00:00,Primary Cooling Tower & Water Pump Station,Cooling Utility,48.79,none,0.0,0.0,1.0,Shift B (Evening),27.9,3.72
2026-08-29 21:00:00,Medium Frequency Induction Melting Furnace (5T),Melting & Refining,266.83,none,0.0,824.7,1.0,Shift B (Evening),1578.3,0.98
2026-08-29 21:00:00,Oxy-Fuel Ladle Pre-Heating Station,Ladle Heating Utility,12.35,natural_gas,56.62,0.0,1.0,Shift B (Evening),1102.3,1.98
2026-08-29 21:00:00,Continuous Billet Casting Machine,Continuous Casting,61.08,none,0.0,768.5,1.0,Shift B (Evening),1160.1,3.01
2026-08-29 21:00:00,Soaking Pit Reheating Furnace,Reheating & Rolling,1.48,natural_gas,0.0,0.0,0.0,Shift B (Evening),30.6,0.0
2026-08-29 21:00:00,Heavy Hydraulic Forging Press (1200T),Hot Forging & Pressing,1.15,none,0.0,0.0,0.0,Shift B (Evening),29.3,0.0
2026-08-29 21:00:00,High-Pressure Hydraulic Power Pack,Hydraulic Utility,32.18,none,0.0,0.0,0.0,Shift B (Evening),41.6,178.5
2026-08-29 21:00:00,Primary Cooling Tower & Water Pump Station,Cooling Utility,46.21,none,0.0,0.0,1.0,Shift B (Evening),27.8,3.81
2026-08-29 22:00:00,Medium Frequency Induction Melting Furnace (5T),Melting & Refining,276.51,none,0.0,854.7,1.0,Shift C (Night),1573.8,0.97
2026-08-29 22:00:00,Oxy-Fuel Ladle Pre-Heating Station,Ladle Heating Utility,12.21,natural_gas,55.96,0.0,1.0,Shift C (Night),1083.8,1.95
2026-08-29 22:00:00,Continuous Billet Casting Machine,Continuous Casting,59.86,none,0.0,753.0,1.0,Shift C (Night),1134.0,3.0
2026-08-29 22:00:00,Soaking Pit Reheating Furnace,Reheating & Rolling,1.92,natural_gas,0.0,0.0,0.0,Shift C (Night),28.9,0.0
2026-08-29 22:00:00,Heavy Hydraulic Forging Press (1200T),Hot Forging & Pressing,1.66,none,0.0,0.0,0.0,Shift C (Night),31.9,0.0
2026-08-29 22:00:00,High-Pressure Hydraulic Power Pack,Hydraulic Utility,29.69,none,0.0,0.0,0.0,Shift C (Night),41.6,178.5
2026-08-29 22:00:00,Primary Cooling Tower & Water Pump Station,Cooling Utility,47.66,none,0.0,0.0,1.0,Shift C (Night),28.3,3.8
2026-08-29 23:00:00,Medium Frequency Induction Melting Furnace (5T),Melting & Refining,275.99,none,0.0,853.1,1.0,Shift C (Night),1551.5,1.01
2026-08-29 23:00:00,Oxy-Fuel Ladle Pre-Heating Station,Ladle Heating Utility,11.9,natural_gas,54.54,0.0,1.0,Shift C (Night),1084.8,2.04
2026-08-29 23:00:00,Continuous Billet Casting Machine,Continuous Casting,63.56,none,0.0,799.6,1.0,Shift C (Night),1147.6,2.93
2026-08-29 23:00:00,Soaking Pit Reheating Furnace,Reheating & Rolling,1.88,natural_gas,0.0,0.0,0.0,Shift C (Night),29.0,0.0
2026-08-29 23:00:00,Heavy Hydraulic Forging Press (1200T),Hot Forging & Pressing,0.93,none,0.0,0.0,0.0,Shift C (Night),30.6,0.0
2026-08-29 23:00:00,High-Pressure Hydraulic Power Pack,Hydraulic Utility,30.79,none,0.0,0.0,0.0,Shift C (Night),41.6,178.5
2026-08-29 23:00:00,Primary Cooling Tower & Water Pump Station,Cooling Utility,46.28,none,0.0,0.0,1.0,Shift C (Night),28.4,3.74
2026-08-30 00:00:00,Medium Frequency Induction Melting Furnace (5T),Melting & Refining,264.93,none,0.0,818.9,1.0,Shift C (Night),1532.6,0.98
2026-08-30 00:00:00,Oxy-Fuel Ladle Pre-Heating Station,Ladle Heating Utility,11.67,natural_gas,53.47,0.0,1.0,Shift C (Night),1116.3,2.0
2026-08-30 00:00:00,Continuous Billet Casting Machine,Continuous Casting,61.12,none,0.0,769.0,1.0,Shift C (Night),1161.8,3.03
2026-08-30 00:00:00,Soaking Pit Reheating Furnace,Reheating & Rolling,0.63,natural_gas,0.0,0.0,0.0,Shift C (Night),31.1,0.0
2026-08-30 00:00:00,Heavy Hydraulic Forging Press (1200T),Hot Forging & Pressing,1.29,none,0.0,0.0,0.0,Shift C (Night),30.7,0.0
2026-08-30 00:00:00,High-Pressure Hydraulic Power Pack,Hydraulic Utility,31.49,none,0.0,0.0,0.0,Shift C (Night),41.6,178.5
2026-08-30 00:00:00,Primary Cooling Tower & Water Pump Station,Cooling Utility,48.19,none,0.0,0.0,1.0,Shift C (Night),27.5,3.82
2026-08-30 01:00:00,Medium Frequency Induction Melting Furnace (5T),Melting & Refining,268.59,none,0.0,830.2,1.0,Shift C (Night),1555.1,0.97
2026-08-30 01:00:00,Oxy-Fuel Ladle Pre-Heating Station,Ladle Heating Utility,12.19,natural_gas,55.89,0.0,1.0,Shift C (Night),1103.6,1.98
2026-08-30 01:00:00,Continuous Billet Casting Machine,Continuous Casting,63.98,none,0.0,804.9,1.0,Shift C (Night),1134.6,2.95
2026-08-30 01:00:00,Soaking Pit Reheating Furnace,Reheating & Rolling,1.35,natural_gas,0.0,0.0,0.0,Shift C (Night),31.7,0.0
2026-08-30 01:00:00,Heavy Hydraulic Forging Press (1200T),Hot Forging & Pressing,1.64,none,0.0,0.0,0.0,Shift C (Night),29.1,0.0
2026-08-30 01:00:00,High-Pressure Hydraulic Power Pack,Hydraulic Utility,30.78,none,0.0,0.0,0.0,Shift C (Night),41.6,178.5
2026-08-30 01:00:00,Primary Cooling Tower & Water Pump Station,Cooling Utility,48.04,none,0.0,0.0,1.0,Shift C (Night),27.6,3.73
2026-08-30 02:00:00,Medium Frequency Induction Melting Furnace (5T),Melting & Refining,277.37,none,0.0,857.3,1.0,Shift C (Night),1539.7,0.99
2026-08-30 02:00:00,Oxy-Fuel Ladle Pre-Heating Station,Ladle Heating Utility,11.77,natural_gas,53.95,0.0,1.0,Shift C (Night),1083.2,1.97
2026-08-30 02:00:00,Continuous Billet Casting Machine,Continuous Casting,59.66,none,0.0,750.6,1.0,Shift C (Night),1154.8,3.03
2026-08-30 02:00:00,Soaking Pit Reheating Furnace,Reheating & Rolling,1.32,natural_gas,0.0,0.0,0.0,Shift C (Night),29.6,0.0
2026-08-30 02:00:00,Heavy Hydraulic Forging Press (1200T),Hot Forging & Pressing,0.86,none,0.0,0.0,0.0,Shift C (Night),28.2,0.0
2026-08-30 02:00:00,High-Pressure Hydraulic Power Pack,Hydraulic Utility,32.02,none,0.0,0.0,0.0,Shift C (Night),41.6,178.5
2026-08-30 02:00:00,Primary Cooling Tower & Water Pump Station,Cooling Utility,48.93,none,0.0,0.0,1.0,Shift C (Night),28.4,3.73
2026-08-30 03:00:00,Medium Frequency Induction Melting Furnace (5T),Melting & Refining,276.54,none,0.0,854.8,1.0,Shift C (Night),1565.3,1.02
2026-08-30 03:00:00,Oxy-Fuel Ladle Pre-Heating Station,Ladle Heating Utility,12.17,natural_gas,55.77,0.0,1.0,Shift C (Night),1117.0,2.04
2026-08-30 03:00:00,Continuous Billet Casting Machine,Continuous Casting,61.31,none,0.0,771.3,1.0,Shift C (Night),1129.5,3.02
2026-08-30 03:00:00,Soaking Pit Reheating Furnace,Reheating & Rolling,1.39,natural_gas,0.0,0.0,0.0,Shift C (Night),31.5,0.0
2026-08-30 03:00:00,Heavy Hydraulic Forging Press (1200T),Hot Forging & Pressing,0.95,none,0.0,0.0,0.0,Shift C (Night),30.0,0.0
2026-08-30 03:00:00,High-Pressure Hydraulic Power Pack,Hydraulic Utility,29.55,none,0.0,0.0,0.0,Shift C (Night),41.6,178.5
2026-08-30 03:00:00,Primary Cooling Tower & Water Pump Station,Cooling Utility,46.91,none,0.0,0.0,1.0,Shift C (Night),27.6,3.76
2026-08-30 04:00:00,Medium Frequency Induction Melting Furnace (5T),Melting & Refining,274.99,none,0.0,850.0,1.0,Shift C (Night),1563.6,1.01
2026-08-30 04:00:00,Oxy-Fuel Ladle Pre-Heating Station,Ladle Heating Utility,11.96,natural_gas,54.81,0.0,1.0,Shift C (Night),1095.2,2.03
2026-08-30 04:00:00,Continuous Billet Casting Machine,Continuous Casting,64.09,none,0.0,806.3,1.0,Shift C (Night),1149.1,3.02
2026-08-30 04:00:00,Soaking Pit Reheating Furnace,Reheating & Rolling,1.71,natural_gas,0.0,0.0,0.0,Shift C (Night),30.7,0.0
2026-08-30 04:00:00,Heavy Hydraulic Forging Press (1200T),Hot Forging & Pressing,1.91,none,0.0,0.0,0.0,Shift C (Night),28.3,0.0
2026-08-30 04:00:00,High-Pressure Hydraulic Power Pack,Hydraulic Utility,28.54,none,0.0,0.0,0.0,Shift C (Night),41.6,178.5
2026-08-30 04:00:00,Primary Cooling Tower & Water Pump Station,Cooling Utility,46.08,none,0.0,0.0,1.0,Shift C (Night),27.5,3.7
2026-08-30 05:00:00,Medium Frequency Induction Melting Furnace (5T),Melting & Refining,264.25,none,0.0,816.8,1.0,Shift C (Night),1536.0,0.97
2026-08-30 05:00:00,Oxy-Fuel Ladle Pre-Heating Station,Ladle Heating Utility,11.95,natural_gas,54.76,0.0,1.0,Shift C (Night),1110.1,2.06
2026-08-30 05:00:00,Continuous Billet Casting Machine,Continuous Casting,60.0,none,0.0,754.9,1.0,Shift C (Night),1143.9,3.03
2026-08-30 05:00:00,Soaking Pit Reheating Furnace,Reheating & Rolling,1.96,natural_gas,0.0,0.0,0.0,Shift C (Night),31.0,0.0
2026-08-30 05:00:00,Heavy Hydraulic Forging Press (1200T),Hot Forging & Pressing,1.12,none,0.0,0.0,0.0,Shift C (Night),29.1,0.0
2026-08-30 05:00:00,High-Pressure Hydraulic Power Pack,Hydraulic Utility,31.27,none,0.0,0.0,0.0,Shift C (Night),41.6,178.5
2026-08-30 05:00:00,Primary Cooling Tower & Water Pump Station,Cooling Utility,47.22,none,0.0,0.0,1.0,Shift C (Night),27.5,3.71
2026-08-30 06:00:00,Medium Frequency Induction Melting Furnace (5T),Melting & Refining,267.12,none,0.0,825.6,1.0,Shift A (Morning),1547.3,1.03
2026-08-30 06:00:00,Oxy-Fuel Ladle Pre-Heating Station,Ladle Heating Utility,12.46,natural_gas,57.13,0.0,1.0,Shift A (Morning),1118.2,1.95
2026-08-30 06:00:00,Continuous Billet Casting Machine,Continuous Casting,62.68,none,0.0,788.5,1.0,Shift A (Morning),1170.8,3.05
2026-08-30 06:00:00,Soaking Pit Reheating Furnace,Reheating & Rolling,1.83,natural_gas,0.0,0.0,0.0,Shift A (Morning),31.7,0.0
2026-08-30 06:00:00,Heavy Hydraulic Forging Press (1200T),Hot Forging & Pressing,0.84,none,0.0,0.0,0.0,Shift A (Morning),28.5,0.0
2026-08-30 06:00:00,High-Pressure Hydraulic Power Pack,Hydraulic Utility,31.62,none,0.0,0.0,0.0,Shift A (Morning),41.6,178.5
2026-08-30 06:00:00,Primary Cooling Tower & Water Pump Station,Cooling Utility,47.83,none,0.0,0.0,1.0,Shift A (Morning),28.4,3.84
2026-08-30 07:00:00,Medium Frequency Induction Melting Furnace (5T),Melting & Refining,270.01,none,0.0,834.6,1.0,Shift A (Morning),1520.4,1.0
2026-08-30 07:00:00,Oxy-Fuel Ladle Pre-Heating Station,Ladle Heating Utility,11.58,natural_gas,53.08,0.0,1.0,Shift A (Morning),1108.4,1.97
2026-08-30 07:00:00,Continuous Billet Casting Machine,Continuous Casting,61.49,none,0.0,773.6,1.0,Shift A (Morning),1144.4,2.92
2026-08-30 07:00:00,Soaking Pit Reheating Furnace,Reheating & Rolling,1.21,natural_gas,0.0,0.0,0.0,Shift A (Morning),29.9,0.0
2026-08-30 07:00:00,Heavy Hydraulic Forging Press (1200T),Hot Forging & Pressing,0.85,none,0.0,0.0,0.0,Shift A (Morning),28.1,0.0
2026-08-30 07:00:00,High-Pressure Hydraulic Power Pack,Hydraulic Utility,32.49,none,0.0,0.0,0.0,Shift A (Morning),41.6,178.5
2026-08-30 07:00:00,Primary Cooling Tower & Water Pump Station,Cooling Utility,48.6,none,0.0,0.0,1.0,Shift A (Morning),28.5,3.89
2026-08-30 08:00:00,Medium Frequency Induction Melting Furnace (5T),Melting & Refining,279.62,none,0.0,864.3,1.0,Shift A (Morning),1563.6,0.98
2026-08-30 08:00:00,Oxy-Fuel Ladle Pre-Heating Station,Ladle Heating Utility,11.78,natural_gas,53.98,0.0,1.0,Shift A (Morning),1107.5,2.06
2026-08-30 08:00:00,Continuous Billet Casting Machine,Continuous Casting,60.45,none,0.0,760.5,1.0,Shift A (Morning),1158.7,3.06
2026-08-30 08:00:00,Soaking Pit Reheating Furnace,Reheating & Rolling,1.99,natural_gas,0.0,0.0,0.0,Shift A (Morning),28.2,0.0
2026-08-30 08:00:00,Heavy Hydraulic Forging Press (1200T),Hot Forging & Pressing,1.39,none,0.0,0.0,0.0,Shift A (Morning),31.4,0.0
2026-08-30 08:00:00,High-Pressure Hydraulic Power Pack,Hydraulic Utility,30.79,none,0.0,0.0,0.0,Shift A (Morning),41.6,178.5
2026-08-30 08:00:00,Primary Cooling Tower & Water Pump Station,Cooling Utility,48.78,none,0.0,0.0,1.0,Shift A (Morning),28.3,3.85
2026-08-30 09:00:00,Medium Frequency Induction Melting Furnace (5T),Melting & Refining,280.34,none,0.0,866.5,1.0,Shift A (Morning),1536.8,0.98
2026-08-30 09:00:00,Oxy-Fuel Ladle Pre-Heating Station,Ladle Heating Utility,11.87,natural_gas,54.42,0.0,1.0,Shift A (Morning),1114.1,2.01
2026-08-30 09:00:00,Continuous Billet Casting Machine,Continuous Casting,61.37,none,0.0,772.1,1.0,Shift A (Morning),1168.5,3.04
2026-08-30 09:00:00,Soaking Pit Reheating Furnace,Reheating & Rolling,1.36,natural_gas,0.0,0.0,0.0,Shift A (Morning),29.3,0.0
2026-08-30 09:00:00,Heavy Hydraulic Forging Press (1200T),Hot Forging & Pressing,1.5,none,0.0,0.0,0.0,Shift A (Morning),29.6,0.0
2026-08-30 09:00:00,High-Pressure Hydraulic Power Pack,Hydraulic Utility,30.9,none,0.0,0.0,0.0,Shift A (Morning),41.6,178.5
2026-08-30 09:00:00,Primary Cooling Tower & Water Pump Station,Cooling Utility,47.51,none,0.0,0.0,1.0,Shift A (Morning),28.5,3.86
2026-08-30 10:00:00,Medium Frequency Induction Melting Furnace (5T),Melting & Refining,267.25,none,0.0,826.0,1.0,Shift A (Morning),1560.7,1.02
2026-08-30 10:00:00,Oxy-Fuel Ladle Pre-Heating Station,Ladle Heating Utility,12.17,natural_gas,55.77,0.0,1.0,Shift A (Morning),1095.9,2.06
2026-08-30 10:00:00,Continuous Billet Casting Machine,Continuous Casting,59.95,none,0.0,754.2,1.0,Shift A (Morning),1138.6,2.93
2026-08-30 10:00:00,Soaking Pit Reheating Furnace,Reheating & Rolling,1.89,natural_gas,0.0,0.0,0.0,Shift A (Morning),30.6,0.0
2026-08-30 10:00:00,Heavy Hydraulic Forging Press (1200T),Hot Forging & Pressing,1.23,none,0.0,0.0,0.0,Shift A (Morning),30.2,0.0
2026-08-30 10:00:00,High-Pressure Hydraulic Power Pack,Hydraulic Utility,31.4,none,0.0,0.0,0.0,Shift A (Morning),41.6,178.5
2026-08-30 10:00:00,Primary Cooling Tower & Water Pump Station,Cooling Utility,49.5,none,0.0,0.0,1.0,Shift A (Morning),27.8,3.9
2026-08-30 11:00:00,Medium Frequency Induction Melting Furnace (5T),Melting & Refining,285.62,none,0.0,882.8,1.0,Shift A (Morning),1528.0,0.99
2026-08-30 11:00:00,Oxy-Fuel Ladle Pre-Heating Station,Ladle Heating Utility,12.13,natural_gas,55.58,0.0,1.0,Shift A (Morning),1110.8,2.04
2026-08-30 11:00:00,Continuous Billet Casting Machine,Continuous Casting,62.37,none,0.0,784.6,1.0,Shift A (Morning),1172.0,3.05
2026-08-30 11:00:00,Soaking Pit Reheating Furnace,Reheating & Rolling,1.75,natural_gas,0.0,0.0,0.0,Shift A (Morning),29.6,0.0
2026-08-30 11:00:00,Heavy Hydraulic Forging Press (1200T),Hot Forging & Pressing,1.75,none,0.0,0.0,0.0,Shift A (Morning),31.5,0.0
2026-08-30 11:00:00,High-Pressure Hydraulic Power Pack,Hydraulic Utility,32.95,none,0.0,0.0,0.0,Shift A (Morning),41.6,178.5
2026-08-30 11:00:00,Primary Cooling Tower & Water Pump Station,Cooling Utility,48.17,none,0.0,0.0,1.0,Shift A (Morning),28.0,3.82
2026-08-30 12:00:00,Medium Frequency Induction Melting Furnace (5T),Melting & Refining,269.6,none,0.0,833.3,1.0,Shift A (Morning),1553.1,1.03
2026-08-30 12:00:00,Oxy-Fuel Ladle Pre-Heating Station,Ladle Heating Utility,12.23,natural_gas,56.05,0.0,1.0,Shift A (Morning),1108.1,2.03
2026-08-30 12:00:00,Continuous Billet Casting Machine,Continuous Casting,61.95,none,0.0,779.3,1.0,Shift A (Morning),1142.0,3.06
2026-08-30 12:00:00,Soaking Pit Reheating Furnace,Reheating & Rolling,1.12,natural_gas,0.0,0.0,0.0,Shift A (Morning),31.7,0.0
2026-08-30 12:00:00,Heavy Hydraulic Forging Press (1200T),Hot Forging & Pressing,1.33,none,0.0,0.0,0.0,Shift A (Morning),31.3,0.0
2026-08-30 12:00:00,High-Pressure Hydraulic Power Pack,Hydraulic Utility,29.1,none,0.0,0.0,0.0,Shift A (Morning),41.6,178.5
2026-08-30 12:00:00,Primary Cooling Tower & Water Pump Station,Cooling Utility,47.43,none,0.0,0.0,1.0,Shift A (Morning),27.9,3.86
2026-08-30 13:00:00,Medium Frequency Induction Melting Furnace (5T),Melting & Refining,266.34,none,0.0,823.2,1.0,Shift A (Morning),1558.7,1.0
2026-08-30 13:00:00,Oxy-Fuel Ladle Pre-Heating Station,Ladle Heating Utility,12.32,natural_gas,56.47,0.0,1.0,Shift A (Morning),1117.4,1.96
2026-08-30 13:00:00,Continuous Billet Casting Machine,Continuous Casting,59.52,none,0.0,748.8,1.0,Shift A (Morning),1163.5,3.0
2026-08-30 13:00:00,Soaking Pit Reheating Furnace,Reheating & Rolling,0.75,natural_gas,0.0,0.0,0.0,Shift A (Morning),28.6,0.0
2026-08-30 13:00:00,Heavy Hydraulic Forging Press (1200T),Hot Forging & Pressing,0.7,none,0.0,0.0,0.0,Shift A (Morning),31.8,0.0
2026-08-30 13:00:00,High-Pressure Hydraulic Power Pack,Hydraulic Utility,29.21,none,0.0,0.0,0.0,Shift A (Morning),41.6,178.5
2026-08-30 13:00:00,Primary Cooling Tower & Water Pump Station,Cooling Utility,47.64,none,0.0,0.0,1.0,Shift A (Morning),28.4,3.81
2026-08-30 14:00:00,Medium Frequency Induction Melting Furnace (5T),Melting & Refining,266.12,none,0.0,822.6,1.0,Shift B (Evening),1569.5,0.97
2026-08-30 14:00:00,Oxy-Fuel Ladle Pre-Heating Station,Ladle Heating Utility,11.55,natural_gas,52.94,0.0,1.0,Shift B (Evening),1083.3,1.96
2026-08-30 14:00:00,Continuous Billet Casting Machine,Continuous Casting,63.37,none,0.0,797.2,1.0,Shift B (Evening),1130.3,2.96
2026-08-30 14:00:00,Soaking Pit Reheating Furnace,Reheating & Rolling,1.93,natural_gas,0.0,0.0,0.0,Shift B (Evening),29.7,0.0
2026-08-30 14:00:00,Heavy Hydraulic Forging Press (1200T),Hot Forging & Pressing,1.1,none,0.0,0.0,0.0,Shift B (Evening),29.6,0.0
2026-08-30 14:00:00,High-Pressure Hydraulic Power Pack,Hydraulic Utility,31.49,none,0.0,0.0,0.0,Shift B (Evening),41.6,178.5
2026-08-30 14:00:00,Primary Cooling Tower & Water Pump Station,Cooling Utility,47.23,none,0.0,0.0,1.0,Shift B (Evening),27.9,3.73
2026-08-30 15:00:00,Medium Frequency Induction Melting Furnace (5T),Melting & Refining,273.43,none,0.0,845.1,1.0,Shift B (Evening),1555.6,1.0
2026-08-30 15:00:00,Oxy-Fuel Ladle Pre-Heating Station,Ladle Heating Utility,12.11,natural_gas,55.51,0.0,1.0,Shift B (Evening),1079.8,2.0
2026-08-30 15:00:00,Continuous Billet Casting Machine,Continuous Casting,59.68,none,0.0,750.8,1.0,Shift B (Evening),1141.7,2.92
2026-08-30 15:00:00,Soaking Pit Reheating Furnace,Reheating & Rolling,1.58,natural_gas,0.0,0.0,0.0,Shift B (Evening),31.4,0.0
2026-08-30 15:00:00,Heavy Hydraulic Forging Press (1200T),Hot Forging & Pressing,1.14,none,0.0,0.0,0.0,Shift B (Evening),30.2,0.0
2026-08-30 15:00:00,High-Pressure Hydraulic Power Pack,Hydraulic Utility,28.49,none,0.0,0.0,0.0,Shift B (Evening),41.6,178.5
2026-08-30 15:00:00,Primary Cooling Tower & Water Pump Station,Cooling Utility,48.72,none,0.0,0.0,1.0,Shift B (Evening),28.1,3.77
2026-08-30 16:00:00,Medium Frequency Induction Melting Furnace (5T),Melting & Refining,285.37,none,0.0,882.1,1.0,Shift B (Evening),1549.4,0.97
2026-08-30 16:00:00,Oxy-Fuel Ladle Pre-Heating Station,Ladle Heating Utility,11.56,natural_gas,52.97,0.0,1.0,Shift B (Evening),1099.4,2.05
2026-08-30 16:00:00,Continuous Billet Casting Machine,Continuous Casting,61.88,none,0.0,778.4,1.0,Shift B (Evening),1152.0,2.92
2026-08-30 16:00:00,Soaking Pit Reheating Furnace,Reheating & Rolling,1.61,natural_gas,0.0,0.0,0.0,Shift B (Evening),30.9,0.0
2026-08-30 16:00:00,Heavy Hydraulic Forging Press (1200T),Hot Forging & Pressing,1.89,none,0.0,0.0,0.0,Shift B (Evening),29.8,0.0
2026-08-30 16:00:00,High-Pressure Hydraulic Power Pack,Hydraulic Utility,31.75,none,0.0,0.0,0.0,Shift B (Evening),41.6,178.5
2026-08-30 16:00:00,Primary Cooling Tower & Water Pump Station,Cooling Utility,47.01,none,0.0,0.0,1.0,Shift B (Evening),28.5,3.69
2026-08-30 17:00:00,Medium Frequency Induction Melting Furnace (5T),Melting & Refining,270.82,none,0.0,837.1,1.0,Shift B (Evening),1567.2,1.02
2026-08-30 17:00:00,Oxy-Fuel Ladle Pre-Heating Station,Ladle Heating Utility,11.73,natural_gas,53.75,0.0,1.0,Shift B (Evening),1096.1,1.94
2026-08-30 17:00:00,Continuous Billet Casting Machine,Continuous Casting,60.16,none,0.0,756.8,1.0,Shift B (Evening),1166.7,3.05
2026-08-30 17:00:00,Soaking Pit Reheating Furnace,Reheating & Rolling,1.91,natural_gas,0.0,0.0,0.0,Shift B (Evening),29.8,0.0
2026-08-30 17:00:00,Heavy Hydraulic Forging Press (1200T),Hot Forging & Pressing,1.3,none,0.0,0.0,0.0,Shift B (Evening),29.9,0.0
2026-08-30 17:00:00,High-Pressure Hydraulic Power Pack,Hydraulic Utility,31.49,none,0.0,0.0,0.0,Shift B (Evening),41.6,178.5
2026-08-30 17:00:00,Primary Cooling Tower & Water Pump Station,Cooling Utility,47.57,none,0.0,0.0,1.0,Shift B (Evening),28.5,3.84
2026-08-30 18:00:00,Medium Frequency Induction Melting Furnace (5T),Melting & Refining,265.07,none,0.0,819.3,1.0,Shift B (Evening),1555.3,1.01
2026-08-30 18:00:00,Oxy-Fuel Ladle Pre-Heating Station,Ladle Heating Utility,11.99,natural_gas,54.96,0.0,1.0,Shift B (Evening),1117.7,1.98
2026-08-30 18:00:00,Continuous Billet Casting Machine,Continuous Casting,60.33,none,0.0,759.0,1.0,Shift B (Evening),1140.4,2.97
2026-08-30 18:00:00,Soaking Pit Reheating Furnace,Reheating & Rolling,0.75,natural_gas,0.0,0.0,0.0,Shift B (Evening),28.6,0.0
2026-08-30 18:00:00,Heavy Hydraulic Forging Press (1200T),Hot Forging & Pressing,1.77,none,0.0,0.0,0.0,Shift B (Evening),28.8,0.0
2026-08-30 18:00:00,High-Pressure Hydraulic Power Pack,Hydraulic Utility,30.43,none,0.0,0.0,0.0,Shift B (Evening),41.6,178.5
2026-08-30 18:00:00,Primary Cooling Tower & Water Pump Station,Cooling Utility,46.1,none,0.0,0.0,1.0,Shift B (Evening),28.3,3.87
2026-08-30 19:00:00,Medium Frequency Induction Melting Furnace (5T),Melting & Refining,283.92,none,0.0,877.6,1.0,Shift B (Evening),1566.9,0.97
2026-08-30 19:00:00,Oxy-Fuel Ladle Pre-Heating Station,Ladle Heating Utility,11.7,natural_gas,53.6,0.0,1.0,Shift B (Evening),1093.0,2.02
2026-08-30 19:00:00,Continuous Billet Casting Machine,Continuous Casting,63.71,none,0.0,801.6,1.0,Shift B (Evening),1137.5,2.99
2026-08-30 19:00:00,Soaking Pit Reheating Furnace,Reheating & Rolling,1.58,natural_gas,0.0,0.0,0.0,Shift B (Evening),31.6,0.0
2026-08-30 19:00:00,Heavy Hydraulic Forging Press (1200T),Hot Forging & Pressing,0.74,none,0.0,0.0,0.0,Shift B (Evening),28.6,0.0
2026-08-30 19:00:00,High-Pressure Hydraulic Power Pack,Hydraulic Utility,31.7,none,0.0,0.0,0.0,Shift B (Evening),41.6,178.5
2026-08-30 19:00:00,Primary Cooling Tower & Water Pump Station,Cooling Utility,49.72,none,0.0,0.0,1.0,Shift B (Evening),28.1,3.79
2026-08-30 20:00:00,Medium Frequency Induction Melting Furnace (5T),Melting & Refining,272.07,none,0.0,840.9,1.0,Shift B (Evening),1562.3,0.97
2026-08-30 20:00:00,Oxy-Fuel Ladle Pre-Heating Station,Ladle Heating Utility,12.02,natural_gas,55.11,0.0,1.0,Shift B (Evening),1108.5,2.02
2026-08-30 20:00:00,Continuous Billet Casting Machine,Continuous Casting,60.05,none,0.0,755.4,1.0,Shift B (Evening),1148.8,2.96
2026-08-30 20:00:00,Soaking Pit Reheating Furnace,Reheating & Rolling,1.38,natural_gas,0.0,0.0,0.0,Shift B (Evening),29.7,0.0
2026-08-30 20:00:00,Heavy Hydraulic Forging Press (1200T),Hot Forging & Pressing,0.69,none,0.0,0.0,0.0,Shift B (Evening),29.1,0.0
2026-08-30 20:00:00,High-Pressure Hydraulic Power Pack,Hydraulic Utility,32.74,none,0.0,0.0,0.0,Shift B (Evening),41.6,178.5
2026-08-30 20:00:00,Primary Cooling Tower & Water Pump Station,Cooling Utility,47.45,none,0.0,0.0,1.0,Shift B (Evening),27.9,3.9
2026-08-30 21:00:00,Medium Frequency Induction Melting Furnace (5T),Melting & Refining,283.95,none,0.0,877.6,1.0,Shift B (Evening),1573.3,0.98
2026-08-30 21:00:00,Oxy-Fuel Ladle Pre-Heating Station,Ladle Heating Utility,11.68,natural_gas,53.51,0.0,1.0,Shift B (Evening),1103.1,2.02
2026-08-30 21:00:00,Continuous Billet Casting Machine,Continuous Casting,61.73,none,0.0,776.6,1.0,Shift B (Evening),1172.8,2.98
2026-08-30 21:00:00,Soaking Pit Reheating Furnace,Reheating & Rolling,0.97,natural_gas,0.0,0.0,0.0,Shift B (Evening),28.3,0.0
2026-08-30 21:00:00,Heavy Hydraulic Forging Press (1200T),Hot Forging & Pressing,1.71,none,0.0,0.0,0.0,Shift B (Evening),28.7,0.0
2026-08-30 21:00:00,High-Pressure Hydraulic Power Pack,Hydraulic Utility,30.07,none,0.0,0.0,0.0,Shift B (Evening),41.6,178.5
2026-08-30 21:00:00,Primary Cooling Tower & Water Pump Station,Cooling Utility,48.23,none,0.0,0.0,1.0,Shift B (Evening),27.7,3.72
2026-08-30 22:00:00,Medium Frequency Induction Melting Furnace (5T),Melting & Refining,266.93,none,0.0,825.1,1.0,Shift C (Night),1562.5,0.97
2026-08-30 22:00:00,Oxy-Fuel Ladle Pre-Heating Station,Ladle Heating Utility,11.58,natural_gas,53.06,0.0,1.0,Shift C (Night),1112.7,1.95
2026-08-30 22:00:00,Continuous Billet Casting Machine,Continuous Casting,62.82,none,0.0,790.4,1.0,Shift C (Night),1153.9,2.91
2026-08-30 22:00:00,Soaking Pit Reheating Furnace,Reheating & Rolling,1.83,natural_gas,0.0,0.0,0.0,Shift C (Night),28.5,0.0
2026-08-30 22:00:00,Heavy Hydraulic Forging Press (1200T),Hot Forging & Pressing,1.89,none,0.0,0.0,0.0,Shift C (Night),31.4,0.0
2026-08-30 22:00:00,High-Pressure Hydraulic Power Pack,Hydraulic Utility,32.01,none,0.0,0.0,0.0,Shift C (Night),41.6,178.5
2026-08-30 22:00:00,Primary Cooling Tower & Water Pump Station,Cooling Utility,46.8,none,0.0,0.0,1.0,Shift C (Night),28.0,3.8
2026-08-30 23:00:00,Medium Frequency Induction Melting Furnace (5T),Melting & Refining,266.18,none,0.0,822.7,1.0,Shift C (Night),1543.0,1.01
2026-08-30 23:00:00,Oxy-Fuel Ladle Pre-Heating Station,Ladle Heating Utility,12.04,natural_gas,55.18,0.0,1.0,Shift C (Night),1113.4,1.96
2026-08-30 23:00:00,Continuous Billet Casting Machine,Continuous Casting,60.15,none,0.0,756.7,1.0,Shift C (Night),1150.5,3.07
2026-08-30 23:00:00,Soaking Pit Reheating Furnace,Reheating & Rolling,0.7,natural_gas,0.0,0.0,0.0,Shift C (Night),30.1,0.0
2026-08-30 23:00:00,Heavy Hydraulic Forging Press (1200T),Hot Forging & Pressing,1.98,none,0.0,0.0,0.0,Shift C (Night),30.3,0.0
2026-08-30 23:00:00,High-Pressure Hydraulic Power Pack,Hydraulic Utility,29.24,none,0.0,0.0,0.0,Shift C (Night),41.6,178.5
2026-08-30 23:00:00,Primary Cooling Tower & Water Pump Station,Cooling Utility,48.97,none,0.0,0.0,1.0,Shift C (Night),28.4,3.77
2026-08-31 00:00:00,Medium Frequency Induction Melting Furnace (5T),Melting & Refining,268.96,none,0.0,831.3,1.0,Shift C (Night),1535.3,0.97
2026-08-31 00:00:00,Oxy-Fuel Ladle Pre-Heating Station,Ladle Heating Utility,11.93,natural_gas,54.7,0.0,1.0,Shift C (Night),1116.3,2.03
2026-08-31 00:00:00,Continuous Billet Casting Machine,Continuous Casting,59.66,none,0.0,750.5,1.0,Shift C (Night),1157.9,3.08
2026-08-31 00:00:00,Soaking Pit Reheating Furnace,Reheating & Rolling,1.15,natural_gas,0.0,0.0,0.0,Shift C (Night),30.4,0.0
2026-08-31 00:00:00,Heavy Hydraulic Forging Press (1200T),Hot Forging & Pressing,1.81,none,0.0,0.0,0.0,Shift C (Night),31.0,0.0
2026-08-31 00:00:00,High-Pressure Hydraulic Power Pack,Hydraulic Utility,28.64,none,0.0,0.0,0.0,Shift C (Night),41.6,178.5
2026-08-31 00:00:00,Primary Cooling Tower & Water Pump Station,Cooling Utility,48.44,none,0.0,0.0,1.0,Shift C (Night),28.3,3.89
2026-08-31 01:00:00,Medium Frequency Induction Melting Furnace (5T),Melting & Refining,278.21,none,0.0,859.9,1.0,Shift C (Night),1565.8,0.98
2026-08-31 01:00:00,Oxy-Fuel Ladle Pre-Heating Station,Ladle Heating Utility,12.1,natural_gas,55.44,0.0,1.0,Shift C (Night),1090.7,2.03
2026-08-31 01:00:00,Continuous Billet Casting Machine,Continuous Casting,61.67,none,0.0,775.8,1.0,Shift C (Night),1128.4,2.92
2026-08-31 01:00:00,Soaking Pit Reheating Furnace,Reheating & Rolling,0.72,natural_gas,0.0,0.0,0.0,Shift C (Night),31.6,0.0
2026-08-31 01:00:00,Heavy Hydraulic Forging Press (1200T),Hot Forging & Pressing,0.8,none,0.0,0.0,0.0,Shift C (Night),30.6,0.0
2026-08-31 01:00:00,High-Pressure Hydraulic Power Pack,Hydraulic Utility,29.85,none,0.0,0.0,0.0,Shift C (Night),41.6,178.5
2026-08-31 01:00:00,Primary Cooling Tower & Water Pump Station,Cooling Utility,47.59,none,0.0,0.0,1.0,Shift C (Night),28.0,3.87
2026-08-31 02:00:00,Medium Frequency Induction Melting Furnace (5T),Melting & Refining,284.18,none,0.0,878.4,1.0,Shift C (Night),1537.8,1.0
2026-08-31 02:00:00,Oxy-Fuel Ladle Pre-Heating Station,Ladle Heating Utility,11.83,natural_gas,54.24,0.0,1.0,Shift C (Night),1091.6,2.05
2026-08-31 02:00:00,Continuous Billet Casting Machine,Continuous Casting,62.06,none,0.0,780.7,1.0,Shift C (Night),1144.8,3.07
2026-08-31 02:00:00,Soaking Pit Reheating Furnace,Reheating & Rolling,1.56,natural_gas,0.0,0.0,0.0,Shift C (Night),30.8,0.0
2026-08-31 02:00:00,Heavy Hydraulic Forging Press (1200T),Hot Forging & Pressing,1.89,none,0.0,0.0,0.0,Shift C (Night),30.4,0.0
2026-08-31 02:00:00,High-Pressure Hydraulic Power Pack,Hydraulic Utility,31.31,none,0.0,0.0,0.0,Shift C (Night),41.6,178.5
2026-08-31 02:00:00,Primary Cooling Tower & Water Pump Station,Cooling Utility,48.28,none,0.0,0.0,1.0,Shift C (Night),28.0,3.71
2026-08-31 03:00:00,Medium Frequency Induction Melting Furnace (5T),Melting & Refining,274.77,none,0.0,849.3,1.0,Shift C (Night),1540.2,1.0
2026-08-31 03:00:00,Oxy-Fuel Ladle Pre-Heating Station,Ladle Heating Utility,12.13,natural_gas,55.58,0.0,1.0,Shift C (Night),1089.1,1.97
2026-08-31 03:00:00,Continuous Billet Casting Machine,Continuous Casting,60.87,none,0.0,765.7,1.0,Shift C (Night),1140.3,3.0
2026-08-31 03:00:00,Soaking Pit Reheating Furnace,Reheating & Rolling,1.04,natural_gas,0.0,0.0,0.0,Shift C (Night),31.6,0.0
2026-08-31 03:00:00,Heavy Hydraulic Forging Press (1200T),Hot Forging & Pressing,1.87,none,0.0,0.0,0.0,Shift C (Night),30.3,0.0
2026-08-31 03:00:00,High-Pressure Hydraulic Power Pack,Hydraulic Utility,29.74,none,0.0,0.0,0.0,Shift C (Night),41.6,178.5
2026-08-31 03:00:00,Primary Cooling Tower & Water Pump Station,Cooling Utility,47.26,none,0.0,0.0,1.0,Shift C (Night),28.4,3.8
2026-08-31 04:00:00,Medium Frequency Induction Melting Furnace (5T),Melting & Refining,273.05,none,0.0,844.0,1.0,Shift C (Night),1535.4,1.0
2026-08-31 04:00:00,Oxy-Fuel Ladle Pre-Heating Station,Ladle Heating Utility,12.15,natural_gas,55.7,0.0,1.0,Shift C (Night),1111.8,2.05
2026-08-31 04:00:00,Continuous Billet Casting Machine,Continuous Casting,60.21,none,0.0,757.5,1.0,Shift C (Night),1162.4,2.96
2026-08-31 04:00:00,Soaking Pit Reheating Furnace,Reheating & Rolling,1.56,natural_gas,0.0,0.0,0.0,Shift C (Night),29.4,0.0
2026-08-31 04:00:00,Heavy Hydraulic Forging Press (1200T),Hot Forging & Pressing,1.36,none,0.0,0.0,0.0,Shift C (Night),29.3,0.0
2026-08-31 04:00:00,High-Pressure Hydraulic Power Pack,Hydraulic Utility,31.99,none,0.0,0.0,0.0,Shift C (Night),41.6,178.5
2026-08-31 04:00:00,Primary Cooling Tower & Water Pump Station,Cooling Utility,48.31,none,0.0,0.0,1.0,Shift C (Night),27.6,3.85
2026-08-31 05:00:00,Medium Frequency Induction Melting Furnace (5T),Melting & Refining,283.28,none,0.0,875.6,1.0,Shift C (Night),1558.6,0.98
2026-08-31 05:00:00,Oxy-Fuel Ladle Pre-Heating Station,Ladle Heating Utility,12.28,natural_gas,56.28,0.0,1.0,Shift C (Night),1114.5,1.96
2026-08-31 05:00:00,Continuous Billet Casting Machine,Continuous Casting,62.73,none,0.0,789.2,1.0,Shift C (Night),1149.9,2.95
2026-08-31 05:00:00,Soaking Pit Reheating Furnace,Reheating & Rolling,1.28,natural_gas,0.0,0.0,0.0,Shift C (Night),29.1,0.0
2026-08-31 05:00:00,Heavy Hydraulic Forging Press (1200T),Hot Forging & Pressing,1.4,none,0.0,0.0,0.0,Shift C (Night),30.1,0.0
2026-08-31 05:00:00,High-Pressure Hydraulic Power Pack,Hydraulic Utility,28.73,none,0.0,0.0,0.0,Shift C (Night),41.6,178.5
2026-08-31 05:00:00,Primary Cooling Tower & Water Pump Station,Cooling Utility,48.41,none,0.0,0.0,1.0,Shift C (Night),27.7,3.91
2026-08-31 06:00:00,Medium Frequency Induction Melting Furnace (5T),Melting & Refining,281.89,none,0.0,871.3,1.0,Shift A (Morning),1580.0,0.97
2026-08-31 06:00:00,Oxy-Fuel Ladle Pre-Heating Station,Ladle Heating Utility,11.7,natural_gas,53.63,0.0,1.0,Shift A (Morning),1119.1,2.05
2026-08-31 06:00:00,Continuous Billet Casting Machine,Continuous Casting,61.78,none,0.0,777.2,1.0,Shift A (Morning),1172.6,3.02
2026-08-31 06:00:00,Soaking Pit Reheating Furnace,Reheating & Rolling,34.38,natural_gas,93.31,884.0,1.0,Shift A (Morning),1223.3,1.18
2026-08-31 06:00:00,Heavy Hydraulic Forging Press (1200T),Hot Forging & Pressing,84.84,none,0.0,578.4,1.0,Shift A (Morning),977.2,226.36
2026-08-31 06:00:00,High-Pressure Hydraulic Power Pack,Hydraulic Utility,72.55,none,0.0,0.0,1.0,Shift A (Morning),52.0,208.57
2026-08-31 06:00:00,Primary Cooling Tower & Water Pump Station,Cooling Utility,46.54,none,0.0,0.0,1.0,Shift A (Morning),27.6,3.77
2026-08-31 07:00:00,Medium Frequency Induction Melting Furnace (5T),Melting & Refining,281.63,none,0.0,870.5,1.0,Shift A (Morning),1522.4,1.02
2026-08-31 07:00:00,Oxy-Fuel Ladle Pre-Heating Station,Ladle Heating Utility,11.79,natural_gas,54.02,0.0,1.0,Shift A (Morning),1102.1,1.97
2026-08-31 07:00:00,Continuous Billet Casting Machine,Continuous Casting,63.41,none,0.0,797.7,1.0,Shift A (Morning),1169.6,3.03
2026-08-31 07:00:00,Soaking Pit Reheating Furnace,Reheating & Rolling,34.17,natural_gas,92.76,878.8,1.0,Shift A (Morning),1239.1,1.2
2026-08-31 07:00:00,Heavy Hydraulic Forging Press (1200T),Hot Forging & Pressing,84.55,none,0.0,576.5,1.0,Shift A (Morning),973.6,221.64
2026-08-31 07:00:00,High-Pressure Hydraulic Power Pack,Hydraulic Utility,70.72,none,0.0,0.0,1.0,Shift A (Morning),51.9,206.6
2026-08-31 07:00:00,Primary Cooling Tower & Water Pump Station,Cooling Utility,48.45,none,0.0,0.0,1.0,Shift A (Morning),28.1,3.75
2026-08-31 08:00:00,Medium Frequency Induction Melting Furnace (5T),Melting & Refining,276.16,none,0.0,853.6,1.0,Shift A (Morning),1571.1,0.98
2026-08-31 08:00:00,Oxy-Fuel Ladle Pre-Heating Station,Ladle Heating Utility,12.05,natural_gas,55.24,0.0,1.0,Shift A (Morning),1091.9,1.97
2026-08-31 08:00:00,Continuous Billet Casting Machine,Continuous Casting,63.52,none,0.0,799.1,1.0,Shift A (Morning),1165.0,2.95
2026-08-31 08:00:00,Soaking Pit Reheating Furnace,Reheating & Rolling,35.33,natural_gas,95.88,908.4,1.0,Shift A (Morning),1242.2,1.17
2026-08-31 08:00:00,Heavy Hydraulic Forging Press (1200T),Hot Forging & Pressing,89.69,none,0.0,611.5,1.0,Shift A (Morning),998.8,216.96
2026-08-31 08:00:00,High-Pressure Hydraulic Power Pack,Hydraulic Utility,71.92,none,0.0,0.0,1.0,Shift A (Morning),51.2,214.35
2026-08-31 08:00:00,Primary Cooling Tower & Water Pump Station,Cooling Utility,46.93,none,0.0,0.0,1.0,Shift A (Morning),28.0,3.72
2026-08-31 09:00:00,Medium Frequency Induction Melting Furnace (5T),Melting & Refining,267.82,none,0.0,827.8,1.0,Shift A (Morning),1532.7,0.98
2026-08-31 09:00:00,Oxy-Fuel Ladle Pre-Heating Station,Ladle Heating Utility,11.75,natural_gas,53.85,0.0,1.0,Shift A (Morning),1091.6,2.01
2026-08-31 09:00:00,Continuous Billet Casting Machine,Continuous Casting,62.49,none,0.0,786.2,1.0,Shift A (Morning),1144.8,2.95
2026-08-31 09:00:00,Soaking Pit Reheating Furnace,Reheating & Rolling,33.88,natural_gas,91.96,871.2,1.0,Shift A (Morning),1199.6,1.22
2026-08-31 09:00:00,Heavy Hydraulic Forging Press (1200T),Hot Forging & Pressing,87.6,none,0.0,597.2,1.0,Shift A (Morning),989.4,218.48
2026-08-31 09:00:00,High-Pressure Hydraulic Power Pack,Hydraulic Utility,72.66,none,0.0,0.0,1.0,Shift A (Morning),51.8,210.52
2026-08-31 09:00:00,Primary Cooling Tower & Water Pump Station,Cooling Utility,47.12,none,0.0,0.0,1.0,Shift A (Morning),28.4,3.8
2026-08-31 10:00:00,Medium Frequency Induction Melting Furnace (5T),Melting & Refining,281.37,none,0.0,869.7,1.0,Shift A (Morning),1551.5,0.99
2026-08-31 10:00:00,Oxy-Fuel Ladle Pre-Heating Station,Ladle Heating Utility,12.0,natural_gas,55.0,0.0,1.0,Shift A (Morning),1105.1,2.04
2026-08-31 10:00:00,Continuous Billet Casting Machine,Continuous Casting,62.53,none,0.0,786.6,1.0,Shift A (Morning),1144.2,3.04
2026-08-31 10:00:00,Soaking Pit Reheating Furnace,Reheating & Rolling,35.28,natural_gas,95.77,907.3,1.0,Shift A (Morning),1229.7,1.19
2026-08-31 10:00:00,Heavy Hydraulic Forging Press (1200T),Hot Forging & Pressing,90.03,none,0.0,613.8,1.0,Shift A (Morning),968.5,217.55
2026-08-31 10:00:00,High-Pressure Hydraulic Power Pack,Hydraulic Utility,71.45,none,0.0,0.0,1.0,Shift A (Morning),51.5,207.36
2026-08-31 10:00:00,Primary Cooling Tower & Water Pump Station,Cooling Utility,46.97,none,0.0,0.0,1.0,Shift A (Morning),28.1,3.79
2026-08-31 11:00:00,Medium Frequency Induction Melting Furnace (5T),Melting & Refining,264.53,none,0.0,817.7,1.0,Shift A (Morning),1577.0,0.98
2026-08-31 11:00:00,Oxy-Fuel Ladle Pre-Heating Station,Ladle Heating Utility,12.19,natural_gas,55.87,0.0,1.0,Shift A (Morning),1097.9,2.04
2026-08-31 11:00:00,Continuous Billet Casting Machine,Continuous Casting,61.45,none,0.0,773.1,1.0,Shift A (Morning),1142.9,2.98
2026-08-31 11:00:00,Soaking Pit Reheating Furnace,Reheating & Rolling,34.97,natural_gas,94.93,899.3,1.0,Shift A (Morning),1230.9,1.23
2026-08-31 11:00:00,Heavy Hydraulic Forging Press (1200T),Hot Forging & Pressing,85.11,none,0.0,580.3,1.0,Shift A (Morning),970.4,216.42
2026-08-31 11:00:00,High-Pressure Hydraulic Power Pack,Hydraulic Utility,71.23,none,0.0,0.0,1.0,Shift A (Morning),53.0,209.73
2026-08-31 11:00:00,Primary Cooling Tower & Water Pump Station,Cooling Utility,46.73,none,0.0,0.0,1.0,Shift A (Morning),28.4,3.83
2026-08-31 12:00:00,Medium Frequency Induction Melting Furnace (5T),Melting & Refining,277.18,none,0.0,856.7,1.0,Shift A (Morning),1569.2,1.02
2026-08-31 12:00:00,Oxy-Fuel Ladle Pre-Heating Station,Ladle Heating Utility,12.46,natural_gas,57.11,0.0,1.0,Shift A (Morning),1094.0,2.03
2026-08-31 12:00:00,Continuous Billet Casting Machine,Continuous Casting,59.97,none,0.0,754.4,1.0,Shift A (Morning),1169.1,2.93
2026-08-31 12:00:00,Soaking Pit Reheating Furnace,Reheating & Rolling,35.55,natural_gas,96.48,914.1,1.0,Shift A (Morning),1198.0,1.17
2026-08-31 12:00:00,Heavy Hydraulic Forging Press (1200T),Hot Forging & Pressing,91.04,none,0.0,620.7,1.0,Shift A (Morning),978.2,217.27
2026-08-31 12:00:00,High-Pressure Hydraulic Power Pack,Hydraulic Utility,74.06,none,0.0,0.0,1.0,Shift A (Morning),51.5,215.24
2026-08-31 12:00:00,Primary Cooling Tower & Water Pump Station,Cooling Utility,46.96,none,0.0,0.0,1.0,Shift A (Morning),27.8,3.8
2026-08-31 13:00:00,Medium Frequency Induction Melting Furnace (5T),Melting & Refining,269.1,none,0.0,831.8,1.0,Shift A (Morning),1524.7,0.97
2026-08-31 13:00:00,Oxy-Fuel Ladle Pre-Heating Station,Ladle Heating Utility,12.15,natural_gas,55.68,0.0,1.0,Shift A (Morning),1112.5,2.05
2026-08-31 13:00:00,Continuous Billet Casting Machine,Continuous Casting,64.19,none,0.0,807.6,1.0,Shift A (Morning),1135.1,3.01
2026-08-31 13:00:00,Soaking Pit Reheating Furnace,Reheating & Rolling,36.24,natural_gas,98.36,931.8,1.0,Shift A (Morning),1239.3,1.18
2026-08-31 13:00:00,Heavy Hydraulic Forging Press (1200T),Hot Forging & Pressing,90.17,none,0.0,614.8,1.0,Shift A (Morning),968.1,222.81
2026-08-31 13:00:00,High-Pressure Hydraulic Power Pack,Hydraulic Utility,69.51,none,0.0,0.0,1.0,Shift A (Morning),51.2,214.0
2026-08-31 13:00:00,Primary Cooling Tower & Water Pump Station,Cooling Utility,46.77,none,0.0,0.0,1.0,Shift A (Morning),27.6,3.79
2026-08-31 14:00:00,Medium Frequency Induction Melting Furnace (5T),Melting & Refining,280.74,none,0.0,867.7,1.0,Shift B (Evening),1563.8,0.98
2026-08-31 14:00:00,Oxy-Fuel Ladle Pre-Heating Station,Ladle Heating Utility,12.41,natural_gas,56.9,0.0,1.0,Shift B (Evening),1088.8,1.94
2026-08-31 14:00:00,Continuous Billet Casting Machine,Continuous Casting,63.76,none,0.0,802.2,1.0,Shift B (Evening),1162.3,3.0
2026-08-31 14:00:00,Soaking Pit Reheating Furnace,Reheating & Rolling,33.66,natural_gas,91.36,865.5,1.0,Shift B (Evening),1220.2,1.17
2026-08-31 14:00:00,Heavy Hydraulic Forging Press (1200T),Hot Forging & Pressing,85.43,none,0.0,582.5,1.0,Shift B (Evening),962.3,215.46
2026-08-31 14:00:00,High-Pressure Hydraulic Power Pack,Hydraulic Utility,69.88,none,0.0,0.0,1.0,Shift B (Evening),52.8,214.21
2026-08-31 14:00:00,Primary Cooling Tower & Water Pump Station,Cooling Utility,48.28,none,0.0,0.0,1.0,Shift B (Evening),27.8,3.74
2026-08-31 15:00:00,Medium Frequency Induction Melting Furnace (5T),Melting & Refining,267.85,none,0.0,827.9,1.0,Shift B (Evening),1525.8,0.98
2026-08-31 15:00:00,Oxy-Fuel Ladle Pre-Heating Station,Ladle Heating Utility,12.13,natural_gas,55.62,0.0,1.0,Shift B (Evening),1111.2,1.95
2026-08-31 15:00:00,Continuous Billet Casting Machine,Continuous Casting,61.39,none,0.0,772.4,1.0,Shift B (Evening),1127.0,2.99
2026-08-31 15:00:00,Soaking Pit Reheating Furnace,Reheating & Rolling,35.84,natural_gas,97.27,921.5,1.0,Shift B (Evening),1228.7,1.19
2026-08-31 15:00:00,Heavy Hydraulic Forging Press (1200T),Hot Forging & Pressing,88.29,none,0.0,602.0,1.0,Shift B (Evening),976.2,220.33
2026-08-31 15:00:00,High-Pressure Hydraulic Power Pack,Hydraulic Utility,74.66,none,0.0,0.0,1.0,Shift B (Evening),52.9,208.16
2026-08-31 15:00:00,Primary Cooling Tower & Water Pump Station,Cooling Utility,48.41,none,0.0,0.0,1.0,Shift B (Evening),28.2,3.86
2026-08-31 16:00:00,Medium Frequency Induction Melting Furnace (5T),Melting & Refining,280.54,none,0.0,867.1,1.0,Shift B (Evening),1551.5,0.99
2026-08-31 16:00:00,Oxy-Fuel Ladle Pre-Heating Station,Ladle Heating Utility,12.0,natural_gas,55.01,0.0,1.0,Shift B (Evening),1100.0,2.04
2026-08-31 16:00:00,Continuous Billet Casting Machine,Continuous Casting,60.55,none,0.0,761.7,1.0,Shift B (Evening),1154.6,2.98
2026-08-31 16:00:00,Soaking Pit Reheating Furnace,Reheating & Rolling,34.44,natural_gas,93.47,885.5,1.0,Shift B (Evening),1225.1,1.19
2026-08-31 16:00:00,Heavy Hydraulic Forging Press (1200T),Hot Forging & Pressing,87.13,none,0.0,594.0,1.0,Shift B (Evening),975.0,217.55
2026-08-31 16:00:00,High-Pressure Hydraulic Power Pack,Hydraulic Utility,70.26,none,0.0,0.0,1.0,Shift B (Evening),51.0,209.19
2026-08-31 16:00:00,Primary Cooling Tower & Water Pump Station,Cooling Utility,48.53,none,0.0,0.0,1.0,Shift B (Evening),27.6,3.88
2026-08-31 17:00:00,Medium Frequency Induction Melting Furnace (5T),Melting & Refining,281.39,none,0.0,869.8,1.0,Shift B (Evening),1565.5,1.01
2026-08-31 17:00:00,Oxy-Fuel Ladle Pre-Heating Station,Ladle Heating Utility,11.81,natural_gas,54.13,0.0,1.0,Shift B (Evening),1088.8,1.94
2026-08-31 17:00:00,Continuous Billet Casting Machine,Continuous Casting,60.65,none,0.0,763.0,1.0,Shift B (Evening),1147.2,3.0
2026-08-31 17:00:00,Soaking Pit Reheating Furnace,Reheating & Rolling,34.91,natural_gas,94.74,897.6,1.0,Shift B (Evening),1218.3,1.23
2026-08-31 17:00:00,Heavy Hydraulic Forging Press (1200T),Hot Forging & Pressing,87.74,none,0.0,598.2,1.0,Shift B (Evening),976.7,214.08
2026-08-31 17:00:00,High-Pressure Hydraulic Power Pack,Hydraulic Utility,74.58,none,0.0,0.0,1.0,Shift B (Evening),52.8,215.33
2026-08-31 17:00:00,Primary Cooling Tower & Water Pump Station,Cooling Utility,47.21,none,0.0,0.0,1.0,Shift B (Evening),27.5,3.79
2026-08-31 18:00:00,Medium Frequency Induction Melting Furnace (5T),Melting & Refining,272.5,none,0.0,842.3,1.0,Shift B (Evening),1559.5,1.0
2026-08-31 18:00:00,Oxy-Fuel Ladle Pre-Heating Station,Ladle Heating Utility,12.09,natural_gas,55.43,0.0,1.0,Shift B (Evening),1093.6,2.0
2026-08-31 18:00:00,Continuous Billet Casting Machine,Continuous Casting,61.89,none,0.0,778.6,1.0,Shift B (Evening),1170.0,3.07
2026-08-31 18:00:00,Soaking Pit Reheating Furnace,Reheating & Rolling,34.94,natural_gas,94.84,898.5,1.0,Shift B (Evening),1212.8,1.18
2026-08-31 18:00:00,Heavy Hydraulic Forging Press (1200T),Hot Forging & Pressing,90.97,none,0.0,620.3,1.0,Shift B (Evening),966.9,226.5
2026-08-31 18:00:00,High-Pressure Hydraulic Power Pack,Hydraulic Utility,69.96,none,0.0,0.0,1.0,Shift B (Evening),52.4,207.1
2026-08-31 18:00:00,Primary Cooling Tower & Water Pump Station,Cooling Utility,46.17,none,0.0,0.0,1.0,Shift B (Evening),27.7,3.8
2026-08-31 19:00:00,Medium Frequency Induction Melting Furnace (5T),Melting & Refining,264.53,none,0.0,817.6,1.0,Shift B (Evening),1544.0,1.02
2026-08-31 19:00:00,Oxy-Fuel Ladle Pre-Heating Station,Ladle Heating Utility,11.96,natural_gas,54.83,0.0,1.0,Shift B (Evening),1105.4,1.97
2026-08-31 19:00:00,Continuous Billet Casting Machine,Continuous Casting,59.77,none,0.0,752.0,1.0,Shift B (Evening),1150.8,2.93
2026-08-31 19:00:00,Soaking Pit Reheating Furnace,Reheating & Rolling,34.83,natural_gas,94.53,895.6,1.0,Shift B (Evening),1219.4,1.22
2026-08-31 19:00:00,Heavy Hydraulic Forging Press (1200T),Hot Forging & Pressing,84.73,none,0.0,577.7,1.0,Shift B (Evening),990.9,223.02
2026-08-31 19:00:00,High-Pressure Hydraulic Power Pack,Hydraulic Utility,72.38,none,0.0,0.0,1.0,Shift B (Evening),51.1,215.9
2026-08-31 19:00:00,Primary Cooling Tower & Water Pump Station,Cooling Utility,49.66,none,0.0,0.0,1.0,Shift B (Evening),27.9,3.84
2026-08-31 20:00:00,Medium Frequency Induction Melting Furnace (5T),Melting & Refining,273.68,none,0.0,845.9,1.0,Shift B (Evening),1563.8,0.99
2026-08-31 20:00:00,Oxy-Fuel Ladle Pre-Heating Station,Ladle Heating Utility,11.66,natural_gas,53.43,0.0,1.0,Shift B (Evening),1118.3,1.95
2026-08-31 20:00:00,Continuous Billet Casting Machine,Continuous Casting,61.42,none,0.0,772.8,1.0,Shift B (Evening),1145.1,2.92
2026-08-31 20:00:00,Soaking Pit Reheating Furnace,Reheating & Rolling,34.45,natural_gas,93.5,885.8,1.0,Shift B (Evening),1242.1,1.18
2026-08-31 20:00:00,Heavy Hydraulic Forging Press (1200T),Hot Forging & Pressing,88.49,none,0.0,603.3,1.0,Shift B (Evening),976.8,224.3
2026-08-31 20:00:00,High-Pressure Hydraulic Power Pack,Hydraulic Utility,69.99,none,0.0,0.0,1.0,Shift B (Evening),52.1,206.91
2026-08-31 20:00:00,Primary Cooling Tower & Water Pump Station,Cooling Utility,49.6,none,0.0,0.0,1.0,Shift B (Evening),27.4,3.7
2026-08-31 21:00:00,Medium Frequency Induction Melting Furnace (5T),Melting & Refining,282.89,none,0.0,874.4,1.0,Shift B (Evening),1535.5,1.0
2026-08-31 21:00:00,Oxy-Fuel Ladle Pre-Heating Station,Ladle Heating Utility,11.58,natural_gas,53.09,0.0,1.0,Shift B (Evening),1098.6,2.06
2026-08-31 21:00:00,Continuous Billet Casting Machine,Continuous Casting,64.11,none,0.0,806.5,1.0,Shift B (Evening),1149.7,2.92
2026-08-31 21:00:00,Soaking Pit Reheating Furnace,Reheating & Rolling,34.89,natural_gas,94.69,897.1,1.0,Shift B (Evening),1239.5,1.21
2026-08-31 21:00:00,Heavy Hydraulic Forging Press (1200T),Hot Forging & Pressing,91.38,none,0.0,623.0,1.0,Shift B (Evening),993.7,226.01
2026-08-31 21:00:00,High-Pressure Hydraulic Power Pack,Hydraulic Utility,70.61,none,0.0,0.0,1.0,Shift B (Evening),52.1,214.9
2026-08-31 21:00:00,Primary Cooling Tower & Water Pump Station,Cooling Utility,49.21,none,0.0,0.0,1.0,Shift B (Evening),27.8,3.84
2026-08-31 22:00:00,Medium Frequency Induction Melting Furnace (5T),Melting & Refining,275.59,none,0.0,851.8,1.0,Shift C (Night),1560.4,1.02
2026-08-31 22:00:00,Oxy-Fuel Ladle Pre-Heating Station,Ladle Heating Utility,12.09,natural_gas,55.4,0.0,1.0,Shift C (Night),1108.0,2.04
2026-08-31 22:00:00,Continuous Billet Casting Machine,Continuous Casting,63.38,none,0.0,797.4,1.0,Shift C (Night),1138.3,3.06
2026-08-31 22:00:00,Soaking Pit Reheating Furnace,Reheating & Rolling,34.81,natural_gas,94.5,895.2,1.0,Shift C (Night),1208.9,1.23
2026-08-31 22:00:00,Heavy Hydraulic Forging Press (1200T),Hot Forging & Pressing,86.6,none,0.0,590.4,1.0,Shift C (Night),998.5,226.49
2026-08-31 22:00:00,High-Pressure Hydraulic Power Pack,Hydraulic Utility,69.42,none,0.0,0.0,1.0,Shift C (Night),52.2,213.8
2026-08-31 22:00:00,Primary Cooling Tower & Water Pump Station,Cooling Utility,47.07,none,0.0,0.0,1.0,Shift C (Night),28.4,3.81
2026-08-31 23:00:00,Medium Frequency Induction Melting Furnace (5T),Melting & Refining,282.58,none,0.0,873.4,1.0,Shift C (Night),1532.6,1.03
2026-08-31 23:00:00,Oxy-Fuel Ladle Pre-Heating Station,Ladle Heating Utility,11.97,natural_gas,54.84,0.0,1.0,Shift C (Night),1084.7,1.95
2026-08-31 23:00:00,Continuous Billet Casting Machine,Continuous Casting,62.21,none,0.0,782.6,1.0,Shift C (Night),1143.7,3.04
2026-08-31 23:00:00,Soaking Pit Reheating Furnace,Reheating & Rolling,34.77,natural_gas,94.39,894.2,1.0,Shift C (Night),1211.8,1.17
2026-08-31 23:00:00,Heavy Hydraulic Forging Press (1200T),Hot Forging & Pressing,0.83,none,0.0,0.0,0.0,Shift C (Night),29.9,0.0
2026-08-31 23:00:00,High-Pressure Hydraulic Power Pack,Hydraulic Utility,32.64,none,0.0,0.0,0.0,Shift C (Night),41.6,178.5
2026-08-31 23:00:00,Primary Cooling Tower & Water Pump Station,Cooling Utility,46.33,none,0.0,0.0,1.0,Shift C (Night),27.8,3.89
2026-09-01 00:00:00,Medium Frequency Induction Melting Furnace (5T),Melting & Refining,273.58,none,0.0,845.6,1.0,Shift C (Night),1569.5,0.98
2026-09-01 00:00:00,Oxy-Fuel Ladle Pre-Heating Station,Ladle Heating Utility,11.97,natural_gas,54.88,0.0,1.0,Shift C (Night),1079.3,2.05
2026-09-01 00:00:00,Continuous Billet Casting Machine,Continuous Casting,60.11,none,0.0,756.2,1.0,Shift C (Night),1137.8,3.07
2026-09-01 00:00:00,Soaking Pit Reheating Furnace,Reheating & Rolling,1.29,natural_gas,0.0,0.0,0.0,Shift C (Night),31.8,0.0
2026-09-01 00:00:00,Heavy Hydraulic Forging Press (1200T),Hot Forging & Pressing,1.42,none,0.0,0.0,0.0,Shift C (Night),29.6,0.0
2026-09-01 00:00:00,High-Pressure Hydraulic Power Pack,Hydraulic Utility,32.25,none,0.0,0.0,0.0,Shift C (Night),41.6,178.5
2026-09-01 00:00:00,Primary Cooling Tower & Water Pump Station,Cooling Utility,47.18,none,0.0,0.0,1.0,Shift C (Night),28.1,3.72
2026-09-01 01:00:00,Medium Frequency Induction Melting Furnace (5T),Melting & Refining,267.5,none,0.0,826.8,1.0,Shift C (Night),1539.3,0.99
2026-09-01 01:00:00,Oxy-Fuel Ladle Pre-Heating Station,Ladle Heating Utility,11.6,natural_gas,53.16,0.0,1.0,Shift C (Night),1081.6,2.04
2026-09-01 01:00:00,Continuous Billet Casting Machine,Continuous Casting,59.56,none,0.0,749.3,1.0,Shift C (Night),1151.9,3.0
2026-09-01 01:00:00,Soaking Pit Reheating Furnace,Reheating & Rolling,0.73,natural_gas,0.0,0.0,0.0,Shift C (Night),31.9,0.0
2026-09-01 01:00:00,Heavy Hydraulic Forging Press (1200T),Hot Forging & Pressing,1.73,none,0.0,0.0,0.0,Shift C (Night),30.6,0.0
2026-09-01 01:00:00,High-Pressure Hydraulic Power Pack,Hydraulic Utility,32.96,none,0.0,0.0,0.0,Shift C (Night),41.6,178.5
2026-09-01 01:00:00,Primary Cooling Tower & Water Pump Station,Cooling Utility,46.09,none,0.0,0.0,1.0,Shift C (Night),27.6,3.72
2026-09-01 02:00:00,Medium Frequency Induction Melting Furnace (5T),Melting & Refining,285.64,none,0.0,882.9,1.0,Shift C (Night),1541.7,1.01
2026-09-01 02:00:00,Oxy-Fuel Ladle Pre-Heating Station,Ladle Heating Utility,12.31,natural_gas,56.44,0.0,1.0,Shift C (Night),1093.7,2.01
2026-09-01 02:00:00,Continuous Billet Casting Machine,Continuous Casting,59.72,none,0.0,751.3,1.0,Shift C (Night),1168.1,2.97
2026-09-01 02:00:00,Soaking Pit Reheating Furnace,Reheating & Rolling,0.65,natural_gas,0.0,0.0,0.0,Shift C (Night),30.3,0.0
2026-09-01 02:00:00,Heavy Hydraulic Forging Press (1200T),Hot Forging & Pressing,1.98,none,0.0,0.0,0.0,Shift C (Night),30.5,0.0
2026-09-01 02:00:00,High-Pressure Hydraulic Power Pack,Hydraulic Utility,32.11,none,0.0,0.0,0.0,Shift C (Night),41.6,178.5
2026-09-01 02:00:00,Primary Cooling Tower & Water Pump Station,Cooling Utility,46.82,none,0.0,0.0,1.0,Shift C (Night),27.6,3.78
2026-09-01 03:00:00,Medium Frequency Induction Melting Furnace (5T),Melting & Refining,285.86,none,0.0,883.6,1.0,Shift C (Night),1525.7,1.01
2026-09-01 03:00:00,Oxy-Fuel Ladle Pre-Heating Station,Ladle Heating Utility,12.11,natural_gas,55.51,0.0,1.0,Shift C (Night),1101.1,2.04
2026-09-01 03:00:00,Continuous Billet Casting Machine,Continuous Casting,60.93,none,0.0,766.5,1.0,Shift C (Night),1130.0,3.02
2026-09-01 03:00:00,Soaking Pit Reheating Furnace,Reheating & Rolling,0.96,natural_gas,0.0,0.0,0.0,Shift C (Night),30.6,0.0
2026-09-01 03:00:00,Heavy Hydraulic Forging Press (1200T),Hot Forging & Pressing,1.58,none,0.0,0.0,0.0,Shift C (Night),28.4,0.0
2026-09-01 03:00:00,High-Pressure Hydraulic Power Pack,Hydraulic Utility,31.03,none,0.0,0.0,0.0,Shift C (Night),41.6,178.5
2026-09-01 03:00:00,Primary Cooling Tower & Water Pump Station,Cooling Utility,48.73,none,0.0,0.0,1.0,Shift C (Night),27.5,3.88
2026-09-01 04:00:00,Medium Frequency Induction Melting Furnace (5T),Melting & Refining,278.63,none,0.0,861.2,1.0,Shift C (Night),1562.1,1.02
2026-09-01 04:00:00,Oxy-Fuel Ladle Pre-Heating Station,Ladle Heating Utility,11.86,natural_gas,54.38,0.0,1.0,Shift C (Night),1100.4,1.98
2026-09-01 04:00:00,Continuous Billet Casting Machine,Continuous Casting,63.02,none,0.0,792.8,1.0,Shift C (Night),1145.5,3.06
2026-09-01 04:00:00,Soaking Pit Reheating Furnace,Reheating & Rolling,0.93,natural_gas,0.0,0.0,0.0,Shift C (Night),31.9,0.0
2026-09-01 04:00:00,Heavy Hydraulic Forging Press (1200T),Hot Forging & Pressing,1.03,none,0.0,0.0,0.0,Shift C (Night),29.3,0.0
2026-09-01 04:00:00,High-Pressure Hydraulic Power Pack,Hydraulic Utility,29.2,none,0.0,0.0,0.0,Shift C (Night),41.6,178.5
2026-09-01 04:00:00,Primary Cooling Tower & Water Pump Station,Cooling Utility,46.65,none,0.0,0.0,1.0,Shift C (Night),27.6,3.7
2026-09-01 05:00:00,Medium Frequency Induction Melting Furnace (5T),Melting & Refining,276.93,none,0.0,856.0,1.0,Shift C (Night),1526.3,0.98
2026-09-01 05:00:00,Oxy-Fuel Ladle Pre-Heating Station,Ladle Heating Utility,11.95,natural_gas,54.78,0.0,1.0,Shift C (Night),1084.6,1.95
2026-09-01 05:00:00,Continuous Billet Casting Machine,Continuous Casting,63.34,none,0.0,796.9,1.0,Shift C (Night),1158.6,3.01
2026-09-01 05:00:00,Soaking Pit Reheating Furnace,Reheating & Rolling,1.61,natural_gas,0.0,0.0,0.0,Shift C (Night),29.7,0.0
2026-09-01 05:00:00,Heavy Hydraulic Forging Press (1200T),Hot Forging & Pressing,0.77,none,0.0,0.0,0.0,Shift C (Night),30.6,0.0
2026-09-01 05:00:00,High-Pressure Hydraulic Power Pack,Hydraulic Utility,32.71,none,0.0,0.0,0.0,Shift C (Night),41.6,178.5
2026-09-01 05:00:00,Primary Cooling Tower & Water Pump Station,Cooling Utility,48.2,none,0.0,0.0,1.0,Shift C (Night),28.1,3.9
2026-09-01 06:00:00,Medium Frequency Induction Melting Furnace (5T),Melting & Refining,268.61,none,0.0,830.3,1.0,Shift A (Morning),1548.3,0.97
2026-09-01 06:00:00,Oxy-Fuel Ladle Pre-Heating Station,Ladle Heating Utility,11.67,natural_gas,53.49,0.0,1.0,Shift A (Morning),1086.4,1.95
2026-09-01 06:00:00,Continuous Billet Casting Machine,Continuous Casting,59.68,none,0.0,750.8,1.0,Shift A (Morning),1166.2,2.96
2026-09-01 06:00:00,Soaking Pit Reheating Furnace,Reheating & Rolling,34.12,natural_gas,92.62,877.4,1.0,Shift A (Morning),1219.9,1.21
2026-09-01 06:00:00,Heavy Hydraulic Forging Press (1200T),Hot Forging & Pressing,87.28,none,0.0,595.1,1.0,Shift A (Morning),988.2,217.67
2026-09-01 06:00:00,High-Pressure Hydraulic Power Pack,Hydraulic Utility,69.89,none,0.0,0.0,1.0,Shift A (Morning),51.6,215.88
2026-09-01 06:00:00,Primary Cooling Tower & Water Pump Station,Cooling Utility,47.7,none,0.0,0.0,1.0,Shift A (Morning),27.8,3.89
2026-09-01 07:00:00,Medium Frequency Induction Melting Furnace (5T),Melting & Refining,276.46,none,0.0,854.5,1.0,Shift A (Morning),1562.4,0.97
2026-09-01 07:00:00,Oxy-Fuel Ladle Pre-Heating Station,Ladle Heating Utility,12.27,natural_gas,56.25,0.0,1.0,Shift A (Morning),1120.0,1.99
2026-09-01 07:00:00,Continuous Billet Casting Machine,Continuous Casting,61.93,none,0.0,779.2,1.0,Shift A (Morning),1172.5,2.94
2026-09-01 07:00:00,Soaking Pit Reheating Furnace,Reheating & Rolling,36.08,natural_gas,97.92,927.7,1.0,Shift A (Morning),1207.3,1.21
2026-09-01 07:00:00,Heavy Hydraulic Forging Press (1200T),Hot Forging & Pressing,91.22,none,0.0,621.9,1.0,Shift A (Morning),996.0,222.91
2026-09-01 07:00:00,High-Pressure Hydraulic Power Pack,Hydraulic Utility,71.53,none,0.0,0.0,1.0,Shift A (Morning),52.6,211.66
2026-09-01 07:00:00,Primary Cooling Tower & Water Pump Station,Cooling Utility,48.81,none,0.0,0.0,1.0,Shift A (Morning),28.3,3.77
2026-09-01 08:00:00,Medium Frequency Induction Melting Furnace (5T),Melting & Refining,264.06,none,0.0,816.2,1.0,Shift A (Morning),1548.9,1.02
2026-09-01 08:00:00,Oxy-Fuel Ladle Pre-Heating Station,Ladle Heating Utility,12.0,natural_gas,55.0,0.0,1.0,Shift A (Morning),1087.3,1.98
2026-09-01 08:00:00,Continuous Billet Casting Machine,Continuous Casting,62.79,none,0.0,789.9,1.0,Shift A (Morning),1160.9,3.0
2026-09-01 08:00:00,Soaking Pit Reheating Furnace,Reheating & Rolling,35.09,natural_gas,95.23,902.2,1.0,Shift A (Morning),1239.0,1.24
2026-09-01 08:00:00,Heavy Hydraulic Forging Press (1200T),Hot Forging & Pressing,88.79,none,0.0,605.4,1.0,Shift A (Morning),984.4,219.14
2026-09-01 08:00:00,High-Pressure Hydraulic Power Pack,Hydraulic Utility,74.59,none,0.0,0.0,1.0,Shift A (Morning),52.6,209.43
2026-09-01 08:00:00,Primary Cooling Tower & Water Pump Station,Cooling Utility,48.84,none,0.0,0.0,1.0,Shift A (Morning),28.1,3.81
2026-09-01 09:00:00,Medium Frequency Induction Melting Furnace (5T),Melting & Refining,280.63,none,0.0,867.4,1.0,Shift A (Morning),1521.8,0.99
2026-09-01 09:00:00,Oxy-Fuel Ladle Pre-Heating Station,Ladle Heating Utility,11.91,natural_gas,54.59,0.0,1.0,Shift A (Morning),1105.6,2.04
2026-09-01 09:00:00,Continuous Billet Casting Machine,Continuous Casting,61.87,none,0.0,778.4,1.0,Shift A (Morning),1167.4,3.08
2026-09-01 09:00:00,Soaking Pit Reheating Furnace,Reheating & Rolling,36.16,natural_gas,98.15,929.8,1.0,Shift A (Morning),1225.3,1.18
2026-09-01 09:00:00,Heavy Hydraulic Forging Press (1200T),Hot Forging & Pressing,86.7,none,0.0,591.1,1.0,Shift A (Morning),983.6,219.33
2026-09-01 09:00:00,High-Pressure Hydraulic Power Pack,Hydraulic Utility,70.85,none,0.0,0.0,1.0,Shift A (Morning),52.3,204.19
2026-09-01 09:00:00,Primary Cooling Tower & Water Pump Station,Cooling Utility,46.96,none,0.0,0.0,1.0,Shift A (Morning),28.5,3.74
2026-09-01 10:00:00,Medium Frequency Induction Melting Furnace (5T),Melting & Refining,269.84,none,0.0,834.0,1.0,Shift A (Morning),1551.9,0.97
2026-09-01 10:00:00,Oxy-Fuel Ladle Pre-Heating Station,Ladle Heating Utility,12.43,natural_gas,56.99,0.0,1.0,Shift A (Morning),1097.8,1.99
2026-09-01 10:00:00,Continuous Billet Casting Machine,Continuous Casting,61.65,none,0.0,775.6,1.0,Shift A (Morning),1171.1,3.05
2026-09-01 10:00:00,Soaking Pit Reheating Furnace,Reheating & Rolling,34.37,natural_gas,93.28,883.7,1.0,Shift A (Morning),1235.3,1.2
2026-09-01 10:00:00,Heavy Hydraulic Forging Press (1200T),Hot Forging & Pressing,87.41,none,0.0,596.0,1.0,Shift A (Morning),980.1,225.97
2026-09-01 10:00:00,High-Pressure Hydraulic Power Pack,Hydraulic Utility,73.7,none,0.0,0.0,1.0,Shift A (Morning),52.3,207.56
2026-09-01 10:00:00,Primary Cooling Tower & Water Pump Station,Cooling Utility,48.38,none,0.0,0.0,1.0,Shift A (Morning),27.5,3.91
2026-09-01 11:00:00,Medium Frequency Induction Melting Furnace (5T),Melting & Refining,268.7,none,0.0,830.5,1.0,Shift A (Morning),1560.0,0.99
2026-09-01 11:00:00,Oxy-Fuel Ladle Pre-Heating Station,Ladle Heating Utility,11.63,natural_gas,53.31,0.0,1.0,Shift A (Morning),1088.3,2.06
2026-09-01 11:00:00,Continuous Billet Casting Machine,Continuous Casting,62.3,none,0.0,783.8,1.0,Shift A (Morning),1142.1,3.01
2026-09-01 11:00:00,Soaking Pit Reheating Furnace,Reheating & Rolling,34.16,natural_gas,92.72,878.4,1.0,Shift A (Morning),1229.0,1.17
2026-09-01 11:00:00,Heavy Hydraulic Forging Press (1200T),Hot Forging & Pressing,89.03,none,0.0,607.0,1.0,Shift A (Morning),997.5,213.67
2026-09-01 11:00:00,High-Pressure Hydraulic Power Pack,Hydraulic Utility,69.87,none,0.0,0.0,1.0,Shift A (Morning),52.5,206.95
2026-09-01 11:00:00,Primary Cooling Tower & Water Pump Station,Cooling Utility,48.6,none,0.0,0.0,1.0,Shift A (Morning),28.2,3.78
2026-09-01 12:00:00,Medium Frequency Induction Melting Furnace (5T),Melting & Refining,283.93,none,0.0,877.6,1.0,Shift A (Morning),1531.7,0.98
2026-09-01 12:00:00,Oxy-Fuel Ladle Pre-Heating Station,Ladle Heating Utility,11.61,natural_gas,53.23,0.0,1.0,Shift A (Morning),1119.0,1.98
2026-09-01 12:00:00,Continuous Billet Casting Machine,Continuous Casting,62.21,none,0.0,782.6,1.0,Shift A (Morning),1152.2,2.92
2026-09-01 12:00:00,Soaking Pit Reheating Furnace,Reheating & Rolling,36.35,natural_gas,98.67,934.8,1.0,Shift A (Morning),1238.2,1.23
2026-09-01 12:00:00,Heavy Hydraulic Forging Press (1200T),Hot Forging & Pressing,84.5,none,0.0,576.2,1.0,Shift A (Morning),969.8,223.68
2026-09-01 12:00:00,High-Pressure Hydraulic Power Pack,Hydraulic Utility,73.7,none,0.0,0.0,1.0,Shift A (Morning),52.9,215.86
2026-09-01 12:00:00,Primary Cooling Tower & Water Pump Station,Cooling Utility,46.52,none,0.0,0.0,1.0,Shift A (Morning),27.9,3.71
2026-09-01 13:00:00,Medium Frequency Induction Melting Furnace (5T),Melting & Refining,280.85,none,0.0,868.1,1.0,Shift A (Morning),1567.3,1.0
2026-09-01 13:00:00,Oxy-Fuel Ladle Pre-Heating Station,Ladle Heating Utility,11.64,natural_gas,53.34,0.0,1.0,Shift A (Morning),1107.4,1.97
2026-09-01 13:00:00,Continuous Billet Casting Machine,Continuous Casting,59.93,none,0.0,754.0,1.0,Shift A (Morning),1163.3,2.97
2026-09-01 13:00:00,Soaking Pit Reheating Furnace,Reheating & Rolling,34.69,natural_gas,94.15,891.9,1.0,Shift A (Morning),1204.8,1.23
2026-09-01 13:00:00,Heavy Hydraulic Forging Press (1200T),Hot Forging & Pressing,89.59,none,0.0,610.8,1.0,Shift A (Morning),996.1,221.59
2026-09-01 13:00:00,High-Pressure Hydraulic Power Pack,Hydraulic Utility,74.7,none,0.0,0.0,1.0,Shift A (Morning),52.6,216.2
2026-09-01 13:00:00,Primary Cooling Tower & Water Pump Station,Cooling Utility,46.7,none,0.0,0.0,1.0,Shift A (Morning),27.8,3.81
2026-09-01 14:00:00,Medium Frequency Induction Melting Furnace (5T),Melting & Refining,279.17,none,0.0,862.9,1.0,Shift B (Evening),1531.0,1.03
2026-09-01 14:00:00,Oxy-Fuel Ladle Pre-Heating Station,Ladle Heating Utility,12.25,natural_gas,56.13,0.0,1.0,Shift B (Evening),1093.5,1.98
2026-09-01 14:00:00,Continuous Billet Casting Machine,Continuous Casting,61.45,none,0.0,773.1,1.0,Shift B (Evening),1161.8,2.93
2026-09-01 14:00:00,Soaking Pit Reheating Furnace,Reheating & Rolling,35.03,natural_gas,95.09,900.9,1.0,Shift B (Evening),1235.2,1.18
2026-09-01 14:00:00,Heavy Hydraulic Forging Press (1200T),Hot Forging & Pressing,85.82,none,0.0,585.1,1.0,Shift B (Evening),985.4,223.61
2026-09-01 14:00:00,High-Pressure Hydraulic Power Pack,Hydraulic Utility,73.43,none,0.0,0.0,1.0,Shift B (Evening),51.1,216.21
2026-09-01 14:00:00,Primary Cooling Tower & Water Pump Station,Cooling Utility,46.95,none,0.0,0.0,1.0,Shift B (Evening),28.2,3.89
2026-09-01 15:00:00,Medium Frequency Induction Melting Furnace (5T),Melting & Refining,274.88,none,0.0,849.6,1.0,Shift B (Evening),1566.8,0.99
2026-09-01 15:00:00,Oxy-Fuel Ladle Pre-Heating Station,Ladle Heating Utility,12.14,natural_gas,55.63,0.0,1.0,Shift B (Evening),1086.8,1.95
2026-09-01 15:00:00,Continuous Billet Casting Machine,Continuous Casting,61.77,none,0.0,777.1,1.0,Shift B (Evening),1127.2,2.97
2026-09-01 15:00:00,Soaking Pit Reheating Furnace,Reheating & Rolling,36.37,natural_gas,98.71,935.1,1.0,Shift B (Evening),1241.2,1.21
2026-09-01 15:00:00,Heavy Hydraulic Forging Press (1200T),Hot Forging & Pressing,87.41,none,0.0,595.9,1.0,Shift B (Evening),993.2,226.2
2026-09-01 15:00:00,High-Pressure Hydraulic Power Pack,Hydraulic Utility,74.09,none,0.0,0.0,1.0,Shift B (Evening),51.1,214.32
2026-09-01 15:00:00,Primary Cooling Tower & Water Pump Station,Cooling Utility,48.36,none,0.0,0.0,1.0,Shift B (Evening),28.1,3.71
2026-09-01 16:00:00,Medium Frequency Induction Melting Furnace (5T),Melting & Refining,266.99,none,0.0,825.2,1.0,Shift B (Evening),1549.6,1.03
2026-09-01 16:00:00,Oxy-Fuel Ladle Pre-Heating Station,Ladle Heating Utility,12.22,natural_gas,55.99,0.0,1.0,Shift B (Evening),1093.0,2.01
2026-09-01 16:00:00,Continuous Billet Casting Machine,Continuous Casting,59.68,none,0.0,750.8,1.0,Shift B (Evening),1165.4,2.97
2026-09-01 16:00:00,Soaking Pit Reheating Furnace,Reheating & Rolling,34.47,natural_gas,93.57,886.5,1.0,Shift B (Evening),1235.7,1.19
2026-09-01 16:00:00,Heavy Hydraulic Forging Press (1200T),Hot Forging & Pressing,90.52,none,0.0,617.2,1.0,Shift B (Evening),962.6,217.36
2026-09-01 16:00:00,High-Pressure Hydraulic Power Pack,Hydraulic Utility,74.67,none,0.0,0.0,1.0,Shift B (Evening),51.2,206.95
2026-09-01 16:00:00,Primary Cooling Tower & Water Pump Station,Cooling Utility,47.54,none,0.0,0.0,1.0,Shift B (Evening),27.6,3.76
2026-09-01 17:00:00,Medium Frequency Induction Melting Furnace (5T),Melting & Refining,273.06,none,0.0,844.0,1.0,Shift B (Evening),1523.6,1.0
2026-09-01 17:00:00,Oxy-Fuel Ladle Pre-Heating Station,Ladle Heating Utility,11.59,natural_gas,53.13,0.0,1.0,Shift B (Evening),1091.6,1.98
2026-09-01 17:00:00,Continuous Billet Casting Machine,Continuous Casting,59.63,none,0.0,750.2,1.0,Shift B (Evening),1172.1,2.97
2026-09-01 17:00:00,Soaking Pit Reheating Furnace,Reheating & Rolling,35.59,natural_gas,96.61,915.2,1.0,Shift B (Evening),1238.0,1.23
2026-09-01 17:00:00,Heavy Hydraulic Forging Press (1200T),Hot Forging & Pressing,88.72,none,0.0,604.9,1.0,Shift B (Evening),993.8,218.19
2026-09-01 17:00:00,High-Pressure Hydraulic Power Pack,Hydraulic Utility,69.67,none,0.0,0.0,1.0,Shift B (Evening),51.5,207.91
2026-09-01 17:00:00,Primary Cooling Tower & Water Pump Station,Cooling Utility,49.49,none,0.0,0.0,1.0,Shift B (Evening),27.6,3.73
2026-09-01 18:00:00,Medium Frequency Induction Melting Furnace (5T),Melting & Refining,281.61,none,0.0,870.4,1.0,Shift B (Evening),1533.4,0.99
2026-09-01 18:00:00,Oxy-Fuel Ladle Pre-Heating Station,Ladle Heating Utility,12.33,natural_gas,56.5,0.0,1.0,Shift B (Evening),1102.2,2.0
2026-09-01 18:00:00,Continuous Billet Casting Machine,Continuous Casting,63.78,none,0.0,802.4,1.0,Shift B (Evening),1164.3,3.01
2026-09-01 18:00:00,Soaking Pit Reheating Furnace,Reheating & Rolling,35.22,natural_gas,95.59,905.6,1.0,Shift B (Evening),1229.3,1.19
2026-09-01 18:00:00,Heavy Hydraulic Forging Press (1200T),Hot Forging & Pressing,88.37,none,0.0,602.5,1.0,Shift B (Evening),972.1,225.22
2026-09-01 18:00:00,High-Pressure Hydraulic Power Pack,Hydraulic Utility,73.45,none,0.0,0.0,1.0,Shift B (Evening),51.0,215.28
2026-09-01 18:00:00,Primary Cooling Tower & Water Pump Station,Cooling Utility,47.69,none,0.0,0.0,1.0,Shift B (Evening),28.2,3.75
2026-09-01 19:00:00,Medium Frequency Induction Melting Furnace (5T),Melting & Refining,265.15,none,0.0,819.5,1.0,Shift B (Evening),1523.3,1.03
2026-09-01 19:00:00,Oxy-Fuel Ladle Pre-Heating Station,Ladle Heating Utility,12.08,natural_gas,55.39,0.0,1.0,Shift B (Evening),1082.7,2.0
2026-09-01 19:00:00,Continuous Billet Casting Machine,Continuous Casting,61.85,none,0.0,778.1,1.0,Shift B (Evening),1143.6,3.01
2026-09-01 19:00:00,Soaking Pit Reheating Furnace,Reheating & Rolling,34.34,natural_gas,93.21,883.0,1.0,Shift B (Evening),1224.4,1.2
2026-09-01 19:00:00,Heavy Hydraulic Forging Press (1200T),Hot Forging & Pressing,90.07,none,0.0,614.1,1.0,Shift B (Evening),963.6,215.62
2026-09-01 19:00:00,High-Pressure Hydraulic Power Pack,Hydraulic Utility,72.86,none,0.0,0.0,1.0,Shift B (Evening),52.1,214.62
2026-09-01 19:00:00,Primary Cooling Tower & Water Pump Station,Cooling Utility,48.5,none,0.0,0.0,1.0,Shift B (Evening),27.5,3.74
2026-09-01 20:00:00,Medium Frequency Induction Melting Furnace (5T),Melting & Refining,279.58,none,0.0,864.2,1.0,Shift B (Evening),1529.5,1.03
2026-09-01 20:00:00,Oxy-Fuel Ladle Pre-Heating Station,Ladle Heating Utility,12.35,natural_gas,56.6,0.0,1.0,Shift B (Evening),1100.4,2.06
2026-09-01 20:00:00,Continuous Billet Casting Machine,Continuous Casting,59.55,none,0.0,749.1,1.0,Shift B (Evening),1151.1,2.96
2026-09-01 20:00:00,Soaking Pit Reheating Furnace,Reheating & Rolling,35.83,natural_gas,97.24,921.2,1.0,Shift B (Evening),1233.5,1.18
2026-09-01 20:00:00,Heavy Hydraulic Forging Press (1200T),Hot Forging & Pressing,88.33,none,0.0,602.3,1.0,Shift B (Evening),962.7,216.19
2026-09-01 20:00:00,High-Pressure Hydraulic Power Pack,Hydraulic Utility,72.96,none,0.0,0.0,1.0,Shift B (Evening),51.4,210.35
2026-09-01 20:00:00,Primary Cooling Tower & Water Pump Station,Cooling Utility,47.4,none,0.0,0.0,1.0,Shift B (Evening),27.9,3.82
2026-09-01 21:00:00,Medium Frequency Induction Melting Furnace (5T),Melting & Refining,284.04,none,0.0,877.9,1.0,Shift B (Evening),1536.8,0.98
2026-09-01 21:00:00,Oxy-Fuel Ladle Pre-Heating Station,Ladle Heating Utility,12.34,natural_gas,56.57,0.0,1.0,Shift B (Evening),1083.5,1.99
2026-09-01 21:00:00,Continuous Billet Casting Machine,Continuous Casting,62.74,none,0.0,789.3,1.0,Shift B (Evening),1149.9,3.09
2026-09-01 21:00:00,Soaking Pit Reheating Furnace,Reheating & Rolling,34.74,natural_gas,94.28,893.2,1.0,Shift B (Evening),1204.9,1.18
2026-09-01 21:00:00,Heavy Hydraulic Forging Press (1200T),Hot Forging & Pressing,85.38,none,0.0,582.2,1.0,Shift B (Evening),967.6,221.86
2026-09-01 21:00:00,High-Pressure Hydraulic Power Pack,Hydraulic Utility,69.81,none,0.0,0.0,1.0,Shift B (Evening),52.4,205.37
2026-09-01 21:00:00,Primary Cooling Tower & Water Pump Station,Cooling Utility,46.23,none,0.0,0.0,1.0,Shift B (Evening),28.6,3.86
2026-09-01 22:00:00,Medium Frequency Induction Melting Furnace (5T),Melting & Refining,280.09,none,0.0,865.7,1.0,Shift C (Night),1561.4,0.98
2026-09-01 22:00:00,Oxy-Fuel Ladle Pre-Heating Station,Ladle Heating Utility,11.73,natural_gas,53.76,0.0,1.0,Shift C (Night),1120.2,2.01
2026-09-01 22:00:00,Continuous Billet Casting Machine,Continuous Casting,62.75,none,0.0,789.5,1.0,Shift C (Night),1160.0,3.06
2026-09-01 22:00:00,Soaking Pit Reheating Furnace,Reheating & Rolling,33.64,natural_gas,91.3,865.0,1.0,Shift C (Night),1200.8,1.18
2026-09-01 22:00:00,Heavy Hydraulic Forging Press (1200T),Hot Forging & Pressing,85.5,none,0.0,582.9,1.0,Shift C (Night),988.8,223.77
2026-09-01 22:00:00,High-Pressure Hydraulic Power Pack,Hydraulic Utility,74.12,none,0.0,0.0,1.0,Shift C (Night),51.6,208.88
2026-09-01 22:00:00,Primary Cooling Tower & Water Pump Station,Cooling Utility,48.61,none,0.0,0.0,1.0,Shift C (Night),28.2,3.79
2026-09-01 23:00:00,Medium Frequency Induction Melting Furnace (5T),Melting & Refining,268.43,none,0.0,829.7,1.0,Shift C (Night),1558.4,0.98
2026-09-01 23:00:00,Oxy-Fuel Ladle Pre-Heating Station,Ladle Heating Utility,11.86,natural_gas,54.35,0.0,1.0,Shift C (Night),1116.3,2.04
2026-09-01 23:00:00,Continuous Billet Casting Machine,Continuous Casting,62.81,none,0.0,790.1,1.0,Shift C (Night),1149.5,3.08
2026-09-01 23:00:00,Soaking Pit Reheating Furnace,Reheating & Rolling,34.82,natural_gas,94.52,895.5,1.0,Shift C (Night),1207.9,1.2
2026-09-01 23:00:00,Heavy Hydraulic Forging Press (1200T),Hot Forging & Pressing,0.82,none,0.0,0.0,0.0,Shift C (Night),31.1,0.0
2026-09-01 23:00:00,High-Pressure Hydraulic Power Pack,Hydraulic Utility,32.17,none,0.0,0.0,0.0,Shift C (Night),41.6,178.5
2026-09-01 23:00:00,Primary Cooling Tower & Water Pump Station,Cooling Utility,48.95,none,0.0,0.0,1.0,Shift C (Night),28.0,3.73
2026-09-02 00:00:00,Medium Frequency Induction Melting Furnace (5T),Melting & Refining,266.43,none,0.0,823.5,1.0,Shift C (Night),1536.8,0.99
2026-09-02 00:00:00,Oxy-Fuel Ladle Pre-Heating Station,Ladle Heating Utility,11.69,natural_gas,76.08,0.0,1.0,Shift C (Night),1167.4,2.0
2026-09-02 00:00:00,Continuous Billet Casting Machine,Continuous Casting,63.3,none,0.0,796.4,1.0,Shift C (Night),1130.0,2.99
2026-09-02 00:00:00,Soaking Pit Reheating Furnace,Reheating & Rolling,1.02,natural_gas,0.0,0.0,0.0,Shift C (Night),28.9,0.0
2026-09-02 00:00:00,Heavy Hydraulic Forging Press (1200T),Hot Forging & Pressing,0.88,none,0.0,0.0,0.0,Shift C (Night),31.5,0.0
2026-09-02 00:00:00,High-Pressure Hydraulic Power Pack,Hydraulic Utility,32.2,none,0.0,0.0,0.0,Shift C (Night),41.6,178.5
2026-09-02 00:00:00,Primary Cooling Tower & Water Pump Station,Cooling Utility,49.78,none,0.0,0.0,1.0,Shift C (Night),27.7,3.8
2026-09-02 01:00:00,Medium Frequency Induction Melting Furnace (5T),Melting & Refining,273.64,none,0.0,845.8,1.0,Shift C (Night),1527.3,1.02
2026-09-02 01:00:00,Oxy-Fuel Ladle Pre-Heating Station,Ladle Heating Utility,12.14,natural_gas,79.01,0.0,1.0,Shift C (Night),1149.6,2.06
2026-09-02 01:00:00,Continuous Billet Casting Machine,Continuous Casting,62.26,none,0.0,783.2,1.0,Shift C (Night),1156.5,2.94
2026-09-02 01:00:00,Soaking Pit Reheating Furnace,Reheating & Rolling,0.97,natural_gas,0.0,0.0,0.0,Shift C (Night),29.5,0.0
2026-09-02 01:00:00,Heavy Hydraulic Forging Press (1200T),Hot Forging & Pressing,0.96,none,0.0,0.0,0.0,Shift C (Night),28.4,0.0
2026-09-02 01:00:00,High-Pressure Hydraulic Power Pack,Hydraulic Utility,32.31,none,0.0,0.0,0.0,Shift C (Night),41.6,178.5
2026-09-02 01:00:00,Primary Cooling Tower & Water Pump Station,Cooling Utility,48.06,none,0.0,0.0,1.0,Shift C (Night),27.8,3.78
2026-09-02 02:00:00,Medium Frequency Induction Melting Furnace (5T),Melting & Refining,265.39,none,0.0,820.3,1.0,Shift C (Night),1578.3,0.98
2026-09-02 02:00:00,Oxy-Fuel Ladle Pre-Heating Station,Ladle Heating Utility,12.38,natural_gas,80.58,0.0,1.0,Shift C (Night),1143.6,1.97
2026-09-02 02:00:00,Continuous Billet Casting Machine,Continuous Casting,64.27,none,0.0,808.6,1.0,Shift C (Night),1169.8,3.06
2026-09-02 02:00:00,Soaking Pit Reheating Furnace,Reheating & Rolling,1.4,natural_gas,0.0,0.0,0.0,Shift C (Night),31.7,0.0
2026-09-02 02:00:00,Heavy Hydraulic Forging Press (1200T),Hot Forging & Pressing,1.89,none,0.0,0.0,0.0,Shift C (Night),30.5,0.0
2026-09-02 02:00:00,High-Pressure Hydraulic Power Pack,Hydraulic Utility,32.89,none,0.0,0.0,0.0,Shift C (Night),41.6,178.5
2026-09-02 02:00:00,Primary Cooling Tower & Water Pump Station,Cooling Utility,46.09,none,0.0,0.0,1.0,Shift C (Night),28.5,3.76
2026-09-02 03:00:00,Medium Frequency Induction Melting Furnace (5T),Melting & Refining,279.17,none,0.0,862.9,1.0,Shift C (Night),1553.3,1.0
2026-09-02 03:00:00,Oxy-Fuel Ladle Pre-Heating Station,Ladle Heating Utility,11.52,natural_gas,74.99,0.0,1.0,Shift C (Night),1140.8,1.95
2026-09-02 03:00:00,Continuous Billet Casting Machine,Continuous Casting,61.04,none,0.0,767.9,1.0,Shift C (Night),1162.2,2.96
2026-09-02 03:00:00,Soaking Pit Reheating Furnace,Reheating & Rolling,1.73,natural_gas,0.0,0.0,0.0,Shift C (Night),30.3,0.0
2026-09-02 03:00:00,Heavy Hydraulic Forging Press (1200T),Hot Forging & Pressing,1.48,none,0.0,0.0,0.0,Shift C (Night),30.7,0.0
2026-09-02 03:00:00,High-Pressure Hydraulic Power Pack,Hydraulic Utility,32.8,none,0.0,0.0,0.0,Shift C (Night),41.6,178.5
2026-09-02 03:00:00,Primary Cooling Tower & Water Pump Station,Cooling Utility,48.25,none,0.0,0.0,1.0,Shift C (Night),27.8,3.77
2026-09-02 04:00:00,Medium Frequency Induction Melting Furnace (5T),Melting & Refining,277.74,none,0.0,858.5,1.0,Shift C (Night),1574.2,0.99
2026-09-02 04:00:00,Oxy-Fuel Ladle Pre-Heating Station,Ladle Heating Utility,12.34,natural_gas,80.33,0.0,1.0,Shift C (Night),1148.4,2.03
2026-09-02 04:00:00,Continuous Billet Casting Machine,Continuous Casting,62.16,none,0.0,782.0,1.0,Shift C (Night),1149.7,2.99
2026-09-02 04:00:00,Soaking Pit Reheating Furnace,Reheating & Rolling,1.39,natural_gas,0.0,0.0,0.0,Shift C (Night),30.8,0.0
2026-09-02 04:00:00,Heavy Hydraulic Forging Press (1200T),Hot Forging & Pressing,0.74,none,0.0,0.0,0.0,Shift C (Night),31.6,0.0
2026-09-02 04:00:00,High-Pressure Hydraulic Power Pack,Hydraulic Utility,29.16,none,0.0,0.0,0.0,Shift C (Night),41.6,178.5
2026-09-02 04:00:00,Primary Cooling Tower & Water Pump Station,Cooling Utility,49.41,none,0.0,0.0,1.0,Shift C (Night),27.7,3.78
2026-09-02 05:00:00,Medium Frequency Induction Melting Furnace (5T),Melting & Refining,285.91,none,0.0,883.7,1.0,Shift C (Night),1523.5,1.01
2026-09-02 05:00:00,Oxy-Fuel Ladle Pre-Heating Station,Ladle Heating Utility,12.46,natural_gas,81.07,0.0,1.0,Shift C (Night),1152.3,1.96
2026-09-02 05:00:00,Continuous Billet Casting Machine,Continuous Casting,63.18,none,0.0,794.9,1.0,Shift C (Night),1137.0,2.93
2026-09-02 05:00:00,Soaking Pit Reheating Furnace,Reheating & Rolling,0.96,natural_gas,0.0,0.0,0.0,Shift C (Night),31.7,0.0
2026-09-02 05:00:00,Heavy Hydraulic Forging Press (1200T),Hot Forging & Pressing,1.17,none,0.0,0.0,0.0,Shift C (Night),32.0,0.0
2026-09-02 05:00:00,High-Pressure Hydraulic Power Pack,Hydraulic Utility,31.22,none,0.0,0.0,0.0,Shift C (Night),41.6,178.5
2026-09-02 05:00:00,Primary Cooling Tower & Water Pump Station,Cooling Utility,49.5,none,0.0,0.0,1.0,Shift C (Night),28.4,3.71
2026-09-02 06:00:00,Medium Frequency Induction Melting Furnace (5T),Melting & Refining,284.32,none,0.0,878.8,1.0,Shift A (Morning),1556.9,0.98
2026-09-02 06:00:00,Oxy-Fuel Ladle Pre-Heating Station,Ladle Heating Utility,11.76,natural_gas,76.54,0.0,1.0,Shift A (Morning),1159.5,2.03
2026-09-02 06:00:00,Continuous Billet Casting Machine,Continuous Casting,64.17,none,0.0,807.3,1.0,Shift A (Morning),1138.1,3.0
2026-09-02 06:00:00,Soaking Pit Reheating Furnace,Reheating & Rolling,34.38,natural_gas,93.31,883.9,1.0,Shift A (Morning),1203.8,1.22
2026-09-02 06:00:00,Heavy Hydraulic Forging Press (1200T),Hot Forging & Pressing,89.61,none,0.0,611.0,1.0,Shift A (Morning),996.7,219.86
2026-09-02 06:00:00,High-Pressure Hydraulic Power Pack,Hydraulic Utility,74.84,none,0.0,0.0,1.0,Shift A (Morning),52.6,214.88
2026-09-02 06:00:00,Primary Cooling Tower & Water Pump Station,Cooling Utility,46.46,none,0.0,0.0,1.0,Shift A (Morning),28.0,3.74
2026-09-02 07:00:00,Medium Frequency Induction Melting Furnace (5T),Melting & Refining,276.66,none,0.0,855.1,1.0,Shift A (Morning),1519.0,1.01
2026-09-02 07:00:00,Oxy-Fuel Ladle Pre-Heating Station,Ladle Heating Utility,12.42,natural_gas,80.81,0.0,1.0,Shift A (Morning),1166.7,2.01
2026-09-02 07:00:00,Continuous Billet Casting Machine,Continuous Casting,60.33,none,0.0,759.1,1.0,Shift A (Morning),1161.0,3.09
2026-09-02 07:00:00,Soaking Pit Reheating Furnace,Reheating & Rolling,35.2,natural_gas,95.54,905.2,1.0,Shift A (Morning),1228.2,1.18
2026-09-02 07:00:00,Heavy Hydraulic Forging Press (1200T),Hot Forging & Pressing,90.27,none,0.0,615.5,1.0,Shift A (Morning),969.6,214.0
2026-09-02 07:00:00,High-Pressure Hydraulic Power Pack,Hydraulic Utility,70.15,none,0.0,0.0,1.0,Shift A (Morning),52.7,206.19
2026-09-02 07:00:00,Primary Cooling Tower & Water Pump Station,Cooling Utility,47.21,none,0.0,0.0,1.0,Shift A (Morning),27.5,3.79
2026-09-02 08:00:00,Medium Frequency Induction Melting Furnace (5T),Melting & Refining,277.61,none,0.0,858.1,1.0,Shift A (Morning),1521.0,1.01
2026-09-02 08:00:00,Oxy-Fuel Ladle Pre-Heating Station,Ladle Heating Utility,12.22,natural_gas,79.51,0.0,1.0,Shift A (Morning),1148.8,2.03
2026-09-02 08:00:00,Continuous Billet Casting Machine,Continuous Casting,63.3,none,0.0,796.3,1.0,Shift A (Morning),1165.4,2.99
2026-09-02 08:00:00,Soaking Pit Reheating Furnace,Reheating & Rolling,35.53,natural_gas,96.43,913.5,1.0,Shift A (Morning),1236.3,1.18
2026-09-02 08:00:00,Heavy Hydraulic Forging Press (1200T),Hot Forging & Pressing,87.14,none,0.0,594.1,1.0,Shift A (Morning),967.1,213.86
2026-09-02 08:00:00,High-Pressure Hydraulic Power Pack,Hydraulic Utility,70.13,none,0.0,0.0,1.0,Shift A (Morning),52.7,209.0
2026-09-02 08:00:00,Primary Cooling Tower & Water Pump Station,Cooling Utility,46.41,none,0.0,0.0,1.0,Shift A (Morning),27.6,3.7
2026-09-02 09:00:00,Medium Frequency Induction Melting Furnace (5T),Melting & Refining,273.13,none,0.0,844.2,1.0,Shift A (Morning),1545.9,1.01
2026-09-02 09:00:00,Oxy-Fuel Ladle Pre-Heating Station,Ladle Heating Utility,11.68,natural_gas,76.01,0.0,1.0,Shift A (Morning),1164.9,2.03
2026-09-02 09:00:00,Continuous Billet Casting Machine,Continuous Casting,63.9,none,0.0,804.0,1.0,Shift A (Morning),1151.4,3.07
2026-09-02 09:00:00,Soaking Pit Reheating Furnace,Reheating & Rolling,35.26,natural_gas,95.7,906.6,1.0,Shift A (Morning),1242.5,1.21
2026-09-02 09:00:00,Heavy Hydraulic Forging Press (1200T),Hot Forging & Pressing,86.8,none,0.0,591.8,1.0,Shift A (Morning),978.2,224.34
2026-09-02 09:00:00,High-Pressure Hydraulic Power Pack,Hydraulic Utility,72.54,none,0.0,0.0,1.0,Shift A (Morning),52.3,206.42
2026-09-02 09:00:00,Primary Cooling Tower & Water Pump Station,Cooling Utility,47.8,none,0.0,0.0,1.0,Shift A (Morning),27.6,3.88
2026-09-02 10:00:00,Medium Frequency Induction Melting Furnace (5T),Melting & Refining,273.79,none,0.0,846.3,1.0,Shift A (Morning),1538.6,1.01
2026-09-02 10:00:00,Oxy-Fuel Ladle Pre-Heating Station,Ladle Heating Utility,12.41,natural_gas,80.77,0.0,1.0,Shift A (Morning),1168.8,2.04
2026-09-02 10:00:00,Continuous Billet Casting Machine,Continuous Casting,60.49,none,0.0,761.0,1.0,Shift A (Morning),1140.6,3.05
2026-09-02 10:00:00,Soaking Pit Reheating Furnace,Reheating & Rolling,34.9,natural_gas,94.73,897.5,1.0,Shift A (Morning),1200.0,1.21
2026-09-02 10:00:00,Heavy Hydraulic Forging Press (1200T),Hot Forging & Pressing,90.09,none,0.0,614.2,1.0,Shift A (Morning),965.4,214.11
2026-09-02 10:00:00,High-Pressure Hydraulic Power Pack,Hydraulic Utility,73.37,none,0.0,0.0,1.0,Shift A (Morning),52.1,214.5
2026-09-02 10:00:00,Primary Cooling Tower & Water Pump Station,Cooling Utility,48.23,none,0.0,0.0,1.0,Shift A (Morning),27.9,3.83
2026-09-02 11:00:00,Medium Frequency Induction Melting Furnace (5T),Melting & Refining,279.67,none,0.0,864.4,1.0,Shift A (Morning),1569.6,0.97
2026-09-02 11:00:00,Oxy-Fuel Ladle Pre-Heating Station,Ladle Heating Utility,11.69,natural_gas,76.1,0.0,1.0,Shift A (Morning),1172.3,2.04
2026-09-02 11:00:00,Continuous Billet Casting Machine,Continuous Casting,60.71,none,0.0,763.8,1.0,Shift A (Morning),1129.3,3.06
2026-09-02 11:00:00,Soaking Pit Reheating Furnace,Reheating & Rolling,35.12,natural_gas,95.33,903.1,1.0,Shift A (Morning),1199.2,1.2
2026-09-02 11:00:00,Heavy Hydraulic Forging Press (1200T),Hot Forging & Pressing,85.07,none,0.0,580.0,1.0,Shift A (Morning),981.0,214.63
2026-09-02 11:00:00,High-Pressure Hydraulic Power Pack,Hydraulic Utility,70.62,none,0.0,0.0,1.0,Shift A (Morning),52.1,214.13
2026-09-02 11:00:00,Primary Cooling Tower & Water Pump Station,Cooling Utility,46.25,none,0.0,0.0,1.0,Shift A (Morning),28.0,3.88
2026-09-02 12:00:00,Medium Frequency Induction Melting Furnace (5T),Melting & Refining,267.07,none,0.0,825.5,1.0,Shift A (Morning),1568.0,1.01
2026-09-02 12:00:00,Oxy-Fuel Ladle Pre-Heating Station,Ladle Heating Utility,11.61,natural_gas,75.53,0.0,1.0,Shift A (Morning),1138.7,1.99
2026-09-02 12:00:00,Continuous Billet Casting Machine,Continuous Casting,61.61,none,0.0,775.1,1.0,Shift A (Morning),1156.2,2.92
2026-09-02 12:00:00,Soaking Pit Reheating Furnace,Reheating & Rolling,35.73,natural_gas,96.98,918.7,1.0,Shift A (Morning),1218.1,1.21
2026-09-02 12:00:00,Heavy Hydraulic Forging Press (1200T),Hot Forging & Pressing,91.47,none,0.0,623.7,1.0,Shift A (Morning),973.6,213.84
2026-09-02 12:00:00,High-Pressure Hydraulic Power Pack,Hydraulic Utility,69.19,none,0.0,0.0,1.0,Shift A (Morning),51.0,212.08
2026-09-02 12:00:00,Primary Cooling Tower & Water Pump Station,Cooling Utility,46.17,none,0.0,0.0,1.0,Shift A (Morning),28.3,3.69
2026-09-02 13:00:00,Medium Frequency Induction Melting Furnace (5T),Melting & Refining,271.09,none,0.0,837.9,1.0,Shift A (Morning),1566.0,1.02
2026-09-02 13:00:00,Oxy-Fuel Ladle Pre-Heating Station,Ladle Heating Utility,12.08,natural_gas,78.64,0.0,1.0,Shift A (Morning),1135.7,1.96
2026-09-02 13:00:00,Continuous Billet Casting Machine,Continuous Casting,64.25,none,0.0,808.3,1.0,Shift A (Morning),1131.5,3.05
2026-09-02 13:00:00,Soaking Pit Reheating Furnace,Reheating & Rolling,35.11,natural_gas,95.3,902.8,1.0,Shift A (Morning),1213.7,1.22
2026-09-02 13:00:00,Heavy Hydraulic Forging Press (1200T),Hot Forging & Pressing,89.75,none,0.0,611.9,1.0,Shift A (Morning),984.1,222.89
2026-09-02 13:00:00,High-Pressure Hydraulic Power Pack,Hydraulic Utility,74.81,none,0.0,0.0,1.0,Shift A (Morning),51.6,212.17
2026-09-02 13:00:00,Primary Cooling Tower & Water Pump Station,Cooling Utility,49.13,none,0.0,0.0,1.0,Shift A (Morning),28.0,3.75
2026-09-02 14:00:00,Medium Frequency Induction Melting Furnace (5T),Melting & Refining,270.43,none,0.0,835.9,1.0,Shift B (Evening),1528.9,1.0
2026-09-02 14:00:00,Oxy-Fuel Ladle Pre-Heating Station,Ladle Heating Utility,11.66,natural_gas,75.9,0.0,1.0,Shift B (Evening),1162.8,2.0
2026-09-02 14:00:00,Continuous Billet Casting Machine,Continuous Casting,60.94,none,0.0,766.7,1.0,Shift B (Evening),1151.0,3.05
2026-09-02 14:00:00,Soaking Pit Reheating Furnace,Reheating & Rolling,34.02,natural_gas,92.34,874.8,1.0,Shift B (Evening),1235.8,1.18
2026-09-02 14:00:00,Heavy Hydraulic Forging Press (1200T),Hot Forging & Pressing,88.86,none,0.0,605.8,1.0,Shift B (Evening),962.1,218.41
2026-09-02 14:00:00,High-Pressure Hydraulic Power Pack,Hydraulic Utility,69.35,none,0.0,0.0,1.0,Shift B (Evening),51.9,204.03
2026-09-02 14:00:00,Primary Cooling Tower & Water Pump Station,Cooling Utility,48.38,none,0.0,0.0,1.0,Shift B (Evening),27.4,3.75
2026-09-02 15:00:00,Medium Frequency Induction Melting Furnace (5T),Melting & Refining,269.4,none,0.0,832.7,1.0,Shift B (Evening),1540.4,0.99
2026-09-02 15:00:00,Oxy-Fuel Ladle Pre-Heating Station,Ladle Heating Utility,11.87,natural_gas,77.23,0.0,1.0,Shift B (Evening),1155.7,2.0
2026-09-02 15:00:00,Continuous Billet Casting Machine,Continuous Casting,61.53,none,0.0,774.1,1.0,Shift B (Evening),1152.9,2.95
2026-09-02 15:00:00,Soaking Pit Reheating Furnace,Reheating & Rolling,34.02,natural_gas,92.33,874.7,1.0,Shift B (Evening),1208.7,1.18
2026-09-02 15:00:00,Heavy Hydraulic Forging Press (1200T),Hot Forging & Pressing,86.74,none,0.0,591.4,1.0,Shift B (Evening),986.3,218.23
2026-09-02 15:00:00,High-Pressure Hydraulic Power Pack,Hydraulic Utility,73.85,none,0.0,0.0,1.0,Shift B (Evening),52.6,208.43
2026-09-02 15:00:00,Primary Cooling Tower & Water Pump Station,Cooling Utility,46.24,none,0.0,0.0,1.0,Shift B (Evening),28.2,3.83
2026-09-02 16:00:00,Medium Frequency Induction Melting Furnace (5T),Melting & Refining,265.17,none,0.0,819.6,1.0,Shift B (Evening),1531.9,0.99
2026-09-02 16:00:00,Oxy-Fuel Ladle Pre-Heating Station,Ladle Heating Utility,12.34,natural_gas,80.33,0.0,1.0,Shift B (Evening),1157.7,2.01
2026-09-02 16:00:00,Continuous Billet Casting Machine,Continuous Casting,63.42,none,0.0,797.9,1.0,Shift B (Evening),1127.8,3.02
2026-09-02 16:00:00,Soaking Pit Reheating Furnace,Reheating & Rolling,35.38,natural_gas,96.04,909.8,1.0,Shift B (Evening),1241.4,1.23
2026-09-02 16:00:00,Heavy Hydraulic Forging Press (1200T),Hot Forging & Pressing,85.78,none,0.0,584.9,1.0,Shift B (Evening),962.9,216.94
2026-09-02 16:00:00,High-Pressure Hydraulic Power Pack,Hydraulic Utility,69.39,none,0.0,0.0,1.0,Shift B (Evening),51.2,208.64
2026-09-02 16:00:00,Primary Cooling Tower & Water Pump Station,Cooling Utility,49.29,none,0.0,0.0,1.0,Shift B (Evening),27.6,3.81
2026-09-02 17:00:00,Medium Frequency Induction Melting Furnace (5T),Melting & Refining,275.64,none,0.0,852.0,1.0,Shift B (Evening),1519.3,1.01
2026-09-02 17:00:00,Oxy-Fuel Ladle Pre-Heating Station,Ladle Heating Utility,11.77,natural_gas,76.59,0.0,1.0,Shift B (Evening),1171.5,1.96
2026-09-02 17:00:00,Continuous Billet Casting Machine,Continuous Casting,64.22,none,0.0,808.0,1.0,Shift B (Evening),1149.9,3.08
2026-09-02 17:00:00,Soaking Pit Reheating Furnace,Reheating & Rolling,35.04,natural_gas,95.12,901.1,1.0,Shift B (Evening),1214.1,1.22
2026-09-02 17:00:00,Heavy Hydraulic Forging Press (1200T),Hot Forging & Pressing,88.2,none,0.0,601.4,1.0,Shift B (Evening),962.9,216.93
2026-09-02 17:00:00,High-Pressure Hydraulic Power Pack,Hydraulic Utility,70.01,none,0.0,0.0,1.0,Shift B (Evening),51.1,212.48
2026-09-02 17:00:00,Primary Cooling Tower & Water Pump Station,Cooling Utility,48.46,none,0.0,0.0,1.0,Shift B (Evening),27.8,3.72
2026-09-02 18:00:00,Medium Frequency Induction Melting Furnace (5T),Melting & Refining,276.57,none,0.0,854.9,1.0,Shift B (Evening),1560.5,1.01
2026-09-02 18:00:00,Oxy-Fuel Ladle Pre-Heating Station,Ladle Heating Utility,11.91,natural_gas,77.52,0.0,1.0,Shift B (Evening),1139.2,1.97
2026-09-02 18:00:00,Continuous Billet Casting Machine,Continuous Casting,61.6,none,0.0,775.0,1.0,Shift B (Evening),1160.0,2.98
2026-09-02 18:00:00,Soaking Pit Reheating Furnace,Reheating & Rolling,35.63,natural_gas,96.71,916.2,1.0,Shift B (Evening),1221.4,1.18
2026-09-02 18:00:00,Heavy Hydraulic Forging Press (1200T),Hot Forging & Pressing,86.66,none,0.0,590.9,1.0,Shift B (Evening),990.9,214.48
2026-09-02 18:00:00,High-Pressure Hydraulic Power Pack,Hydraulic Utility,74.15,none,0.0,0.0,1.0,Shift B (Evening),52.7,207.37
2026-09-02 18:00:00,Primary Cooling Tower & Water Pump Station,Cooling Utility,49.85,none,0.0,0.0,1.0,Shift B (Evening),27.9,3.77
2026-09-02 19:00:00,Medium Frequency Induction Melting Furnace (5T),Melting & Refining,280.51,none,0.0,867.0,1.0,Shift B (Evening),1566.0,1.02
2026-09-02 19:00:00,Oxy-Fuel Ladle Pre-Heating Station,Ladle Heating Utility,11.56,natural_gas,75.25,0.0,1.0,Shift B (Evening),1150.5,1.97
2026-09-02 19:00:00,Continuous Billet Casting Machine,Continuous Casting,62.87,none,0.0,791.0,1.0,Shift B (Evening),1142.6,3.03
2026-09-02 19:00:00,Soaking Pit Reheating Furnace,Reheating & Rolling,34.42,natural_gas,93.43,885.2,1.0,Shift B (Evening),1242.4,1.23
2026-09-02 19:00:00,Heavy Hydraulic Forging Press (1200T),Hot Forging & Pressing,84.64,none,0.0,577.1,1.0,Shift B (Evening),963.7,218.38
2026-09-02 19:00:00,High-Pressure Hydraulic Power Pack,Hydraulic Utility,71.49,none,0.0,0.0,1.0,Shift B (Evening),51.5,207.36
2026-09-02 19:00:00,Primary Cooling Tower & Water Pump Station,Cooling Utility,48.29,none,0.0,0.0,1.0,Shift B (Evening),28.4,3.8
2026-09-02 20:00:00,Medium Frequency Induction Melting Furnace (5T),Melting & Refining,284.2,none,0.0,878.4,1.0,Shift B (Evening),1566.9,1.01
2026-09-02 20:00:00,Oxy-Fuel Ladle Pre-Heating Station,Ladle Heating Utility,11.87,natural_gas,77.28,0.0,1.0,Shift B (Evening),1157.6,2.0
2026-09-02 20:00:00,Continuous Billet Casting Machine,Continuous Casting,60.41,none,0.0,759.9,1.0,Shift B (Evening),1172.2,2.97
2026-09-02 20:00:00,Soaking Pit Reheating Furnace,Reheating & Rolling,36.32,natural_gas,98.59,934.0,1.0,Shift B (Evening),1218.3,1.22
2026-09-02 20:00:00,Heavy Hydraulic Forging Press (1200T),Hot Forging & Pressing,84.91,none,0.0,579.0,1.0,Shift B (Evening),987.4,213.9
2026-09-02 20:00:00,High-Pressure Hydraulic Power Pack,Hydraulic Utility,73.08,none,0.0,0.0,1.0,Shift B (Evening),51.1,214.45
2026-09-02 20:00:00,Primary Cooling Tower & Water Pump Station,Cooling Utility,47.0,none,0.0,0.0,1.0,Shift B (Evening),28.5,3.73
2026-09-02 21:00:00,Medium Frequency Induction Melting Furnace (5T),Melting & Refining,280.83,none,0.0,868.0,1.0,Shift B (Evening),1541.0,1.02
2026-09-02 21:00:00,Oxy-Fuel Ladle Pre-Heating Station,Ladle Heating Utility,11.77,natural_gas,76.58,0.0,1.0,Shift B (Evening),1146.5,2.03
2026-09-02 21:00:00,Continuous Billet Casting Machine,Continuous Casting,61.48,none,0.0,773.4,1.0,Shift B (Evening),1137.2,2.94
2026-09-02 21:00:00,Soaking Pit Reheating Furnace,Reheating & Rolling,33.89,natural_gas,91.98,871.4,1.0,Shift B (Evening),1200.2,1.21
2026-09-02 21:00:00,Heavy Hydraulic Forging Press (1200T),Hot Forging & Pressing,88.18,none,0.0,601.3,1.0,Shift B (Evening),988.7,223.79
2026-09-02 21:00:00,High-Pressure Hydraulic Power Pack,Hydraulic Utility,72.26,none,0.0,0.0,1.0,Shift B (Evening),52.2,206.2
2026-09-02 21:00:00,Primary Cooling Tower & Water Pump Station,Cooling Utility,48.36,none,0.0,0.0,1.0,Shift B (Evening),28.1,3.73
2026-09-02 22:00:00,Medium Frequency Induction Melting Furnace (5T),Melting & Refining,268.77,none,0.0,830.7,1.0,Shift C (Night),1544.1,0.99
2026-09-02 22:00:00,Oxy-Fuel Ladle Pre-Heating Station,Ladle Heating Utility,11.74,natural_gas,76.38,0.0,1.0,Shift C (Night),1172.6,2.04
2026-09-02 22:00:00,Continuous Billet Casting Machine,Continuous Casting,63.11,none,0.0,793.9,1.0,Shift C (Night),1171.0,3.08
2026-09-02 22:00:00,Soaking Pit Reheating Furnace,Reheating & Rolling,35.31,natural_gas,95.85,908.1,1.0,Shift C (Night),1220.2,1.22
2026-09-02 22:00:00,Heavy Hydraulic Forging Press (1200T),Hot Forging & Pressing,86.79,none,0.0,591.7,1.0,Shift C (Night),975.7,219.49
2026-09-02 22:00:00,High-Pressure Hydraulic Power Pack,Hydraulic Utility,72.0,none,0.0,0.0,1.0,Shift C (Night),51.8,210.66
2026-09-02 22:00:00,Primary Cooling Tower & Water Pump Station,Cooling Utility,49.4,none,0.0,0.0,1.0,Shift C (Night),28.4,3.69
2026-09-02 23:00:00,Medium Frequency Induction Melting Furnace (5T),Melting & Refining,268.07,none,0.0,828.6,1.0,Shift C (Night),1569.9,1.03
2026-09-02 23:00:00,Oxy-Fuel Ladle Pre-Heating Station,Ladle Heating Utility,11.55,natural_gas,75.16,0.0,1.0,Shift C (Night),1136.8,2.03
2026-09-02 23:00:00,Continuous Billet Casting Machine,Continuous Casting,60.08,none,0.0,755.8,1.0,Shift C (Night),1132.9,3.02
2026-09-02 23:00:00,Soaking Pit Reheating Furnace,Reheating & Rolling,36.19,natural_gas,98.22,930.6,1.0,Shift C (Night),1207.5,1.19
2026-09-02 23:00:00,Heavy Hydraulic Forging Press (1200T),Hot Forging & Pressing,1.26,none,0.0,0.0,0.0,Shift C (Night),30.8,0.0
2026-09-02 23:00:00,High-Pressure Hydraulic Power Pack,Hydraulic Utility,29.32,none,0.0,0.0,0.0,Shift C (Night),41.6,178.5
2026-09-02 23:00:00,Primary Cooling Tower & Water Pump Station,Cooling Utility,47.17,none,0.0,0.0,1.0,Shift C (Night),28.5,3.71
2026-09-03 00:00:00,Medium Frequency Induction Melting Furnace (5T),Melting & Refining,279.95,none,0.0,865.3,1.0,Shift C (Night),1544.8,0.97
2026-09-03 00:00:00,Oxy-Fuel Ladle Pre-Heating Station,Ladle Heating Utility,12.12,natural_gas,78.85,0.0,1.0,Shift C (Night),1141.8,1.98
2026-09-03 00:00:00,Continuous Billet Casting Machine,Continuous Casting,63.45,none,0.0,798.2,1.0,Shift C (Night),1133.2,2.92
2026-09-03 00:00:00,Soaking Pit Reheating Furnace,Reheating & Rolling,1.04,natural_gas,0.0,0.0,0.0,Shift C (Night),28.3,0.0
2026-09-03 00:00:00,Heavy Hydraulic Forging Press (1200T),Hot Forging & Pressing,0.77,none,0.0,0.0,0.0,Shift C (Night),30.1,0.0
2026-09-03 00:00:00,High-Pressure Hydraulic Power Pack,Hydraulic Utility,31.86,none,0.0,0.0,0.0,Shift C (Night),41.6,178.5
2026-09-03 00:00:00,Primary Cooling Tower & Water Pump Station,Cooling Utility,47.18,none,0.0,0.0,1.0,Shift C (Night),28.0,3.74
2026-09-03 01:00:00,Medium Frequency Induction Melting Furnace (5T),Melting & Refining,272.73,none,0.0,843.0,1.0,Shift C (Night),1548.6,1.02
2026-09-03 01:00:00,Oxy-Fuel Ladle Pre-Heating Station,Ladle Heating Utility,12.08,natural_gas,78.64,0.0,1.0,Shift C (Night),1166.9,1.99
2026-09-03 01:00:00,Continuous Billet Casting Machine,Continuous Casting,60.37,none,0.0,759.4,1.0,Shift C (Night),1160.3,3.08
2026-09-03 01:00:00,Soaking Pit Reheating Furnace,Reheating & Rolling,1.45,natural_gas,0.0,0.0,0.0,Shift C (Night),30.0,0.0
2026-09-03 01:00:00,Heavy Hydraulic Forging Press (1200T),Hot Forging & Pressing,0.7,none,0.0,0.0,0.0,Shift C (Night),29.8,0.0
2026-09-03 01:00:00,High-Pressure Hydraulic Power Pack,Hydraulic Utility,29.68,none,0.0,0.0,0.0,Shift C (Night),41.6,178.5
2026-09-03 01:00:00,Primary Cooling Tower & Water Pump Station,Cooling Utility,47.69,none,0.0,0.0,1.0,Shift C (Night),27.5,3.9
2026-09-03 02:00:00,Medium Frequency Induction Melting Furnace (5T),Melting & Refining,279.3,none,0.0,863.3,1.0,Shift C (Night),1572.2,0.99
2026-09-03 02:00:00,Oxy-Fuel Ladle Pre-Heating Station,Ladle Heating Utility,12.02,natural_gas,78.23,0.0,1.0,Shift C (Night),1150.7,2.03
2026-09-03 02:00:00,Continuous Billet Casting Machine,Continuous Casting,63.63,none,0.0,800.6,1.0,Shift C (Night),1156.0,3.05
2026-09-03 02:00:00,Soaking Pit Reheating Furnace,Reheating & Rolling,1.07,natural_gas,0.0,0.0,0.0,Shift C (Night),30.0,0.0
2026-09-03 02:00:00,Heavy Hydraulic Forging Press (1200T),Hot Forging & Pressing,1.15,none,0.0,0.0,0.0,Shift C (Night),29.7,0.0
2026-09-03 02:00:00,High-Pressure Hydraulic Power Pack,Hydraulic Utility,31.95,none,0.0,0.0,0.0,Shift C (Night),41.6,178.5
2026-09-03 02:00:00,Primary Cooling Tower & Water Pump Station,Cooling Utility,46.26,none,0.0,0.0,1.0,Shift C (Night),28.2,3.71
2026-09-03 03:00:00,Medium Frequency Induction Melting Furnace (5T),Melting & Refining,266.83,none,0.0,824.8,1.0,Shift C (Night),1567.4,0.97
2026-09-03 03:00:00,Oxy-Fuel Ladle Pre-Heating Station,Ladle Heating Utility,11.56,natural_gas,75.25,0.0,1.0,Shift C (Night),1140.8,2.06
2026-09-03 03:00:00,Continuous Billet Casting Machine,Continuous Casting,62.1,none,0.0,781.3,1.0,Shift C (Night),1136.3,2.98
2026-09-03 03:00:00,Soaking Pit Reheating Furnace,Reheating & Rolling,1.84,natural_gas,0.0,0.0,0.0,Shift C (Night),28.4,0.0
2026-09-03 03:00:00,Heavy Hydraulic Forging Press (1200T),Hot Forging & Pressing,1.82,none,0.0,0.0,0.0,Shift C (Night),28.1,0.0
2026-09-03 03:00:00,High-Pressure Hydraulic Power Pack,Hydraulic Utility,28.77,none,0.0,0.0,0.0,Shift C (Night),41.6,178.5
2026-09-03 03:00:00,Primary Cooling Tower & Water Pump Station,Cooling Utility,47.83,none,0.0,0.0,1.0,Shift C (Night),27.8,3.86
2026-09-03 04:00:00,Medium Frequency Induction Melting Furnace (5T),Melting & Refining,266.2,none,0.0,822.8,1.0,Shift C (Night),1529.9,0.98
2026-09-03 04:00:00,Oxy-Fuel Ladle Pre-Heating Station,Ladle Heating Utility,12.38,natural_gas,80.58,0.0,1.0,Shift C (Night),1148.4,2.04
2026-09-03 04:00:00,Continuous Billet Casting Machine,Continuous Casting,62.05,none,0.0,780.6,1.0,Shift C (Night),1135.4,3.01
2026-09-03 04:00:00,Soaking Pit Reheating Furnace,Reheating & Rolling,1.28,natural_gas,0.0,0.0,0.0,Shift C (Night),31.4,0.0
2026-09-03 04:00:00,Heavy Hydraulic Forging Press (1200T),Hot Forging & Pressing,1.19,none,0.0,0.0,0.0,Shift C (Night),30.2,0.0
2026-09-03 04:00:00,High-Pressure Hydraulic Power Pack,Hydraulic Utility,32.51,none,0.0,0.0,0.0,Shift C (Night),41.6,178.5
2026-09-03 04:00:00,Primary Cooling Tower & Water Pump Station,Cooling Utility,48.47,none,0.0,0.0,1.0,Shift C (Night),28.5,3.88
2026-09-03 05:00:00,Medium Frequency Induction Melting Furnace (5T),Melting & Refining,270.39,none,0.0,835.7,1.0,Shift C (Night),1578.7,0.98
2026-09-03 05:00:00,Oxy-Fuel Ladle Pre-Heating Station,Ladle Heating Utility,11.81,natural_gas,76.88,0.0,1.0,Shift C (Night),1157.5,2.04
2026-09-03 05:00:00,Continuous Billet Casting Machine,Continuous Casting,64.41,none,0.0,810.3,1.0,Shift C (Night),1162.9,2.97
2026-09-03 05:00:00,Soaking Pit Reheating Furnace,Reheating & Rolling,0.93,natural_gas,0.0,0.0,0.0,Shift C (Night),31.5,0.0
2026-09-03 05:00:00,Heavy Hydraulic Forging Press (1200T),Hot Forging & Pressing,1.88,none,0.0,0.0,0.0,Shift C (Night),30.9,0.0
2026-09-03 05:00:00,High-Pressure Hydraulic Power Pack,Hydraulic Utility,30.64,none,0.0,0.0,0.0,Shift C (Night),41.6,178.5
2026-09-03 05:00:00,Primary Cooling Tower & Water Pump Station,Cooling Utility,47.64,none,0.0,0.0,1.0,Shift C (Night),27.7,3.83
2026-09-03 06:00:00,Medium Frequency Induction Melting Furnace (5T),Melting & Refining,277.52,none,0.0,857.8,1.0,Shift A (Morning),1526.7,0.98
2026-09-03 06:00:00,Oxy-Fuel Ladle Pre-Heating Station,Ladle Heating Utility,11.88,natural_gas,77.29,0.0,1.0,Shift A (Morning),1163.8,1.94
2026-09-03 06:00:00,Continuous Billet Casting Machine,Continuous Casting,63.6,none,0.0,800.1,1.0,Shift A (Morning),1150.3,3.09
2026-09-03 06:00:00,Soaking Pit Reheating Furnace,Reheating & Rolling,35.23,natural_gas,95.61,905.8,1.0,Shift A (Morning),1198.8,1.18
2026-09-03 06:00:00,Heavy Hydraulic Forging Press (1200T),Hot Forging & Pressing,88.52,none,0.0,603.6,1.0,Shift A (Morning),997.1,222.83
2026-09-03 06:00:00,High-Pressure Hydraulic Power Pack,Hydraulic Utility,71.73,none,0.0,0.0,1.0,Shift A (Morning),51.5,213.87
2026-09-03 06:00:00,Primary Cooling Tower & Water Pump Station,Cooling Utility,47.63,none,0.0,0.0,1.0,Shift A (Morning),28.1,3.82
2026-09-03 07:00:00,Medium Frequency Induction Melting Furnace (5T),Melting & Refining,284.74,none,0.0,880.1,1.0,Shift A (Morning),1545.1,1.01
2026-09-03 07:00:00,Oxy-Fuel Ladle Pre-Heating Station,Ladle Heating Utility,12.3,natural_gas,80.03,0.0,1.0,Shift A (Morning),1172.1,2.02
2026-09-03 07:00:00,Continuous Billet Casting Machine,Continuous Casting,63.64,none,0.0,800.6,1.0,Shift A (Morning),1156.5,3.05
2026-09-03 07:00:00,Soaking Pit Reheating Furnace,Reheating & Rolling,35.69,natural_gas,96.87,917.7,1.0,Shift A (Morning),1228.6,1.22
2026-09-03 07:00:00,Heavy Hydraulic Forging Press (1200T),Hot Forging & Pressing,90.49,none,0.0,617.0,1.0,Shift A (Morning),963.9,220.29
2026-09-03 07:00:00,High-Pressure Hydraulic Power Pack,Hydraulic Utility,69.96,none,0.0,0.0,1.0,Shift A (Morning),52.6,211.0
2026-09-03 07:00:00,Primary Cooling Tower & Water Pump Station,Cooling Utility,48.53,none,0.0,0.0,1.0,Shift A (Morning),28.1,3.72
2026-09-03 08:00:00,Medium Frequency Induction Melting Furnace (5T),Melting & Refining,276.44,none,0.0,854.4,1.0,Shift A (Morning),1537.3,1.02
2026-09-03 08:00:00,Oxy-Fuel Ladle Pre-Heating Station,Ladle Heating Utility,12.37,natural_gas,80.51,0.0,1.0,Shift A (Morning),1158.3,2.04
2026-09-03 08:00:00,Continuous Billet Casting Machine,Continuous Casting,63.77,none,0.0,802.3,1.0,Shift A (Morning),1170.9,3.07
2026-09-03 08:00:00,Soaking Pit Reheating Furnace,Reheating & Rolling,33.9,natural_gas,92.02,871.8,1.0,Shift A (Morning),1236.6,1.22
2026-09-03 08:00:00,Heavy Hydraulic Forging Press (1200T),Hot Forging & Pressing,86.05,none,0.0,586.7,1.0,Shift A (Morning),991.0,223.65
2026-09-03 08:00:00,High-Pressure Hydraulic Power Pack,Hydraulic Utility,71.6,none,0.0,0.0,1.0,Shift A (Morning),52.1,215.8
2026-09-03 08:00:00,Primary Cooling Tower & Water Pump Station,Cooling Utility,46.29,none,0.0,0.0,1.0,Shift A (Morning),28.1,3.69
2026-09-03 09:00:00,Medium Frequency Induction Melting Furnace (5T),Melting & Refining,276.27,none,0.0,853.9,1.0,Shift A (Morning),1528.6,1.01
2026-09-03 09:00:00,Oxy-Fuel Ladle Pre-Heating Station,Ladle Heating Utility,11.96,natural_gas,77.83,0.0,1.0,Shift A (Morning),1151.2,2.05
2026-09-03 09:00:00,Continuous Billet Casting Machine,Continuous Casting,62.7,none,0.0,788.9,1.0,Shift A (Morning),1135.0,2.95
2026-09-03 09:00:00,Soaking Pit Reheating Furnace,Reheating & Rolling,35.17,natural_gas,95.47,904.4,1.0,Shift A (Morning),1244.1,1.18
2026-09-03 09:00:00,Heavy Hydraulic Forging Press (1200T),Hot Forging & Pressing,88.75,none,0.0,605.1,1.0,Shift A (Morning),973.2,222.15
2026-09-03 09:00:00,High-Pressure Hydraulic Power Pack,Hydraulic Utility,74.35,none,0.0,0.0,1.0,Shift A (Morning),52.3,215.02
2026-09-03 09:00:00,Primary Cooling Tower & Water Pump Station,Cooling Utility,48.08,none,0.0,0.0,1.0,Shift A (Morning),28.2,3.81
2026-09-03 10:00:00,Medium Frequency Induction Melting Furnace (5T),Melting & Refining,264.38,none,0.0,817.2,1.0,Shift A (Morning),1569.8,0.99
2026-09-03 10:00:00,Oxy-Fuel Ladle Pre-Heating Station,Ladle Heating Utility,11.52,natural_gas,74.99,0.0,1.0,Shift A (Morning),1147.9,1.99
2026-09-03 10:00:00,Continuous Billet Casting Machine,Continuous Casting,62.81,none,0.0,790.2,1.0,Shift A (Morning),1172.2,3.07
2026-09-03 10:00:00,Soaking Pit Reheating Furnace,Reheating & Rolling,35.19,natural_gas,95.5,904.8,1.0,Shift A (Morning),1216.8,1.17
2026-09-03 10:00:00,Heavy Hydraulic Forging Press (1200T),Hot Forging & Pressing,90.14,none,0.0,614.6,1.0,Shift A (Morning),991.1,218.76
2026-09-03 10:00:00,High-Pressure Hydraulic Power Pack,Hydraulic Utility,73.52,none,0.0,0.0,1.0,Shift A (Morning),52.1,205.55
2026-09-03 10:00:00,Primary Cooling Tower & Water Pump Station,Cooling Utility,48.62,none,0.0,0.0,1.0,Shift A (Morning),27.5,3.81
2026-09-03 11:00:00,Medium Frequency Induction Melting Furnace (5T),Melting & Refining,276.6,none,0.0,855.0,1.0,Shift A (Morning),1540.4,1.01
2026-09-03 11:00:00,Oxy-Fuel Ladle Pre-Heating Station,Ladle Heating Utility,12.41,natural_gas,80.74,0.0,1.0,Shift A (Morning),1141.9,2.01
2026-09-03 11:00:00,Continuous Billet Casting Machine,Continuous Casting,63.53,none,0.0,799.3,1.0,Shift A (Morning),1131.5,3.06
2026-09-03 11:00:00,Soaking Pit Reheating Furnace,Reheating & Rolling,36.07,natural_gas,97.91,927.5,1.0,Shift A (Morning),1233.0,1.22
2026-09-03 11:00:00,Heavy Hydraulic Forging Press (1200T),Hot Forging & Pressing,86.69,none,0.0,591.1,1.0,Shift A (Morning),973.6,225.59
2026-09-03 11:00:00,High-Pressure Hydraulic Power Pack,Hydraulic Utility,69.81,none,0.0,0.0,1.0,Shift A (Morning),52.7,213.49
2026-09-03 11:00:00,Primary Cooling Tower & Water Pump Station,Cooling Utility,47.61,none,0.0,0.0,1.0,Shift A (Morning),27.6,3.82
2026-09-03 12:00:00,Medium Frequency Induction Melting Furnace (5T),Melting & Refining,281.01,none,0.0,868.6,1.0,Shift A (Morning),1571.7,0.99
2026-09-03 12:00:00,Oxy-Fuel Ladle Pre-Heating Station,Ladle Heating Utility,12.38,natural_gas,80.6,0.0,1.0,Shift A (Morning),1171.4,2.04
2026-09-03 12:00:00,Continuous Billet Casting Machine,Continuous Casting,60.33,none,0.0,759.0,1.0,Shift A (Morning),1161.6,2.91
2026-09-03 12:00:00,Soaking Pit Reheating Furnace,Reheating & Rolling,35.47,natural_gas,96.27,912.1,1.0,Shift A (Morning),1220.7,1.21
2026-09-03 12:00:00,Heavy Hydraulic Forging Press (1200T),Hot Forging & Pressing,90.87,none,0.0,619.6,1.0,Shift A (Morning),975.7,226.58
2026-09-03 12:00:00,High-Pressure Hydraulic Power Pack,Hydraulic Utility,69.79,none,0.0,0.0,1.0,Shift A (Morning),53.0,208.58
2026-09-03 12:00:00,Primary Cooling Tower & Water Pump Station,Cooling Utility,46.86,none,0.0,0.0,1.0,Shift A (Morning),27.5,3.73
2026-09-03 13:00:00,Medium Frequency Induction Melting Furnace (5T),Melting & Refining,277.46,none,0.0,857.6,1.0,Shift A (Morning),1570.1,1.02
2026-09-03 13:00:00,Oxy-Fuel Ladle Pre-Heating Station,Ladle Heating Utility,11.54,natural_gas,75.13,0.0,1.0,Shift A (Morning),1175.6,1.99
2026-09-03 13:00:00,Continuous Billet Casting Machine,Continuous Casting,59.8,none,0.0,752.3,1.0,Shift A (Morning),1156.8,2.92
2026-09-03 13:00:00,Soaking Pit Reheating Furnace,Reheating & Rolling,35.36,natural_gas,95.99,909.4,1.0,Shift A (Morning),1199.2,1.22
2026-09-03 13:00:00,Heavy Hydraulic Forging Press (1200T),Hot Forging & Pressing,84.86,none,0.0,578.6,1.0,Shift A (Morning),976.4,215.74
2026-09-03 13:00:00,High-Pressure Hydraulic Power Pack,Hydraulic Utility,72.75,none,0.0,0.0,1.0,Shift A (Morning),51.4,211.04
2026-09-03 13:00:00,Primary Cooling Tower & Water Pump Station,Cooling Utility,47.78,none,0.0,0.0,1.0,Shift A (Morning),27.9,3.72
2026-09-03 14:00:00,Medium Frequency Induction Melting Furnace (5T),Melting & Refining,280.06,none,0.0,865.6,1.0,Shift B (Evening),1532.7,0.99
2026-09-03 14:00:00,Oxy-Fuel Ladle Pre-Heating Station,Ladle Heating Utility,11.54,natural_gas,75.08,0.0,1.0,Shift B (Evening),1154.8,1.99
2026-09-03 14:00:00,Continuous Billet Casting Machine,Continuous Casting,60.92,none,0.0,766.4,1.0,Shift B (Evening),1134.5,3.04
2026-09-03 14:00:00,Soaking Pit Reheating Furnace,Reheating & Rolling,34.86,natural_gas,94.61,896.3,1.0,Shift B (Evening),1202.4,1.19
2026-09-03 14:00:00,Heavy Hydraulic Forging Press (1200T),Hot Forging & Pressing,90.56,none,0.0,617.4,1.0,Shift B (Evening),986.7,221.27
2026-09-03 14:00:00,High-Pressure Hydraulic Power Pack,Hydraulic Utility,71.1,none,0.0,0.0,1.0,Shift B (Evening),52.1,204.86
2026-09-03 14:00:00,Primary Cooling Tower & Water Pump Station,Cooling Utility,49.43,none,0.0,0.0,1.0,Shift B (Evening),28.3,3.87
2026-09-03 15:00:00,Medium Frequency Induction Melting Furnace (5T),Melting & Refining,284.3,none,0.0,878.8,1.0,Shift B (Evening),1576.2,1.03
2026-09-03 15:00:00,Oxy-Fuel Ladle Pre-Heating Station,Ladle Heating Utility,12.06,natural_gas,78.51,0.0,1.0,Shift B (Evening),1175.0,1.95
2026-09-03 15:00:00,Continuous Billet Casting Machine,Continuous Casting,63.38,none,0.0,797.3,1.0,Shift B (Evening),1128.0,3.08
2026-09-03 15:00:00,Soaking Pit Reheating Furnace,Reheating & Rolling,35.49,natural_gas,96.33,912.6,1.0,Shift B (Evening),1208.4,1.23
2026-09-03 15:00:00,Heavy Hydraulic Forging Press (1200T),Hot Forging & Pressing,85.88,none,0.0,585.5,1.0,Shift B (Evening),978.2,214.58
2026-09-03 15:00:00,High-Pressure Hydraulic Power Pack,Hydraulic Utility,69.88,none,0.0,0.0,1.0,Shift B (Evening),52.9,208.21
2026-09-03 15:00:00,Primary Cooling Tower & Water Pump Station,Cooling Utility,49.65,none,0.0,0.0,1.0,Shift B (Evening),27.7,3.89
2026-09-03 16:00:00,Medium Frequency Induction Melting Furnace (5T),Melting & Refining,272.83,none,0.0,843.3,1.0,Shift B (Evening),1548.0,1.03
2026-09-03 16:00:00,Oxy-Fuel Ladle Pre-Heating Station,Ladle Heating Utility,11.97,natural_gas,77.87,0.0,1.0,Shift B (Evening),1141.4,2.06
2026-09-03 16:00:00,Continuous Billet Casting Machine,Continuous Casting,64.02,none,0.0,805.4,1.0,Shift B (Evening),1158.2,2.92
2026-09-03 16:00:00,Soaking Pit Reheating Furnace,Reheating & Rolling,34.06,natural_gas,92.44,875.8,1.0,Shift B (Evening),1214.1,1.18
2026-09-03 16:00:00,Heavy Hydraulic Forging Press (1200T),Hot Forging & Pressing,87.45,none,0.0,596.3,1.0,Shift B (Evening),992.7,226.33
2026-09-03 16:00:00,High-Pressure Hydraulic Power Pack,Hydraulic Utility,70.95,none,0.0,0.0,1.0,Shift B (Evening),51.9,210.58
2026-09-03 16:00:00,Primary Cooling Tower & Water Pump Station,Cooling Utility,49.83,none,0.0,0.0,1.0,Shift B (Evening),27.9,3.73
2026-09-03 17:00:00,Medium Frequency Induction Melting Furnace (5T),Melting & Refining,273.84,none,0.0,846.4,1.0,Shift B (Evening),1574.3,1.0
2026-09-03 17:00:00,Oxy-Fuel Ladle Pre-Heating Station,Ladle Heating Utility,11.81,natural_gas,76.89,0.0,1.0,Shift B (Evening),1159.3,2.03
2026-09-03 17:00:00,Continuous Billet Casting Machine,Continuous Casting,60.36,none,0.0,759.3,1.0,Shift B (Evening),1153.6,2.92
2026-09-03 17:00:00,Soaking Pit Reheating Furnace,Reheating & Rolling,36.02,natural_gas,97.77,926.2,1.0,Shift B (Evening),1209.9,1.17
2026-09-03 17:00:00,Heavy Hydraulic Forging Press (1200T),Hot Forging & Pressing,90.23,none,0.0,615.2,1.0,Shift B (Evening),977.3,217.16
2026-09-03 17:00:00,High-Pressure Hydraulic Power Pack,Hydraulic Utility,69.42,none,0.0,0.0,1.0,Shift B (Evening),51.9,212.29
2026-09-03 17:00:00,Primary Cooling Tower & Water Pump Station,Cooling Utility,49.27,none,0.0,0.0,1.0,Shift B (Evening),27.9,3.81
2026-09-03 18:00:00,Medium Frequency Induction Melting Furnace (5T),Melting & Refining,284.41,none,0.0,879.1,1.0,Shift B (Evening),1575.1,1.01
2026-09-03 18:00:00,Oxy-Fuel Ladle Pre-Heating Station,Ladle Heating Utility,12.0,natural_gas,78.1,0.0,1.0,Shift B (Evening),1155.6,2.05
2026-09-03 18:00:00,Continuous Billet Casting Machine,Continuous Casting,59.89,none,0.0,753.5,1.0,Shift B (Evening),1165.4,3.03
2026-09-03 18:00:00,Soaking Pit Reheating Furnace,Reheating & Rolling,36.06,natural_gas,97.87,927.2,1.0,Shift B (Evening),1239.2,1.21
2026-09-03 18:00:00,Heavy Hydraulic Forging Press (1200T),Hot Forging & Pressing,90.3,none,0.0,615.7,1.0,Shift B (Evening),964.4,215.95
2026-09-03 18:00:00,High-Pressure Hydraulic Power Pack,Hydraulic Utility,72.11,none,0.0,0.0,1.0,Shift B (Evening),53.0,205.86
2026-09-03 18:00:00,Primary Cooling Tower & Water Pump Station,Cooling Utility,48.18,none,0.0,0.0,1.0,Shift B (Evening),28.3,3.8
2026-09-03 19:00:00,Medium Frequency Induction Melting Furnace (5T),Melting & Refining,280.09,none,0.0,865.7,1.0,Shift B (Evening),1556.6,0.98
2026-09-03 19:00:00,Oxy-Fuel Ladle Pre-Heating Station,Ladle Heating Utility,11.93,natural_gas,77.63,0.0,1.0,Shift B (Evening),1170.1,2.04
2026-09-03 19:00:00,Continuous Billet Casting Machine,Continuous Casting,62.2,none,0.0,782.5,1.0,Shift B (Evening),1167.3,3.06
2026-09-03 19:00:00,Soaking Pit Reheating Furnace,Reheating & Rolling,34.1,natural_gas,92.55,876.8,1.0,Shift B (Evening),1228.9,1.19
2026-09-03 19:00:00,Heavy Hydraulic Forging Press (1200T),Hot Forging & Pressing,84.69,none,0.0,577.4,1.0,Shift B (Evening),969.4,223.3
2026-09-03 19:00:00,High-Pressure Hydraulic Power Pack,Hydraulic Utility,74.65,none,0.0,0.0,1.0,Shift B (Evening),51.0,213.6
2026-09-03 19:00:00,Primary Cooling Tower & Water Pump Station,Cooling Utility,48.34,none,0.0,0.0,1.0,Shift B (Evening),28.2,3.78
2026-09-03 20:00:00,Medium Frequency Induction Melting Furnace (5T),Melting & Refining,278.98,none,0.0,862.3,1.0,Shift B (Evening),1580.7,1.0
2026-09-03 20:00:00,Oxy-Fuel Ladle Pre-Heating Station,Ladle Heating Utility,12.19,natural_gas,79.35,0.0,1.0,Shift B (Evening),1150.5,2.05
2026-09-03 20:00:00,Continuous Billet Casting Machine,Continuous Casting,60.69,none,0.0,763.5,1.0,Shift B (Evening),1145.6,3.05
2026-09-03 20:00:00,Soaking Pit Reheating Furnace,Reheating & Rolling,34.01,natural_gas,92.31,874.6,1.0,Shift B (Evening),1234.3,1.19
2026-09-03 20:00:00,Heavy Hydraulic Forging Press (1200T),Hot Forging & Pressing,84.5,none,0.0,576.1,1.0,Shift B (Evening),981.6,214.51
2026-09-03 20:00:00,High-Pressure Hydraulic Power Pack,Hydraulic Utility,73.96,none,0.0,0.0,1.0,Shift B (Evening),51.3,211.63
2026-09-03 20:00:00,Primary Cooling Tower & Water Pump Station,Cooling Utility,47.34,none,0.0,0.0,1.0,Shift B (Evening),27.6,3.91
2026-09-03 21:00:00,Medium Frequency Induction Melting Furnace (5T),Melting & Refining,278.93,none,0.0,862.2,1.0,Shift B (Evening),1559.9,0.97
2026-09-03 21:00:00,Oxy-Fuel Ladle Pre-Heating Station,Ladle Heating Utility,11.84,natural_gas,77.06,0.0,1.0,Shift B (Evening),1177.6,2.05
2026-09-03 21:00:00,Continuous Billet Casting Machine,Continuous Casting,62.93,none,0.0,791.7,1.0,Shift B (Evening),1145.6,2.94
2026-09-03 21:00:00,Soaking Pit Reheating Furnace,Reheating & Rolling,33.8,natural_gas,91.75,869.2,1.0,Shift B (Evening),1227.4,1.23
2026-09-03 21:00:00,Heavy Hydraulic Forging Press (1200T),Hot Forging & Pressing,84.99,none,0.0,579.5,1.0,Shift B (Evening),982.8,217.72
2026-09-03 21:00:00,High-Pressure Hydraulic Power Pack,Hydraulic Utility,71.41,none,0.0,0.0,1.0,Shift B (Evening),51.9,211.19
2026-09-03 21:00:00,Primary Cooling Tower & Water Pump Station,Cooling Utility,46.23,none,0.0,0.0,1.0,Shift B (Evening),28.1,3.86
2026-09-03 22:00:00,Medium Frequency Induction Melting Furnace (5T),Melting & Refining,269.91,none,0.0,834.3,1.0,Shift C (Night),1545.7,1.01
2026-09-03 22:00:00,Oxy-Fuel Ladle Pre-Heating Station,Ladle Heating Utility,11.8,natural_gas,76.78,0.0,1.0,Shift C (Night),1157.2,1.94
2026-09-03 22:00:00,Continuous Billet Casting Machine,Continuous Casting,60.31,none,0.0,758.7,1.0,Shift C (Night),1168.0,2.92
2026-09-03 22:00:00,Soaking Pit Reheating Furnace,Reheating & Rolling,34.53,natural_gas,93.71,887.8,1.0,Shift C (Night),1197.3,1.21
2026-09-03 22:00:00,Heavy Hydraulic Forging Press (1200T),Hot Forging & Pressing,89.62,none,0.0,611.0,1.0,Shift C (Night),986.4,220.56
2026-09-03 22:00:00,High-Pressure Hydraulic Power Pack,Hydraulic Utility,74.74,none,0.0,0.0,1.0,Shift C (Night),52.2,212.41
2026-09-03 22:00:00,Primary Cooling Tower & Water Pump Station,Cooling Utility,48.03,none,0.0,0.0,1.0,Shift C (Night),27.8,3.72
2026-09-03 23:00:00,Medium Frequency Induction Melting Furnace (5T),Melting & Refining,283.41,none,0.0,876.0,1.0,Shift C (Night),1539.9,1.01
2026-09-03 23:00:00,Oxy-Fuel Ladle Pre-Heating Station,Ladle Heating Utility,12.01,natural_gas,78.17,0.0,1.0,Shift C (Night),1161.0,2.02
2026-09-03 23:00:00,Continuous Billet Casting Machine,Continuous Casting,60.93,none,0.0,766.5,1.0,Shift C (Night),1147.8,3.01
2026-09-03 23:00:00,Soaking Pit Reheating Furnace,Reheating & Rolling,34.88,natural_gas,94.68,897.0,1.0,Shift C (Night),1235.1,1.23
2026-09-03 23:00:00,Heavy Hydraulic Forging Press (1200T),Hot Forging & Pressing,1.57,none,0.0,0.0,0.0,Shift C (Night),29.8,0.0
2026-09-03 23:00:00,High-Pressure Hydraulic Power Pack,Hydraulic Utility,29.78,none,0.0,0.0,0.0,Shift C (Night),41.6,178.5
2026-09-03 23:00:00,Primary Cooling Tower & Water Pump Station,Cooling Utility,46.77,none,0.0,0.0,1.0,Shift C (Night),28.4,3.78
2026-09-04 00:00:00,Medium Frequency Induction Melting Furnace (5T),Melting & Refining,272.59,none,0.0,842.6,1.0,Shift C (Night),1531.2,1.02
2026-09-04 00:00:00,Oxy-Fuel Ladle Pre-Heating Station,Ladle Heating Utility,12.15,natural_gas,55.69,0.0,1.0,Shift C (Night),1079.2,2.01
2026-09-04 00:00:00,Continuous Billet Casting Machine,Continuous Casting,60.88,none,0.0,766.0,1.0,Shift C (Night),1162.9,3.08
2026-09-04 00:00:00,Soaking Pit Reheating Furnace,Reheating & Rolling,0.69,natural_gas,0.0,0.0,0.0,Shift C (Night),30.5,0.0
2026-09-04 00:00:00,Heavy Hydraulic Forging Press (1200T),Hot Forging & Pressing,1.96,none,0.0,0.0,0.0,Shift C (Night),30.0,0.0
2026-09-04 00:00:00,High-Pressure Hydraulic Power Pack,Hydraulic Utility,30.66,none,0.0,0.0,0.0,Shift C (Night),41.6,178.5
2026-09-04 00:00:00,Primary Cooling Tower & Water Pump Station,Cooling Utility,47.56,none,0.0,0.0,1.0,Shift C (Night),27.6,3.83
2026-09-04 01:00:00,Medium Frequency Induction Melting Furnace (5T),Melting & Refining,284.14,none,0.0,878.2,1.0,Shift C (Night),1550.4,1.01
2026-09-04 01:00:00,Oxy-Fuel Ladle Pre-Heating Station,Ladle Heating Utility,11.67,natural_gas,53.48,0.0,1.0,Shift C (Night),1114.7,1.98
2026-09-04 01:00:00,Continuous Billet Casting Machine,Continuous Casting,62.38,none,0.0,784.8,1.0,Shift C (Night),1149.7,3.04
2026-09-04 01:00:00,Soaking Pit Reheating Furnace,Reheating & Rolling,1.71,natural_gas,0.0,0.0,0.0,Shift C (Night),30.1,0.0
2026-09-04 01:00:00,Heavy Hydraulic Forging Press (1200T),Hot Forging & Pressing,1.55,none,0.0,0.0,0.0,Shift C (Night),28.0,0.0
2026-09-04 01:00:00,High-Pressure Hydraulic Power Pack,Hydraulic Utility,31.22,none,0.0,0.0,0.0,Shift C (Night),41.6,178.5
2026-09-04 01:00:00,Primary Cooling Tower & Water Pump Station,Cooling Utility,48.7,none,0.0,0.0,1.0,Shift C (Night),28.3,3.77
2026-09-04 02:00:00,Medium Frequency Induction Melting Furnace (5T),Melting & Refining,279.3,none,0.0,863.3,1.0,Shift C (Night),1573.7,1.01
2026-09-04 02:00:00,Oxy-Fuel Ladle Pre-Heating Station,Ladle Heating Utility,12.35,natural_gas,56.62,0.0,1.0,Shift C (Night),1111.2,1.99
2026-09-04 02:00:00,Continuous Billet Casting Machine,Continuous Casting,63.13,none,0.0,794.2,1.0,Shift C (Night),1142.3,2.99
2026-09-04 02:00:00,Soaking Pit Reheating Furnace,Reheating & Rolling,0.65,natural_gas,0.0,0.0,0.0,Shift C (Night),30.7,0.0
2026-09-04 02:00:00,Heavy Hydraulic Forging Press (1200T),Hot Forging & Pressing,0.84,none,0.0,0.0,0.0,Shift C (Night),31.6,0.0
2026-09-04 02:00:00,High-Pressure Hydraulic Power Pack,Hydraulic Utility,28.88,none,0.0,0.0,0.0,Shift C (Night),41.6,178.5
2026-09-04 02:00:00,Primary Cooling Tower & Water Pump Station,Cooling Utility,48.95,none,0.0,0.0,1.0,Shift C (Night),28.4,3.75
2026-09-04 03:00:00,Medium Frequency Induction Melting Furnace (5T),Melting & Refining,268.02,none,0.0,828.4,1.0,Shift C (Night),1551.5,1.0
2026-09-04 03:00:00,Oxy-Fuel Ladle Pre-Heating Station,Ladle Heating Utility,11.9,natural_gas,54.53,0.0,1.0,Shift C (Night),1084.2,2.04
2026-09-04 03:00:00,Continuous Billet Casting Machine,Continuous Casting,62.55,none,0.0,787.0,1.0,Shift C (Night),1135.5,2.95
2026-09-04 03:00:00,Soaking Pit Reheating Furnace,Reheating & Rolling,1.93,natural_gas,0.0,0.0,0.0,Shift C (Night),30.7,0.0
2026-09-04 03:00:00,Heavy Hydraulic Forging Press (1200T),Hot Forging & Pressing,1.64,none,0.0,0.0,0.0,Shift C (Night),31.4,0.0
2026-09-04 03:00:00,High-Pressure Hydraulic Power Pack,Hydraulic Utility,31.95,none,0.0,0.0,0.0,Shift C (Night),41.6,178.5
2026-09-04 03:00:00,Primary Cooling Tower & Water Pump Station,Cooling Utility,49.27,none,0.0,0.0,1.0,Shift C (Night),27.7,3.9
2026-09-04 04:00:00,Medium Frequency Induction Melting Furnace (5T),Melting & Refining,276.02,none,0.0,853.1,1.0,Shift C (Night),1574.9,1.0
2026-09-04 04:00:00,Oxy-Fuel Ladle Pre-Heating Station,Ladle Heating Utility,11.62,natural_gas,53.25,0.0,1.0,Shift C (Night),1095.8,1.97
2026-09-04 04:00:00,Continuous Billet Casting Machine,Continuous Casting,62.91,none,0.0,791.5,1.0,Shift C (Night),1169.1,2.94
2026-09-04 04:00:00,Soaking Pit Reheating Furnace,Reheating & Rolling,1.67,natural_gas,0.0,0.0,0.0,Shift C (Night),30.9,0.0
2026-09-04 04:00:00,Heavy Hydraulic Forging Press (1200T),Hot Forging & Pressing,1.91,none,0.0,0.0,0.0,Shift C (Night),28.7,0.0
2026-09-04 04:00:00,High-Pressure Hydraulic Power Pack,Hydraulic Utility,32.73,none,0.0,0.0,0.0,Shift C (Night),41.6,178.5
2026-09-04 04:00:00,Primary Cooling Tower & Water Pump Station,Cooling Utility,47.57,none,0.0,0.0,1.0,Shift C (Night),28.5,3.73
2026-09-04 05:00:00,Medium Frequency Induction Melting Furnace (5T),Melting & Refining,284.81,none,0.0,880.3,1.0,Shift C (Night),1532.7,1.01
2026-09-04 05:00:00,Oxy-Fuel Ladle Pre-Heating Station,Ladle Heating Utility,11.85,natural_gas,54.31,0.0,1.0,Shift C (Night),1104.7,2.02
2026-09-04 05:00:00,Continuous Billet Casting Machine,Continuous Casting,60.03,none,0.0,755.2,1.0,Shift C (Night),1166.6,3.08
2026-09-04 05:00:00,Soaking Pit Reheating Furnace,Reheating & Rolling,0.75,natural_gas,0.0,0.0,0.0,Shift C (Night),30.8,0.0
2026-09-04 05:00:00,Heavy Hydraulic Forging Press (1200T),Hot Forging & Pressing,1.12,none,0.0,0.0,0.0,Shift C (Night),28.1,0.0
2026-09-04 05:00:00,High-Pressure Hydraulic Power Pack,Hydraulic Utility,31.23,none,0.0,0.0,0.0,Shift C (Night),41.6,178.5
2026-09-04 05:00:00,Primary Cooling Tower & Water Pump Station,Cooling Utility,48.07,none,0.0,0.0,1.0,Shift C (Night),28.5,3.9
2026-09-04 06:00:00,Medium Frequency Induction Melting Furnace (5T),Melting & Refining,276.29,none,0.0,854.0,1.0,Shift A (Morning),1520.0,0.99
2026-09-04 06:00:00,Oxy-Fuel Ladle Pre-Heating Station,Ladle Heating Utility,11.99,natural_gas,54.95,0.0,1.0,Shift A (Morning),1107.9,2.04
2026-09-04 06:00:00,Continuous Billet Casting Machine,Continuous Casting,60.63,none,0.0,762.8,1.0,Shift A (Morning),1135.9,3.02
2026-09-04 06:00:00,Soaking Pit Reheating Furnace,Reheating & Rolling,33.94,natural_gas,92.11,872.6,1.0,Shift A (Morning),1228.6,1.2
2026-09-04 06:00:00,Heavy Hydraulic Forging Press (1200T),Hot Forging & Pressing,88.54,none,0.0,603.7,1.0,Shift A (Morning),996.7,214.89
2026-09-04 06:00:00,High-Pressure Hydraulic Power Pack,Hydraulic Utility,71.89,none,0.0,0.0,1.0,Shift A (Morning),52.0,204.29
2026-09-04 06:00:00,Primary Cooling Tower & Water Pump Station,Cooling Utility,48.08,none,0.0,0.0,1.0,Shift A (Morning),28.2,3.82
2026-09-04 07:00:00,Medium Frequency Induction Melting Furnace (5T),Melting & Refining,269.92,none,0.0,834.3,1.0,Shift A (Morning),1521.3,1.02
2026-09-04 07:00:00,Oxy-Fuel Ladle Pre-Heating Station,Ladle Heating Utility,11.72,natural_gas,53.72,0.0,1.0,Shift A (Morning),1091.5,1.98
2026-09-04 07:00:00,Continuous Billet Casting Machine,Continuous Casting,61.77,none,0.0,777.1,1.0,Shift A (Morning),1142.0,2.97
2026-09-04 07:00:00,Soaking Pit Reheating Furnace,Reheating & Rolling,33.9,natural_gas,92.01,871.7,1.0,Shift A (Morning),1231.2,1.19
2026-09-04 07:00:00,Heavy Hydraulic Forging Press (1200T),Hot Forging & Pressing,90.72,none,0.0,618.5,1.0,Shift A (Morning),992.4,219.68
2026-09-04 07:00:00,High-Pressure Hydraulic Power Pack,Hydraulic Utility,73.99,none,0.0,0.0,1.0,Shift A (Morning),52.1,206.7
2026-09-04 07:00:00,Primary Cooling Tower & Water Pump Station,Cooling Utility,47.72,none,0.0,0.0,1.0,Shift A (Morning),28.4,3.7
2026-09-04 08:00:00,Medium Frequency Induction Melting Furnace (5T),Melting & Refining,285.12,none,0.0,881.3,1.0,Shift A (Morning),1535.5,1.02
2026-09-04 08:00:00,Oxy-Fuel Ladle Pre-Heating Station,Ladle Heating Utility,12.19,natural_gas,55.87,0.0,1.0,Shift A (Morning),1106.3,1.95
2026-09-04 08:00:00,Continuous Billet Casting Machine,Continuous Casting,64.23,none,0.0,808.1,1.0,Shift A (Morning),1163.5,2.92
2026-09-04 08:00:00,Soaking Pit Reheating Furnace,Reheating & Rolling,34.59,natural_gas,93.89,889.5,1.0,Shift A (Morning),1217.9,1.21
2026-09-04 08:00:00,Heavy Hydraulic Forging Press (1200T),Hot Forging & Pressing,91.15,none,0.0,621.5,1.0,Shift A (Morning),965.2,221.21
2026-09-04 08:00:00,High-Pressure Hydraulic Power Pack,Hydraulic Utility,71.84,none,0.0,0.0,1.0,Shift A (Morning),51.1,212.93
2026-09-04 08:00:00,Primary Cooling Tower & Water Pump Station,Cooling Utility,46.59,none,0.0,0.0,1.0,Shift A (Morning),28.0,3.75
2026-09-04 09:00:00,Medium Frequency Induction Melting Furnace (5T),Melting & Refining,266.86,none,0.0,824.8,1.0,Shift A (Morning),1571.4,1.0
2026-09-04 09:00:00,Oxy-Fuel Ladle Pre-Heating Station,Ladle Heating Utility,12.34,natural_gas,56.57,0.0,1.0,Shift A (Morning),1093.3,1.96
2026-09-04 09:00:00,Continuous Billet Casting Machine,Continuous Casting,60.2,none,0.0,757.3,1.0,Shift A (Morning),1142.2,3.06
2026-09-04 09:00:00,Soaking Pit Reheating Furnace,Reheating & Rolling,35.87,natural_gas,97.35,922.3,1.0,Shift A (Morning),1216.5,1.17
2026-09-04 09:00:00,Heavy Hydraulic Forging Press (1200T),Hot Forging & Pressing,86.76,none,0.0,591.6,1.0,Shift A (Morning),990.7,220.09
2026-09-04 09:00:00,High-Pressure Hydraulic Power Pack,Hydraulic Utility,73.68,none,0.0,0.0,1.0,Shift A (Morning),51.9,209.27
2026-09-04 09:00:00,Primary Cooling Tower & Water Pump Station,Cooling Utility,47.23,none,0.0,0.0,1.0,Shift A (Morning),27.6,3.8
2026-09-04 10:00:00,Medium Frequency Induction Melting Furnace (5T),Melting & Refining,271.43,none,0.0,839.0,1.0,Shift A (Morning),1539.9,1.01
2026-09-04 10:00:00,Oxy-Fuel Ladle Pre-Heating Station,Ladle Heating Utility,12.16,natural_gas,55.74,0.0,1.0,Shift A (Morning),1101.8,1.98
2026-09-04 10:00:00,Continuous Billet Casting Machine,Continuous Casting,62.44,none,0.0,785.5,1.0,Shift A (Morning),1171.4,3.05
2026-09-04 10:00:00,Soaking Pit Reheating Furnace,Reheating & Rolling,34.49,natural_gas,93.61,886.8,1.0,Shift A (Morning),1230.4,1.21
2026-09-04 10:00:00,Heavy Hydraulic Forging Press (1200T),Hot Forging & Pressing,85.73,none,0.0,584.5,1.0,Shift A (Morning),965.5,226.05
2026-09-04 10:00:00,High-Pressure Hydraulic Power Pack,Hydraulic Utility,74.36,none,0.0,0.0,1.0,Shift A (Morning),53.0,213.94
2026-09-04 10:00:00,Primary Cooling Tower & Water Pump Station,Cooling Utility,47.72,none,0.0,0.0,1.0,Shift A (Morning),27.8,3.72
2026-09-04 11:00:00,Medium Frequency Induction Melting Furnace (5T),Melting & Refining,282.72,none,0.0,873.9,1.0,Shift A (Morning),1573.7,0.97
2026-09-04 11:00:00,Oxy-Fuel Ladle Pre-Heating Station,Ladle Heating Utility,12.29,natural_gas,56.33,0.0,1.0,Shift A (Morning),1094.4,1.97
2026-09-04 11:00:00,Continuous Billet Casting Machine,Continuous Casting,62.73,none,0.0,789.2,1.0,Shift A (Morning),1137.7,3.08
2026-09-04 11:00:00,Soaking Pit Reheating Furnace,Reheating & Rolling,33.97,natural_gas,92.2,873.4,1.0,Shift A (Morning),1238.4,1.23
2026-09-04 11:00:00,Heavy Hydraulic Forging Press (1200T),Hot Forging & Pressing,90.3,none,0.0,615.7,1.0,Shift A (Morning),991.7,224.86
2026-09-04 11:00:00,High-Pressure Hydraulic Power Pack,Hydraulic Utility,69.52,none,0.0,0.0,1.0,Shift A (Morning),51.0,207.98
2026-09-04 11:00:00,Primary Cooling Tower & Water Pump Station,Cooling Utility,46.21,none,0.0,0.0,1.0,Shift A (Morning),27.7,3.83
2026-09-04 12:00:00,Medium Frequency Induction Melting Furnace (5T),Melting & Refining,276.22,none,0.0,853.8,1.0,Shift A (Morning),1530.3,0.98
2026-09-04 12:00:00,Oxy-Fuel Ladle Pre-Heating Station,Ladle Heating Utility,11.81,natural_gas,54.13,0.0,1.0,Shift A (Morning),1115.4,2.0
2026-09-04 12:00:00,Continuous Billet Casting Machine,Continuous Casting,61.42,none,0.0,772.7,1.0,Shift A (Morning),1154.0,3.09
2026-09-04 12:00:00,Soaking Pit Reheating Furnace,Reheating & Rolling,34.97,natural_gas,94.93,899.3,1.0,Shift A (Morning),1220.0,1.23
2026-09-04 12:00:00,Heavy Hydraulic Forging Press (1200T),Hot Forging & Pressing,91.45,none,0.0,623.5,1.0,Shift A (Morning),969.1,219.33
2026-09-04 12:00:00,High-Pressure Hydraulic Power Pack,Hydraulic Utility,72.79,none,0.0,0.0,1.0,Shift A (Morning),51.9,215.66
2026-09-04 12:00:00,Primary Cooling Tower & Water Pump Station,Cooling Utility,48.55,none,0.0,0.0,1.0,Shift A (Morning),27.6,3.69
2026-09-04 13:00:00,Medium Frequency Induction Melting Furnace (5T),Melting & Refining,272.06,none,0.0,840.9,1.0,Shift A (Morning),1550.9,1.01
2026-09-04 13:00:00,Oxy-Fuel Ladle Pre-Heating Station,Ladle Heating Utility,11.68,natural_gas,53.54,0.0,1.0,Shift A (Morning),1094.2,1.97
2026-09-04 13:00:00,Continuous Billet Casting Machine,Continuous Casting,64.28,none,0.0,808.6,1.0,Shift A (Morning),1151.2,3.05
2026-09-04 13:00:00,Soaking Pit Reheating Furnace,Reheating & Rolling,34.08,natural_gas,92.51,876.4,1.0,Shift A (Morning),1222.1,1.22
2026-09-04 13:00:00,Heavy Hydraulic Forging Press (1200T),Hot Forging & Pressing,89.67,none,0.0,611.4,1.0,Shift A (Morning),967.9,214.23
2026-09-04 13:00:00,High-Pressure Hydraulic Power Pack,Hydraulic Utility,70.27,none,0.0,0.0,1.0,Shift A (Morning),51.3,214.3
2026-09-04 13:00:00,Primary Cooling Tower & Water Pump Station,Cooling Utility,46.11,none,0.0,0.0,1.0,Shift A (Morning),27.8,3.71
2026-09-04 14:00:00,Medium Frequency Induction Melting Furnace (5T),Melting & Refining,272.3,none,0.0,841.6,1.0,Shift B (Evening),1519.5,0.98
2026-09-04 14:00:00,Oxy-Fuel Ladle Pre-Heating Station,Ladle Heating Utility,11.75,natural_gas,53.88,0.0,1.0,Shift B (Evening),1089.5,1.96
2026-09-04 14:00:00,Continuous Billet Casting Machine,Continuous Casting,63.08,none,0.0,793.6,1.0,Shift B (Evening),1148.3,2.91
2026-09-04 14:00:00,Soaking Pit Reheating Furnace,Reheating & Rolling,34.06,natural_gas,92.45,875.9,1.0,Shift B (Evening),1218.6,1.2
2026-09-04 14:00:00,Heavy Hydraulic Forging Press (1200T),Hot Forging & Pressing,85.09,none,0.0,580.2,1.0,Shift B (Evening),978.3,223.79
2026-09-04 14:00:00,High-Pressure Hydraulic Power Pack,Hydraulic Utility,74.3,none,0.0,0.0,1.0,Shift B (Evening),52.0,207.74
2026-09-04 14:00:00,Primary Cooling Tower & Water Pump Station,Cooling Utility,48.95,none,0.0,0.0,1.0,Shift B (Evening),27.8,3.83
2026-09-04 15:00:00,Medium Frequency Induction Melting Furnace (5T),Melting & Refining,274.64,none,0.0,848.9,1.0,Shift B (Evening),1542.5,1.02
2026-09-04 15:00:00,Oxy-Fuel Ladle Pre-Heating Station,Ladle Heating Utility,12.42,natural_gas,56.95,0.0,1.0,Shift B (Evening),1092.3,2.01
2026-09-04 15:00:00,Continuous Billet Casting Machine,Continuous Casting,62.05,none,0.0,780.7,1.0,Shift B (Evening),1162.7,3.03
2026-09-04 15:00:00,Soaking Pit Reheating Furnace,Reheating & Rolling,34.87,natural_gas,94.65,896.7,1.0,Shift B (Evening),1239.5,1.2
2026-09-04 15:00:00,Heavy Hydraulic Forging Press (1200T),Hot Forging & Pressing,89.62,none,0.0,611.0,1.0,Shift B (Evening),975.8,220.65
2026-09-04 15:00:00,High-Pressure Hydraulic Power Pack,Hydraulic Utility,70.17,none,0.0,0.0,1.0,Shift B (Evening),51.9,205.22
2026-09-04 15:00:00,Primary Cooling Tower & Water Pump Station,Cooling Utility,47.88,none,0.0,0.0,1.0,Shift B (Evening),27.5,3.84
2026-09-04 16:00:00,Medium Frequency Induction Melting Furnace (5T),Melting & Refining,268.36,none,0.0,829.5,1.0,Shift B (Evening),1567.8,1.01
2026-09-04 16:00:00,Oxy-Fuel Ladle Pre-Heating Station,Ladle Heating Utility,12.41,natural_gas,56.87,0.0,1.0,Shift B (Evening),1106.8,2.06
2026-09-04 16:00:00,Continuous Billet Casting Machine,Continuous Casting,64.27,none,0.0,808.5,1.0,Shift B (Evening),1169.6,2.97
2026-09-04 16:00:00,Soaking Pit Reheating Furnace,Reheating & Rolling,34.08,natural_gas,92.51,876.4,1.0,Shift B (Evening),1223.7,1.2
2026-09-04 16:00:00,Heavy Hydraulic Forging Press (1200T),Hot Forging & Pressing,88.81,none,0.0,605.5,1.0,Shift B (Evening),989.4,225.04
2026-09-04 16:00:00,High-Pressure Hydraulic Power Pack,Hydraulic Utility,74.62,none,0.0,0.0,1.0,Shift B (Evening),52.5,213.77
2026-09-04 16:00:00,Primary Cooling Tower & Water Pump Station,Cooling Utility,48.6,none,0.0,0.0,1.0,Shift B (Evening),28.1,3.83
2026-09-04 17:00:00,Medium Frequency Induction Melting Furnace (5T),Melting & Refining,269.2,none,0.0,832.1,1.0,Shift B (Evening),1553.1,0.98
2026-09-04 17:00:00,Oxy-Fuel Ladle Pre-Heating Station,Ladle Heating Utility,11.68,natural_gas,53.53,0.0,1.0,Shift B (Evening),1106.7,2.02
2026-09-04 17:00:00,Continuous Billet Casting Machine,Continuous Casting,60.73,none,0.0,764.1,1.0,Shift B (Evening),1153.6,3.07
2026-09-04 17:00:00,Soaking Pit Reheating Furnace,Reheating & Rolling,34.17,natural_gas,92.74,878.6,1.0,Shift B (Evening),1222.7,1.19
2026-09-04 17:00:00,Heavy Hydraulic Forging Press (1200T),Hot Forging & Pressing,87.42,none,0.0,596.1,1.0,Shift B (Evening),979.6,221.91
2026-09-04 17:00:00,High-Pressure Hydraulic Power Pack,Hydraulic Utility,73.37,none,0.0,0.0,1.0,Shift B (Evening),52.8,206.46
2026-09-04 17:00:00,Primary Cooling Tower & Water Pump Station,Cooling Utility,49.18,none,0.0,0.0,1.0,Shift B (Evening),27.8,3.9
2026-09-04 18:00:00,Medium Frequency Induction Melting Furnace (5T),Melting & Refining,276.56,none,0.0,854.8,1.0,Shift B (Evening),1535.2,0.99
2026-09-04 18:00:00,Oxy-Fuel Ladle Pre-Heating Station,Ladle Heating Utility,12.3,natural_gas,56.37,0.0,1.0,Shift B (Evening),1112.1,2.01
2026-09-04 18:00:00,Continuous Billet Casting Machine,Continuous Casting,63.12,none,0.0,794.0,1.0,Shift B (Evening),1135.3,2.99
2026-09-04 18:00:00,Soaking Pit Reheating Furnace,Reheating & Rolling,35.91,natural_gas,97.47,923.4,1.0,Shift B (Evening),1237.6,1.2
2026-09-04 18:00:00,Heavy Hydraulic Forging Press (1200T),Hot Forging & Pressing,85.8,none,0.0,585.0,1.0,Shift B (Evening),967.2,214.32
2026-09-04 18:00:00,High-Pressure Hydraulic Power Pack,Hydraulic Utility,69.44,none,0.0,0.0,1.0,Shift B (Evening),51.5,215.05
2026-09-04 18:00:00,Primary Cooling Tower & Water Pump Station,Cooling Utility,47.88,none,0.0,0.0,1.0,Shift B (Evening),28.0,3.8
2026-09-04 19:00:00,Medium Frequency Induction Melting Furnace (5T),Melting & Refining,266.48,none,0.0,823.7,1.0,Shift B (Evening),1549.4,1.02
2026-09-04 19:00:00,Oxy-Fuel Ladle Pre-Heating Station,Ladle Heating Utility,11.83,natural_gas,54.24,0.0,1.0,Shift B (Evening),1103.5,2.01
2026-09-04 19:00:00,Continuous Billet Casting Machine,Continuous Casting,64.06,none,0.0,805.9,1.0,Shift B (Evening),1138.2,2.94
2026-09-04 19:00:00,Soaking Pit Reheating Furnace,Reheating & Rolling,35.87,natural_gas,97.37,922.5,1.0,Shift B (Evening),1232.3,1.17
2026-09-04 19:00:00,Heavy Hydraulic Forging Press (1200T),Hot Forging & Pressing,90.06,none,0.0,614.1,1.0,Shift B (Evening),976.0,223.84
2026-09-04 19:00:00,High-Pressure Hydraulic Power Pack,Hydraulic Utility,74.09,none,0.0,0.0,1.0,Shift B (Evening),52.1,205.88
2026-09-04 19:00:00,Primary Cooling Tower & Water Pump Station,Cooling Utility,49.47,none,0.0,0.0,1.0,Shift B (Evening),27.7,3.81
2026-09-04 20:00:00,Medium Frequency Induction Melting Furnace (5T),Melting & Refining,277.34,none,0.0,857.2,1.0,Shift B (Evening),1577.3,1.02
2026-09-04 20:00:00,Oxy-Fuel Ladle Pre-Heating Station,Ladle Heating Utility,12.02,natural_gas,55.08,0.0,1.0,Shift B (Evening),1100.3,2.01
2026-09-04 20:00:00,Continuous Billet Casting Machine,Continuous Casting,61.25,none,0.0,770.6,1.0,Shift B (Evening),1136.7,3.04
2026-09-04 20:00:00,Soaking Pit Reheating Furnace,Reheating & Rolling,35.57,natural_gas,96.56,914.8,1.0,Shift B (Evening),1213.8,1.2
2026-09-04 20:00:00,Heavy Hydraulic Forging Press (1200T),Hot Forging & Pressing,85.78,none,0.0,584.9,1.0,Shift B (Evening),985.4,218.61
2026-09-04 20:00:00,High-Pressure Hydraulic Power Pack,Hydraulic Utility,69.47,none,0.0,0.0,1.0,Shift B (Evening),52.7,213.16
2026-09-04 20:00:00,Primary Cooling Tower & Water Pump Station,Cooling Utility,49.91,none,0.0,0.0,1.0,Shift B (Evening),28.3,3.73
2026-09-04 21:00:00,Medium Frequency Induction Melting Furnace (5T),Melting & Refining,270.12,none,0.0,834.9,1.0,Shift B (Evening),1537.7,1.03
2026-09-04 21:00:00,Oxy-Fuel Ladle Pre-Heating Station,Ladle Heating Utility,12.14,natural_gas,55.64,0.0,1.0,Shift B (Evening),1113.8,2.04
2026-09-04 21:00:00,Continuous Billet Casting Machine,Continuous Casting,62.37,none,0.0,784.6,1.0,Shift B (Evening),1132.0,2.92
2026-09-04 21:00:00,Soaking Pit Reheating Furnace,Reheating & Rolling,35.94,natural_gas,97.55,924.1,1.0,Shift B (Evening),1203.6,1.18
2026-09-04 21:00:00,Heavy Hydraulic Forging Press (1200T),Hot Forging & Pressing,89.6,none,0.0,610.9,1.0,Shift B (Evening),995.6,224.85
2026-09-04 21:00:00,High-Pressure Hydraulic Power Pack,Hydraulic Utility,69.25,none,0.0,0.0,1.0,Shift B (Evening),51.3,210.97
2026-09-04 21:00:00,Primary Cooling Tower & Water Pump Station,Cooling Utility,49.07,none,0.0,0.0,1.0,Shift B (Evening),28.3,3.82
2026-09-04 22:00:00,Medium Frequency Induction Melting Furnace (5T),Melting & Refining,271.66,none,0.0,839.7,1.0,Shift C (Night),1520.5,0.99
2026-09-04 22:00:00,Oxy-Fuel Ladle Pre-Heating Station,Ladle Heating Utility,11.98,natural_gas,54.9,0.0,1.0,Shift C (Night),1106.8,2.03
2026-09-04 22:00:00,Continuous Billet Casting Machine,Continuous Casting,60.48,none,0.0,760.8,1.0,Shift C (Night),1155.2,2.95
2026-09-04 22:00:00,Soaking Pit Reheating Furnace,Reheating & Rolling,33.61,natural_gas,91.24,864.4,1.0,Shift C (Night),1215.9,1.2
2026-09-04 22:00:00,Heavy Hydraulic Forging Press (1200T),Hot Forging & Pressing,85.96,none,0.0,586.1,1.0,Shift C (Night),983.7,214.63
2026-09-04 22:00:00,High-Pressure Hydraulic Power Pack,Hydraulic Utility,74.69,none,0.0,0.0,1.0,Shift C (Night),51.3,204.31
2026-09-04 22:00:00,Primary Cooling Tower & Water Pump Station,Cooling Utility,46.66,none,0.0,0.0,1.0,Shift C (Night),27.6,3.73
2026-09-04 23:00:00,Medium Frequency Induction Melting Furnace (5T),Melting & Refining,266.6,none,0.0,824.0,1.0,Shift C (Night),1561.6,1.01
2026-09-04 23:00:00,Oxy-Fuel Ladle Pre-Heating Station,Ladle Heating Utility,11.96,natural_gas,54.83,0.0,1.0,Shift C (Night),1098.5,2.02
2026-09-04 23:00:00,Continuous Billet Casting Machine,Continuous Casting,59.79,none,0.0,752.1,1.0,Shift C (Night),1154.9,3.04
2026-09-04 23:00:00,Soaking Pit Reheating Furnace,Reheating & Rolling,33.85,natural_gas,91.88,870.4,1.0,Shift C (Night),1201.1,1.19
2026-09-04 23:00:00,Heavy Hydraulic Forging Press (1200T),Hot Forging & Pressing,0.78,none,0.0,0.0,0.0,Shift C (Night),28.7,0.0
2026-09-04 23:00:00,High-Pressure Hydraulic Power Pack,Hydraulic Utility,28.6,none,0.0,0.0,0.0,Shift C (Night),41.6,178.5
2026-09-04 23:00:00,Primary Cooling Tower & Water Pump Station,Cooling Utility,48.85,none,0.0,0.0,1.0,Shift C (Night),27.9,3.85
2026-09-05 00:00:00,Medium Frequency Induction Melting Furnace (5T),Melting & Refining,278.56,none,0.0,861.0,1.0,Shift C (Night),1576.4,1.02
2026-09-05 00:00:00,Oxy-Fuel Ladle Pre-Heating Station,Ladle Heating Utility,12.42,natural_gas,56.9,0.0,1.0,Shift C (Night),1086.7,2.01
2026-09-05 00:00:00,Continuous Billet Casting Machine,Continuous Casting,63.14,none,0.0,794.3,1.0,Shift C (Night),1128.7,3.01
2026-09-05 00:00:00,Soaking Pit Reheating Furnace,Reheating & Rolling,1.2,natural_gas,0.0,0.0,0.0,Shift C (Night),29.3,0.0
2026-09-05 00:00:00,Heavy Hydraulic Forging Press (1200T),Hot Forging & Pressing,1.35,none,0.0,0.0,0.0,Shift C (Night),30.6,0.0
2026-09-05 00:00:00,High-Pressure Hydraulic Power Pack,Hydraulic Utility,30.28,none,0.0,0.0,0.0,Shift C (Night),41.6,178.5
2026-09-05 00:00:00,Primary Cooling Tower & Water Pump Station,Cooling Utility,49.45,none,0.0,0.0,1.0,Shift C (Night),28.3,3.86
2026-09-05 01:00:00,Medium Frequency Induction Melting Furnace (5T),Melting & Refining,266.28,none,0.0,823.0,1.0,Shift C (Night),1566.4,0.99
2026-09-05 01:00:00,Oxy-Fuel Ladle Pre-Heating Station,Ladle Heating Utility,11.62,natural_gas,53.24,0.0,1.0,Shift C (Night),1090.5,2.03
2026-09-05 01:00:00,Continuous Billet Casting Machine,Continuous Casting,62.91,none,0.0,791.4,1.0,Shift C (Night),1155.8,2.94
2026-09-05 01:00:00,Soaking Pit Reheating Furnace,Reheating & Rolling,1.07,natural_gas,0.0,0.0,0.0,Shift C (Night),28.0,0.0
2026-09-05 01:00:00,Heavy Hydraulic Forging Press (1200T),Hot Forging & Pressing,1.53,none,0.0,0.0,0.0,Shift C (Night),31.9,0.0
2026-09-05 01:00:00,High-Pressure Hydraulic Power Pack,Hydraulic Utility,28.75,none,0.0,0.0,0.0,Shift C (Night),41.6,178.5
2026-09-05 01:00:00,Primary Cooling Tower & Water Pump Station,Cooling Utility,47.18,none,0.0,0.0,1.0,Shift C (Night),27.6,3.88
2026-09-05 02:00:00,Medium Frequency Induction Melting Furnace (5T),Melting & Refining,277.01,none,0.0,856.2,1.0,Shift C (Night),1562.4,0.99
2026-09-05 02:00:00,Oxy-Fuel Ladle Pre-Heating Station,Ladle Heating Utility,12.45,natural_gas,57.06,0.0,1.0,Shift C (Night),1109.7,2.04
2026-09-05 02:00:00,Continuous Billet Casting Machine,Continuous Casting,59.85,none,0.0,752.9,1.0,Shift C (Night),1161.1,3.03
2026-09-05 02:00:00,Soaking Pit Reheating Furnace,Reheating & Rolling,1.73,natural_gas,0.0,0.0,0.0,Shift C (Night),28.9,0.0
2026-09-05 02:00:00,Heavy Hydraulic Forging Press (1200T),Hot Forging & Pressing,1.53,none,0.0,0.0,0.0,Shift C (Night),30.4,0.0
2026-09-05 02:00:00,High-Pressure Hydraulic Power Pack,Hydraulic Utility,28.64,none,0.0,0.0,0.0,Shift C (Night),41.6,178.5
2026-09-05 02:00:00,Primary Cooling Tower & Water Pump Station,Cooling Utility,48.75,none,0.0,0.0,1.0,Shift C (Night),28.0,3.69
2026-09-05 03:00:00,Medium Frequency Induction Melting Furnace (5T),Melting & Refining,266.14,none,0.0,822.6,1.0,Shift C (Night),1579.1,0.98
2026-09-05 03:00:00,Oxy-Fuel Ladle Pre-Heating Station,Ladle Heating Utility,11.78,natural_gas,54.01,0.0,1.0,Shift C (Night),1096.6,1.98
2026-09-05 03:00:00,Continuous Billet Casting Machine,Continuous Casting,61.14,none,0.0,769.2,1.0,Shift C (Night),1143.9,2.97
2026-09-05 03:00:00,Soaking Pit Reheating Furnace,Reheating & Rolling,1.89,natural_gas,0.0,0.0,0.0,Shift C (Night),28.8,0.0
2026-09-05 03:00:00,Heavy Hydraulic Forging Press (1200T),Hot Forging & Pressing,0.64,none,0.0,0.0,0.0,Shift C (Night),31.8,0.0
2026-09-05 03:00:00,High-Pressure Hydraulic Power Pack,Hydraulic Utility,32.44,none,0.0,0.0,0.0,Shift C (Night),41.6,178.5
2026-09-05 03:00:00,Primary Cooling Tower & Water Pump Station,Cooling Utility,49.07,none,0.0,0.0,1.0,Shift C (Night),27.5,3.91
2026-09-05 04:00:00,Medium Frequency Induction Melting Furnace (5T),Melting & Refining,284.46,none,0.0,879.3,1.0,Shift C (Night),1545.2,0.99
2026-09-05 04:00:00,Oxy-Fuel Ladle Pre-Heating Station,Ladle Heating Utility,11.68,natural_gas,53.51,0.0,1.0,Shift C (Night),1088.2,2.0
2026-09-05 04:00:00,Continuous Billet Casting Machine,Continuous Casting,59.82,none,0.0,752.6,1.0,Shift C (Night),1154.6,2.92
2026-09-05 04:00:00,Soaking Pit Reheating Furnace,Reheating & Rolling,1.61,natural_gas,0.0,0.0,0.0,Shift C (Night),31.9,0.0
2026-09-05 04:00:00,Heavy Hydraulic Forging Press (1200T),Hot Forging & Pressing,1.2,none,0.0,0.0,0.0,Shift C (Night),31.4,0.0
2026-09-05 04:00:00,High-Pressure Hydraulic Power Pack,Hydraulic Utility,28.11,none,0.0,0.0,0.0,Shift C (Night),41.6,178.5
2026-09-05 04:00:00,Primary Cooling Tower & Water Pump Station,Cooling Utility,46.96,none,0.0,0.0,1.0,Shift C (Night),27.6,3.75
2026-09-05 05:00:00,Medium Frequency Induction Melting Furnace (5T),Melting & Refining,278.3,none,0.0,860.2,1.0,Shift C (Night),1574.9,0.99
2026-09-05 05:00:00,Oxy-Fuel Ladle Pre-Heating Station,Ladle Heating Utility,11.77,natural_gas,53.95,0.0,1.0,Shift C (Night),1116.0,2.04
2026-09-05 05:00:00,Continuous Billet Casting Machine,Continuous Casting,62.91,none,0.0,791.5,1.0,Shift C (Night),1156.5,2.95
2026-09-05 05:00:00,Soaking Pit Reheating Furnace,Reheating & Rolling,1.59,natural_gas,0.0,0.0,0.0,Shift C (Night),29.1,0.0
2026-09-05 05:00:00,Heavy Hydraulic Forging Press (1200T),Hot Forging & Pressing,0.95,none,0.0,0.0,0.0,Shift C (Night),28.5,0.0
2026-09-05 05:00:00,High-Pressure Hydraulic Power Pack,Hydraulic Utility,31.08,none,0.0,0.0,0.0,Shift C (Night),41.6,178.5
2026-09-05 05:00:00,Primary Cooling Tower & Water Pump Station,Cooling Utility,49.57,none,0.0,0.0,1.0,Shift C (Night),27.9,3.8
2026-09-05 06:00:00,Medium Frequency Induction Melting Furnace (5T),Melting & Refining,284.11,none,0.0,878.2,1.0,Shift A (Morning),1558.7,0.99
2026-09-05 06:00:00,Oxy-Fuel Ladle Pre-Heating Station,Ladle Heating Utility,12.38,natural_gas,56.73,0.0,1.0,Shift A (Morning),1091.6,1.95
2026-09-05 06:00:00,Continuous Billet Casting Machine,Continuous Casting,61.72,none,0.0,776.4,1.0,Shift A (Morning),1158.1,3.09
2026-09-05 06:00:00,Soaking Pit Reheating Furnace,Reheating & Rolling,34.64,natural_gas,94.03,890.8,1.0,Shift A (Morning),1216.3,1.18
2026-09-05 06:00:00,Heavy Hydraulic Forging Press (1200T),Hot Forging & Pressing,0.94,none,0.0,0.0,0.0,Shift A (Morning),29.9,0.0
2026-09-05 06:00:00,High-Pressure Hydraulic Power Pack,Hydraulic Utility,28.53,none,0.0,0.0,0.0,Shift A (Morning),41.6,178.5
2026-09-05 06:00:00,Primary Cooling Tower & Water Pump Station,Cooling Utility,49.29,none,0.0,0.0,1.0,Shift A (Morning),27.7,3.78
2026-09-05 07:00:00,Medium Frequency Induction Melting Furnace (5T),Melting & Refining,266.43,none,0.0,823.5,1.0,Shift A (Morning),1553.4,1.02
2026-09-05 07:00:00,Oxy-Fuel Ladle Pre-Heating Station,Ladle Heating Utility,12.29,natural_gas,56.31,0.0,1.0,Shift A (Morning),1100.6,1.94
2026-09-05 07:00:00,Continuous Billet Casting Machine,Continuous Casting,59.65,none,0.0,750.5,1.0,Shift A (Morning),1168.9,3.05
2026-09-05 07:00:00,Soaking Pit Reheating Furnace,Reheating & Rolling,35.15,natural_gas,95.41,903.9,1.0,Shift A (Morning),1200.5,1.19
2026-09-05 07:00:00,Heavy Hydraulic Forging Press (1200T),Hot Forging & Pressing,1.67,none,0.0,0.0,0.0,Shift A (Morning),28.4,0.0
2026-09-05 07:00:00,High-Pressure Hydraulic Power Pack,Hydraulic Utility,28.81,none,0.0,0.0,0.0,Shift A (Morning),41.6,178.5
2026-09-05 07:00:00,Primary Cooling Tower & Water Pump Station,Cooling Utility,48.06,none,0.0,0.0,1.0,Shift A (Morning),28.0,3.8
2026-09-05 08:00:00,Medium Frequency Induction Melting Furnace (5T),Melting & Refining,281.87,none,0.0,871.2,1.0,Shift A (Morning),1560.6,1.0
2026-09-05 08:00:00,Oxy-Fuel Ladle Pre-Heating Station,Ladle Heating Utility,11.66,natural_gas,53.45,0.0,1.0,Shift A (Morning),1079.3,2.03
2026-09-05 08:00:00,Continuous Billet Casting Machine,Continuous Casting,64.35,none,0.0,809.6,1.0,Shift A (Morning),1159.4,2.99
2026-09-05 08:00:00,Soaking Pit Reheating Furnace,Reheating & Rolling,34.15,natural_gas,92.69,878.1,1.0,Shift A (Morning),1197.7,1.2
2026-09-05 08:00:00,Heavy Hydraulic Forging Press (1200T),Hot Forging & Pressing,0.95,none,0.0,0.0,0.0,Shift A (Morning),29.8,0.0
2026-09-05 08:00:00,High-Pressure Hydraulic Power Pack,Hydraulic Utility,29.15,none,0.0,0.0,0.0,Shift A (Morning),41.6,178.5
2026-09-05 08:00:00,Primary Cooling Tower & Water Pump Station,Cooling Utility,46.39,none,0.0,0.0,1.0,Shift A (Morning),27.5,3.88
2026-09-05 09:00:00,Medium Frequency Induction Melting Furnace (5T),Melting & Refining,271.94,none,0.0,840.6,1.0,Shift A (Morning),1551.9,0.99
2026-09-05 09:00:00,Oxy-Fuel Ladle Pre-Heating Station,Ladle Heating Utility,11.81,natural_gas,54.12,0.0,1.0,Shift A (Morning),1113.2,1.96
2026-09-05 09:00:00,Continuous Billet Casting Machine,Continuous Casting,63.01,none,0.0,792.7,1.0,Shift A (Morning),1128.1,3.01
2026-09-05 09:00:00,Soaking Pit Reheating Furnace,Reheating & Rolling,34.11,natural_gas,92.58,877.1,1.0,Shift A (Morning),1221.5,1.2
2026-09-05 09:00:00,Heavy Hydraulic Forging Press (1200T),Hot Forging & Pressing,1.1,none,0.0,0.0,0.0,Shift A (Morning),29.7,0.0
2026-09-05 09:00:00,High-Pressure Hydraulic Power Pack,Hydraulic Utility,30.15,none,0.0,0.0,0.0,Shift A (Morning),41.6,178.5
2026-09-05 09:00:00,Primary Cooling Tower & Water Pump Station,Cooling Utility,47.05,none,0.0,0.0,1.0,Shift A (Morning),27.5,3.71
2026-09-05 10:00:00,Medium Frequency Induction Melting Furnace (5T),Melting & Refining,264.12,none,0.0,816.4,1.0,Shift A (Morning),1531.3,1.01
2026-09-05 10:00:00,Oxy-Fuel Ladle Pre-Heating Station,Ladle Heating Utility,12.36,natural_gas,56.64,0.0,1.0,Shift A (Morning),1086.8,1.99
2026-09-05 10:00:00,Continuous Billet Casting Machine,Continuous Casting,63.6,none,0.0,800.1,1.0,Shift A (Morning),1169.3,2.99
2026-09-05 10:00:00,Soaking Pit Reheating Furnace,Reheating & Rolling,34.31,natural_gas,93.13,882.3,1.0,Shift A (Morning),1216.9,1.19
2026-09-05 10:00:00,Heavy Hydraulic Forging Press (1200T),Hot Forging & Pressing,1.75,none,0.0,0.0,0.0,Shift A (Morning),28.3,0.0
2026-09-05 10:00:00,High-Pressure Hydraulic Power Pack,Hydraulic Utility,30.93,none,0.0,0.0,0.0,Shift A (Morning),41.6,178.5
2026-09-05 10:00:00,Primary Cooling Tower & Water Pump Station,Cooling Utility,48.09,none,0.0,0.0,1.0,Shift A (Morning),28.4,3.85
2026-09-05 11:00:00,Medium Frequency Induction Melting Furnace (5T),Melting & Refining,274.45,none,0.0,848.3,1.0,Shift A (Morning),1521.0,1.03
2026-09-05 11:00:00,Oxy-Fuel Ladle Pre-Heating Station,Ladle Heating Utility,11.91,natural_gas,54.57,0.0,1.0,Shift A (Morning),1096.7,1.98
2026-09-05 11:00:00,Continuous Billet Casting Machine,Continuous Casting,61.16,none,0.0,769.4,1.0,Shift A (Morning),1154.1,3.05
2026-09-05 11:00:00,Soaking Pit Reheating Furnace,Reheating & Rolling,35.83,natural_gas,97.24,921.2,1.0,Shift A (Morning),1198.1,1.21
2026-09-05 11:00:00,Heavy Hydraulic Forging Press (1200T),Hot Forging & Pressing,1.53,none,0.0,0.0,0.0,Shift A (Morning),28.5,0.0
2026-09-05 11:00:00,High-Pressure Hydraulic Power Pack,Hydraulic Utility,29.26,none,0.0,0.0,0.0,Shift A (Morning),41.6,178.5
2026-09-05 11:00:00,Primary Cooling Tower & Water Pump Station,Cooling Utility,46.16,none,0.0,0.0,1.0,Shift A (Morning),28.2,3.82
2026-09-05 12:00:00,Medium Frequency Induction Melting Furnace (5T),Melting & Refining,275.97,none,0.0,853.0,1.0,Shift A (Morning),1577.4,0.97
2026-09-05 12:00:00,Oxy-Fuel Ladle Pre-Heating Station,Ladle Heating Utility,12.21,natural_gas,55.95,0.0,1.0,Shift A (Morning),1111.3,2.04
2026-09-05 12:00:00,Continuous Billet Casting Machine,Continuous Casting,62.65,none,0.0,788.2,1.0,Shift A (Morning),1139.4,2.91
2026-09-05 12:00:00,Soaking Pit Reheating Furnace,Reheating & Rolling,34.3,natural_gas,93.09,881.9,1.0,Shift A (Morning),1244.3,1.17
2026-09-05 12:00:00,Heavy Hydraulic Forging Press (1200T),Hot Forging & Pressing,1.7,none,0.0,0.0,0.0,Shift A (Morning),28.2,0.0
2026-09-05 12:00:00,High-Pressure Hydraulic Power Pack,Hydraulic Utility,31.05,none,0.0,0.0,0.0,Shift A (Morning),41.6,178.5
2026-09-05 12:00:00,Primary Cooling Tower & Water Pump Station,Cooling Utility,48.01,none,0.0,0.0,1.0,Shift A (Morning),28.3,3.75
2026-09-05 13:00:00,Medium Frequency Induction Melting Furnace (5T),Melting & Refining,282.26,none,0.0,872.4,1.0,Shift A (Morning),1569.9,1.03
2026-09-05 13:00:00,Oxy-Fuel Ladle Pre-Heating Station,Ladle Heating Utility,11.9,natural_gas,54.54,0.0,1.0,Shift A (Morning),1104.7,2.06
2026-09-05 13:00:00,Continuous Billet Casting Machine,Continuous Casting,62.69,none,0.0,788.7,1.0,Shift A (Morning),1156.8,2.95
2026-09-05 13:00:00,Soaking Pit Reheating Furnace,Reheating & Rolling,35.25,natural_gas,95.69,906.5,1.0,Shift A (Morning),1229.0,1.22
2026-09-05 13:00:00,Heavy Hydraulic Forging Press (1200T),Hot Forging & Pressing,1.14,none,0.0,0.0,0.0,Shift A (Morning),30.2,0.0
2026-09-05 13:00:00,High-Pressure Hydraulic Power Pack,Hydraulic Utility,29.46,none,0.0,0.0,0.0,Shift A (Morning),41.6,178.5
2026-09-05 13:00:00,Primary Cooling Tower & Water Pump Station,Cooling Utility,47.66,none,0.0,0.0,1.0,Shift A (Morning),27.9,3.71
2026-09-05 14:00:00,Medium Frequency Induction Melting Furnace (5T),Melting & Refining,268.76,none,0.0,830.7,1.0,Shift B (Evening),1536.8,0.97
2026-09-05 14:00:00,Oxy-Fuel Ladle Pre-Heating Station,Ladle Heating Utility,11.98,natural_gas,54.91,0.0,1.0,Shift B (Evening),1089.7,1.97
2026-09-05 14:00:00,Continuous Billet Casting Machine,Continuous Casting,60.38,none,0.0,759.7,1.0,Shift B (Evening),1141.8,2.94
2026-09-05 14:00:00,Soaking Pit Reheating Furnace,Reheating & Rolling,35.66,natural_gas,96.8,917.1,1.0,Shift B (Evening),1242.8,1.21
2026-09-05 14:00:00,Heavy Hydraulic Forging Press (1200T),Hot Forging & Pressing,1.43,none,0.0,0.0,0.0,Shift B (Evening),30.3,0.0
2026-09-05 14:00:00,High-Pressure Hydraulic Power Pack,Hydraulic Utility,32.56,none,0.0,0.0,0.0,Shift B (Evening),41.6,178.5
2026-09-05 14:00:00,Primary Cooling Tower & Water Pump Station,Cooling Utility,49.9,none,0.0,0.0,1.0,Shift B (Evening),27.9,3.69
2026-09-05 15:00:00,Medium Frequency Induction Melting Furnace (5T),Melting & Refining,279.65,none,0.0,864.4,1.0,Shift B (Evening),1575.5,0.98
2026-09-05 15:00:00,Oxy-Fuel Ladle Pre-Heating Station,Ladle Heating Utility,11.93,natural_gas,54.7,0.0,1.0,Shift B (Evening),1121.5,2.02
2026-09-05 15:00:00,Continuous Billet Casting Machine,Continuous Casting,59.65,none,0.0,750.4,1.0,Shift B (Evening),1148.5,3.0
2026-09-05 15:00:00,Soaking Pit Reheating Furnace,Reheating & Rolling,35.9,natural_gas,97.43,923.0,1.0,Shift B (Evening),1222.0,1.18
2026-09-05 15:00:00,Heavy Hydraulic Forging Press (1200T),Hot Forging & Pressing,0.72,none,0.0,0.0,0.0,Shift B (Evening),28.2,0.0
2026-09-05 15:00:00,High-Pressure Hydraulic Power Pack,Hydraulic Utility,28.79,none,0.0,0.0,0.0,Shift B (Evening),41.6,178.5
2026-09-05 15:00:00,Primary Cooling Tower & Water Pump Station,Cooling Utility,48.63,none,0.0,0.0,1.0,Shift B (Evening),27.5,3.87
2026-09-05 16:00:00,Medium Frequency Induction Melting Furnace (5T),Melting & Refining,277.81,none,0.0,858.7,1.0,Shift B (Evening),1524.9,1.03
2026-09-05 16:00:00,Oxy-Fuel Ladle Pre-Heating Station,Ladle Heating Utility,12.42,natural_gas,56.92,0.0,1.0,Shift B (Evening),1119.5,2.04
2026-09-05 16:00:00,Continuous Billet Casting Machine,Continuous Casting,60.69,none,0.0,763.5,1.0,Shift B (Evening),1158.5,3.05
2026-09-05 16:00:00,Soaking Pit Reheating Furnace,Reheating & Rolling,35.2,natural_gas,95.54,905.2,1.0,Shift B (Evening),1224.7,1.23
2026-09-05 16:00:00,Heavy Hydraulic Forging Press (1200T),Hot Forging & Pressing,1.69,none,0.0,0.0,0.0,Shift B (Evening),29.8,0.0
2026-09-05 16:00:00,High-Pressure Hydraulic Power Pack,Hydraulic Utility,28.73,none,0.0,0.0,0.0,Shift B (Evening),41.6,178.5
2026-09-05 16:00:00,Primary Cooling Tower & Water Pump Station,Cooling Utility,46.51,none,0.0,0.0,1.0,Shift B (Evening),28.5,3.91
2026-09-05 17:00:00,Medium Frequency Induction Melting Furnace (5T),Melting & Refining,280.08,none,0.0,865.7,1.0,Shift B (Evening),1552.3,1.01
2026-09-05 17:00:00,Oxy-Fuel Ladle Pre-Heating Station,Ladle Heating Utility,12.45,natural_gas,57.04,0.0,1.0,Shift B (Evening),1118.8,2.0
2026-09-05 17:00:00,Continuous Billet Casting Machine,Continuous Casting,63.56,none,0.0,799.7,1.0,Shift B (Evening),1166.2,3.08
2026-09-05 17:00:00,Soaking Pit Reheating Furnace,Reheating & Rolling,36.2,natural_gas,98.25,930.8,1.0,Shift B (Evening),1239.2,1.19
2026-09-05 17:00:00,Heavy Hydraulic Forging Press (1200T),Hot Forging & Pressing,0.79,none,0.0,0.0,0.0,Shift B (Evening),31.0,0.0
2026-09-05 17:00:00,High-Pressure Hydraulic Power Pack,Hydraulic Utility,30.26,none,0.0,0.0,0.0,Shift B (Evening),41.6,178.5
2026-09-05 17:00:00,Primary Cooling Tower & Water Pump Station,Cooling Utility,49.46,none,0.0,0.0,1.0,Shift B (Evening),27.8,3.8
2026-09-05 18:00:00,Medium Frequency Induction Melting Furnace (5T),Melting & Refining,284.4,none,0.0,879.0,1.0,Shift B (Evening),1554.4,1.0
2026-09-05 18:00:00,Oxy-Fuel Ladle Pre-Heating Station,Ladle Heating Utility,12.01,natural_gas,55.03,0.0,1.0,Shift B (Evening),1097.3,1.94
2026-09-05 18:00:00,Continuous Billet Casting Machine,Continuous Casting,60.38,none,0.0,759.6,1.0,Shift B (Evening),1164.3,2.96
2026-09-05 18:00:00,Soaking Pit Reheating Furnace,Reheating & Rolling,0.67,natural_gas,0.0,0.0,0.0,Shift B (Evening),29.9,0.0
2026-09-05 18:00:00,Heavy Hydraulic Forging Press (1200T),Hot Forging & Pressing,1.26,none,0.0,0.0,0.0,Shift B (Evening),28.4,0.0
2026-09-05 18:00:00,High-Pressure Hydraulic Power Pack,Hydraulic Utility,32.21,none,0.0,0.0,0.0,Shift B (Evening),41.6,178.5
2026-09-05 18:00:00,Primary Cooling Tower & Water Pump Station,Cooling Utility,49.31,none,0.0,0.0,1.0,Shift B (Evening),27.9,3.71
2026-09-05 19:00:00,Medium Frequency Induction Melting Furnace (5T),Melting & Refining,277.1,none,0.0,856.5,1.0,Shift B (Evening),1524.7,1.01
2026-09-05 19:00:00,Oxy-Fuel Ladle Pre-Heating Station,Ladle Heating Utility,11.6,natural_gas,53.17,0.0,1.0,Shift B (Evening),1084.9,2.05
2026-09-05 19:00:00,Continuous Billet Casting Machine,Continuous Casting,62.86,none,0.0,790.9,1.0,Shift B (Evening),1154.2,3.05
2026-09-05 19:00:00,Soaking Pit Reheating Furnace,Reheating & Rolling,1.44,natural_gas,0.0,0.0,0.0,Shift B (Evening),29.7,0.0
2026-09-05 19:00:00,Heavy Hydraulic Forging Press (1200T),Hot Forging & Pressing,1.87,none,0.0,0.0,0.0,Shift B (Evening),28.6,0.0
2026-09-05 19:00:00,High-Pressure Hydraulic Power Pack,Hydraulic Utility,31.63,none,0.0,0.0,0.0,Shift B (Evening),41.6,178.5
2026-09-05 19:00:00,Primary Cooling Tower & Water Pump Station,Cooling Utility,47.59,none,0.0,0.0,1.0,Shift B (Evening),28.5,3.84
2026-09-05 20:00:00,Medium Frequency Induction Melting Furnace (5T),Melting & Refining,282.65,none,0.0,873.7,1.0,Shift B (Evening),1560.2,0.97
2026-09-05 20:00:00,Oxy-Fuel Ladle Pre-Heating Station,Ladle Heating Utility,11.56,natural_gas,52.99,0.0,1.0,Shift B (Evening),1093.6,2.03
2026-09-05 20:00:00,Continuous Billet Casting Machine,Continuous Casting,60.8,none,0.0,764.9,1.0,Shift B (Evening),1163.4,3.05
2026-09-05 20:00:00,Soaking Pit Reheating Furnace,Reheating & Rolling,1.19,natural_gas,0.0,0.0,0.0,Shift B (Evening),29.4,0.0
2026-09-05 20:00:00,Heavy Hydraulic Forging Press (1200T),Hot Forging & Pressing,0.66,none,0.0,0.0,0.0,Shift B (Evening),31.6,0.0
2026-09-05 20:00:00,High-Pressure Hydraulic Power Pack,Hydraulic Utility,31.21,none,0.0,0.0,0.0,Shift B (Evening),41.6,178.5
2026-09-05 20:00:00,Primary Cooling Tower & Water Pump Station,Cooling Utility,46.76,none,0.0,0.0,1.0,Shift B (Evening),27.8,3.89
2026-09-05 21:00:00,Medium Frequency Induction Melting Furnace (5T),Melting & Refining,279.2,none,0.0,863.0,1.0,Shift B (Evening),1553.6,0.99
2026-09-05 21:00:00,Oxy-Fuel Ladle Pre-Heating Station,Ladle Heating Utility,11.88,natural_gas,54.46,0.0,1.0,Shift B (Evening),1082.7,2.05
2026-09-05 21:00:00,Continuous Billet Casting Machine,Continuous Casting,62.4,none,0.0,785.1,1.0,Shift B (Evening),1166.5,3.03
2026-09-05 21:00:00,Soaking Pit Reheating Furnace,Reheating & Rolling,1.5,natural_gas,0.0,0.0,0.0,Shift B (Evening),28.7,0.0
2026-09-05 21:00:00,Heavy Hydraulic Forging Press (1200T),Hot Forging & Pressing,1.5,none,0.0,0.0,0.0,Shift B (Evening),31.5,0.0
2026-09-05 21:00:00,High-Pressure Hydraulic Power Pack,Hydraulic Utility,32.63,none,0.0,0.0,0.0,Shift B (Evening),41.6,178.5
2026-09-05 21:00:00,Primary Cooling Tower & Water Pump Station,Cooling Utility,48.78,none,0.0,0.0,1.0,Shift B (Evening),27.8,3.83
2026-09-05 22:00:00,Medium Frequency Induction Melting Furnace (5T),Melting & Refining,272.44,none,0.0,842.1,1.0,Shift C (Night),1534.4,0.99
2026-09-05 22:00:00,Oxy-Fuel Ladle Pre-Heating Station,Ladle Heating Utility,12.11,natural_gas,55.49,0.0,1.0,Shift C (Night),1079.1,1.99
2026-09-05 22:00:00,Continuous Billet Casting Machine,Continuous Casting,61.07,none,0.0,768.3,1.0,Shift C (Night),1130.0,2.91
2026-09-05 22:00:00,Soaking Pit Reheating Furnace,Reheating & Rolling,1.39,natural_gas,0.0,0.0,0.0,Shift C (Night),28.4,0.0
2026-09-05 22:00:00,Heavy Hydraulic Forging Press (1200T),Hot Forging & Pressing,0.8,none,0.0,0.0,0.0,Shift C (Night),31.9,0.0
2026-09-05 22:00:00,High-Pressure Hydraulic Power Pack,Hydraulic Utility,29.78,none,0.0,0.0,0.0,Shift C (Night),41.6,178.5
2026-09-05 22:00:00,Primary Cooling Tower & Water Pump Station,Cooling Utility,49.0,none,0.0,0.0,1.0,Shift C (Night),28.4,3.78
2026-09-05 23:00:00,Medium Frequency Induction Melting Furnace (5T),Melting & Refining,275.94,none,0.0,852.9,1.0,Shift C (Night),1526.8,1.0
2026-09-05 23:00:00,Oxy-Fuel Ladle Pre-Heating Station,Ladle Heating Utility,12.07,natural_gas,55.33,0.0,1.0,Shift C (Night),1112.7,1.97
2026-09-05 23:00:00,Continuous Billet Casting Machine,Continuous Casting,62.17,none,0.0,782.2,1.0,Shift C (Night),1151.5,3.0
2026-09-05 23:00:00,Soaking Pit Reheating Furnace,Reheating & Rolling,1.46,natural_gas,0.0,0.0,0.0,Shift C (Night),31.5,0.0
2026-09-05 23:00:00,Heavy Hydraulic Forging Press (1200T),Hot Forging & Pressing,0.79,none,0.0,0.0,0.0,Shift C (Night),29.0,0.0
2026-09-05 23:00:00,High-Pressure Hydraulic Power Pack,Hydraulic Utility,30.4,none,0.0,0.0,0.0,Shift C (Night),41.6,178.5
2026-09-05 23:00:00,Primary Cooling Tower & Water Pump Station,Cooling Utility,49.88,none,0.0,0.0,1.0,Shift C (Night),28.3,3.79
2026-09-06 00:00:00,Medium Frequency Induction Melting Furnace (5T),Melting & Refining,276.67,none,0.0,855.2,1.0,Shift C (Night),1545.3,1.01
2026-09-06 00:00:00,Oxy-Fuel Ladle Pre-Heating Station,Ladle Heating Utility,11.58,natural_gas,53.08,0.0,1.0,Shift C (Night),1091.2,1.97
2026-09-06 00:00:00,Continuous Billet Casting Machine,Continuous Casting,63.64,none,0.0,800.6,1.0,Shift C (Night),1154.0,3.05
2026-09-06 00:00:00,Soaking Pit Reheating Furnace,Reheating & Rolling,1.61,natural_gas,0.0,0.0,0.0,Shift C (Night),29.4,0.0
2026-09-06 00:00:00,Heavy Hydraulic Forging Press (1200T),Hot Forging & Pressing,1.66,none,0.0,0.0,0.0,Shift C (Night),30.4,0.0
2026-09-06 00:00:00,High-Pressure Hydraulic Power Pack,Hydraulic Utility,32.07,none,0.0,0.0,0.0,Shift C (Night),41.6,178.5
2026-09-06 00:00:00,Primary Cooling Tower & Water Pump Station,Cooling Utility,49.91,none,0.0,0.0,1.0,Shift C (Night),28.4,3.85
2026-09-06 01:00:00,Medium Frequency Induction Melting Furnace (5T),Melting & Refining,266.38,none,0.0,823.3,1.0,Shift C (Night),1532.2,1.01
2026-09-06 01:00:00,Oxy-Fuel Ladle Pre-Heating Station,Ladle Heating Utility,12.38,natural_gas,56.74,0.0,1.0,Shift C (Night),1093.0,2.06
2026-09-06 01:00:00,Continuous Billet Casting Machine,Continuous Casting,59.74,none,0.0,751.5,1.0,Shift C (Night),1138.7,3.01
2026-09-06 01:00:00,Soaking Pit Reheating Furnace,Reheating & Rolling,0.73,natural_gas,0.0,0.0,0.0,Shift C (Night),29.3,0.0
2026-09-06 01:00:00,Heavy Hydraulic Forging Press (1200T),Hot Forging & Pressing,1.76,none,0.0,0.0,0.0,Shift C (Night),28.1,0.0
2026-09-06 01:00:00,High-Pressure Hydraulic Power Pack,Hydraulic Utility,28.83,none,0.0,0.0,0.0,Shift C (Night),41.6,178.5
2026-09-06 01:00:00,Primary Cooling Tower & Water Pump Station,Cooling Utility,49.56,none,0.0,0.0,1.0,Shift C (Night),27.8,3.75
2026-09-06 02:00:00,Medium Frequency Induction Melting Furnace (5T),Melting & Refining,267.18,none,0.0,825.8,1.0,Shift C (Night),1526.7,0.98
2026-09-06 02:00:00,Oxy-Fuel Ladle Pre-Heating Station,Ladle Heating Utility,11.83,natural_gas,54.2,0.0,1.0,Shift C (Night),1079.4,1.96
2026-09-06 02:00:00,Continuous Billet Casting Machine,Continuous Casting,60.95,none,0.0,766.8,1.0,Shift C (Night),1128.3,3.01
2026-09-06 02:00:00,Soaking Pit Reheating Furnace,Reheating & Rolling,1.16,natural_gas,0.0,0.0,0.0,Shift C (Night),28.3,0.0
2026-09-06 02:00:00,Heavy Hydraulic Forging Press (1200T),Hot Forging & Pressing,1.66,none,0.0,0.0,0.0,Shift C (Night),29.9,0.0
2026-09-06 02:00:00,High-Pressure Hydraulic Power Pack,Hydraulic Utility,32.56,none,0.0,0.0,0.0,Shift C (Night),41.6,178.5
2026-09-06 02:00:00,Primary Cooling Tower & Water Pump Station,Cooling Utility,48.95,none,0.0,0.0,1.0,Shift C (Night),28.3,3.71
2026-09-06 03:00:00,Medium Frequency Induction Melting Furnace (5T),Melting & Refining,269.69,none,0.0,833.6,1.0,Shift C (Night),1552.4,1.02
2026-09-06 03:00:00,Oxy-Fuel Ladle Pre-Heating Station,Ladle Heating Utility,12.13,natural_gas,55.57,0.0,1.0,Shift C (Night),1102.1,2.05
2026-09-06 03:00:00,Continuous Billet Casting Machine,Continuous Casting,63.14,none,0.0,794.3,1.0,Shift C (Night),1166.8,2.99
2026-09-06 03:00:00,Soaking Pit Reheating Furnace,Reheating & Rolling,1.37,natural_gas,0.0,0.0,0.0,Shift C (Night),28.4,0.0
2026-09-06 03:00:00,Heavy Hydraulic Forging Press (1200T),Hot Forging & Pressing,0.71,none,0.0,0.0,0.0,Shift C (Night),29.1,0.0
2026-09-06 03:00:00,High-Pressure Hydraulic Power Pack,Hydraulic Utility,30.58,none,0.0,0.0,0.0,Shift C (Night),41.6,178.5
2026-09-06 03:00:00,Primary Cooling Tower & Water Pump Station,Cooling Utility,49.9,none,0.0,0.0,1.0,Shift C (Night),28.3,3.88
2026-09-06 04:00:00,Medium Frequency Induction Melting Furnace (5T),Melting & Refining,277.7,none,0.0,858.3,1.0,Shift C (Night),1576.0,1.01
2026-09-06 04:00:00,Oxy-Fuel Ladle Pre-Heating Station,Ladle Heating Utility,12.43,natural_gas,56.97,0.0,1.0,Shift C (Night),1102.0,2.01
2026-09-06 04:00:00,Continuous Billet Casting Machine,Continuous Casting,62.19,none,0.0,782.4,1.0,Shift C (Night),1164.0,2.95
2026-09-06 04:00:00,Soaking Pit Reheating Furnace,Reheating & Rolling,1.97,natural_gas,0.0,0.0,0.0,Shift C (Night),29.6,0.0
2026-09-06 04:00:00,Heavy Hydraulic Forging Press (1200T),Hot Forging & Pressing,1.47,none,0.0,0.0,0.0,Shift C (Night),29.8,0.0
2026-09-06 04:00:00,High-Pressure Hydraulic Power Pack,Hydraulic Utility,32.65,none,0.0,0.0,0.0,Shift C (Night),41.6,178.5
2026-09-06 04:00:00,Primary Cooling Tower & Water Pump Station,Cooling Utility,47.54,none,0.0,0.0,1.0,Shift C (Night),27.8,3.89
2026-09-06 05:00:00,Medium Frequency Induction Melting Furnace (5T),Melting & Refining,265.99,none,0.0,822.1,1.0,Shift C (Night),1540.1,0.99
2026-09-06 05:00:00,Oxy-Fuel Ladle Pre-Heating Station,Ladle Heating Utility,11.82,natural_gas,54.18,0.0,1.0,Shift C (Night),1107.0,1.95
2026-09-06 05:00:00,Continuous Billet Casting Machine,Continuous Casting,62.56,none,0.0,787.1,1.0,Shift C (Night),1160.2,3.03
2026-09-06 05:00:00,Soaking Pit Reheating Furnace,Reheating & Rolling,0.68,natural_gas,0.0,0.0,0.0,Shift C (Night),30.7,0.0
2026-09-06 05:00:00,Heavy Hydraulic Forging Press (1200T),Hot Forging & Pressing,1.27,none,0.0,0.0,0.0,Shift C (Night),29.4,0.0
2026-09-06 05:00:00,High-Pressure Hydraulic Power Pack,Hydraulic Utility,31.48,none,0.0,0.0,0.0,Shift C (Night),41.6,178.5
2026-09-06 05:00:00,Primary Cooling Tower & Water Pump Station,Cooling Utility,47.54,none,0.0,0.0,1.0,Shift C (Night),28.2,3.77
2026-09-06 06:00:00,Medium Frequency Induction Melting Furnace (5T),Melting & Refining,265.55,none,0.0,820.8,1.0,Shift A (Morning),1523.9,1.01
2026-09-06 06:00:00,Oxy-Fuel Ladle Pre-Heating Station,Ladle Heating Utility,11.58,natural_gas,53.07,0.0,1.0,Shift A (Morning),1114.6,2.0
2026-09-06 06:00:00,Continuous Billet Casting Machine,Continuous Casting,63.35,none,0.0,796.9,1.0,Shift A (Morning),1164.1,2.95
2026-09-06 06:00:00,Soaking Pit Reheating Furnace,Reheating & Rolling,1.04,natural_gas,0.0,0.0,0.0,Shift A (Morning),29.6,0.0
2026-09-06 06:00:00,Heavy Hydraulic Forging Press (1200T),Hot Forging & Pressing,1.59,none,0.0,0.0,0.0,Shift A (Morning),28.5,0.0
2026-09-06 06:00:00,High-Pressure Hydraulic Power Pack,Hydraulic Utility,30.57,none,0.0,0.0,0.0,Shift A (Morning),41.6,178.5
2026-09-06 06:00:00,Primary Cooling Tower & Water Pump Station,Cooling Utility,47.08,none,0.0,0.0,1.0,Shift A (Morning),27.9,3.7
2026-09-06 07:00:00,Medium Frequency Induction Melting Furnace (5T),Melting & Refining,274.68,none,0.0,849.0,1.0,Shift A (Morning),1522.0,1.01
2026-09-06 07:00:00,Oxy-Fuel Ladle Pre-Heating Station,Ladle Heating Utility,12.15,natural_gas,55.67,0.0,1.0,Shift A (Morning),1091.2,1.96
2026-09-06 07:00:00,Continuous Billet Casting Machine,Continuous Casting,62.15,none,0.0,781.9,1.0,Shift A (Morning),1153.7,2.94
2026-09-06 07:00:00,Soaking Pit Reheating Furnace,Reheating & Rolling,1.01,natural_gas,0.0,0.0,0.0,Shift A (Morning),29.5,0.0
2026-09-06 07:00:00,Heavy Hydraulic Forging Press (1200T),Hot Forging & Pressing,1.13,none,0.0,0.0,0.0,Shift A (Morning),31.5,0.0
2026-09-06 07:00:00,High-Pressure Hydraulic Power Pack,Hydraulic Utility,31.93,none,0.0,0.0,0.0,Shift A (Morning),41.6,178.5
2026-09-06 07:00:00,Primary Cooling Tower & Water Pump Station,Cooling Utility,48.92,none,0.0,0.0,1.0,Shift A (Morning),28.1,3.79
2026-09-06 08:00:00,Medium Frequency Induction Melting Furnace (5T),Melting & Refining,274.95,none,0.0,849.8,1.0,Shift A (Morning),1522.1,1.02
2026-09-06 08:00:00,Oxy-Fuel Ladle Pre-Heating Station,Ladle Heating Utility,11.77,natural_gas,53.95,0.0,1.0,Shift A (Morning),1078.6,2.03
2026-09-06 08:00:00,Continuous Billet Casting Machine,Continuous Casting,61.06,none,0.0,768.2,1.0,Shift A (Morning),1146.5,2.98
2026-09-06 08:00:00,Soaking Pit Reheating Furnace,Reheating & Rolling,1.66,natural_gas,0.0,0.0,0.0,Shift A (Morning),29.4,0.0
2026-09-06 08:00:00,Heavy Hydraulic Forging Press (1200T),Hot Forging & Pressing,1.85,none,0.0,0.0,0.0,Shift A (Morning),30.3,0.0
2026-09-06 08:00:00,High-Pressure Hydraulic Power Pack,Hydraulic Utility,31.91,none,0.0,0.0,0.0,Shift A (Morning),41.6,178.5
2026-09-06 08:00:00,Primary Cooling Tower & Water Pump Station,Cooling Utility,47.26,none,0.0,0.0,1.0,Shift A (Morning),27.8,3.74
2026-09-06 09:00:00,Medium Frequency Induction Melting Furnace (5T),Melting & Refining,281.19,none,0.0,869.1,1.0,Shift A (Morning),1568.9,0.97
2026-09-06 09:00:00,Oxy-Fuel Ladle Pre-Heating Station,Ladle Heating Utility,11.65,natural_gas,53.38,0.0,1.0,Shift A (Morning),1115.7,1.98
2026-09-06 09:00:00,Continuous Billet Casting Machine,Continuous Casting,63.48,none,0.0,798.7,1.0,Shift A (Morning),1167.3,3.05
2026-09-06 09:00:00,Soaking Pit Reheating Furnace,Reheating & Rolling,1.8,natural_gas,0.0,0.0,0.0,Shift A (Morning),28.7,0.0
2026-09-06 09:00:00,Heavy Hydraulic Forging Press (1200T),Hot Forging & Pressing,1.19,none,0.0,0.0,0.0,Shift A (Morning),30.8,0.0
2026-09-06 09:00:00,High-Pressure Hydraulic Power Pack,Hydraulic Utility,28.27,none,0.0,0.0,0.0,Shift A (Morning),41.6,178.5
2026-09-06 09:00:00,Primary Cooling Tower & Water Pump Station,Cooling Utility,47.6,none,0.0,0.0,1.0,Shift A (Morning),27.8,3.82
2026-09-06 10:00:00,Medium Frequency Induction Melting Furnace (5T),Melting & Refining,269.04,none,0.0,831.6,1.0,Shift A (Morning),1522.3,1.01
2026-09-06 10:00:00,Oxy-Fuel Ladle Pre-Heating Station,Ladle Heating Utility,12.17,natural_gas,55.77,0.0,1.0,Shift A (Morning),1085.1,1.96
2026-09-06 10:00:00,Continuous Billet Casting Machine,Continuous Casting,60.39,none,0.0,759.7,1.0,Shift A (Morning),1140.5,3.08
2026-09-06 10:00:00,Soaking Pit Reheating Furnace,Reheating & Rolling,1.72,natural_gas,0.0,0.0,0.0,Shift A (Morning),29.7,0.0
2026-09-06 10:00:00,Heavy Hydraulic Forging Press (1200T),Hot Forging & Pressing,1.83,none,0.0,0.0,0.0,Shift A (Morning),30.8,0.0
2026-09-06 10:00:00,High-Pressure Hydraulic Power Pack,Hydraulic Utility,30.37,none,0.0,0.0,0.0,Shift A (Morning),41.6,178.5
2026-09-06 10:00:00,Primary Cooling Tower & Water Pump Station,Cooling Utility,47.62,none,0.0,0.0,1.0,Shift A (Morning),28.3,3.83
2026-09-06 11:00:00,Medium Frequency Induction Melting Furnace (5T),Melting & Refining,272.58,none,0.0,842.5,1.0,Shift A (Morning),1525.4,0.98
2026-09-06 11:00:00,Oxy-Fuel Ladle Pre-Heating Station,Ladle Heating Utility,12.2,natural_gas,55.92,0.0,1.0,Shift A (Morning),1082.4,1.98
2026-09-06 11:00:00,Continuous Billet Casting Machine,Continuous Casting,64.34,none,0.0,809.5,1.0,Shift A (Morning),1150.2,3.08
2026-09-06 11:00:00,Soaking Pit Reheating Furnace,Reheating & Rolling,1.35,natural_gas,0.0,0.0,0.0,Shift A (Morning),30.1,0.0
2026-09-06 11:00:00,Heavy Hydraulic Forging Press (1200T),Hot Forging & Pressing,1.14,none,0.0,0.0,0.0,Shift A (Morning),28.2,0.0
2026-09-06 11:00:00,High-Pressure Hydraulic Power Pack,Hydraulic Utility,31.8,none,0.0,0.0,0.0,Shift A (Morning),41.6,178.5
2026-09-06 11:00:00,Primary Cooling Tower & Water Pump Station,Cooling Utility,49.84,none,0.0,0.0,1.0,Shift A (Morning),27.5,3.79
2026-09-06 12:00:00,Medium Frequency Induction Melting Furnace (5T),Melting & Refining,275.36,none,0.0,851.1,1.0,Shift A (Morning),1543.6,1.01
2026-09-06 12:00:00,Oxy-Fuel Ladle Pre-Heating Station,Ladle Heating Utility,12.47,natural_gas,57.16,0.0,1.0,Shift A (Morning),1083.6,2.04
2026-09-06 12:00:00,Continuous Billet Casting Machine,Continuous Casting,60.38,none,0.0,759.6,1.0,Shift A (Morning),1154.4,3.08
2026-09-06 12:00:00,Soaking Pit Reheating Furnace,Reheating & Rolling,1.22,natural_gas,0.0,0.0,0.0,Shift A (Morning),31.1,0.0
2026-09-06 12:00:00,Heavy Hydraulic Forging Press (1200T),Hot Forging & Pressing,0.62,none,0.0,0.0,0.0,Shift A (Morning),31.2,0.0
2026-09-06 12:00:00,High-Pressure Hydraulic Power Pack,Hydraulic Utility,30.23,none,0.0,0.0,0.0,Shift A (Morning),41.6,178.5
2026-09-06 12:00:00,Primary Cooling Tower & Water Pump Station,Cooling Utility,49.9,none,0.0,0.0,1.0,Shift A (Morning),27.9,3.75
2026-09-06 13:00:00,Medium Frequency Induction Melting Furnace (5T),Melting & Refining,267.61,none,0.0,827.2,1.0,Shift A (Morning),1569.3,0.97
2026-09-06 13:00:00,Oxy-Fuel Ladle Pre-Heating Station,Ladle Heating Utility,12.22,natural_gas,56.01,0.0,1.0,Shift A (Morning),1118.5,1.95
2026-09-06 13:00:00,Continuous Billet Casting Machine,Continuous Casting,62.14,none,0.0,781.8,1.0,Shift A (Morning),1137.5,3.05
2026-09-06 13:00:00,Soaking Pit Reheating Furnace,Reheating & Rolling,1.27,natural_gas,0.0,0.0,0.0,Shift A (Morning),28.9,0.0
2026-09-06 13:00:00,Heavy Hydraulic Forging Press (1200T),Hot Forging & Pressing,1.08,none,0.0,0.0,0.0,Shift A (Morning),30.4,0.0
2026-09-06 13:00:00,High-Pressure Hydraulic Power Pack,Hydraulic Utility,29.93,none,0.0,0.0,0.0,Shift A (Morning),41.6,178.5
2026-09-06 13:00:00,Primary Cooling Tower & Water Pump Station,Cooling Utility,48.97,none,0.0,0.0,1.0,Shift A (Morning),27.5,3.81
2026-09-06 14:00:00,Medium Frequency Induction Melting Furnace (5T),Melting & Refining,285.42,none,0.0,882.2,1.0,Shift B (Evening),1558.4,0.99
2026-09-06 14:00:00,Oxy-Fuel Ladle Pre-Heating Station,Ladle Heating Utility,11.77,natural_gas,53.96,0.0,1.0,Shift B (Evening),1100.6,1.98
2026-09-06 14:00:00,Continuous Billet Casting Machine,Continuous Casting,60.13,none,0.0,756.5,1.0,Shift B (Evening),1152.6,3.05
2026-09-06 14:00:00,Soaking Pit Reheating Furnace,Reheating & Rolling,1.3,natural_gas,0.0,0.0,0.0,Shift B (Evening),31.5,0.0
2026-09-06 14:00:00,Heavy Hydraulic Forging Press (1200T),Hot Forging & Pressing,1.11,none,0.0,0.0,0.0,Shift B (Evening),31.0,0.0
2026-09-06 14:00:00,High-Pressure Hydraulic Power Pack,Hydraulic Utility,32.75,none,0.0,0.0,0.0,Shift B (Evening),41.6,178.5
2026-09-06 14:00:00,Primary Cooling Tower & Water Pump Station,Cooling Utility,46.26,none,0.0,0.0,1.0,Shift B (Evening),28.2,3.78
2026-09-06 15:00:00,Medium Frequency Induction Melting Furnace (5T),Melting & Refining,270.72,none,0.0,836.8,1.0,Shift B (Evening),1541.8,1.01
2026-09-06 15:00:00,Oxy-Fuel Ladle Pre-Heating Station,Ladle Heating Utility,11.84,natural_gas,54.29,0.0,1.0,Shift B (Evening),1084.4,1.96
2026-09-06 15:00:00,Continuous Billet Casting Machine,Continuous Casting,63.89,none,0.0,803.7,1.0,Shift B (Evening),1132.1,3.08
2026-09-06 15:00:00,Soaking Pit Reheating Furnace,Reheating & Rolling,0.82,natural_gas,0.0,0.0,0.0,Shift B (Evening),30.9,0.0
2026-09-06 15:00:00,Heavy Hydraulic Forging Press (1200T),Hot Forging & Pressing,1.23,none,0.0,0.0,0.0,Shift B (Evening),31.1,0.0
2026-09-06 15:00:00,High-Pressure Hydraulic Power Pack,Hydraulic Utility,31.07,none,0.0,0.0,0.0,Shift B (Evening),41.6,178.5
2026-09-06 15:00:00,Primary Cooling Tower & Water Pump Station,Cooling Utility,48.91,none,0.0,0.0,1.0,Shift B (Evening),28.5,3.84
2026-09-06 16:00:00,Medium Frequency Induction Melting Furnace (5T),Melting & Refining,277.66,none,0.0,858.2,1.0,Shift B (Evening),1569.6,0.98
2026-09-06 16:00:00,Oxy-Fuel Ladle Pre-Heating Station,Ladle Heating Utility,11.94,natural_gas,54.73,0.0,1.0,Shift B (Evening),1112.0,2.03
2026-09-06 16:00:00,Continuous Billet Casting Machine,Continuous Casting,60.72,none,0.0,764.0,1.0,Shift B (Evening),1140.5,3.03
2026-09-06 16:00:00,Soaking Pit Reheating Furnace,Reheating & Rolling,1.64,natural_gas,0.0,0.0,0.0,Shift B (Evening),30.0,0.0
2026-09-06 16:00:00,Heavy Hydraulic Forging Press (1200T),Hot Forging & Pressing,0.64,none,0.0,0.0,0.0,Shift B (Evening),31.5,0.0
2026-09-06 16:00:00,High-Pressure Hydraulic Power Pack,Hydraulic Utility,30.78,none,0.0,0.0,0.0,Shift B (Evening),41.6,178.5
2026-09-06 16:00:00,Primary Cooling Tower & Water Pump Station,Cooling Utility,47.54,none,0.0,0.0,1.0,Shift B (Evening),27.6,3.7
2026-09-06 17:00:00,Medium Frequency Induction Melting Furnace (5T),Melting & Refining,274.44,none,0.0,848.3,1.0,Shift B (Evening),1563.3,1.01
2026-09-06 17:00:00,Oxy-Fuel Ladle Pre-Heating Station,Ladle Heating Utility,11.58,natural_gas,53.07,0.0,1.0,Shift B (Evening),1115.3,2.01
2026-09-06 17:00:00,Continuous Billet Casting Machine,Continuous Casting,61.44,none,0.0,773.0,1.0,Shift B (Evening),1138.4,2.92
2026-09-06 17:00:00,Soaking Pit Reheating Furnace,Reheating & Rolling,1.06,natural_gas,0.0,0.0,0.0,Shift B (Evening),30.5,0.0
2026-09-06 17:00:00,Heavy Hydraulic Forging Press (1200T),Hot Forging & Pressing,0.65,none,0.0,0.0,0.0,Shift B (Evening),30.4,0.0
2026-09-06 17:00:00,High-Pressure Hydraulic Power Pack,Hydraulic Utility,31.96,none,0.0,0.0,0.0,Shift B (Evening),41.6,178.5
2026-09-06 17:00:00,Primary Cooling Tower & Water Pump Station,Cooling Utility,46.96,none,0.0,0.0,1.0,Shift B (Evening),28.2,3.8
2026-09-06 18:00:00,Medium Frequency Induction Melting Furnace (5T),Melting & Refining,267.19,none,0.0,825.8,1.0,Shift B (Evening),1557.7,0.98
2026-09-06 18:00:00,Oxy-Fuel Ladle Pre-Heating Station,Ladle Heating Utility,12.33,natural_gas,56.53,0.0,1.0,Shift B (Evening),1116.8,1.94
2026-09-06 18:00:00,Continuous Billet Casting Machine,Continuous Casting,63.77,none,0.0,802.3,1.0,Shift B (Evening),1166.7,3.05
2026-09-06 18:00:00,Soaking Pit Reheating Furnace,Reheating & Rolling,1.64,natural_gas,0.0,0.0,0.0,Shift B (Evening),30.1,0.0
2026-09-06 18:00:00,Heavy Hydraulic Forging Press (1200T),Hot Forging & Pressing,1.6,none,0.0,0.0,0.0,Shift B (Evening),29.6,0.0
2026-09-06 18:00:00,High-Pressure Hydraulic Power Pack,Hydraulic Utility,30.37,none,0.0,0.0,0.0,Shift B (Evening),41.6,178.5
2026-09-06 18:00:00,Primary Cooling Tower & Water Pump Station,Cooling Utility,47.18,none,0.0,0.0,1.0,Shift B (Evening),28.5,3.88
2026-09-06 19:00:00,Medium Frequency Induction Melting Furnace (5T),Melting & Refining,271.6,none,0.0,839.5,1.0,Shift B (Evening),1529.7,0.99
2026-09-06 19:00:00,Oxy-Fuel Ladle Pre-Heating Station,Ladle Heating Utility,12.4,natural_gas,56.83,0.0,1.0,Shift B (Evening),1120.0,1.97
2026-09-06 19:00:00,Continuous Billet Casting Machine,Continuous Casting,61.64,none,0.0,775.5,1.0,Shift B (Evening),1165.0,2.95
2026-09-06 19:00:00,Soaking Pit Reheating Furnace,Reheating & Rolling,1.35,natural_gas,0.0,0.0,0.0,Shift B (Evening),29.4,0.0
2026-09-06 19:00:00,Heavy Hydraulic Forging Press (1200T),Hot Forging & Pressing,0.69,none,0.0,0.0,0.0,Shift B (Evening),30.4,0.0
2026-09-06 19:00:00,High-Pressure Hydraulic Power Pack,Hydraulic Utility,29.09,none,0.0,0.0,0.0,Shift B (Evening),41.6,178.5
2026-09-06 19:00:00,Primary Cooling Tower & Water Pump Station,Cooling Utility,48.79,none,0.0,0.0,1.0,Shift B (Evening),28.1,3.69
2026-09-06 20:00:00,Medium Frequency Induction Melting Furnace (5T),Melting & Refining,279.1,none,0.0,862.7,1.0,Shift B (Evening),1565.9,1.02
2026-09-06 20:00:00,Oxy-Fuel Ladle Pre-Heating Station,Ladle Heating Utility,12.16,natural_gas,55.75,0.0,1.0,Shift B (Evening),1088.6,2.01
2026-09-06 20:00:00,Continuous Billet Casting Machine,Continuous Casting,60.25,none,0.0,758.0,1.0,Shift B (Evening),1148.0,3.0
2026-09-06 20:00:00,Soaking Pit Reheating Furnace,Reheating & Rolling,1.53,natural_gas,0.0,0.0,0.0,Shift B (Evening),31.5,0.0
2026-09-06 20:00:00,Heavy Hydraulic Forging Press (1200T),Hot Forging & Pressing,1.63,none,0.0,0.0,0.0,Shift B (Evening),31.2,0.0
2026-09-06 20:00:00,High-Pressure Hydraulic Power Pack,Hydraulic Utility,30.84,none,0.0,0.0,0.0,Shift B (Evening),41.6,178.5
2026-09-06 20:00:00,Primary Cooling Tower & Water Pump Station,Cooling Utility,47.71,none,0.0,0.0,1.0,Shift B (Evening),28.1,3.8
2026-09-06 21:00:00,Medium Frequency Induction Melting Furnace (5T),Melting & Refining,267.41,none,0.0,826.5,1.0,Shift B (Evening),1574.0,1.01
2026-09-06 21:00:00,Oxy-Fuel Ladle Pre-Heating Station,Ladle Heating Utility,11.58,natural_gas,53.07,0.0,1.0,Shift B (Evening),1121.7,1.98
2026-09-06 21:00:00,Continuous Billet Casting Machine,Continuous Casting,62.39,none,0.0,784.9,1.0,Shift B (Evening),1133.1,3.0
2026-09-06 21:00:00,Soaking Pit Reheating Furnace,Reheating & Rolling,0.98,natural_gas,0.0,0.0,0.0,Shift B (Evening),29.8,0.0
2026-09-06 21:00:00,Heavy Hydraulic Forging Press (1200T),Hot Forging & Pressing,0.79,none,0.0,0.0,0.0,Shift B (Evening),29.5,0.0
2026-09-06 21:00:00,High-Pressure Hydraulic Power Pack,Hydraulic Utility,28.18,none,0.0,0.0,0.0,Shift B (Evening),41.6,178.5
2026-09-06 21:00:00,Primary Cooling Tower & Water Pump Station,Cooling Utility,46.42,none,0.0,0.0,1.0,Shift B (Evening),28.3,3.82
2026-09-06 22:00:00,Medium Frequency Induction Melting Furnace (5T),Melting & Refining,280.45,none,0.0,866.8,1.0,Shift C (Night),1542.6,0.99
2026-09-06 22:00:00,Oxy-Fuel Ladle Pre-Heating Station,Ladle Heating Utility,11.78,natural_gas,53.98,0.0,1.0,Shift C (Night),1117.8,2.04
2026-09-06 22:00:00,Continuous Billet Casting Machine,Continuous Casting,62.74,none,0.0,789.3,1.0,Shift C (Night),1154.3,2.94
2026-09-06 22:00:00,Soaking Pit Reheating Furnace,Reheating & Rolling,0.93,natural_gas,0.0,0.0,0.0,Shift C (Night),30.3,0.0
2026-09-06 22:00:00,Heavy Hydraulic Forging Press (1200T),Hot Forging & Pressing,0.74,none,0.0,0.0,0.0,Shift C (Night),31.9,0.0
2026-09-06 22:00:00,High-Pressure Hydraulic Power Pack,Hydraulic Utility,32.93,none,0.0,0.0,0.0,Shift C (Night),41.6,178.5
2026-09-06 22:00:00,Primary Cooling Tower & Water Pump Station,Cooling Utility,48.61,none,0.0,0.0,1.0,Shift C (Night),28.0,3.78
2026-09-06 23:00:00,Medium Frequency Induction Melting Furnace (5T),Melting & Refining,281.97,none,0.0,871.5,1.0,Shift C (Night),1577.5,1.0
2026-09-06 23:00:00,Oxy-Fuel Ladle Pre-Heating Station,Ladle Heating Utility,12.46,natural_gas,57.13,0.0,1.0,Shift C (Night),1100.8,2.0
2026-09-06 23:00:00,Continuous Billet Casting Machine,Continuous Casting,59.76,none,0.0,751.9,1.0,Shift C (Night),1153.6,3.08
2026-09-06 23:00:00,Soaking Pit Reheating Furnace,Reheating & Rolling,0.83,natural_gas,0.0,0.0,0.0,Shift C (Night),28.5,0.0
2026-09-06 23:00:00,Heavy Hydraulic Forging Press (1200T),Hot Forging & Pressing,1.74,none,0.0,0.0,0.0,Shift C (Night),28.1,0.0
2026-09-06 23:00:00,High-Pressure Hydraulic Power Pack,Hydraulic Utility,29.15,none,0.0,0.0,0.0,Shift C (Night),41.6,178.5
2026-09-06 23:00:00,Primary Cooling Tower & Water Pump Station,Cooling Utility,49.49,none,0.0,0.0,1.0,Shift C (Night),27.5,3.84
2026-09-07 00:00:00,Medium Frequency Induction Melting Furnace (5T),Melting & Refining,272.49,none,0.0,842.2,1.0,Shift C (Night),1545.9,0.98
2026-09-07 00:00:00,Oxy-Fuel Ladle Pre-Heating Station,Ladle Heating Utility,12.39,natural_gas,56.8,0.0,1.0,Shift C (Night),1100.3,2.02
2026-09-07 00:00:00,Continuous Billet Casting Machine,Continuous Casting,62.85,none,0.0,790.7,1.0,Shift C (Night),1152.7,3.05
2026-09-07 00:00:00,Soaking Pit Reheating Furnace,Reheating & Rolling,1.27,natural_gas,0.0,0.0,0.0,Shift C (Night),29.5,0.0
2026-09-07 00:00:00,Heavy Hydraulic Forging Press (1200T),Hot Forging & Pressing,0.62,none,0.0,0.0,0.0,Shift C (Night),28.3,0.0
2026-09-07 00:00:00,High-Pressure Hydraulic Power Pack,Hydraulic Utility,29.48,none,0.0,0.0,0.0,Shift C (Night),41.6,178.5
2026-09-07 00:00:00,Primary Cooling Tower & Water Pump Station,Cooling Utility,47.51,none,0.0,0.0,1.0,Shift C (Night),28.3,3.75
2026-09-07 01:00:00,Medium Frequency Induction Melting Furnace (5T),Melting & Refining,284.18,none,0.0,878.4,1.0,Shift C (Night),1533.6,1.0
2026-09-07 01:00:00,Oxy-Fuel Ladle Pre-Heating Station,Ladle Heating Utility,12.41,natural_gas,56.89,0.0,1.0,Shift C (Night),1106.6,2.02
2026-09-07 01:00:00,Continuous Billet Casting Machine,Continuous Casting,59.94,none,0.0,754.1,1.0,Shift C (Night),1150.5,2.92
2026-09-07 01:00:00,Soaking Pit Reheating Furnace,Reheating & Rolling,1.28,natural_gas,0.0,0.0,0.0,Shift C (Night),29.7,0.0
2026-09-07 01:00:00,Heavy Hydraulic Forging Press (1200T),Hot Forging & Pressing,1.65,none,0.0,0.0,0.0,Shift C (Night),31.4,0.0
2026-09-07 01:00:00,High-Pressure Hydraulic Power Pack,Hydraulic Utility,31.21,none,0.0,0.0,0.0,Shift C (Night),41.6,178.5
2026-09-07 01:00:00,Primary Cooling Tower & Water Pump Station,Cooling Utility,46.83,none,0.0,0.0,1.0,Shift C (Night),27.8,3.88
2026-09-07 02:00:00,Medium Frequency Induction Melting Furnace (5T),Melting & Refining,276.95,none,0.0,856.0,1.0,Shift C (Night),1570.6,1.02
2026-09-07 02:00:00,Oxy-Fuel Ladle Pre-Heating Station,Ladle Heating Utility,11.55,natural_gas,52.95,0.0,1.0,Shift C (Night),1086.7,2.03
2026-09-07 02:00:00,Continuous Billet Casting Machine,Continuous Casting,59.6,none,0.0,749.9,1.0,Shift C (Night),1165.4,2.98
2026-09-07 02:00:00,Soaking Pit Reheating Furnace,Reheating & Rolling,0.86,natural_gas,0.0,0.0,0.0,Shift C (Night),29.5,0.0
2026-09-07 02:00:00,Heavy Hydraulic Forging Press (1200T),Hot Forging & Pressing,1.74,none,0.0,0.0,0.0,Shift C (Night),31.8,0.0
2026-09-07 02:00:00,High-Pressure Hydraulic Power Pack,Hydraulic Utility,32.76,none,0.0,0.0,0.0,Shift C (Night),41.6,178.5
2026-09-07 02:00:00,Primary Cooling Tower & Water Pump Station,Cooling Utility,48.34,none,0.0,0.0,1.0,Shift C (Night),27.9,3.7
2026-09-07 03:00:00,Medium Frequency Induction Melting Furnace (5T),Melting & Refining,264.43,none,0.0,817.3,1.0,Shift C (Night),1561.7,1.0
2026-09-07 03:00:00,Oxy-Fuel Ladle Pre-Heating Station,Ladle Heating Utility,12.45,natural_gas,57.08,0.0,1.0,Shift C (Night),1107.4,1.99
2026-09-07 03:00:00,Continuous Billet Casting Machine,Continuous Casting,59.98,none,0.0,754.5,1.0,Shift C (Night),1127.6,3.03
2026-09-07 03:00:00,Soaking Pit Reheating Furnace,Reheating & Rolling,1.88,natural_gas,0.0,0.0,0.0,Shift C (Night),29.2,0.0
2026-09-07 03:00:00,Heavy Hydraulic Forging Press (1200T),Hot Forging & Pressing,0.72,none,0.0,0.0,0.0,Shift C (Night),28.4,0.0
2026-09-07 03:00:00,High-Pressure Hydraulic Power Pack,Hydraulic Utility,32.2,none,0.0,0.0,0.0,Shift C (Night),41.6,178.5
2026-09-07 03:00:00,Primary Cooling Tower & Water Pump Station,Cooling Utility,49.89,none,0.0,0.0,1.0,Shift C (Night),27.7,3.75
2026-09-07 04:00:00,Medium Frequency Induction Melting Furnace (5T),Melting & Refining,281.77,none,0.0,870.9,1.0,Shift C (Night),1552.6,0.98
2026-09-07 04:00:00,Oxy-Fuel Ladle Pre-Heating Station,Ladle Heating Utility,12.11,natural_gas,55.5,0.0,1.0,Shift C (Night),1118.6,2.01
2026-09-07 04:00:00,Continuous Billet Casting Machine,Continuous Casting,63.35,none,0.0,797.0,1.0,Shift C (Night),1148.6,3.0
2026-09-07 04:00:00,Soaking Pit Reheating Furnace,Reheating & Rolling,0.62,natural_gas,0.0,0.0,0.0,Shift C (Night),31.1,0.0
2026-09-07 04:00:00,Heavy Hydraulic Forging Press (1200T),Hot Forging & Pressing,1.66,none,0.0,0.0,0.0,Shift C (Night),29.7,0.0
2026-09-07 04:00:00,High-Pressure Hydraulic Power Pack,Hydraulic Utility,30.74,none,0.0,0.0,0.0,Shift C (Night),41.6,178.5
2026-09-07 04:00:00,Primary Cooling Tower & Water Pump Station,Cooling Utility,47.21,none,0.0,0.0,1.0,Shift C (Night),27.6,3.81
2026-09-07 05:00:00,Medium Frequency Induction Melting Furnace (5T),Melting & Refining,276.48,none,0.0,854.6,1.0,Shift C (Night),1557.6,0.98
2026-09-07 05:00:00,Oxy-Fuel Ladle Pre-Heating Station,Ladle Heating Utility,12.1,natural_gas,55.47,0.0,1.0,Shift C (Night),1112.5,2.0
2026-09-07 05:00:00,Continuous Billet Casting Machine,Continuous Casting,62.2,none,0.0,782.5,1.0,Shift C (Night),1152.7,3.0
2026-09-07 05:00:00,Soaking Pit Reheating Furnace,Reheating & Rolling,1.49,natural_gas,0.0,0.0,0.0,Shift C (Night),28.5,0.0
2026-09-07 05:00:00,Heavy Hydraulic Forging Press (1200T),Hot Forging & Pressing,1.34,none,0.0,0.0,0.0,Shift C (Night),30.7,0.0
2026-09-07 05:00:00,High-Pressure Hydraulic Power Pack,Hydraulic Utility,31.2,none,0.0,0.0,0.0,Shift C (Night),41.6,178.5
2026-09-07 05:00:00,Primary Cooling Tower & Water Pump Station,Cooling Utility,49.08,none,0.0,0.0,1.0,Shift C (Night),27.5,3.69
2026-09-07 06:00:00,Medium Frequency Induction Melting Furnace (5T),Melting & Refining,281.66,none,0.0,870.6,1.0,Shift A (Morning),1545.6,0.99
2026-09-07 06:00:00,Oxy-Fuel Ladle Pre-Heating Station,Ladle Heating Utility,12.33,natural_gas,56.51,0.0,1.0,Shift A (Morning),1103.1,2.05
2026-09-07 06:00:00,Continuous Billet Casting Machine,Continuous Casting,59.64,none,0.0,750.3,1.0,Shift A (Morning),1154.4,2.93
2026-09-07 06:00:00,Soaking Pit Reheating Furnace,Reheating & Rolling,36.24,natural_gas,152.47,931.9,1.0,Shift A (Morning),1118.0,1.23
2026-09-07 06:00:00,Heavy Hydraulic Forging Press (1200T),Hot Forging & Pressing,89.86,none,0.0,612.7,1.0,Shift A (Morning),974.5,224.61
2026-09-07 06:00:00,High-Pressure Hydraulic Power Pack,Hydraulic Utility,72.75,none,0.0,0.0,1.0,Shift A (Morning),52.2,214.17
2026-09-07 06:00:00,Primary Cooling Tower & Water Pump Station,Cooling Utility,46.8,none,0.0,0.0,1.0,Shift A (Morning),27.5,3.91
2026-09-07 07:00:00,Medium Frequency Induction Melting Furnace (5T),Melting & Refining,276.17,none,0.0,853.6,1.0,Shift A (Morning),1519.4,1.03
2026-09-07 07:00:00,Oxy-Fuel Ladle Pre-Heating Station,Ladle Heating Utility,12.38,natural_gas,56.75,0.0,1.0,Shift A (Morning),1094.2,1.96
2026-09-07 07:00:00,Continuous Billet Casting Machine,Continuous Casting,59.88,none,0.0,753.3,1.0,Shift A (Morning),1148.2,2.97
2026-09-07 07:00:00,Soaking Pit Reheating Furnace,Reheating & Rolling,34.48,natural_gas,145.06,886.6,1.0,Shift A (Morning),1155.3,1.2
2026-09-07 07:00:00,Heavy Hydraulic Forging Press (1200T),Hot Forging & Pressing,87.7,none,0.0,597.9,1.0,Shift A (Morning),988.1,222.26
2026-09-07 07:00:00,High-Pressure Hydraulic Power Pack,Hydraulic Utility,69.91,none,0.0,0.0,1.0,Shift A (Morning),51.6,211.29
2026-09-07 07:00:00,Primary Cooling Tower & Water Pump Station,Cooling Utility,49.09,none,0.0,0.0,1.0,Shift A (Morning),27.5,3.84
2026-09-07 08:00:00,Medium Frequency Induction Melting Furnace (5T),Melting & Refining,282.37,none,0.0,872.8,1.0,Shift A (Morning),1553.2,0.99
2026-09-07 08:00:00,Oxy-Fuel Ladle Pre-Heating Station,Ladle Heating Utility,12.1,natural_gas,55.48,0.0,1.0,Shift A (Morning),1104.1,2.05
2026-09-07 08:00:00,Continuous Billet Casting Machine,Continuous Casting,61.68,none,0.0,776.0,1.0,Shift A (Morning),1135.1,2.94
2026-09-07 08:00:00,Soaking Pit Reheating Furnace,Reheating & Rolling,36.24,natural_gas,152.47,931.9,1.0,Shift A (Morning),1127.1,1.21
2026-09-07 08:00:00,Heavy Hydraulic Forging Press (1200T),Hot Forging & Pressing,87.64,none,0.0,597.6,1.0,Shift A (Morning),992.2,225.04
2026-09-07 08:00:00,High-Pressure Hydraulic Power Pack,Hydraulic Utility,74.38,none,0.0,0.0,1.0,Shift A (Morning),51.5,212.92
2026-09-07 08:00:00,Primary Cooling Tower & Water Pump Station,Cooling Utility,47.1,none,0.0,0.0,1.0,Shift A (Morning),27.6,3.87
2026-09-07 09:00:00,Medium Frequency Induction Melting Furnace (5T),Melting & Refining,271.63,none,0.0,839.6,1.0,Shift A (Morning),1537.2,1.0
2026-09-07 09:00:00,Oxy-Fuel Ladle Pre-Heating Station,Ladle Heating Utility,12.32,natural_gas,56.47,0.0,1.0,Shift A (Morning),1092.0,2.03
2026-09-07 09:00:00,Continuous Billet Casting Machine,Continuous Casting,60.15,none,0.0,756.7,1.0,Shift A (Morning),1165.9,2.94
2026-09-07 09:00:00,Soaking Pit Reheating Furnace,Reheating & Rolling,35.96,natural_gas,151.31,924.8,1.0,Shift A (Morning),1128.6,1.22
2026-09-07 09:00:00,Heavy Hydraulic Forging Press (1200T),Hot Forging & Pressing,89.48,none,0.0,610.1,1.0,Shift A (Morning),961.1,223.09
2026-09-07 09:00:00,High-Pressure Hydraulic Power Pack,Hydraulic Utility,69.49,none,0.0,0.0,1.0,Shift A (Morning),51.8,215.36
2026-09-07 09:00:00,Primary Cooling Tower & Water Pump Station,Cooling Utility,49.53,none,0.0,0.0,1.0,Shift A (Morning),27.9,3.9
2026-09-07 10:00:00,Medium Frequency Induction Melting Furnace (5T),Melting & Refining,274.11,none,0.0,847.2,1.0,Shift A (Morning),1532.1,0.98
2026-09-07 10:00:00,Oxy-Fuel Ladle Pre-Heating Station,Ladle Heating Utility,12.33,natural_gas,56.53,0.0,1.0,Shift A (Morning),1098.7,1.96
2026-09-07 10:00:00,Continuous Billet Casting Machine,Continuous Casting,60.33,none,0.0,759.0,1.0,Shift A (Morning),1152.8,2.97
2026-09-07 10:00:00,Soaking Pit Reheating Furnace,Reheating & Rolling,35.62,natural_gas,149.85,915.9,1.0,Shift A (Morning),1147.6,1.16
2026-09-07 10:00:00,Heavy Hydraulic Forging Press (1200T),Hot Forging & Pressing,85.11,none,0.0,580.3,1.0,Shift A (Morning),980.8,225.88
2026-09-07 10:00:00,High-Pressure Hydraulic Power Pack,Hydraulic Utility,73.82,none,0.0,0.0,1.0,Shift A (Morning),51.3,212.38
2026-09-07 10:00:00,Primary Cooling Tower & Water Pump Station,Cooling Utility,48.83,none,0.0,0.0,1.0,Shift A (Morning),27.7,3.72
2026-09-07 11:00:00,Medium Frequency Induction Melting Furnace (5T),Melting & Refining,273.23,none,0.0,844.5,1.0,Shift A (Morning),1543.1,1.03
2026-09-07 11:00:00,Oxy-Fuel Ladle Pre-Heating Station,Ladle Heating Utility,12.41,natural_gas,56.87,0.0,1.0,Shift A (Morning),1113.0,1.98
2026-09-07 11:00:00,Continuous Billet Casting Machine,Continuous Casting,61.91,none,0.0,778.8,1.0,Shift A (Morning),1129.7,2.97
2026-09-07 11:00:00,Soaking Pit Reheating Furnace,Reheating & Rolling,35.17,natural_gas,147.98,904.5,1.0,Shift A (Morning),1143.6,1.23
2026-09-07 11:00:00,Heavy Hydraulic Forging Press (1200T),Hot Forging & Pressing,85.12,none,0.0,580.4,1.0,Shift A (Morning),982.9,226.27
2026-09-07 11:00:00,High-Pressure Hydraulic Power Pack,Hydraulic Utility,72.64,none,0.0,0.0,1.0,Shift A (Morning),52.7,214.86
2026-09-07 11:00:00,Primary Cooling Tower & Water Pump Station,Cooling Utility,46.5,none,0.0,0.0,1.0,Shift A (Morning),28.4,3.71
2026-09-07 12:00:00,Medium Frequency Induction Melting Furnace (5T),Melting & Refining,268.09,none,0.0,828.6,1.0,Shift A (Morning),1524.0,1.02
2026-09-07 12:00:00,Oxy-Fuel Ladle Pre-Heating Station,Ladle Heating Utility,12.23,natural_gas,56.07,0.0,1.0,Shift A (Morning),1088.0,2.04
2026-09-07 12:00:00,Continuous Billet Casting Machine,Continuous Casting,63.46,none,0.0,798.3,1.0,Shift A (Morning),1129.4,3.01
2026-09-07 12:00:00,Soaking Pit Reheating Furnace,Reheating & Rolling,34.16,natural_gas,143.72,878.4,1.0,Shift A (Morning),1113.4,1.17
2026-09-07 12:00:00,Heavy Hydraulic Forging Press (1200T),Hot Forging & Pressing,87.51,none,0.0,596.6,1.0,Shift A (Morning),972.7,213.59
2026-09-07 12:00:00,High-Pressure Hydraulic Power Pack,Hydraulic Utility,74.63,none,0.0,0.0,1.0,Shift A (Morning),51.5,212.53
2026-09-07 12:00:00,Primary Cooling Tower & Water Pump Station,Cooling Utility,49.87,none,0.0,0.0,1.0,Shift A (Morning),27.5,3.8
2026-09-07 13:00:00,Medium Frequency Induction Melting Furnace (5T),Melting & Refining,281.27,none,0.0,869.4,1.0,Shift A (Morning),1553.8,0.99
2026-09-07 13:00:00,Oxy-Fuel Ladle Pre-Heating Station,Ladle Heating Utility,11.8,natural_gas,54.09,0.0,1.0,Shift A (Morning),1113.7,1.96
2026-09-07 13:00:00,Continuous Billet Casting Machine,Continuous Casting,62.33,none,0.0,784.2,1.0,Shift A (Morning),1148.5,3.02
2026-09-07 13:00:00,Soaking Pit Reheating Furnace,Reheating & Rolling,35.2,natural_gas,148.12,905.3,1.0,Shift A (Morning),1151.2,1.19
2026-09-07 13:00:00,Heavy Hydraulic Forging Press (1200T),Hot Forging & Pressing,85.41,none,0.0,582.3,1.0,Shift A (Morning),970.5,226.03
2026-09-07 13:00:00,High-Pressure Hydraulic Power Pack,Hydraulic Utility,73.53,none,0.0,0.0,1.0,Shift A (Morning),51.8,212.93
2026-09-07 13:00:00,Primary Cooling Tower & Water Pump Station,Cooling Utility,49.76,none,0.0,0.0,1.0,Shift A (Morning),28.3,3.8
2026-09-07 14:00:00,Medium Frequency Induction Melting Furnace (5T),Melting & Refining,267.11,none,0.0,825.6,1.0,Shift B (Evening),1548.4,1.02
2026-09-07 14:00:00,Oxy-Fuel Ladle Pre-Heating Station,Ladle Heating Utility,12.3,natural_gas,56.37,0.0,1.0,Shift B (Evening),1081.6,2.05
2026-09-07 14:00:00,Continuous Billet Casting Machine,Continuous Casting,63.12,none,0.0,794.1,1.0,Shift B (Evening),1130.3,2.96
2026-09-07 14:00:00,Soaking Pit Reheating Furnace,Reheating & Rolling,33.73,natural_gas,141.9,867.3,1.0,Shift B (Evening),1127.9,1.2
2026-09-07 14:00:00,Heavy Hydraulic Forging Press (1200T),Hot Forging & Pressing,88.78,none,0.0,605.3,1.0,Shift B (Evening),969.1,215.82
2026-09-07 14:00:00,High-Pressure Hydraulic Power Pack,Hydraulic Utility,71.82,none,0.0,0.0,1.0,Shift B (Evening),51.6,215.93
2026-09-07 14:00:00,Primary Cooling Tower & Water Pump Station,Cooling Utility,49.09,none,0.0,0.0,1.0,Shift B (Evening),28.3,3.79
2026-09-07 15:00:00,Medium Frequency Induction Melting Furnace (5T),Melting & Refining,275.53,none,0.0,851.6,1.0,Shift B (Evening),1573.6,0.98
2026-09-07 15:00:00,Oxy-Fuel Ladle Pre-Heating Station,Ladle Heating Utility,12.36,natural_gas,56.63,0.0,1.0,Shift B (Evening),1084.7,2.0
2026-09-07 15:00:00,Continuous Billet Casting Machine,Continuous Casting,61.53,none,0.0,774.1,1.0,Shift B (Evening),1139.6,3.01
2026-09-07 15:00:00,Soaking Pit Reheating Furnace,Reheating & Rolling,33.71,natural_gas,141.83,866.8,1.0,Shift B (Evening),1131.3,1.18
2026-09-07 15:00:00,Heavy Hydraulic Forging Press (1200T),Hot Forging & Pressing,88.34,none,0.0,602.3,1.0,Shift B (Evening),999.2,226.55
2026-09-07 15:00:00,High-Pressure Hydraulic Power Pack,Hydraulic Utility,74.25,none,0.0,0.0,1.0,Shift B (Evening),52.9,210.04
2026-09-07 15:00:00,Primary Cooling Tower & Water Pump Station,Cooling Utility,48.18,none,0.0,0.0,1.0,Shift B (Evening),28.5,3.76
2026-09-07 16:00:00,Medium Frequency Induction Melting Furnace (5T),Melting & Refining,269.01,none,0.0,831.5,1.0,Shift B (Evening),1576.1,1.02
2026-09-07 16:00:00,Oxy-Fuel Ladle Pre-Heating Station,Ladle Heating Utility,12.13,natural_gas,55.57,0.0,1.0,Shift B (Evening),1115.4,1.99
2026-09-07 16:00:00,Continuous Billet Casting Machine,Continuous Casting,60.2,none,0.0,757.4,1.0,Shift B (Evening),1129.2,2.97
2026-09-07 16:00:00,Soaking Pit Reheating Furnace,Reheating & Rolling,34.85,natural_gas,146.61,896.1,1.0,Shift B (Evening),1132.1,1.18
2026-09-07 16:00:00,Heavy Hydraulic Forging Press (1200T),Hot Forging & Pressing,84.83,none,0.0,578.4,1.0,Shift B (Evening),974.5,221.58
2026-09-07 16:00:00,High-Pressure Hydraulic Power Pack,Hydraulic Utility,71.15,none,0.0,0.0,1.0,Shift B (Evening),51.7,208.7
2026-09-07 16:00:00,Primary Cooling Tower & Water Pump Station,Cooling Utility,46.87,none,0.0,0.0,1.0,Shift B (Evening),27.6,3.87
2026-09-07 17:00:00,Medium Frequency Induction Melting Furnace (5T),Melting & Refining,277.07,none,0.0,856.4,1.0,Shift B (Evening),1552.5,0.99
2026-09-07 17:00:00,Oxy-Fuel Ladle Pre-Heating Station,Ladle Heating Utility,12.26,natural_gas,56.17,0.0,1.0,Shift B (Evening),1082.7,2.0
2026-09-07 17:00:00,Continuous Billet Casting Machine,Continuous Casting,62.99,none,0.0,792.5,1.0,Shift B (Evening),1160.6,3.03
2026-09-07 17:00:00,Soaking Pit Reheating Furnace,Reheating & Rolling,35.28,natural_gas,148.43,907.2,1.0,Shift B (Evening),1152.3,1.17
2026-09-07 17:00:00,Heavy Hydraulic Forging Press (1200T),Hot Forging & Pressing,85.07,none,0.0,580.0,1.0,Shift B (Evening),964.3,223.68
2026-09-07 17:00:00,High-Pressure Hydraulic Power Pack,Hydraulic Utility,74.54,none,0.0,0.0,1.0,Shift B (Evening),51.2,216.13
2026-09-07 17:00:00,Primary Cooling Tower & Water Pump Station,Cooling Utility,46.15,none,0.0,0.0,1.0,Shift B (Evening),27.8,3.75
2026-09-07 18:00:00,Medium Frequency Induction Melting Furnace (5T),Melting & Refining,284.73,none,0.0,880.1,1.0,Shift B (Evening),1561.3,0.97
2026-09-07 18:00:00,Oxy-Fuel Ladle Pre-Heating Station,Ladle Heating Utility,12.19,natural_gas,55.89,0.0,1.0,Shift B (Evening),1085.4,1.94
2026-09-07 18:00:00,Continuous Billet Casting Machine,Continuous Casting,63.08,none,0.0,793.5,1.0,Shift B (Evening),1144.1,2.95
2026-09-07 18:00:00,Soaking Pit Reheating Furnace,Reheating & Rolling,35.89,natural_gas,150.99,922.9,1.0,Shift B (Evening),1154.2,1.21
2026-09-07 18:00:00,Heavy Hydraulic Forging Press (1200T),Hot Forging & Pressing,85.07,none,0.0,580.0,1.0,Shift B (Evening),967.3,213.41
2026-09-07 18:00:00,High-Pressure Hydraulic Power Pack,Hydraulic Utility,69.6,none,0.0,0.0,1.0,Shift B (Evening),51.2,209.22
2026-09-07 18:00:00,Primary Cooling Tower & Water Pump Station,Cooling Utility,47.28,none,0.0,0.0,1.0,Shift B (Evening),28.3,3.82
2026-09-07 19:00:00,Medium Frequency Induction Melting Furnace (5T),Melting & Refining,283.18,none,0.0,875.3,1.0,Shift B (Evening),1522.7,0.98
2026-09-07 19:00:00,Oxy-Fuel Ladle Pre-Heating Station,Ladle Heating Utility,11.92,natural_gas,54.64,0.0,1.0,Shift B (Evening),1113.7,2.05
2026-09-07 19:00:00,Continuous Billet Casting Machine,Continuous Casting,59.91,none,0.0,753.7,1.0,Shift B (Evening),1132.1,2.95
2026-09-07 19:00:00,Soaking Pit Reheating Furnace,Reheating & Rolling,35.61,natural_gas,149.84,915.8,1.0,Shift B (Evening),1120.2,1.23
2026-09-07 19:00:00,Heavy Hydraulic Forging Press (1200T),Hot Forging & Pressing,91.28,none,0.0,622.4,1.0,Shift B (Evening),986.1,222.46
2026-09-07 19:00:00,High-Pressure Hydraulic Power Pack,Hydraulic Utility,70.62,none,0.0,0.0,1.0,Shift B (Evening),52.3,211.48
2026-09-07 19:00:00,Primary Cooling Tower & Water Pump Station,Cooling Utility,46.2,none,0.0,0.0,1.0,Shift B (Evening),27.8,3.9
2026-09-07 20:00:00,Medium Frequency Induction Melting Furnace (5T),Melting & Refining,274.83,none,0.0,849.5,1.0,Shift B (Evening),1566.4,1.01
2026-09-07 20:00:00,Oxy-Fuel Ladle Pre-Heating Station,Ladle Heating Utility,12.33,natural_gas,56.52,0.0,1.0,Shift B (Evening),1098.4,2.01
2026-09-07 20:00:00,Continuous Billet Casting Machine,Continuous Casting,64.14,none,0.0,806.9,1.0,Shift B (Evening),1159.6,3.02
2026-09-07 20:00:00,Soaking Pit Reheating Furnace,Reheating & Rolling,34.63,natural_gas,145.67,890.4,1.0,Shift B (Evening),1113.2,1.18
2026-09-07 20:00:00,Heavy Hydraulic Forging Press (1200T),Hot Forging & Pressing,89.77,none,0.0,612.0,1.0,Shift B (Evening),963.0,213.53
2026-09-07 20:00:00,High-Pressure Hydraulic Power Pack,Hydraulic Utility,71.38,none,0.0,0.0,1.0,Shift B (Evening),53.0,211.54
2026-09-07 20:00:00,Primary Cooling Tower & Water Pump Station,Cooling Utility,49.8,none,0.0,0.0,1.0,Shift B (Evening),28.3,3.69
2026-09-07 21:00:00,Medium Frequency Induction Melting Furnace (5T),Melting & Refining,279.18,none,0.0,862.9,1.0,Shift B (Evening),1554.9,0.97
2026-09-07 21:00:00,Oxy-Fuel Ladle Pre-Heating Station,Ladle Heating Utility,11.85,natural_gas,54.33,0.0,1.0,Shift B (Evening),1119.3,2.05
2026-09-07 21:00:00,Continuous Billet Casting Machine,Continuous Casting,61.64,none,0.0,775.5,1.0,Shift B (Evening),1150.3,3.04
2026-09-07 21:00:00,Soaking Pit Reheating Furnace,Reheating & Rolling,35.73,natural_gas,150.32,918.7,1.0,Shift B (Evening),1114.8,1.2
2026-09-07 21:00:00,Heavy Hydraulic Forging Press (1200T),Hot Forging & Pressing,88.89,none,0.0,606.1,1.0,Shift B (Evening),996.1,226.01
2026-09-07 21:00:00,High-Pressure Hydraulic Power Pack,Hydraulic Utility,74.83,none,0.0,0.0,1.0,Shift B (Evening),51.7,211.45
2026-09-07 21:00:00,Primary Cooling Tower & Water Pump Station,Cooling Utility,49.5,none,0.0,0.0,1.0,Shift B (Evening),28.5,3.77
2026-09-07 22:00:00,Medium Frequency Induction Melting Furnace (5T),Melting & Refining,280.72,none,0.0,867.7,1.0,Shift C (Night),1534.1,0.99
2026-09-07 22:00:00,Oxy-Fuel Ladle Pre-Heating Station,Ladle Heating Utility,12.06,natural_gas,55.3,0.0,1.0,Shift C (Night),1084.4,1.98
2026-09-07 22:00:00,Continuous Billet Casting Machine,Continuous Casting,59.87,none,0.0,753.2,1.0,Shift C (Night),1129.7,3.08
2026-09-07 22:00:00,Soaking Pit Reheating Furnace,Reheating & Rolling,35.19,natural_gas,148.07,905.0,1.0,Shift C (Night),1138.1,1.21
2026-09-07 22:00:00,Heavy Hydraulic Forging Press (1200T),Hot Forging & Pressing,87.28,none,0.0,595.1,1.0,Shift C (Night),977.2,225.46
2026-09-07 22:00:00,High-Pressure Hydraulic Power Pack,Hydraulic Utility,73.87,none,0.0,0.0,1.0,Shift C (Night),51.1,210.59
2026-09-07 22:00:00,Primary Cooling Tower & Water Pump Station,Cooling Utility,48.83,none,0.0,0.0,1.0,Shift C (Night),28.0,3.7
2026-09-07 23:00:00,Medium Frequency Induction Melting Furnace (5T),Melting & Refining,279.3,none,0.0,863.3,1.0,Shift C (Night),1534.0,1.0
2026-09-07 23:00:00,Oxy-Fuel Ladle Pre-Heating Station,Ladle Heating Utility,11.78,natural_gas,53.98,0.0,1.0,Shift C (Night),1107.9,2.03
2026-09-07 23:00:00,Continuous Billet Casting Machine,Continuous Casting,64.26,none,0.0,808.5,1.0,Shift C (Night),1157.5,3.01
2026-09-07 23:00:00,Soaking Pit Reheating Furnace,Reheating & Rolling,34.41,natural_gas,144.77,884.8,1.0,Shift C (Night),1138.3,1.23
2026-09-07 23:00:00,Heavy Hydraulic Forging Press (1200T),Hot Forging & Pressing,1.12,none,0.0,0.0,0.0,Shift C (Night),28.9,0.0
2026-09-07 23:00:00,High-Pressure Hydraulic Power Pack,Hydraulic Utility,28.01,none,0.0,0.0,0.0,Shift C (Night),41.6,178.5
2026-09-07 23:00:00,Primary Cooling Tower & Water Pump Station,Cooling Utility,47.96,none,0.0,0.0,1.0,Shift C (Night),27.9,3.88
2026-09-08 00:00:00,Medium Frequency Induction Melting Furnace (5T),Melting & Refining,267.46,none,0.0,826.7,1.0,Shift C (Night),1539.3,0.98
2026-09-08 00:00:00,Oxy-Fuel Ladle Pre-Heating Station,Ladle Heating Utility,12.13,natural_gas,55.58,0.0,1.0,Shift C (Night),1114.5,1.95
2026-09-08 00:00:00,Continuous Billet Casting Machine,Continuous Casting,60.57,none,0.0,762.1,1.0,Shift C (Night),1144.5,2.96
2026-09-08 00:00:00,Soaking Pit Reheating Furnace,Reheating & Rolling,1.86,natural_gas,0.0,0.0,0.0,Shift C (Night),28.7,0.0
2026-09-08 00:00:00,Heavy Hydraulic Forging Press (1200T),Hot Forging & Pressing,0.75,none,0.0,0.0,0.0,Shift C (Night),30.1,0.0
2026-09-08 00:00:00,High-Pressure Hydraulic Power Pack,Hydraulic Utility,28.92,none,0.0,0.0,0.0,Shift C (Night),41.6,178.5
2026-09-08 00:00:00,Primary Cooling Tower & Water Pump Station,Cooling Utility,46.31,none,0.0,0.0,1.0,Shift C (Night),27.6,3.9
2026-09-08 01:00:00,Medium Frequency Induction Melting Furnace (5T),Melting & Refining,279.45,none,0.0,863.8,1.0,Shift C (Night),1528.3,1.02
2026-09-08 01:00:00,Oxy-Fuel Ladle Pre-Heating Station,Ladle Heating Utility,11.82,natural_gas,54.15,0.0,1.0,Shift C (Night),1115.7,1.95
2026-09-08 01:00:00,Continuous Billet Casting Machine,Continuous Casting,63.18,none,0.0,794.8,1.0,Shift C (Night),1128.5,2.92
2026-09-08 01:00:00,Soaking Pit Reheating Furnace,Reheating & Rolling,1.85,natural_gas,0.0,0.0,0.0,Shift C (Night),29.7,0.0
2026-09-08 01:00:00,Heavy Hydraulic Forging Press (1200T),Hot Forging & Pressing,1.55,none,0.0,0.0,0.0,Shift C (Night),29.4,0.0
2026-09-08 01:00:00,High-Pressure Hydraulic Power Pack,Hydraulic Utility,28.03,none,0.0,0.0,0.0,Shift C (Night),41.6,178.5
2026-09-08 01:00:00,Primary Cooling Tower & Water Pump Station,Cooling Utility,49.01,none,0.0,0.0,1.0,Shift C (Night),28.0,3.89
2026-09-08 02:00:00,Medium Frequency Induction Melting Furnace (5T),Melting & Refining,275.23,none,0.0,850.7,1.0,Shift C (Night),1534.1,0.98
2026-09-08 02:00:00,Oxy-Fuel Ladle Pre-Heating Station,Ladle Heating Utility,12.39,natural_gas,56.77,0.0,1.0,Shift C (Night),1081.9,1.99
2026-09-08 02:00:00,Continuous Billet Casting Machine,Continuous Casting,60.61,none,0.0,762.5,1.0,Shift C (Night),1133.3,3.08
2026-09-08 02:00:00,Soaking Pit Reheating Furnace,Reheating & Rolling,0.99,natural_gas,0.0,0.0,0.0,Shift C (Night),30.7,0.0
2026-09-08 02:00:00,Heavy Hydraulic Forging Press (1200T),Hot Forging & Pressing,1.94,none,0.0,0.0,0.0,Shift C (Night),31.7,0.0
2026-09-08 02:00:00,High-Pressure Hydraulic Power Pack,Hydraulic Utility,30.28,none,0.0,0.0,0.0,Shift C (Night),41.6,178.5
2026-09-08 02:00:00,Primary Cooling Tower & Water Pump Station,Cooling Utility,48.98,none,0.0,0.0,1.0,Shift C (Night),28.6,3.81
2026-09-08 03:00:00,Medium Frequency Induction Melting Furnace (5T),Melting & Refining,285.6,none,0.0,882.8,1.0,Shift C (Night),1547.0,1.02
2026-09-08 03:00:00,Oxy-Fuel Ladle Pre-Heating Station,Ladle Heating Utility,12.35,natural_gas,56.59,0.0,1.0,Shift C (Night),1081.9,2.01
2026-09-08 03:00:00,Continuous Billet Casting Machine,Continuous Casting,62.46,none,0.0,785.8,1.0,Shift C (Night),1146.5,2.94
2026-09-08 03:00:00,Soaking Pit Reheating Furnace,Reheating & Rolling,0.66,natural_gas,0.0,0.0,0.0,Shift C (Night),31.8,0.0
2026-09-08 03:00:00,Heavy Hydraulic Forging Press (1200T),Hot Forging & Pressing,0.94,none,0.0,0.0,0.0,Shift C (Night),30.7,0.0
2026-09-08 03:00:00,High-Pressure Hydraulic Power Pack,Hydraulic Utility,32.41,none,0.0,0.0,0.0,Shift C (Night),41.6,178.5
2026-09-08 03:00:00,Primary Cooling Tower & Water Pump Station,Cooling Utility,49.14,none,0.0,0.0,1.0,Shift C (Night),28.4,3.72
2026-09-08 04:00:00,Medium Frequency Induction Melting Furnace (5T),Melting & Refining,272.14,none,0.0,841.2,1.0,Shift C (Night),1551.3,0.97
2026-09-08 04:00:00,Oxy-Fuel Ladle Pre-Heating Station,Ladle Heating Utility,11.96,natural_gas,54.83,0.0,1.0,Shift C (Night),1098.4,1.94
2026-09-08 04:00:00,Continuous Billet Casting Machine,Continuous Casting,62.48,none,0.0,786.0,1.0,Shift C (Night),1127.1,2.99
2026-09-08 04:00:00,Soaking Pit Reheating Furnace,Reheating & Rolling,0.73,natural_gas,0.0,0.0,0.0,Shift C (Night),29.4,0.0
2026-09-08 04:00:00,Heavy Hydraulic Forging Press (1200T),Hot Forging & Pressing,0.83,none,0.0,0.0,0.0,Shift C (Night),30.9,0.0
2026-09-08 04:00:00,High-Pressure Hydraulic Power Pack,Hydraulic Utility,30.75,none,0.0,0.0,0.0,Shift C (Night),41.6,178.5
2026-09-08 04:00:00,Primary Cooling Tower & Water Pump Station,Cooling Utility,46.77,none,0.0,0.0,1.0,Shift C (Night),27.9,3.9
2026-09-08 05:00:00,Medium Frequency Induction Melting Furnace (5T),Melting & Refining,266.18,none,0.0,822.7,1.0,Shift C (Night),1568.3,1.01
2026-09-08 05:00:00,Oxy-Fuel Ladle Pre-Heating Station,Ladle Heating Utility,11.68,natural_gas,53.55,0.0,1.0,Shift C (Night),1093.5,2.05
2026-09-08 05:00:00,Continuous Billet Casting Machine,Continuous Casting,63.42,none,0.0,797.8,1.0,Shift C (Night),1151.0,3.07
2026-09-08 05:00:00,Soaking Pit Reheating Furnace,Reheating & Rolling,1.61,natural_gas,0.0,0.0,0.0,Shift C (Night),30.7,0.0
2026-09-08 05:00:00,Heavy Hydraulic Forging Press (1200T),Hot Forging & Pressing,1.39,none,0.0,0.0,0.0,Shift C (Night),29.7,0.0
2026-09-08 05:00:00,High-Pressure Hydraulic Power Pack,Hydraulic Utility,31.86,none,0.0,0.0,0.0,Shift C (Night),41.6,178.5
2026-09-08 05:00:00,Primary Cooling Tower & Water Pump Station,Cooling Utility,48.01,none,0.0,0.0,1.0,Shift C (Night),27.7,3.77
2026-09-08 06:00:00,Medium Frequency Induction Melting Furnace (5T),Melting & Refining,276.11,none,0.0,853.4,1.0,Shift A (Morning),1524.1,1.01
2026-09-08 06:00:00,Oxy-Fuel Ladle Pre-Heating Station,Ladle Heating Utility,11.82,natural_gas,54.18,0.0,1.0,Shift A (Morning),1111.0,2.02
2026-09-08 06:00:00,Continuous Billet Casting Machine,Continuous Casting,61.85,none,0.0,778.2,1.0,Shift A (Morning),1159.4,2.93
2026-09-08 06:00:00,Soaking Pit Reheating Furnace,Reheating & Rolling,35.16,natural_gas,95.43,904.0,1.0,Shift A (Morning),1197.8,1.17
2026-09-08 06:00:00,Heavy Hydraulic Forging Press (1200T),Hot Forging & Pressing,91.47,none,0.0,623.6,1.0,Shift A (Morning),973.7,216.52
2026-09-08 06:00:00,High-Pressure Hydraulic Power Pack,Hydraulic Utility,72.2,none,0.0,0.0,1.0,Shift A (Morning),52.6,211.31
2026-09-08 06:00:00,Primary Cooling Tower & Water Pump Station,Cooling Utility,46.91,none,0.0,0.0,1.0,Shift A (Morning),28.1,3.77
2026-09-08 07:00:00,Medium Frequency Induction Melting Furnace (5T),Melting & Refining,284.74,none,0.0,880.1,1.0,Shift A (Morning),1550.5,1.0
2026-09-08 07:00:00,Oxy-Fuel Ladle Pre-Heating Station,Ladle Heating Utility,12.38,natural_gas,56.76,0.0,1.0,Shift A (Morning),1113.4,1.97
2026-09-08 07:00:00,Continuous Billet Casting Machine,Continuous Casting,64.29,none,0.0,808.8,1.0,Shift A (Morning),1141.3,2.92
2026-09-08 07:00:00,Soaking Pit Reheating Furnace,Reheating & Rolling,33.87,natural_gas,91.93,870.9,1.0,Shift A (Morning),1220.7,1.18
2026-09-08 07:00:00,Heavy Hydraulic Forging Press (1200T),Hot Forging & Pressing,89.79,none,0.0,612.2,1.0,Shift A (Morning),966.8,214.11
2026-09-08 07:00:00,High-Pressure Hydraulic Power Pack,Hydraulic Utility,72.29,none,0.0,0.0,1.0,Shift A (Morning),52.2,210.46
2026-09-08 07:00:00,Primary Cooling Tower & Water Pump Station,Cooling Utility,48.48,none,0.0,0.0,1.0,Shift A (Morning),28.4,3.74
2026-09-08 08:00:00,Medium Frequency Induction Melting Furnace (5T),Melting & Refining,278.57,none,0.0,861.0,1.0,Shift A (Morning),1528.6,0.99
2026-09-08 08:00:00,Oxy-Fuel Ladle Pre-Heating Station,Ladle Heating Utility,11.79,natural_gas,54.02,0.0,1.0,Shift A (Morning),1099.4,1.97
2026-09-08 08:00:00,Continuous Billet Casting Machine,Continuous Casting,60.57,none,0.0,762.0,1.0,Shift A (Morning),1133.1,3.04
2026-09-08 08:00:00,Soaking Pit Reheating Furnace,Reheating & Rolling,35.07,natural_gas,95.19,901.8,1.0,Shift A (Morning),1201.0,1.19
2026-09-08 08:00:00,Heavy Hydraulic Forging Press (1200T),Hot Forging & Pressing,91.19,none,0.0,621.8,1.0,Shift A (Morning),974.5,221.35
2026-09-08 08:00:00,High-Pressure Hydraulic Power Pack,Hydraulic Utility,70.25,none,0.0,0.0,1.0,Shift A (Morning),51.0,205.29
2026-09-08 08:00:00,Primary Cooling Tower & Water Pump Station,Cooling Utility,48.49,none,0.0,0.0,1.0,Shift A (Morning),27.5,3.69
2026-09-08 09:00:00,Medium Frequency Induction Melting Furnace (5T),Melting & Refining,268.57,none,0.0,830.1,1.0,Shift A (Morning),1522.1,1.03
2026-09-08 09:00:00,Oxy-Fuel Ladle Pre-Heating Station,Ladle Heating Utility,12.19,natural_gas,55.86,0.0,1.0,Shift A (Morning),1087.6,1.96
2026-09-08 09:00:00,Continuous Billet Casting Machine,Continuous Casting,63.08,none,0.0,793.5,1.0,Shift A (Morning),1149.9,3.06
2026-09-08 09:00:00,Soaking Pit Reheating Furnace,Reheating & Rolling,33.96,natural_gas,92.17,873.2,1.0,Shift A (Morning),1238.3,1.18
2026-09-08 09:00:00,Heavy Hydraulic Forging Press (1200T),Hot Forging & Pressing,89.53,none,0.0,610.5,1.0,Shift A (Morning),962.0,223.65
2026-09-08 09:00:00,High-Pressure Hydraulic Power Pack,Hydraulic Utility,69.87,none,0.0,0.0,1.0,Shift A (Morning),51.2,207.93
2026-09-08 09:00:00,Primary Cooling Tower & Water Pump Station,Cooling Utility,46.26,none,0.0,0.0,1.0,Shift A (Morning),27.7,3.73
2026-09-08 10:00:00,Medium Frequency Induction Melting Furnace (5T),Melting & Refining,279.01,none,0.0,862.4,1.0,Shift A (Morning),1570.1,0.99
2026-09-08 10:00:00,Oxy-Fuel Ladle Pre-Heating Station,Ladle Heating Utility,12.28,natural_gas,56.29,0.0,1.0,Shift A (Morning),1088.2,2.04
2026-09-08 10:00:00,Continuous Billet Casting Machine,Continuous Casting,61.79,none,0.0,777.3,1.0,Shift A (Morning),1143.4,3.07
2026-09-08 10:00:00,Soaking Pit Reheating Furnace,Reheating & Rolling,33.87,natural_gas,91.93,870.9,1.0,Shift A (Morning),1221.8,1.17
2026-09-08 10:00:00,Heavy Hydraulic Forging Press (1200T),Hot Forging & Pressing,84.98,none,0.0,579.4,1.0,Shift A (Morning),961.3,215.54
2026-09-08 10:00:00,High-Pressure Hydraulic Power Pack,Hydraulic Utility,72.57,none,0.0,0.0,1.0,Shift A (Morning),51.8,214.83
2026-09-08 10:00:00,Primary Cooling Tower & Water Pump Station,Cooling Utility,48.71,none,0.0,0.0,1.0,Shift A (Morning),28.3,3.79
2026-09-08 11:00:00,Medium Frequency Induction Melting Furnace (5T),Melting & Refining,272.32,none,0.0,841.7,1.0,Shift A (Morning),1556.7,1.02
2026-09-08 11:00:00,Oxy-Fuel Ladle Pre-Heating Station,Ladle Heating Utility,11.67,natural_gas,53.5,0.0,1.0,Shift A (Morning),1111.0,2.0
2026-09-08 11:00:00,Continuous Billet Casting Machine,Continuous Casting,60.11,none,0.0,756.2,1.0,Shift A (Morning),1163.1,2.96
2026-09-08 11:00:00,Soaking Pit Reheating Furnace,Reheating & Rolling,35.96,natural_gas,97.6,924.6,1.0,Shift A (Morning),1231.8,1.22
2026-09-08 11:00:00,Heavy Hydraulic Forging Press (1200T),Hot Forging & Pressing,84.95,none,0.0,579.2,1.0,Shift A (Morning),975.6,215.54
2026-09-08 11:00:00,High-Pressure Hydraulic Power Pack,Hydraulic Utility,72.39,none,0.0,0.0,1.0,Shift A (Morning),52.6,206.26
2026-09-08 11:00:00,Primary Cooling Tower & Water Pump Station,Cooling Utility,46.54,none,0.0,0.0,1.0,Shift A (Morning),28.0,3.8
2026-09-08 12:00:00,Medium Frequency Induction Melting Furnace (5T),Melting & Refining,272.07,none,0.0,840.9,1.0,Shift A (Morning),1553.5,0.99
2026-09-08 12:00:00,Oxy-Fuel Ladle Pre-Heating Station,Ladle Heating Utility,12.33,natural_gas,56.5,0.0,1.0,Shift A (Morning),1115.0,2.05
2026-09-08 12:00:00,Continuous Billet Casting Machine,Continuous Casting,61.8,none,0.0,777.5,1.0,Shift A (Morning),1161.6,3.07
2026-09-08 12:00:00,Soaking Pit Reheating Furnace,Reheating & Rolling,34.67,natural_gas,94.11,891.6,1.0,Shift A (Morning),1229.8,1.23
2026-09-08 12:00:00,Heavy Hydraulic Forging Press (1200T),Hot Forging & Pressing,85.07,none,0.0,580.0,1.0,Shift A (Morning),980.5,218.6
2026-09-08 12:00:00,High-Pressure Hydraulic Power Pack,Hydraulic Utility,71.2,none,0.0,0.0,1.0,Shift A (Morning),51.6,207.32
2026-09-08 12:00:00,Primary Cooling Tower & Water Pump Station,Cooling Utility,49.01,none,0.0,0.0,1.0,Shift A (Morning),27.7,3.84
2026-09-08 13:00:00,Medium Frequency Induction Melting Furnace (5T),Melting & Refining,273.7,none,0.0,846.0,1.0,Shift A (Morning),1545.8,1.03
2026-09-08 13:00:00,Oxy-Fuel Ladle Pre-Heating Station,Ladle Heating Utility,12.18,natural_gas,55.81,0.0,1.0,Shift A (Morning),1104.6,1.96
2026-09-08 13:00:00,Continuous Billet Casting Machine,Continuous Casting,60.63,none,0.0,762.8,1.0,Shift A (Morning),1146.2,2.91
2026-09-08 13:00:00,Soaking Pit Reheating Furnace,Reheating & Rolling,35.41,natural_gas,96.12,910.6,1.0,Shift A (Morning),1214.0,1.2
2026-09-08 13:00:00,Heavy Hydraulic Forging Press (1200T),Hot Forging & Pressing,85.39,none,0.0,582.2,1.0,Shift A (Morning),967.0,215.18
2026-09-08 13:00:00,High-Pressure Hydraulic Power Pack,Hydraulic Utility,74.2,none,0.0,0.0,1.0,Shift A (Morning),51.2,207.42
2026-09-08 13:00:00,Primary Cooling Tower & Water Pump Station,Cooling Utility,46.64,none,0.0,0.0,1.0,Shift A (Morning),27.7,3.78
2026-09-08 14:00:00,Medium Frequency Induction Melting Furnace (5T),Melting & Refining,267.02,none,0.0,825.3,1.0,Shift B (Evening),1570.4,0.99
2026-09-08 14:00:00,Oxy-Fuel Ladle Pre-Heating Station,Ladle Heating Utility,12.15,natural_gas,55.68,0.0,1.0,Shift B (Evening),1108.6,1.97
2026-09-08 14:00:00,Continuous Billet Casting Machine,Continuous Casting,60.27,none,0.0,758.2,1.0,Shift B (Evening),1158.2,3.06
2026-09-08 14:00:00,Soaking Pit Reheating Furnace,Reheating & Rolling,35.38,natural_gas,96.04,909.8,1.0,Shift B (Evening),1242.2,1.2
2026-09-08 14:00:00,Heavy Hydraulic Forging Press (1200T),Hot Forging & Pressing,87.95,none,0.0,599.7,1.0,Shift B (Evening),999.1,225.94
2026-09-08 14:00:00,High-Pressure Hydraulic Power Pack,Hydraulic Utility,72.68,none,0.0,0.0,1.0,Shift B (Evening),52.5,215.42
2026-09-08 14:00:00,Primary Cooling Tower & Water Pump Station,Cooling Utility,46.65,none,0.0,0.0,1.0,Shift B (Evening),27.7,3.76
2026-09-08 15:00:00,Medium Frequency Induction Melting Furnace (5T),Melting & Refining,282.05,none,0.0,871.8,1.0,Shift B (Evening),1524.2,1.01
2026-09-08 15:00:00,Oxy-Fuel Ladle Pre-Heating Station,Ladle Heating Utility,12.18,natural_gas,55.8,0.0,1.0,Shift B (Evening),1089.6,1.96
2026-09-08 15:00:00,Continuous Billet Casting Machine,Continuous Casting,61.2,none,0.0,769.9,1.0,Shift B (Evening),1138.0,2.93
2026-09-08 15:00:00,Soaking Pit Reheating Furnace,Reheating & Rolling,36.3,natural_gas,98.54,933.5,1.0,Shift B (Evening),1243.9,1.23
2026-09-08 15:00:00,Heavy Hydraulic Forging Press (1200T),Hot Forging & Pressing,91.34,none,0.0,622.8,1.0,Shift B (Evening),967.7,218.23
2026-09-08 15:00:00,High-Pressure Hydraulic Power Pack,Hydraulic Utility,69.45,none,0.0,0.0,1.0,Shift B (Evening),52.1,206.53
2026-09-08 15:00:00,Primary Cooling Tower & Water Pump Station,Cooling Utility,47.08,none,0.0,0.0,1.0,Shift B (Evening),27.7,3.87
2026-09-08 16:00:00,Medium Frequency Induction Melting Furnace (5T),Melting & Refining,281.8,none,0.0,871.0,1.0,Shift B (Evening),1533.9,0.97
2026-09-08 16:00:00,Oxy-Fuel Ladle Pre-Heating Station,Ladle Heating Utility,12.32,natural_gas,56.47,0.0,1.0,Shift B (Evening),1115.3,2.0
2026-09-08 16:00:00,Continuous Billet Casting Machine,Continuous Casting,61.53,none,0.0,774.1,1.0,Shift B (Evening),1144.2,3.04
2026-09-08 16:00:00,Soaking Pit Reheating Furnace,Reheating & Rolling,34.64,natural_gas,94.01,890.6,1.0,Shift B (Evening),1218.4,1.22
2026-09-08 16:00:00,Heavy Hydraulic Forging Press (1200T),Hot Forging & Pressing,90.93,none,0.0,620.0,1.0,Shift B (Evening),982.5,216.95
2026-09-08 16:00:00,High-Pressure Hydraulic Power Pack,Hydraulic Utility,71.03,none,0.0,0.0,1.0,Shift B (Evening),51.9,211.09
2026-09-08 16:00:00,Primary Cooling Tower & Water Pump Station,Cooling Utility,49.52,none,0.0,0.0,1.0,Shift B (Evening),28.3,3.75
2026-09-08 17:00:00,Medium Frequency Induction Melting Furnace (5T),Melting & Refining,280.99,none,0.0,868.5,1.0,Shift B (Evening),1574.9,1.01
2026-09-08 17:00:00,Oxy-Fuel Ladle Pre-Heating Station,Ladle Heating Utility,12.43,natural_gas,56.97,0.0,1.0,Shift B (Evening),1093.9,1.97
2026-09-08 17:00:00,Continuous Billet Casting Machine,Continuous Casting,61.36,none,0.0,771.9,1.0,Shift B (Evening),1148.7,3.06
2026-09-08 17:00:00,Soaking Pit Reheating Furnace,Reheating & Rolling,34.7,natural_gas,94.19,892.3,1.0,Shift B (Evening),1241.0,1.21
2026-09-08 17:00:00,Heavy Hydraulic Forging Press (1200T),Hot Forging & Pressing,88.02,none,0.0,600.1,1.0,Shift B (Evening),998.1,214.24
2026-09-08 17:00:00,High-Pressure Hydraulic Power Pack,Hydraulic Utility,70.32,none,0.0,0.0,1.0,Shift B (Evening),51.5,204.7
2026-09-08 17:00:00,Primary Cooling Tower & Water Pump Station,Cooling Utility,47.4,none,0.0,0.0,1.0,Shift B (Evening),27.9,3.81
2026-09-08 18:00:00,Medium Frequency Induction Melting Furnace (5T),Melting & Refining,283.98,none,0.0,877.8,1.0,Shift B (Evening),1554.5,1.03
2026-09-08 18:00:00,Oxy-Fuel Ladle Pre-Heating Station,Ladle Heating Utility,12.42,natural_gas,56.92,0.0,1.0,Shift B (Evening),1118.4,1.98
2026-09-08 18:00:00,Continuous Billet Casting Machine,Continuous Casting,59.95,none,0.0,754.3,1.0,Shift B (Evening),1142.7,3.05
2026-09-08 18:00:00,Soaking Pit Reheating Furnace,Reheating & Rolling,35.27,natural_gas,95.73,906.9,1.0,Shift B (Evening),1211.4,1.23
2026-09-08 18:00:00,Heavy Hydraulic Forging Press (1200T),Hot Forging & Pressing,88.53,none,0.0,603.6,1.0,Shift B (Evening),976.0,224.54
2026-09-08 18:00:00,High-Pressure Hydraulic Power Pack,Hydraulic Utility,70.17,none,0.0,0.0,1.0,Shift B (Evening),52.7,206.72
2026-09-08 18:00:00,Primary Cooling Tower & Water Pump Station,Cooling Utility,47.82,none,0.0,0.0,1.0,Shift B (Evening),28.5,3.72
2026-09-08 19:00:00,Medium Frequency Induction Melting Furnace (5T),Melting & Refining,272.09,none,0.0,841.0,1.0,Shift B (Evening),1563.5,1.03
2026-09-08 19:00:00,Oxy-Fuel Ladle Pre-Heating Station,Ladle Heating Utility,11.78,natural_gas,53.97,0.0,1.0,Shift B (Evening),1094.9,2.05
2026-09-08 19:00:00,Continuous Billet Casting Machine,Continuous Casting,60.94,none,0.0,766.6,1.0,Shift B (Evening),1172.9,3.08
2026-09-08 19:00:00,Soaking Pit Reheating Furnace,Reheating & Rolling,35.42,natural_gas,96.15,910.8,1.0,Shift B (Evening),1224.1,1.18
2026-09-08 19:00:00,Heavy Hydraulic Forging Press (1200T),Hot Forging & Pressing,90.8,none,0.0,619.1,1.0,Shift B (Evening),997.3,224.18
2026-09-08 19:00:00,High-Pressure Hydraulic Power Pack,Hydraulic Utility,70.85,none,0.0,0.0,1.0,Shift B (Evening),51.6,207.59
2026-09-08 19:00:00,Primary Cooling Tower & Water Pump Station,Cooling Utility,48.84,none,0.0,0.0,1.0,Shift B (Evening),27.5,3.82
2026-09-08 20:00:00,Medium Frequency Induction Melting Furnace (5T),Melting & Refining,268.84,none,0.0,831.0,1.0,Shift B (Evening),1566.8,0.98
2026-09-08 20:00:00,Oxy-Fuel Ladle Pre-Heating Station,Ladle Heating Utility,12.44,natural_gas,57.03,0.0,1.0,Shift B (Evening),1107.9,1.94
2026-09-08 20:00:00,Continuous Billet Casting Machine,Continuous Casting,62.17,none,0.0,782.1,1.0,Shift B (Evening),1158.6,2.93
2026-09-08 20:00:00,Soaking Pit Reheating Furnace,Reheating & Rolling,36.23,natural_gas,98.35,931.7,1.0,Shift B (Evening),1235.7,1.23
2026-09-08 20:00:00,Heavy Hydraulic Forging Press (1200T),Hot Forging & Pressing,85.48,none,0.0,582.8,1.0,Shift B (Evening),965.1,218.26
2026-09-08 20:00:00,High-Pressure Hydraulic Power Pack,Hydraulic Utility,72.28,none,0.0,0.0,1.0,Shift B (Evening),51.2,215.45
2026-09-08 20:00:00,Primary Cooling Tower & Water Pump Station,Cooling Utility,47.16,none,0.0,0.0,1.0,Shift B (Evening),27.6,3.77
2026-09-08 21:00:00,Medium Frequency Induction Melting Furnace (5T),Melting & Refining,285.33,none,0.0,881.9,1.0,Shift B (Evening),1536.3,1.02
2026-09-08 21:00:00,Oxy-Fuel Ladle Pre-Heating Station,Ladle Heating Utility,11.94,natural_gas,54.7,0.0,1.0,Shift B (Evening),1117.9,2.04
2026-09-08 21:00:00,Continuous Billet Casting Machine,Continuous Casting,60.81,none,0.0,765.0,1.0,Shift B (Evening),1165.8,3.03
2026-09-08 21:00:00,Soaking Pit Reheating Furnace,Reheating & Rolling,35.5,natural_gas,96.36,912.9,1.0,Shift B (Evening),1198.0,1.2
2026-09-08 21:00:00,Heavy Hydraulic Forging Press (1200T),Hot Forging & Pressing,89.01,none,0.0,606.9,1.0,Shift B (Evening),966.8,221.95
2026-09-08 21:00:00,High-Pressure Hydraulic Power Pack,Hydraulic Utility,73.82,none,0.0,0.0,1.0,Shift B (Evening),51.0,210.37
2026-09-08 21:00:00,Primary Cooling Tower & Water Pump Station,Cooling Utility,49.14,none,0.0,0.0,1.0,Shift B (Evening),28.4,3.87
2026-09-08 22:00:00,Medium Frequency Induction Melting Furnace (5T),Melting & Refining,268.9,none,0.0,831.1,1.0,Shift C (Night),1546.6,1.0
2026-09-08 22:00:00,Oxy-Fuel Ladle Pre-Heating Station,Ladle Heating Utility,12.07,natural_gas,55.34,0.0,1.0,Shift C (Night),1095.6,1.98
2026-09-08 22:00:00,Continuous Billet Casting Machine,Continuous Casting,60.45,none,0.0,760.5,1.0,Shift C (Night),1148.5,2.93
2026-09-08 22:00:00,Soaking Pit Reheating Furnace,Reheating & Rolling,36.15,natural_gas,98.12,929.6,1.0,Shift C (Night),1227.1,1.17
2026-09-08 22:00:00,Heavy Hydraulic Forging Press (1200T),Hot Forging & Pressing,89.85,none,0.0,612.6,1.0,Shift C (Night),987.9,224.16
2026-09-08 22:00:00,High-Pressure Hydraulic Power Pack,Hydraulic Utility,73.81,none,0.0,0.0,1.0,Shift C (Night),52.9,204.49
2026-09-08 22:00:00,Primary Cooling Tower & Water Pump Station,Cooling Utility,49.64,none,0.0,0.0,1.0,Shift C (Night),27.9,3.83
2026-09-08 23:00:00,Medium Frequency Induction Melting Furnace (5T),Melting & Refining,278.48,none,0.0,860.8,1.0,Shift C (Night),1521.8,0.97
2026-09-08 23:00:00,Oxy-Fuel Ladle Pre-Heating Station,Ladle Heating Utility,11.67,natural_gas,53.47,0.0,1.0,Shift C (Night),1115.7,1.96
2026-09-08 23:00:00,Continuous Billet Casting Machine,Continuous Casting,60.15,none,0.0,756.8,1.0,Shift C (Night),1141.2,2.97
2026-09-08 23:00:00,Soaking Pit Reheating Furnace,Reheating & Rolling,35.46,natural_gas,96.24,911.7,1.0,Shift C (Night),1241.7,1.17
2026-09-08 23:00:00,Heavy Hydraulic Forging Press (1200T),Hot Forging & Pressing,0.64,none,0.0,0.0,0.0,Shift C (Night),29.2,0.0
2026-09-08 23:00:00,High-Pressure Hydraulic Power Pack,Hydraulic Utility,32.84,none,0.0,0.0,0.0,Shift C (Night),41.6,178.5
2026-09-08 23:00:00,Primary Cooling Tower & Water Pump Station,Cooling Utility,48.74,none,0.0,0.0,1.0,Shift C (Night),27.6,3.9
2026-09-09 00:00:00,Medium Frequency Induction Melting Furnace (5T),Melting & Refining,280.79,none,0.0,867.9,1.0,Shift C (Night),1551.8,1.01
2026-09-09 00:00:00,Oxy-Fuel Ladle Pre-Heating Station,Ladle Heating Utility,11.6,natural_gas,53.18,0.0,1.0,Shift C (Night),1121.7,2.05
2026-09-09 00:00:00,Continuous Billet Casting Machine,Continuous Casting,60.5,none,0.0,761.2,1.0,Shift C (Night),1136.1,3.02
2026-09-09 00:00:00,Soaking Pit Reheating Furnace,Reheating & Rolling,1.09,natural_gas,0.0,0.0,0.0,Shift C (Night),28.6,0.0
2026-09-09 00:00:00,Heavy Hydraulic Forging Press (1200T),Hot Forging & Pressing,1.69,none,0.0,0.0,0.0,Shift C (Night),28.7,0.0
2026-09-09 00:00:00,High-Pressure Hydraulic Power Pack,Hydraulic Utility,31.6,none,0.0,0.0,0.0,Shift C (Night),41.6,178.5
2026-09-09 00:00:00,Primary Cooling Tower & Water Pump Station,Cooling Utility,48.39,none,0.0,0.0,1.0,Shift C (Night),27.6,3.85
2026-09-09 01:00:00,Medium Frequency Induction Melting Furnace (5T),Melting & Refining,282.83,none,0.0,874.2,1.0,Shift C (Night),1567.6,0.99
2026-09-09 01:00:00,Oxy-Fuel Ladle Pre-Heating Station,Ladle Heating Utility,12.21,natural_gas,55.96,0.0,1.0,Shift C (Night),1120.5,1.98
2026-09-09 01:00:00,Continuous Billet Casting Machine,Continuous Casting,63.95,none,0.0,804.5,1.0,Shift C (Night),1157.3,2.95
2026-09-09 01:00:00,Soaking Pit Reheating Furnace,Reheating & Rolling,0.93,natural_gas,0.0,0.0,0.0,Shift C (Night),28.7,0.0
2026-09-09 01:00:00,Heavy Hydraulic Forging Press (1200T),Hot Forging & Pressing,1.5,none,0.0,0.0,0.0,Shift C (Night),31.1,0.0
2026-09-09 01:00:00,High-Pressure Hydraulic Power Pack,Hydraulic Utility,30.21,none,0.0,0.0,0.0,Shift C (Night),41.6,178.5
2026-09-09 01:00:00,Primary Cooling Tower & Water Pump Station,Cooling Utility,48.77,none,0.0,0.0,1.0,Shift C (Night),27.7,3.81
2026-09-09 02:00:00,Medium Frequency Induction Melting Furnace (5T),Melting & Refining,277.37,none,0.0,857.3,1.0,Shift C (Night),1519.1,0.99
2026-09-09 02:00:00,Oxy-Fuel Ladle Pre-Heating Station,Ladle Heating Utility,11.97,natural_gas,54.88,0.0,1.0,Shift C (Night),1108.5,2.05
2026-09-09 02:00:00,Continuous Billet Casting Machine,Continuous Casting,63.64,none,0.0,800.7,1.0,Shift C (Night),1163.0,2.95
2026-09-09 02:00:00,Soaking Pit Reheating Furnace,Reheating & Rolling,0.92,natural_gas,0.0,0.0,0.0,Shift C (Night),29.7,0.0
2026-09-09 02:00:00,Heavy Hydraulic Forging Press (1200T),Hot Forging & Pressing,1.31,none,0.0,0.0,0.0,Shift C (Night),31.9,0.0
2026-09-09 02:00:00,High-Pressure Hydraulic Power Pack,Hydraulic Utility,30.35,none,0.0,0.0,0.0,Shift C (Night),41.6,178.5
2026-09-09 02:00:00,Primary Cooling Tower & Water Pump Station,Cooling Utility,46.43,none,0.0,0.0,1.0,Shift C (Night),27.5,3.91
2026-09-09 03:00:00,Medium Frequency Induction Melting Furnace (5T),Melting & Refining,265.0,none,0.0,819.1,1.0,Shift C (Night),1530.6,1.01
2026-09-09 03:00:00,Oxy-Fuel Ladle Pre-Heating Station,Ladle Heating Utility,12.28,natural_gas,56.27,0.0,1.0,Shift C (Night),1083.3,2.0
2026-09-09 03:00:00,Continuous Billet Casting Machine,Continuous Casting,60.31,none,0.0,758.7,1.0,Shift C (Night),1166.3,2.98
2026-09-09 03:00:00,Soaking Pit Reheating Furnace,Reheating & Rolling,0.74,natural_gas,0.0,0.0,0.0,Shift C (Night),30.0,0.0
2026-09-09 03:00:00,Heavy Hydraulic Forging Press (1200T),Hot Forging & Pressing,0.82,none,0.0,0.0,0.0,Shift C (Night),28.4,0.0
2026-09-09 03:00:00,High-Pressure Hydraulic Power Pack,Hydraulic Utility,31.22,none,0.0,0.0,0.0,Shift C (Night),41.6,178.5
2026-09-09 03:00:00,Primary Cooling Tower & Water Pump Station,Cooling Utility,49.74,none,0.0,0.0,1.0,Shift C (Night),28.5,3.74
2026-09-09 04:00:00,Medium Frequency Induction Melting Furnace (5T),Melting & Refining,285.18,none,0.0,881.5,1.0,Shift C (Night),1561.0,1.01
2026-09-09 04:00:00,Oxy-Fuel Ladle Pre-Heating Station,Ladle Heating Utility,11.7,natural_gas,53.6,0.0,1.0,Shift C (Night),1081.9,2.04
2026-09-09 04:00:00,Continuous Billet Casting Machine,Continuous Casting,62.82,none,0.0,790.4,1.0,Shift C (Night),1165.7,2.99
2026-09-09 04:00:00,Soaking Pit Reheating Furnace,Reheating & Rolling,1.59,natural_gas,0.0,0.0,0.0,Shift C (Night),29.0,0.0
2026-09-09 04:00:00,Heavy Hydraulic Forging Press (1200T),Hot Forging & Pressing,1.8,none,0.0,0.0,0.0,Shift C (Night),31.1,0.0
2026-09-09 04:00:00,High-Pressure Hydraulic Power Pack,Hydraulic Utility,30.39,none,0.0,0.0,0.0,Shift C (Night),41.6,178.5
2026-09-09 04:00:00,Primary Cooling Tower & Water Pump Station,Cooling Utility,47.33,none,0.0,0.0,1.0,Shift C (Night),28.3,3.72
2026-09-09 05:00:00,Medium Frequency Induction Melting Furnace (5T),Melting & Refining,268.62,none,0.0,830.3,1.0,Shift C (Night),1579.1,0.98
2026-09-09 05:00:00,Oxy-Fuel Ladle Pre-Heating Station,Ladle Heating Utility,12.18,natural_gas,55.84,0.0,1.0,Shift C (Night),1084.7,2.05
2026-09-09 05:00:00,Continuous Billet Casting Machine,Continuous Casting,64.08,none,0.0,806.2,1.0,Shift C (Night),1150.4,3.02
2026-09-09 05:00:00,Soaking Pit Reheating Furnace,Reheating & Rolling,1.66,natural_gas,0.0,0.0,0.0,Shift C (Night),29.2,0.0
2026-09-09 05:00:00,Heavy Hydraulic Forging Press (1200T),Hot Forging & Pressing,2.0,none,0.0,0.0,0.0,Shift C (Night),29.4,0.0
2026-09-09 05:00:00,High-Pressure Hydraulic Power Pack,Hydraulic Utility,32.95,none,0.0,0.0,0.0,Shift C (Night),41.6,178.5
2026-09-09 05:00:00,Primary Cooling Tower & Water Pump Station,Cooling Utility,49.37,none,0.0,0.0,1.0,Shift C (Night),28.1,3.85
2026-09-09 06:00:00,Medium Frequency Induction Melting Furnace (5T),Melting & Refining,278.63,none,0.0,861.2,1.0,Shift A (Morning),1561.5,1.02
2026-09-09 06:00:00,Oxy-Fuel Ladle Pre-Heating Station,Ladle Heating Utility,11.69,natural_gas,53.59,0.0,1.0,Shift A (Morning),1120.2,1.99
2026-09-09 06:00:00,Continuous Billet Casting Machine,Continuous Casting,61.39,none,0.0,772.3,1.0,Shift A (Morning),1164.8,3.02
2026-09-09 06:00:00,Soaking Pit Reheating Furnace,Reheating & Rolling,36.38,natural_gas,98.75,935.5,1.0,Shift A (Morning),1205.9,1.21
2026-09-09 06:00:00,Heavy Hydraulic Forging Press (1200T),Hot Forging & Pressing,90.82,none,0.0,619.2,1.0,Shift A (Morning),969.9,225.24
2026-09-09 06:00:00,High-Pressure Hydraulic Power Pack,Hydraulic Utility,73.67,none,0.0,0.0,1.0,Shift A (Morning),52.0,213.76
2026-09-09 06:00:00,Primary Cooling Tower & Water Pump Station,Cooling Utility,46.34,none,0.0,0.0,1.0,Shift A (Morning),28.2,3.81
2026-09-09 07:00:00,Medium Frequency Induction Melting Furnace (5T),Melting & Refining,269.97,none,0.0,834.5,1.0,Shift A (Morning),1561.4,1.0
2026-09-09 07:00:00,Oxy-Fuel Ladle Pre-Heating Station,Ladle Heating Utility,11.62,natural_gas,53.26,0.0,1.0,Shift A (Morning),1088.4,2.0
2026-09-09 07:00:00,Continuous Billet Casting Machine,Continuous Casting,61.08,none,0.0,768.5,1.0,Shift A (Morning),1166.4,3.08
2026-09-09 07:00:00,Soaking Pit Reheating Furnace,Reheating & Rolling,35.76,natural_gas,97.07,919.6,1.0,Shift A (Morning),1227.5,1.19
2026-09-09 07:00:00,Heavy Hydraulic Forging Press (1200T),Hot Forging & Pressing,84.58,none,0.0,576.7,1.0,Shift A (Morning),986.3,216.3
2026-09-09 07:00:00,High-Pressure Hydraulic Power Pack,Hydraulic Utility,71.34,none,0.0,0.0,1.0,Shift A (Morning),51.8,204.42
2026-09-09 07:00:00,Primary Cooling Tower & Water Pump Station,Cooling Utility,49.09,none,0.0,0.0,1.0,Shift A (Morning),28.2,3.74
2026-09-09 08:00:00,Medium Frequency Induction Melting Furnace (5T),Melting & Refining,282.22,none,0.0,872.3,1.0,Shift A (Morning),1548.4,0.99
2026-09-09 08:00:00,Oxy-Fuel Ladle Pre-Heating Station,Ladle Heating Utility,11.58,natural_gas,53.08,0.0,1.0,Shift A (Morning),1110.1,2.03
2026-09-09 08:00:00,Continuous Billet Casting Machine,Continuous Casting,59.74,none,0.0,751.6,1.0,Shift A (Morning),1141.6,3.01
2026-09-09 08:00:00,Soaking Pit Reheating Furnace,Reheating & Rolling,35.84,natural_gas,97.27,921.5,1.0,Shift A (Morning),1241.3,1.21
2026-09-09 08:00:00,Heavy Hydraulic Forging Press (1200T),Hot Forging & Pressing,87.07,none,0.0,593.7,1.0,Shift A (Morning),977.2,222.91
2026-09-09 08:00:00,High-Pressure Hydraulic Power Pack,Hydraulic Utility,69.53,none,0.0,0.0,1.0,Shift A (Morning),52.1,215.27
2026-09-09 08:00:00,Primary Cooling Tower & Water Pump Station,Cooling Utility,47.39,none,0.0,0.0,1.0,Shift A (Morning),27.9,3.69
2026-09-09 09:00:00,Medium Frequency Induction Melting Furnace (5T),Melting & Refining,284.53,none,0.0,879.5,1.0,Shift A (Morning),1524.7,1.01
2026-09-09 09:00:00,Oxy-Fuel Ladle Pre-Heating Station,Ladle Heating Utility,12.09,natural_gas,55.41,0.0,1.0,Shift A (Morning),1087.3,1.98
2026-09-09 09:00:00,Continuous Billet Casting Machine,Continuous Casting,62.23,none,0.0,782.9,1.0,Shift A (Morning),1143.5,2.94
2026-09-09 09:00:00,Soaking Pit Reheating Furnace,Reheating & Rolling,34.94,natural_gas,94.83,898.4,1.0,Shift A (Morning),1195.6,1.17
2026-09-09 09:00:00,Heavy Hydraulic Forging Press (1200T),Hot Forging & Pressing,86.27,none,0.0,588.2,1.0,Shift A (Morning),977.4,215.49
2026-09-09 09:00:00,High-Pressure Hydraulic Power Pack,Hydraulic Utility,69.21,none,0.0,0.0,1.0,Shift A (Morning),52.3,211.92
2026-09-09 09:00:00,Primary Cooling Tower & Water Pump Station,Cooling Utility,46.45,none,0.0,0.0,1.0,Shift A (Morning),28.3,3.71
2026-09-09 10:00:00,Medium Frequency Induction Melting Furnace (5T),Melting & Refining,270.76,none,0.0,836.9,1.0,Shift A (Morning),1577.3,1.0
2026-09-09 10:00:00,Oxy-Fuel Ladle Pre-Heating Station,Ladle Heating Utility,12.24,natural_gas,56.11,0.0,1.0,Shift A (Morning),1096.9,2.05
2026-09-09 10:00:00,Continuous Billet Casting Machine,Continuous Casting,61.52,none,0.0,774.0,1.0,Shift A (Morning),1151.5,3.03
2026-09-09 10:00:00,Soaking Pit Reheating Furnace,Reheating & Rolling,34.74,natural_gas,94.29,893.2,1.0,Shift A (Morning),1223.2,1.2
2026-09-09 10:00:00,Heavy Hydraulic Forging Press (1200T),Hot Forging & Pressing,86.0,none,0.0,586.3,1.0,Shift A (Morning),966.9,219.88
2026-09-09 10:00:00,High-Pressure Hydraulic Power Pack,Hydraulic Utility,71.91,none,0.0,0.0,1.0,Shift A (Morning),51.1,211.28
2026-09-09 10:00:00,Primary Cooling Tower & Water Pump Station,Cooling Utility,49.04,none,0.0,0.0,1.0,Shift A (Morning),27.6,3.83
2026-09-09 11:00:00,Medium Frequency Induction Melting Furnace (5T),Melting & Refining,278.85,none,0.0,861.9,1.0,Shift A (Morning),1520.8,1.03
2026-09-09 11:00:00,Oxy-Fuel Ladle Pre-Heating Station,Ladle Heating Utility,12.19,natural_gas,55.86,0.0,1.0,Shift A (Morning),1120.4,2.0
2026-09-09 11:00:00,Continuous Billet Casting Machine,Continuous Casting,61.88,none,0.0,778.4,1.0,Shift A (Morning),1152.1,2.97
2026-09-09 11:00:00,Soaking Pit Reheating Furnace,Reheating & Rolling,35.95,natural_gas,97.59,924.5,1.0,Shift A (Morning),1241.3,1.23
2026-09-09 11:00:00,Heavy Hydraulic Forging Press (1200T),Hot Forging & Pressing,89.3,none,0.0,608.9,1.0,Shift A (Morning),995.7,222.62
2026-09-09 11:00:00,High-Pressure Hydraulic Power Pack,Hydraulic Utility,70.9,none,0.0,0.0,1.0,Shift A (Morning),51.2,204.86
2026-09-09 11:00:00,Primary Cooling Tower & Water Pump Station,Cooling Utility,49.04,none,0.0,0.0,1.0,Shift A (Morning),27.8,3.73
2026-09-09 12:00:00,Medium Frequency Induction Melting Furnace (5T),Melting & Refining,284.98,none,0.0,880.9,1.0,Shift A (Morning),1560.7,1.02
2026-09-09 12:00:00,Oxy-Fuel Ladle Pre-Heating Station,Ladle Heating Utility,12.13,natural_gas,55.6,0.0,1.0,Shift A (Morning),1086.0,1.95
2026-09-09 12:00:00,Continuous Billet Casting Machine,Continuous Casting,59.75,none,0.0,751.7,1.0,Shift A (Morning),1132.6,2.92
2026-09-09 12:00:00,Soaking Pit Reheating Furnace,Reheating & Rolling,35.96,natural_gas,97.6,924.6,1.0,Shift A (Morning),1233.4,1.2
2026-09-09 12:00:00,Heavy Hydraulic Forging Press (1200T),Hot Forging & Pressing,87.14,none,0.0,594.2,1.0,Shift A (Morning),999.3,220.83
2026-09-09 12:00:00,High-Pressure Hydraulic Power Pack,Hydraulic Utility,71.75,none,0.0,0.0,1.0,Shift A (Morning),52.9,209.75
2026-09-09 12:00:00,Primary Cooling Tower & Water Pump Station,Cooling Utility,48.81,none,0.0,0.0,1.0,Shift A (Morning),27.4,3.78
2026-09-09 13:00:00,Medium Frequency Induction Melting Furnace (5T),Melting & Refining,276.35,none,0.0,854.2,1.0,Shift A (Morning),1543.5,0.99
2026-09-09 13:00:00,Oxy-Fuel Ladle Pre-Heating Station,Ladle Heating Utility,12.16,natural_gas,55.73,0.0,1.0,Shift A (Morning),1097.2,1.99
2026-09-09 13:00:00,Continuous Billet Casting Machine,Continuous Casting,62.36,none,0.0,784.5,1.0,Shift A (Morning),1154.3,3.08
2026-09-09 13:00:00,Soaking Pit Reheating Furnace,Reheating & Rolling,36.08,natural_gas,97.92,927.7,1.0,Shift A (Morning),1199.9,1.22
2026-09-09 13:00:00,Heavy Hydraulic Forging Press (1200T),Hot Forging & Pressing,87.2,none,0.0,594.5,1.0,Shift A (Morning),974.0,222.52
2026-09-09 13:00:00,High-Pressure Hydraulic Power Pack,Hydraulic Utility,69.31,none,0.0,0.0,1.0,Shift A (Morning),52.7,204.12
2026-09-09 13:00:00,Primary Cooling Tower & Water Pump Station,Cooling Utility,47.64,none,0.0,0.0,1.0,Shift A (Morning),27.8,3.85
2026-09-09 14:00:00,Medium Frequency Induction Melting Furnace (5T),Melting & Refining,274.35,none,0.0,848.0,1.0,Shift B (Evening),1521.3,1.01
2026-09-09 14:00:00,Oxy-Fuel Ladle Pre-Heating Station,Ladle Heating Utility,12.46,natural_gas,57.09,0.0,1.0,Shift B (Evening),1102.9,2.01
2026-09-09 14:00:00,Continuous Billet Casting Machine,Continuous Casting,64.3,none,0.0,808.9,1.0,Shift B (Evening),1147.3,2.93
2026-09-09 14:00:00,Soaking Pit Reheating Furnace,Reheating & Rolling,35.38,natural_gas,96.03,909.7,1.0,Shift B (Evening),1227.3,1.17
2026-09-09 14:00:00,Heavy Hydraulic Forging Press (1200T),Hot Forging & Pressing,89.38,none,0.0,609.4,1.0,Shift B (Evening),969.1,216.12
2026-09-09 14:00:00,High-Pressure Hydraulic Power Pack,Hydraulic Utility,73.12,none,0.0,0.0,1.0,Shift B (Evening),52.2,212.76
2026-09-09 14:00:00,Primary Cooling Tower & Water Pump Station,Cooling Utility,46.77,none,0.0,0.0,1.0,Shift B (Evening),27.8,3.72
2026-09-09 15:00:00,Medium Frequency Induction Melting Furnace (5T),Melting & Refining,267.54,none,0.0,827.0,1.0,Shift B (Evening),1544.6,0.98
2026-09-09 15:00:00,Oxy-Fuel Ladle Pre-Heating Station,Ladle Heating Utility,11.81,natural_gas,54.12,0.0,1.0,Shift B (Evening),1121.4,2.04
2026-09-09 15:00:00,Continuous Billet Casting Machine,Continuous Casting,62.57,none,0.0,787.1,1.0,Shift B (Evening),1169.1,3.02
2026-09-09 15:00:00,Soaking Pit Reheating Furnace,Reheating & Rolling,35.17,natural_gas,95.45,904.3,1.0,Shift B (Evening),1223.4,1.19
2026-09-09 15:00:00,Heavy Hydraulic Forging Press (1200T),Hot Forging & Pressing,87.25,none,0.0,594.9,1.0,Shift B (Evening),996.6,218.86
2026-09-09 15:00:00,High-Pressure Hydraulic Power Pack,Hydraulic Utility,71.62,none,0.0,0.0,1.0,Shift B (Evening),51.6,207.86
2026-09-09 15:00:00,Primary Cooling Tower & Water Pump Station,Cooling Utility,47.09,none,0.0,0.0,1.0,Shift B (Evening),28.4,3.9
2026-09-09 16:00:00,Medium Frequency Induction Melting Furnace (5T),Melting & Refining,280.4,none,0.0,866.7,1.0,Shift B (Evening),1538.1,0.99
2026-09-09 16:00:00,Oxy-Fuel Ladle Pre-Heating Station,Ladle Heating Utility,11.59,natural_gas,53.12,0.0,1.0,Shift B (Evening),1117.5,2.01
2026-09-09 16:00:00,Continuous Billet Casting Machine,Continuous Casting,61.48,none,0.0,773.5,1.0,Shift B (Evening),1169.7,3.02
2026-09-09 16:00:00,Soaking Pit Reheating Furnace,Reheating & Rolling,35.71,natural_gas,96.92,918.2,1.0,Shift B (Evening),1207.4,1.21
2026-09-09 16:00:00,Heavy Hydraulic Forging Press (1200T),Hot Forging & Pressing,90.52,none,0.0,617.2,1.0,Shift B (Evening),971.2,219.35
2026-09-09 16:00:00,High-Pressure Hydraulic Power Pack,Hydraulic Utility,70.42,none,0.0,0.0,1.0,Shift B (Evening),52.8,214.75
2026-09-09 16:00:00,Primary Cooling Tower & Water Pump Station,Cooling Utility,47.09,none,0.0,0.0,1.0,Shift B (Evening),28.0,3.84
2026-09-09 17:00:00,Medium Frequency Induction Melting Furnace (5T),Melting & Refining,278.46,none,0.0,860.7,1.0,Shift B (Evening),1553.8,0.98
2026-09-09 17:00:00,Oxy-Fuel Ladle Pre-Heating Station,Ladle Heating Utility,11.57,natural_gas,53.01,0.0,1.0,Shift B (Evening),1092.4,1.99
2026-09-09 17:00:00,Continuous Billet Casting Machine,Continuous Casting,62.52,none,0.0,786.6,1.0,Shift B (Evening),1148.9,3.08
2026-09-09 17:00:00,Soaking Pit Reheating Furnace,Reheating & Rolling,36.37,natural_gas,98.71,935.2,1.0,Shift B (Evening),1228.2,1.2
2026-09-09 17:00:00,Heavy Hydraulic Forging Press (1200T),Hot Forging & Pressing,89.9,none,0.0,613.0,1.0,Shift B (Evening),980.9,224.73
2026-09-09 17:00:00,High-Pressure Hydraulic Power Pack,Hydraulic Utility,70.67,none,0.0,0.0,1.0,Shift B (Evening),51.5,205.01
2026-09-09 17:00:00,Primary Cooling Tower & Water Pump Station,Cooling Utility,46.11,none,0.0,0.0,1.0,Shift B (Evening),28.4,3.82
2026-09-09 18:00:00,Medium Frequency Induction Melting Furnace (5T),Melting & Refining,266.84,none,0.0,824.8,1.0,Shift B (Evening),1561.9,0.98
2026-09-09 18:00:00,Oxy-Fuel Ladle Pre-Heating Station,Ladle Heating Utility,11.98,natural_gas,54.91,0.0,1.0,Shift B (Evening),1079.9,1.98
2026-09-09 18:00:00,Continuous Billet Casting Machine,Continuous Casting,63.98,none,0.0,804.9,1.0,Shift B (Evening),1150.9,2.94
2026-09-09 18:00:00,Soaking Pit Reheating Furnace,Reheating & Rolling,35.36,natural_gas,95.99,909.4,1.0,Shift B (Evening),1233.9,1.19
2026-09-09 18:00:00,Heavy Hydraulic Forging Press (1200T),Hot Forging & Pressing,87.81,none,0.0,598.7,1.0,Shift B (Evening),983.4,224.74
2026-09-09 18:00:00,High-Pressure Hydraulic Power Pack,Hydraulic Utility,69.84,none,0.0,0.0,1.0,Shift B (Evening),51.5,204.24
2026-09-09 18:00:00,Primary Cooling Tower & Water Pump Station,Cooling Utility,47.15,none,0.0,0.0,1.0,Shift B (Evening),27.9,3.76
2026-09-09 19:00:00,Medium Frequency Induction Melting Furnace (5T),Melting & Refining,284.44,none,0.0,879.2,1.0,Shift B (Evening),1528.2,1.01
2026-09-09 19:00:00,Oxy-Fuel Ladle Pre-Heating Station,Ladle Heating Utility,12.06,natural_gas,55.29,0.0,1.0,Shift B (Evening),1114.2,1.96
2026-09-09 19:00:00,Continuous Billet Casting Machine,Continuous Casting,63.18,none,0.0,794.8,1.0,Shift B (Evening),1143.4,2.93
2026-09-09 19:00:00,Soaking Pit Reheating Furnace,Reheating & Rolling,33.92,natural_gas,92.07,872.3,1.0,Shift B (Evening),1231.4,1.2
2026-09-09 19:00:00,Heavy Hydraulic Forging Press (1200T),Hot Forging & Pressing,90.52,none,0.0,617.2,1.0,Shift B (Evening),994.3,220.38
2026-09-09 19:00:00,High-Pressure Hydraulic Power Pack,Hydraulic Utility,72.55,none,0.0,0.0,1.0,Shift B (Evening),51.4,211.04
2026-09-09 19:00:00,Primary Cooling Tower & Water Pump Station,Cooling Utility,48.49,none,0.0,0.0,1.0,Shift B (Evening),28.4,3.91
2026-09-09 20:00:00,Medium Frequency Induction Melting Furnace (5T),Melting & Refining,276.22,none,0.0,853.8,1.0,Shift B (Evening),1545.7,1.02
2026-09-09 20:00:00,Oxy-Fuel Ladle Pre-Heating Station,Ladle Heating Utility,12.41,natural_gas,56.86,0.0,1.0,Shift B (Evening),1104.8,2.05
2026-09-09 20:00:00,Continuous Billet Casting Machine,Continuous Casting,60.82,none,0.0,765.1,1.0,Shift B (Evening),1143.6,2.96
2026-09-09 20:00:00,Soaking Pit Reheating Furnace,Reheating & Rolling,34.33,natural_gas,93.17,882.7,1.0,Shift B (Evening),1211.6,1.19
2026-09-09 20:00:00,Heavy Hydraulic Forging Press (1200T),Hot Forging & Pressing,85.08,none,0.0,580.1,1.0,Shift B (Evening),969.1,220.55
2026-09-09 20:00:00,High-Pressure Hydraulic Power Pack,Hydraulic Utility,71.26,none,0.0,0.0,1.0,Shift B (Evening),52.8,207.44
2026-09-09 20:00:00,Primary Cooling Tower & Water Pump Station,Cooling Utility,46.78,none,0.0,0.0,1.0,Shift B (Evening),28.4,3.72
2026-09-09 21:00:00,Medium Frequency Induction Melting Furnace (5T),Melting & Refining,278.76,none,0.0,861.6,1.0,Shift B (Evening),1527.4,1.02
2026-09-09 21:00:00,Oxy-Fuel Ladle Pre-Heating Station,Ladle Heating Utility,11.71,natural_gas,53.66,0.0,1.0,Shift B (Evening),1098.1,1.96
2026-09-09 21:00:00,Continuous Billet Casting Machine,Continuous Casting,61.54,none,0.0,774.2,1.0,Shift B (Evening),1157.2,2.91
2026-09-09 21:00:00,Soaking Pit Reheating Furnace,Reheating & Rolling,34.25,natural_gas,92.96,880.7,1.0,Shift B (Evening),1217.6,1.21
2026-09-09 21:00:00,Heavy Hydraulic Forging Press (1200T),Hot Forging & Pressing,88.03,none,0.0,600.2,1.0,Shift B (Evening),987.6,223.97
2026-09-09 21:00:00,High-Pressure Hydraulic Power Pack,Hydraulic Utility,71.4,none,0.0,0.0,1.0,Shift B (Evening),52.7,214.17
2026-09-09 21:00:00,Primary Cooling Tower & Water Pump Station,Cooling Utility,46.21,none,0.0,0.0,1.0,Shift B (Evening),28.3,3.91
2026-09-09 22:00:00,Medium Frequency Induction Melting Furnace (5T),Melting & Refining,278.32,none,0.0,860.3,1.0,Shift C (Night),1563.1,1.02
2026-09-09 22:00:00,Oxy-Fuel Ladle Pre-Heating Station,Ladle Heating Utility,12.07,natural_gas,55.3,0.0,1.0,Shift C (Night),1090.3,2.03
2026-09-09 22:00:00,Continuous Billet Casting Machine,Continuous Casting,64.28,none,0.0,808.7,1.0,Shift C (Night),1134.0,3.05
2026-09-09 22:00:00,Soaking Pit Reheating Furnace,Reheating & Rolling,33.85,natural_gas,91.88,870.5,1.0,Shift C (Night),1227.9,1.2
2026-09-09 22:00:00,Heavy Hydraulic Forging Press (1200T),Hot Forging & Pressing,90.74,none,0.0,618.7,1.0,Shift C (Night),962.9,216.88
2026-09-09 22:00:00,High-Pressure Hydraulic Power Pack,Hydraulic Utility,74.84,none,0.0,0.0,1.0,Shift C (Night),51.6,214.3
2026-09-09 22:00:00,Primary Cooling Tower & Water Pump Station,Cooling Utility,46.3,none,0.0,0.0,1.0,Shift C (Night),27.7,3.87
2026-09-09 23:00:00,Medium Frequency Induction Melting Furnace (5T),Melting & Refining,282.36,none,0.0,872.8,1.0,Shift C (Night),1577.7,0.98
2026-09-09 23:00:00,Oxy-Fuel Ladle Pre-Heating Station,Ladle Heating Utility,12.3,natural_gas,56.39,0.0,1.0,Shift C (Night),1104.8,1.97
2026-09-09 23:00:00,Continuous Billet Casting Machine,Continuous Casting,61.46,none,0.0,773.2,1.0,Shift C (Night),1135.3,3.05
2026-09-09 23:00:00,Soaking Pit Reheating Furnace,Reheating & Rolling,35.64,natural_gas,96.75,916.5,1.0,Shift C (Night),1232.4,1.22
2026-09-09 23:00:00,Heavy Hydraulic Forging Press (1200T),Hot Forging & Pressing,0.88,none,0.0,0.0,0.0,Shift C (Night),28.5,0.0
2026-09-09 23:00:00,High-Pressure Hydraulic Power Pack,Hydraulic Utility,32.97,none,0.0,0.0,0.0,Shift C (Night),41.6,178.5
2026-09-09 23:00:00,Primary Cooling Tower & Water Pump Station,Cooling Utility,48.47,none,0.0,0.0,1.0,Shift C (Night),27.7,3.72
2026-09-10 00:00:00,Medium Frequency Induction Melting Furnace (5T),Melting & Refining,266.96,none,0.0,825.1,1.0,Shift C (Night),1543.9,1.03
2026-09-10 00:00:00,Oxy-Fuel Ladle Pre-Heating Station,Ladle Heating Utility,11.73,natural_gas,53.75,0.0,1.0,Shift C (Night),1116.6,1.97
2026-09-10 00:00:00,Continuous Billet Casting Machine,Continuous Casting,60.61,none,0.0,762.5,1.0,Shift C (Night),1138.7,2.99
2026-09-10 00:00:00,Soaking Pit Reheating Furnace,Reheating & Rolling,0.69,natural_gas,0.0,0.0,0.0,Shift C (Night),30.8,0.0
2026-09-10 00:00:00,Heavy Hydraulic Forging Press (1200T),Hot Forging & Pressing,1.54,none,0.0,0.0,0.0,Shift C (Night),29.7,0.0
2026-09-10 00:00:00,High-Pressure Hydraulic Power Pack,Hydraulic Utility,30.28,none,0.0,0.0,0.0,Shift C (Night),41.6,178.5
2026-09-10 00:00:00,Primary Cooling Tower & Water Pump Station,Cooling Utility,49.66,none,0.0,0.0,1.0,Shift C (Night),27.5,3.88
2026-09-10 01:00:00,Medium Frequency Induction Melting Furnace (5T),Melting & Refining,267.12,none,0.0,825.7,1.0,Shift C (Night),1548.7,1.01
2026-09-10 01:00:00,Oxy-Fuel Ladle Pre-Heating Station,Ladle Heating Utility,12.24,natural_gas,56.1,0.0,1.0,Shift C (Night),1091.9,2.05
2026-09-10 01:00:00,Continuous Billet Casting Machine,Continuous Casting,59.8,none,0.0,752.3,1.0,Shift C (Night),1139.8,2.98
2026-09-10 01:00:00,Soaking Pit Reheating Furnace,Reheating & Rolling,0.68,natural_gas,0.0,0.0,0.0,Shift C (Night),31.8,0.0
2026-09-10 01:00:00,Heavy Hydraulic Forging Press (1200T),Hot Forging & Pressing,0.84,none,0.0,0.0,0.0,Shift C (Night),28.9,0.0
2026-09-10 01:00:00,High-Pressure Hydraulic Power Pack,Hydraulic Utility,30.91,none,0.0,0.0,0.0,Shift C (Night),41.6,178.5
2026-09-10 01:00:00,Primary Cooling Tower & Water Pump Station,Cooling Utility,49.04,none,0.0,0.0,1.0,Shift C (Night),28.4,3.72
2026-09-10 02:00:00,Medium Frequency Induction Melting Furnace (5T),Melting & Refining,264.64,none,0.0,818.0,1.0,Shift C (Night),1535.8,1.03
2026-09-10 02:00:00,Oxy-Fuel Ladle Pre-Heating Station,Ladle Heating Utility,12.28,natural_gas,56.29,0.0,1.0,Shift C (Night),1080.1,2.0
2026-09-10 02:00:00,Continuous Billet Casting Machine,Continuous Casting,61.79,none,0.0,777.4,1.0,Shift C (Night),1170.5,3.05
2026-09-10 02:00:00,Soaking Pit Reheating Furnace,Reheating & Rolling,1.73,natural_gas,0.0,0.0,0.0,Shift C (Night),31.2,0.0
2026-09-10 02:00:00,Heavy Hydraulic Forging Press (1200T),Hot Forging & Pressing,1.88,none,0.0,0.0,0.0,Shift C (Night),28.1,0.0
2026-09-10 02:00:00,High-Pressure Hydraulic Power Pack,Hydraulic Utility,30.27,none,0.0,0.0,0.0,Shift C (Night),41.6,178.5
2026-09-10 02:00:00,Primary Cooling Tower & Water Pump Station,Cooling Utility,46.71,none,0.0,0.0,1.0,Shift C (Night),27.6,3.87
2026-09-10 03:00:00,Medium Frequency Induction Melting Furnace (5T),Melting & Refining,270.44,none,0.0,835.9,1.0,Shift C (Night),1573.6,0.97
2026-09-10 03:00:00,Oxy-Fuel Ladle Pre-Heating Station,Ladle Heating Utility,12.3,natural_gas,56.38,0.0,1.0,Shift C (Night),1109.8,2.05
2026-09-10 03:00:00,Continuous Billet Casting Machine,Continuous Casting,60.8,none,0.0,765.0,1.0,Shift C (Night),1167.6,2.99
2026-09-10 03:00:00,Soaking Pit Reheating Furnace,Reheating & Rolling,1.69,natural_gas,0.0,0.0,0.0,Shift C (Night),28.4,0.0
2026-09-10 03:00:00,Heavy Hydraulic Forging Press (1200T),Hot Forging & Pressing,1.88,none,0.0,0.0,0.0,Shift C (Night),30.6,0.0
2026-09-10 03:00:00,High-Pressure Hydraulic Power Pack,Hydraulic Utility,31.45,none,0.0,0.0,0.0,Shift C (Night),41.6,178.5
2026-09-10 03:00:00,Primary Cooling Tower & Water Pump Station,Cooling Utility,47.31,none,0.0,0.0,1.0,Shift C (Night),27.7,3.71
2026-09-10 04:00:00,Medium Frequency Induction Melting Furnace (5T),Melting & Refining,281.31,none,0.0,869.5,1.0,Shift C (Night),1556.2,1.02
2026-09-10 04:00:00,Oxy-Fuel Ladle Pre-Heating Station,Ladle Heating Utility,12.41,natural_gas,56.87,0.0,1.0,Shift C (Night),1080.2,1.98
2026-09-10 04:00:00,Continuous Billet Casting Machine,Continuous Casting,62.21,none,0.0,782.6,1.0,Shift C (Night),1151.7,3.08
2026-09-10 04:00:00,Soaking Pit Reheating Furnace,Reheating & Rolling,0.82,natural_gas,0.0,0.0,0.0,Shift C (Night),30.7,0.0
2026-09-10 04:00:00,Heavy Hydraulic Forging Press (1200T),Hot Forging & Pressing,1.48,none,0.0,0.0,0.0,Shift C (Night),29.4,0.0
2026-09-10 04:00:00,High-Pressure Hydraulic Power Pack,Hydraulic Utility,32.36,none,0.0,0.0,0.0,Shift C (Night),41.6,178.5
2026-09-10 04:00:00,Primary Cooling Tower & Water Pump Station,Cooling Utility,46.33,none,0.0,0.0,1.0,Shift C (Night),27.6,3.82
2026-09-10 05:00:00,Medium Frequency Induction Melting Furnace (5T),Melting & Refining,281.66,none,0.0,870.6,1.0,Shift C (Night),1555.3,1.01
2026-09-10 05:00:00,Oxy-Fuel Ladle Pre-Heating Station,Ladle Heating Utility,11.89,natural_gas,54.5,0.0,1.0,Shift C (Night),1111.4,1.97
2026-09-10 05:00:00,Continuous Billet Casting Machine,Continuous Casting,60.78,none,0.0,764.7,1.0,Shift C (Night),1150.3,3.04
2026-09-10 05:00:00,Soaking Pit Reheating Furnace,Reheating & Rolling,1.93,natural_gas,0.0,0.0,0.0,Shift C (Night),29.9,0.0
2026-09-10 05:00:00,Heavy Hydraulic Forging Press (1200T),Hot Forging & Pressing,1.48,none,0.0,0.0,0.0,Shift C (Night),29.8,0.0
2026-09-10 05:00:00,High-Pressure Hydraulic Power Pack,Hydraulic Utility,31.85,none,0.0,0.0,0.0,Shift C (Night),41.6,178.5
2026-09-10 05:00:00,Primary Cooling Tower & Water Pump Station,Cooling Utility,46.37,none,0.0,0.0,1.0,Shift C (Night),27.6,3.72
2026-09-10 06:00:00,Medium Frequency Induction Melting Furnace (5T),Melting & Refining,265.89,none,0.0,821.8,1.0,Shift A (Morning),1521.9,1.0
2026-09-10 06:00:00,Oxy-Fuel Ladle Pre-Heating Station,Ladle Heating Utility,12.45,natural_gas,57.05,0.0,1.0,Shift A (Morning),1079.8,2.02
2026-09-10 06:00:00,Continuous Billet Casting Machine,Continuous Casting,64.39,none,0.0,810.1,1.0,Shift A (Morning),1152.4,3.06
2026-09-10 06:00:00,Soaking Pit Reheating Furnace,Reheating & Rolling,35.68,natural_gas,96.84,917.5,1.0,Shift A (Morning),1198.0,1.23
2026-09-10 06:00:00,Heavy Hydraulic Forging Press (1200T),Hot Forging & Pressing,91.35,none,0.0,622.8,1.0,Shift A (Morning),963.3,224.69
2026-09-10 06:00:00,High-Pressure Hydraulic Power Pack,Hydraulic Utility,74.09,none,0.0,0.0,1.0,Shift A (Morning),52.0,212.44
2026-09-10 06:00:00,Primary Cooling Tower & Water Pump Station,Cooling Utility,49.14,none,0.0,0.0,1.0,Shift A (Morning),28.5,3.82
2026-09-10 07:00:00,Medium Frequency Induction Melting Furnace (5T),Melting & Refining,271.76,none,0.0,840.0,1.0,Shift A (Morning),1555.4,1.01
2026-09-10 07:00:00,Oxy-Fuel Ladle Pre-Heating Station,Ladle Heating Utility,11.76,natural_gas,53.91,0.0,1.0,Shift A (Morning),1093.6,2.01
2026-09-10 07:00:00,Continuous Billet Casting Machine,Continuous Casting,63.17,none,0.0,794.7,1.0,Shift A (Morning),1168.3,2.93
2026-09-10 07:00:00,Soaking Pit Reheating Furnace,Reheating & Rolling,33.89,natural_gas,91.98,871.3,1.0,Shift A (Morning),1204.2,1.23
2026-09-10 07:00:00,Heavy Hydraulic Forging Press (1200T),Hot Forging & Pressing,91.14,none,0.0,621.4,1.0,Shift A (Morning),989.7,216.7
2026-09-10 07:00:00,High-Pressure Hydraulic Power Pack,Hydraulic Utility,72.33,none,0.0,0.0,1.0,Shift A (Morning),51.3,203.97
2026-09-10 07:00:00,Primary Cooling Tower & Water Pump Station,Cooling Utility,49.37,none,0.0,0.0,1.0,Shift A (Morning),27.6,3.71
2026-09-10 08:00:00,Medium Frequency Induction Melting Furnace (5T),Melting & Refining,267.88,none,0.0,828.0,1.0,Shift A (Morning),1561.1,1.01
2026-09-10 08:00:00,Oxy-Fuel Ladle Pre-Heating Station,Ladle Heating Utility,11.77,natural_gas,53.95,0.0,1.0,Shift A (Morning),1116.7,1.99
2026-09-10 08:00:00,Continuous Billet Casting Machine,Continuous Casting,64.27,none,0.0,808.6,1.0,Shift A (Morning),1168.8,3.04
2026-09-10 08:00:00,Soaking Pit Reheating Furnace,Reheating & Rolling,33.6,natural_gas,91.21,864.1,1.0,Shift A (Morning),1221.9,1.18
2026-09-10 08:00:00,Heavy Hydraulic Forging Press (1200T),Hot Forging & Pressing,91.35,none,0.0,622.9,1.0,Shift A (Morning),971.9,219.25
2026-09-10 08:00:00,High-Pressure Hydraulic Power Pack,Hydraulic Utility,74.33,none,0.0,0.0,1.0,Shift A (Morning),51.0,210.03
2026-09-10 08:00:00,Primary Cooling Tower & Water Pump Station,Cooling Utility,48.07,none,0.0,0.0,1.0,Shift A (Morning),28.0,3.82
2026-09-10 09:00:00,Medium Frequency Induction Melting Furnace (5T),Melting & Refining,271.27,none,0.0,838.5,1.0,Shift A (Morning),1535.8,0.97
2026-09-10 09:00:00,Oxy-Fuel Ladle Pre-Heating Station,Ladle Heating Utility,11.68,natural_gas,53.53,0.0,1.0,Shift A (Morning),1115.8,2.01
2026-09-10 09:00:00,Continuous Billet Casting Machine,Continuous Casting,61.39,none,0.0,772.4,1.0,Shift A (Morning),1150.3,2.97
2026-09-10 09:00:00,Soaking Pit Reheating Furnace,Reheating & Rolling,35.31,natural_gas,95.85,908.1,1.0,Shift A (Morning),1238.3,1.18
2026-09-10 09:00:00,Heavy Hydraulic Forging Press (1200T),Hot Forging & Pressing,89.28,none,0.0,608.7,1.0,Shift A (Morning),979.9,221.64
2026-09-10 09:00:00,High-Pressure Hydraulic Power Pack,Hydraulic Utility,74.33,none,0.0,0.0,1.0,Shift A (Morning),51.8,211.7
2026-09-10 09:00:00,Primary Cooling Tower & Water Pump Station,Cooling Utility,46.88,none,0.0,0.0,1.0,Shift A (Morning),28.5,3.82
2026-09-10 10:00:00,Medium Frequency Induction Melting Furnace (5T),Melting & Refining,270.96,none,0.0,837.5,1.0,Shift A (Morning),1533.5,0.98
2026-09-10 10:00:00,Oxy-Fuel Ladle Pre-Heating Station,Ladle Heating Utility,12.4,natural_gas,56.85,0.0,1.0,Shift A (Morning),1098.9,2.04
2026-09-10 10:00:00,Continuous Billet Casting Machine,Continuous Casting,60.31,none,0.0,758.8,1.0,Shift A (Morning),1143.5,2.94
2026-09-10 10:00:00,Soaking Pit Reheating Furnace,Reheating & Rolling,34.77,natural_gas,94.38,894.1,1.0,Shift A (Morning),1238.8,1.19
2026-09-10 10:00:00,Heavy Hydraulic Forging Press (1200T),Hot Forging & Pressing,85.07,none,0.0,580.0,1.0,Shift A (Morning),992.1,215.17
2026-09-10 10:00:00,High-Pressure Hydraulic Power Pack,Hydraulic Utility,72.89,none,0.0,0.0,1.0,Shift A (Morning),52.2,215.39
2026-09-10 10:00:00,Primary Cooling Tower & Water Pump Station,Cooling Utility,46.66,none,0.0,0.0,1.0,Shift A (Morning),27.8,3.7
2026-09-10 11:00:00,Medium Frequency Induction Melting Furnace (5T),Melting & Refining,284.33,none,0.0,878.8,1.0,Shift A (Morning),1578.2,1.02
2026-09-10 11:00:00,Oxy-Fuel Ladle Pre-Heating Station,Ladle Heating Utility,11.73,natural_gas,53.76,0.0,1.0,Shift A (Morning),1084.7,1.98
2026-09-10 11:00:00,Continuous Billet Casting Machine,Continuous Casting,63.28,none,0.0,796.1,1.0,Shift A (Morning),1159.3,2.98
2026-09-10 11:00:00,Soaking Pit Reheating Furnace,Reheating & Rolling,34.82,natural_gas,94.51,895.4,1.0,Shift A (Morning),1218.2,1.22
2026-09-10 11:00:00,Heavy Hydraulic Forging Press (1200T),Hot Forging & Pressing,85.57,none,0.0,583.4,1.0,Shift A (Morning),976.4,224.31
2026-09-10 11:00:00,High-Pressure Hydraulic Power Pack,Hydraulic Utility,73.28,none,0.0,0.0,1.0,Shift A (Morning),52.3,215.72
2026-09-10 11:00:00,Primary Cooling Tower & Water Pump Station,Cooling Utility,46.24,none,0.0,0.0,1.0,Shift A (Morning),27.9,3.76
2026-09-10 12:00:00,Medium Frequency Induction Melting Furnace (5T),Melting & Refining,269.7,none,0.0,833.6,1.0,Shift A (Morning),1550.9,1.01
2026-09-10 12:00:00,Oxy-Fuel Ladle Pre-Heating Station,Ladle Heating Utility,12.05,natural_gas,55.23,0.0,1.0,Shift A (Morning),1082.3,1.96
2026-09-10 12:00:00,Continuous Billet Casting Machine,Continuous Casting,60.05,none,0.0,755.5,1.0,Shift A (Morning),1157.1,3.05
2026-09-10 12:00:00,Soaking Pit Reheating Furnace,Reheating & Rolling,33.71,natural_gas,91.51,866.9,1.0,Shift A (Morning),1208.9,1.2
2026-09-10 12:00:00,Heavy Hydraulic Forging Press (1200T),Hot Forging & Pressing,90.47,none,0.0,616.8,1.0,Shift A (Morning),988.0,215.47
2026-09-10 12:00:00,High-Pressure Hydraulic Power Pack,Hydraulic Utility,73.84,none,0.0,0.0,1.0,Shift A (Morning),51.1,214.42
2026-09-10 12:00:00,Primary Cooling Tower & Water Pump Station,Cooling Utility,46.44,none,0.0,0.0,1.0,Shift A (Morning),28.4,3.86
2026-09-10 13:00:00,Medium Frequency Induction Melting Furnace (5T),Melting & Refining,272.19,none,0.0,841.3,1.0,Shift A (Morning),1537.4,1.01
2026-09-10 13:00:00,Oxy-Fuel Ladle Pre-Heating Station,Ladle Heating Utility,12.37,natural_gas,56.69,0.0,1.0,Shift A (Morning),1109.3,2.0
2026-09-10 13:00:00,Continuous Billet Casting Machine,Continuous Casting,63.83,none,0.0,803.1,1.0,Shift A (Morning),1152.0,3.01
2026-09-10 13:00:00,Soaking Pit Reheating Furnace,Reheating & Rolling,36.38,natural_gas,98.73,935.4,1.0,Shift A (Morning),1210.1,1.16
2026-09-10 13:00:00,Heavy Hydraulic Forging Press (1200T),Hot Forging & Pressing,89.86,none,0.0,612.7,1.0,Shift A (Morning),964.7,217.71
2026-09-10 13:00:00,High-Pressure Hydraulic Power Pack,Hydraulic Utility,72.32,none,0.0,0.0,1.0,Shift A (Morning),51.1,207.6
2026-09-10 13:00:00,Primary Cooling Tower & Water Pump Station,Cooling Utility,47.25,none,0.0,0.0,1.0,Shift A (Morning),27.6,3.88
2026-09-10 14:00:00,Medium Frequency Induction Melting Furnace (5T),Melting & Refining,264.02,none,0.0,816.1,1.0,Shift B (Evening),1568.3,0.98
2026-09-10 14:00:00,Oxy-Fuel Ladle Pre-Heating Station,Ladle Heating Utility,12.41,natural_gas,56.88,0.0,1.0,Shift B (Evening),1118.3,2.0
2026-09-10 14:00:00,Continuous Billet Casting Machine,Continuous Casting,62.69,none,0.0,788.6,1.0,Shift B (Evening),1149.1,3.06
2026-09-10 14:00:00,Soaking Pit Reheating Furnace,Reheating & Rolling,35.06,natural_gas,95.16,901.5,1.0,Shift B (Evening),1233.5,1.23
2026-09-10 14:00:00,Heavy Hydraulic Forging Press (1200T),Hot Forging & Pressing,88.97,none,0.0,606.6,1.0,Shift B (Evening),971.4,224.89
2026-09-10 14:00:00,High-Pressure Hydraulic Power Pack,Hydraulic Utility,73.43,none,0.0,0.0,1.0,Shift B (Evening),52.6,205.2
2026-09-10 14:00:00,Primary Cooling Tower & Water Pump Station,Cooling Utility,47.75,none,0.0,0.0,1.0,Shift B (Evening),27.6,3.75
2026-09-10 15:00:00,Medium Frequency Induction Melting Furnace (5T),Melting & Refining,267.97,none,0.0,828.3,1.0,Shift B (Evening),1556.9,1.01
2026-09-10 15:00:00,Oxy-Fuel Ladle Pre-Heating Station,Ladle Heating Utility,11.94,natural_gas,54.72,0.0,1.0,Shift B (Evening),1084.4,1.95
2026-09-10 15:00:00,Continuous Billet Casting Machine,Continuous Casting,60.43,none,0.0,760.2,1.0,Shift B (Evening),1141.1,2.92
2026-09-10 15:00:00,Soaking Pit Reheating Furnace,Reheating & Rolling,34.4,natural_gas,93.36,884.5,1.0,Shift B (Evening),1225.5,1.2
2026-09-10 15:00:00,Heavy Hydraulic Forging Press (1200T),Hot Forging & Pressing,90.08,none,0.0,614.2,1.0,Shift B (Evening),964.8,223.07
2026-09-10 15:00:00,High-Pressure Hydraulic Power Pack,Hydraulic Utility,74.52,none,0.0,0.0,1.0,Shift B (Evening),52.9,210.86
2026-09-10 15:00:00,Primary Cooling Tower & Water Pump Station,Cooling Utility,49.39,none,0.0,0.0,1.0,Shift B (Evening),28.4,3.71
2026-09-10 16:00:00,Medium Frequency Induction Melting Furnace (5T),Melting & Refining,282.98,none,0.0,874.7,1.0,Shift B (Evening),1546.7,1.02
2026-09-10 16:00:00,Oxy-Fuel Ladle Pre-Heating Station,Ladle Heating Utility,11.91,natural_gas,54.59,0.0,1.0,Shift B (Evening),1104.8,2.06
2026-09-10 16:00:00,Continuous Billet Casting Machine,Continuous Casting,60.9,none,0.0,766.1,1.0,Shift B (Evening),1158.8,2.93
2026-09-10 16:00:00,Soaking Pit Reheating Furnace,Reheating & Rolling,34.05,natural_gas,92.42,875.6,1.0,Shift B (Evening),1229.7,1.17
2026-09-10 16:00:00,Heavy Hydraulic Forging Press (1200T),Hot Forging & Pressing,88.35,none,0.0,602.4,1.0,Shift B (Evening),962.6,224.95
2026-09-10 16:00:00,High-Pressure Hydraulic Power Pack,Hydraulic Utility,71.55,none,0.0,0.0,1.0,Shift B (Evening),51.0,212.37
2026-09-10 16:00:00,Primary Cooling Tower & Water Pump Station,Cooling Utility,46.73,none,0.0,0.0,1.0,Shift B (Evening),27.4,3.69
2026-09-10 17:00:00,Medium Frequency Induction Melting Furnace (5T),Melting & Refining,284.6,none,0.0,879.7,1.0,Shift B (Evening),1565.4,1.0
2026-09-10 17:00:00,Oxy-Fuel Ladle Pre-Heating Station,Ladle Heating Utility,11.71,natural_gas,53.65,0.0,1.0,Shift B (Evening),1095.4,2.04
2026-09-10 17:00:00,Continuous Billet Casting Machine,Continuous Casting,59.54,none,0.0,749.0,1.0,Shift B (Evening),1156.1,2.97
2026-09-10 17:00:00,Soaking Pit Reheating Furnace,Reheating & Rolling,34.1,natural_gas,92.56,876.9,1.0,Shift B (Evening),1207.5,1.2
2026-09-10 17:00:00,Heavy Hydraulic Forging Press (1200T),Hot Forging & Pressing,86.13,none,0.0,587.3,1.0,Shift B (Evening),988.2,225.75
2026-09-10 17:00:00,High-Pressure Hydraulic Power Pack,Hydraulic Utility,72.31,none,0.0,0.0,1.0,Shift B (Evening),51.3,208.97
2026-09-10 17:00:00,Primary Cooling Tower & Water Pump Station,Cooling Utility,49.19,none,0.0,0.0,1.0,Shift B (Evening),27.6,3.86
2026-09-10 18:00:00,Medium Frequency Induction Melting Furnace (5T),Melting & Refining,280.88,none,0.0,868.2,1.0,Shift B (Evening),1522.9,1.0
2026-09-10 18:00:00,Oxy-Fuel Ladle Pre-Heating Station,Ladle Heating Utility,12.03,natural_gas,55.15,0.0,1.0,Shift B (Evening),1097.0,2.04
2026-09-10 18:00:00,Continuous Billet Casting Machine,Continuous Casting,63.27,none,0.0,796.0,1.0,Shift B (Evening),1169.9,3.06
2026-09-10 18:00:00,Soaking Pit Reheating Furnace,Reheating & Rolling,34.1,natural_gas,92.55,876.8,1.0,Shift B (Evening),1222.7,1.23
2026-09-10 18:00:00,Heavy Hydraulic Forging Press (1200T),Hot Forging & Pressing,90.69,none,0.0,618.3,1.0,Shift B (Evening),980.1,225.19
2026-09-10 18:00:00,High-Pressure Hydraulic Power Pack,Hydraulic Utility,73.0,none,0.0,0.0,1.0,Shift B (Evening),52.8,206.27
2026-09-10 18:00:00,Primary Cooling Tower & Water Pump Station,Cooling Utility,49.21,none,0.0,0.0,1.0,Shift B (Evening),27.9,3.86
2026-09-10 19:00:00,Medium Frequency Induction Melting Furnace (5T),Melting & Refining,275.12,none,0.0,850.4,1.0,Shift B (Evening),1558.4,1.02
2026-09-10 19:00:00,Oxy-Fuel Ladle Pre-Heating Station,Ladle Heating Utility,12.44,natural_gas,57.04,0.0,1.0,Shift B (Evening),1118.2,2.03
2026-09-10 19:00:00,Continuous Billet Casting Machine,Continuous Casting,63.33,none,0.0,796.7,1.0,Shift B (Evening),1135.1,2.99
2026-09-10 19:00:00,Soaking Pit Reheating Furnace,Reheating & Rolling,34.29,natural_gas,93.08,881.8,1.0,Shift B (Evening),1222.5,1.23
2026-09-10 19:00:00,Heavy Hydraulic Forging Press (1200T),Hot Forging & Pressing,85.24,none,0.0,581.2,1.0,Shift B (Evening),998.5,215.91
2026-09-10 19:00:00,High-Pressure Hydraulic Power Pack,Hydraulic Utility,72.94,none,0.0,0.0,1.0,Shift B (Evening),52.6,206.23
2026-09-10 19:00:00,Primary Cooling Tower & Water Pump Station,Cooling Utility,46.95,none,0.0,0.0,1.0,Shift B (Evening),28.1,3.71
2026-09-10 20:00:00,Medium Frequency Induction Melting Furnace (5T),Melting & Refining,275.89,none,0.0,852.8,1.0,Shift B (Evening),1550.5,1.03
2026-09-10 20:00:00,Oxy-Fuel Ladle Pre-Heating Station,Ladle Heating Utility,11.86,natural_gas,54.34,0.0,1.0,Shift B (Evening),1086.2,2.03
2026-09-10 20:00:00,Continuous Billet Casting Machine,Continuous Casting,63.13,none,0.0,794.2,1.0,Shift B (Evening),1129.9,3.0
2026-09-10 20:00:00,Soaking Pit Reheating Furnace,Reheating & Rolling,35.58,natural_gas,96.58,915.0,1.0,Shift B (Evening),1232.9,1.23
2026-09-10 20:00:00,Heavy Hydraulic Forging Press (1200T),Hot Forging & Pressing,84.62,none,0.0,576.9,1.0,Shift B (Evening),997.7,219.77
2026-09-10 20:00:00,High-Pressure Hydraulic Power Pack,Hydraulic Utility,71.34,none,0.0,0.0,1.0,Shift B (Evening),52.3,209.02
2026-09-10 20:00:00,Primary Cooling Tower & Water Pump Station,Cooling Utility,48.5,none,0.0,0.0,1.0,Shift B (Evening),27.9,3.82
2026-09-10 21:00:00,Medium Frequency Induction Melting Furnace (5T),Melting & Refining,264.14,none,0.0,816.4,1.0,Shift B (Evening),1574.7,1.0
2026-09-10 21:00:00,Oxy-Fuel Ladle Pre-Heating Station,Ladle Heating Utility,11.62,natural_gas,53.24,0.0,1.0,Shift B (Evening),1106.8,1.97
2026-09-10 21:00:00,Continuous Billet Casting Machine,Continuous Casting,63.34,none,0.0,796.9,1.0,Shift B (Evening),1155.6,2.99
2026-09-10 21:00:00,Soaking Pit Reheating Furnace,Reheating & Rolling,34.84,natural_gas,94.58,896.0,1.0,Shift B (Evening),1215.6,1.2
2026-09-10 21:00:00,Heavy Hydraulic Forging Press (1200T),Hot Forging & Pressing,88.02,none,0.0,600.2,1.0,Shift B (Evening),964.7,226.2
2026-09-10 21:00:00,High-Pressure Hydraulic Power Pack,Hydraulic Utility,71.53,none,0.0,0.0,1.0,Shift B (Evening),52.7,211.8
2026-09-10 21:00:00,Primary Cooling Tower & Water Pump Station,Cooling Utility,48.16,none,0.0,0.0,1.0,Shift B (Evening),27.8,3.84
2026-09-10 22:00:00,Medium Frequency Induction Melting Furnace (5T),Melting & Refining,267.92,none,0.0,828.1,1.0,Shift C (Night),1560.9,1.03
2026-09-10 22:00:00,Oxy-Fuel Ladle Pre-Heating Station,Ladle Heating Utility,12.31,natural_gas,56.42,0.0,1.0,Shift C (Night),1084.6,1.99
2026-09-10 22:00:00,Continuous Billet Casting Machine,Continuous Casting,61.35,none,0.0,771.8,1.0,Shift C (Night),1170.9,2.98
2026-09-10 22:00:00,Soaking Pit Reheating Furnace,Reheating & Rolling,34.68,natural_gas,94.12,891.7,1.0,Shift C (Night),1203.9,1.23
2026-09-10 22:00:00,Heavy Hydraulic Forging Press (1200T),Hot Forging & Pressing,88.53,none,0.0,603.6,1.0,Shift C (Night),964.1,217.67
2026-09-10 22:00:00,High-Pressure Hydraulic Power Pack,Hydraulic Utility,70.3,none,0.0,0.0,1.0,Shift C (Night),52.2,211.17
2026-09-10 22:00:00,Primary Cooling Tower & Water Pump Station,Cooling Utility,49.5,none,0.0,0.0,1.0,Shift C (Night),27.6,3.76
2026-09-10 23:00:00,Medium Frequency Induction Melting Furnace (5T),Melting & Refining,277.25,none,0.0,857.0,1.0,Shift C (Night),1560.6,1.01
2026-09-10 23:00:00,Oxy-Fuel Ladle Pre-Heating Station,Ladle Heating Utility,11.53,natural_gas,52.84,0.0,1.0,Shift C (Night),1097.6,1.98
2026-09-10 23:00:00,Continuous Billet Casting Machine,Continuous Casting,60.2,none,0.0,757.3,1.0,Shift C (Night),1166.6,2.91
2026-09-10 23:00:00,Soaking Pit Reheating Furnace,Reheating & Rolling,34.35,natural_gas,93.24,883.3,1.0,Shift C (Night),1218.8,1.22
2026-09-10 23:00:00,Heavy Hydraulic Forging Press (1200T),Hot Forging & Pressing,1.18,none,0.0,0.0,0.0,Shift C (Night),30.4,0.0
2026-09-10 23:00:00,High-Pressure Hydraulic Power Pack,Hydraulic Utility,32.99,none,0.0,0.0,0.0,Shift C (Night),41.6,178.5
2026-09-10 23:00:00,Primary Cooling Tower & Water Pump Station,Cooling Utility,46.32,none,0.0,0.0,1.0,Shift C (Night),27.9,3.83
