timestamp,equipment,process,electricity_kwh,fuel_type,fuel_quantity,production_volume,operating_hours,shift,temperature,pressure
2026-08-28 00:00:00,HTHP Jet Dyeing Machine #01,Dyeing & Bleaching,1.28,none,0.0,0.0,0.0,Shift C (Night),30.2,0.0
2026-08-28 00:00:00,Soft Flow Jet Dyeing Machine #02,Dyeing & Bleaching,1.37,none,0.0,0.0,0.0,Shift C (Night),30.4,0.0
2026-08-28 00:00:00,8-Chamber Stenter Frame,Finishing & Heat Setting,1.03,natural_gas,0.0,0.0,0.0,Shift C (Night),30.7,0.0
2026-08-28 00:00:00,Rotary Screen Printing Machine,Printing & Curing,0.96,none,0.0,0.0,0.0,Shift C (Night),29.4,0.0
2026-08-28 00:00:00,Industrial Steam Boiler (Dual Fuel),Steam Generation Utility,20.19,natural_gas,166.56,0.0,1.0,Shift C (Night),170.5,7.95
2026-08-28 00:00:00,Screw Air Compressor GA-75,Compressed Air Utility,23.78,none,0.0,0.0,0.0,Shift C (Night),36.0,5.95
2026-08-28 00:00:00,ETP Aeration Blower Station,Wastewater & ETP Utility,44.03,none,0.0,0.0,1.0,Shift C (Night),32.4,0.61
2026-08-28 01:00:00,HTHP Jet Dyeing Machine #01,Dyeing & Bleaching,1.79,none,0.0,0.0,0.0,Shift C (Night),28.5,0.0
2026-08-28 01:00:00,Soft Flow Jet Dyeing Machine #02,Dyeing & Bleaching,1.25,none,0.0,0.0,0.0,Shift C (Night),29.2,0.0
2026-08-28 01:00:00,8-Chamber Stenter Frame,Finishing & Heat Setting,1.24,natural_gas,0.0,0.0,0.0,Shift C (Night),31.8,0.0
2026-08-28 01:00:00,Rotary Screen Printing Machine,Printing & Curing,1.08,none,0.0,0.0,0.0,Shift C (Night),29.6,0.0
2026-08-28 01:00:00,Industrial Steam Boiler (Dual Fuel),Steam Generation Utility,20.13,natural_gas,166.08,0.0,1.0,Shift C (Night),172.1,7.81
2026-08-28 01:00:00,Screw Air Compressor GA-75,Compressed Air Utility,24.91,none,0.0,0.0,0.0,Shift C (Night),36.0,5.95
2026-08-28 01:00:00,ETP Aeration Blower Station,Wastewater & ETP Utility,44.97,none,0.0,0.0,1.0,Shift C (Night),32.0,0.59
2026-08-28 02:00:00,HTHP Jet Dyeing Machine #01,Dyeing & Bleaching,1.04,none,0.0,0.0,0.0,Shift C (Night),31.2,0.0
2026-08-28 02:00:00,Soft Flow Jet Dyeing Machine #02,Dyeing & Bleaching,0.83,none,0.0,0.0,0.0,Shift C (Night),30.6,0.0
2026-08-28 02:00:00,8-Chamber Stenter Frame,Finishing & Heat Setting,1.73,natural_gas,0.0,0.0,0.0,Shift C (Night),31.5,0.0
2026-08-28 02:00:00,Rotary Screen Printing Machine,Printing & Curing,1.06,none,0.0,0.0,0.0,Shift C (Night),28.7,0.0
2026-08-28 02:00:00,Industrial Steam Boiler (Dual Fuel),Steam Generation Utility,20.54,natural_gas,169.43,0.0,1.0,Shift C (Night),173.3,7.84
2026-08-28 02:00:00,Screw Air Compressor GA-75,Compressed Air Utility,24.02,none,0.0,0.0,0.0,Shift C (Night),36.0,5.95
2026-08-28 02:00:00,ETP Aeration Blower Station,Wastewater & ETP Utility,43.85,none,0.0,0.0,1.0,Shift C (Night),31.9,0.59
2026-08-28 03:00:00,HTHP Jet Dyeing Machine #01,Dyeing & Bleaching,1.44,none,0.0,0.0,0.0,Shift C (Night),28.2,0.0
2026-08-28 03:00:00,Soft Flow Jet Dyeing Machine #02,Dyeing & Bleaching,1.78,none,0.0,0.0,0.0,Shift C (Night),28.7,0.0
2026-08-28 03:00:00,8-Chamber Stenter Frame,Finishing & Heat Setting,1.35,natural_gas,0.0,0.0,0.0,Shift C (Night),29.0,0.0
2026-08-28 03:00:00,Rotary Screen Printing Machine,Printing & Curing,1.33,none,0.0,0.0,0.0,Shift C (Night),31.1,0.0
2026-08-28 03:00:00,Industrial Steam Boiler (Dual Fuel),Steam Generation Utility,19.2,natural_gas,158.41,0.0,1.0,Shift C (Night),172.6,8.04
2026-08-28 03:00:00,Screw Air Compressor GA-75,Compressed Air Utility,24.2,none,0.0,0.0,0.0,Shift C (Night),36.0,5.95
2026-08-28 03:00:00,ETP Aeration Blower Station,Wastewater & ETP Utility,44.58,none,0.0,0.0,1.0,Shift C (Night),31.4,0.6
2026-08-28 04:00:00,HTHP Jet Dyeing Machine #01,Dyeing & Bleaching,1.53,none,0.0,0.0,0.0,Shift C (Night),30.2,0.0
2026-08-28 04:00:00,Soft Flow Jet Dyeing Machine #02,Dyeing & Bleaching,0.93,none,0.0,0.0,0.0,Shift C (Night),30.4,0.0
2026-08-28 04:00:00,8-Chamber Stenter Frame,Finishing & Heat Setting,1.26,natural_gas,0.0,0.0,0.0,Shift C (Night),31.3,0.0
2026-08-28 04:00:00,Rotary Screen Printing Machine,Printing & Curing,1.64,none,0.0,0.0,0.0,Shift C (Night),28.4,0.0
2026-08-28 04:00:00,Industrial Steam Boiler (Dual Fuel),Steam Generation Utility,19.76,natural_gas,162.99,0.0,1.0,Shift C (Night),173.3,7.87
2026-08-28 04:00:00,Screw Air Compressor GA-75,Compressed Air Utility,24.05,none,0.0,0.0,0.0,Shift C (Night),36.0,5.95
2026-08-28 04:00:00,ETP Aeration Blower Station,Wastewater & ETP Utility,45.62,none,0.0,0.0,1.0,Shift C (Night),32.4,0.61
2026-08-28 05:00:00,HTHP Jet Dyeing Machine #01,Dyeing & Bleaching,0.67,none,0.0,0.0,0.0,Shift C (Night),28.9,0.0
2026-08-28 05:00:00,Soft Flow Jet Dyeing Machine #02,Dyeing & Bleaching,1.55,none,0.0,0.0,0.0,Shift C (Night),30.9,0.0
2026-08-28 05:00:00,8-Chamber Stenter Frame,Finishing & Heat Setting,1.66,natural_gas,0.0,0.0,0.0,Shift C (Night),29.6,0.0
2026-08-28 05:00:00,Rotary Screen Printing Machine,Printing & Curing,1.43,none,0.0,0.0,0.0,Shift C (Night),31.5,0.0
2026-08-28 05:00:00,Industrial Steam Boiler (Dual Fuel),Steam Generation Utility,20.15,natural_gas,166.27,0.0,1.0,Shift C (Night),171.0,7.77
2026-08-28 05:00:00,Screw Air Compressor GA-75,Compressed Air Utility,27.08,none,0.0,0.0,0.0,Shift C (Night),36.0,5.95
2026-08-28 05:00:00,ETP Aeration Blower Station,Wastewater & ETP Utility,43.5,none,0.0,0.0,1.0,Shift C (Night),31.7,0.6
2026-08-28 06:00:00,HTHP Jet Dyeing Machine #01,Dyeing & Bleaching,35.75,none,0.0,429.0,1.0,Shift A (Morning),128.4,3.49
2026-08-28 06:00:00,Soft Flow Jet Dyeing Machine #02,Dyeing & Bleaching,28.09,none,0.0,341.1,1.0,Shift A (Morning),99.4,1.24
2026-08-28 06:00:00,8-Chamber Stenter Frame,Finishing & Heat Setting,73.6,natural_gas,37.79,745.9,1.0,Shift A (Morning),185.5,1.0
2026-08-28 06:00:00,Rotary Screen Printing Machine,Printing & Curing,37.94,none,0.0,479.2,1.0,Shift A (Morning),151.3,1.94
2026-08-28 06:00:00,Industrial Steam Boiler (Dual Fuel),Steam Generation Utility,19.39,natural_gas,159.96,0.0,1.0,Shift A (Morning),169.8,7.96
2026-08-28 06:00:00,Screw Air Compressor GA-75,Compressed Air Utility,58.66,none,0.0,0.0,1.0,Shift A (Morning),44.2,6.84
2026-08-28 06:00:00,ETP Aeration Blower Station,Wastewater & ETP Utility,44.88,none,0.0,0.0,1.0,Shift A (Morning),31.9,0.61
2026-08-28 07:00:00,HTHP Jet Dyeing Machine #01,Dyeing & Bleaching,33.94,none,0.0,407.3,1.0,Shift A (Morning),128.6,3.59
2026-08-28 07:00:00,Soft Flow Jet Dyeing Machine #02,Dyeing & Bleaching,27.56,none,0.0,334.6,1.0,Shift A (Morning),99.8,1.17
2026-08-28 07:00:00,8-Chamber Stenter Frame,Finishing & Heat Setting,74.56,natural_gas,38.29,755.7,1.0,Shift A (Morning),181.6,1.0
2026-08-28 07:00:00,Rotary Screen Printing Machine,Printing & Curing,38.5,none,0.0,486.3,1.0,Shift A (Morning),152.7,2.01
2026-08-28 07:00:00,Industrial Steam Boiler (Dual Fuel),Steam Generation Utility,20.69,natural_gas,170.66,0.0,1.0,Shift A (Morning),172.2,7.94
2026-08-28 07:00:00,Screw Air Compressor GA-75,Compressed Air Utility,57.08,none,0.0,0.0,1.0,Shift A (Morning),44.2,6.85
2026-08-28 07:00:00,ETP Aeration Blower Station,Wastewater & ETP Utility,44.98,none,0.0,0.0,1.0,Shift A (Morning),31.5,0.61
2026-08-28 08:00:00,HTHP Jet Dyeing Machine #01,Dyeing & Bleaching,35.31,none,0.0,423.7,1.0,Shift A (Morning),129.7,3.5
2026-08-28 08:00:00,Soft Flow Jet Dyeing Machine #02,Dyeing & Bleaching,27.59,none,0.0,335.0,1.0,Shift A (Morning),97.7,1.18
2026-08-28 08:00:00,8-Chamber Stenter Frame,Finishing & Heat Setting,76.6,natural_gas,39.33,776.3,1.0,Shift A (Morning),182.6,1.01
2026-08-28 08:00:00,Rotary Screen Printing Machine,Printing & Curing,37.49,none,0.0,473.5,1.0,Shift A (Morning),148.3,2.02
2026-08-28 08:00:00,Industrial Steam Boiler (Dual Fuel),Steam Generation Utility,20.26,natural_gas,167.11,0.0,1.0,Shift A (Morning),169.6,7.77
2026-08-28 08:00:00,Screw Air Compressor GA-75,Compressed Air Utility,57.99,none,0.0,0.0,1.0,Shift A (Morning),45.0,6.95
2026-08-28 08:00:00,ETP Aeration Blower Station,Wastewater & ETP Utility,44.14,none,0.0,0.0,1.0,Shift A (Morning),32.2,0.59
2026-08-28 09:00:00,HTHP Jet Dyeing Machine #01,Dyeing & Bleaching,35.27,none,0.0,423.3,1.0,Shift A (Morning),130.5,3.46
2026-08-28 09:00:00,Soft Flow Jet Dyeing Machine #02,Dyeing & Bleaching,27.1,none,0.0,329.0,1.0,Shift A (Morning),99.3,1.18
2026-08-28 09:00:00,8-Chamber Stenter Frame,Finishing & Heat Setting,72.37,natural_gas,37.16,733.5,1.0,Shift A (Morning),181.3,1.02
2026-08-28 09:00:00,Rotary Screen Printing Machine,Printing & Curing,39.43,none,0.0,498.0,1.0,Shift A (Morning),148.7,2.03
2026-08-28 09:00:00,Industrial Steam Boiler (Dual Fuel),Steam Generation Utility,19.55,natural_gas,161.28,0.0,1.0,Shift A (Morning),167.7,8.16
2026-08-28 09:00:00,Screw Air Compressor GA-75,Compressed Air Utility,59.85,none,0.0,0.0,1.0,Shift A (Morning),44.2,7.1
2026-08-28 09:00:00,ETP Aeration Blower Station,Wastewater & ETP Utility,43.63,none,0.0,0.0,1.0,Shift A (Morning),32.2,0.62
2026-08-28 10:00:00,HTHP Jet Dyeing Machine #01,Dyeing & Bleaching,36.21,none,0.0,434.5,1.0,Shift A (Morning),127.8,3.55
2026-08-28 10:00:00,Soft Flow Jet Dyeing Machine #02,Dyeing & Bleaching,27.94,none,0.0,339.2,1.0,Shift A (Morning),99.7,1.21
2026-08-28 10:00:00,8-Chamber Stenter Frame,Finishing & Heat Setting,74.79,natural_gas,38.41,758.0,1.0,Shift A (Morning),184.7,0.98
2026-08-28 10:00:00,Rotary Screen Printing Machine,Printing & Curing,38.83,none,0.0,490.5,1.0,Shift A (Morning),150.2,2.01
2026-08-28 10:00:00,Industrial Steam Boiler (Dual Fuel),Steam Generation Utility,19.59,natural_gas,161.65,0.0,1.0,Shift A (Morning),169.0,7.91
2026-08-28 10:00:00,Screw Air Compressor GA-75,Compressed Air Utility,58.81,none,0.0,0.0,1.0,Shift A (Morning),45.1,6.86
2026-08-28 10:00:00,ETP Aeration Blower Station,Wastewater & ETP Utility,44.3,none,0.0,0.0,1.0,Shift A (Morning),31.8,0.61
2026-08-28 11:00:00,HTHP Jet Dyeing Machine #01,Dyeing & Bleaching,34.57,none,0.0,414.8,1.0,Shift A (Morning),131.1,3.46
2026-08-28 11:00:00,Soft Flow Jet Dyeing Machine #02,Dyeing & Bleaching,27.79,none,0.0,337.4,1.0,Shift A (Morning),99.9,1.19
2026-08-28 11:00:00,8-Chamber Stenter Frame,Finishing & Heat Setting,73.22,natural_gas,37.6,742.1,1.0,Shift A (Morning),181.9,0.97
2026-08-28 11:00:00,Rotary Screen Printing Machine,Printing & Curing,37.5,none,0.0,473.7,1.0,Shift A (Morning),147.3,2.04
2026-08-28 11:00:00,Industrial Steam Boiler (Dual Fuel),Steam Generation Utility,19.28,natural_gas,159.02,0.0,1.0,Shift A (Morning),168.7,7.8
2026-08-28 11:00:00,Screw Air Compressor GA-75,Compressed Air Utility,57.76,none,0.0,0.0,1.0,Shift A (Morning),44.7,6.99
2026-08-28 11:00:00,ETP Aeration Blower Station,Wastewater & ETP Utility,44.93,none,0.0,0.0,1.0,Shift A (Morning),32.2,0.59
2026-08-28 12:00:00,HTHP Jet Dyeing Machine #01,Dyeing & Bleaching,34.0,none,0.0,407.9,1.0,Shift A (Morning),129.7,3.51
2026-08-28 12:00:00,Soft Flow Jet Dyeing Machine #02,Dyeing & Bleaching,28.55,none,0.0,346.6,1.0,Shift A (Morning),98.9,1.17
2026-08-28 12:00:00,8-Chamber Stenter Frame,Finishing & Heat Setting,75.71,natural_gas,38.88,767.4,1.0,Shift A (Morning),184.7,0.99
2026-08-28 12:00:00,Rotary Screen Printing Machine,Printing & Curing,37.39,none,0.0,472.3,1.0,Shift A (Morning),151.8,2.01
2026-08-28 12:00:00,Industrial Steam Boiler (Dual Fuel),Steam Generation Utility,19.52,natural_gas,161.03,0.0,1.0,Shift A (Morning),168.6,8.19
2026-08-28 12:00:00,Screw Air Compressor GA-75,Compressed Air Utility,56.62,none,0.0,0.0,1.0,Shift A (Morning),44.7,7.0
2026-08-28 12:00:00,ETP Aeration Blower Station,Wastewater & ETP Utility,44.12,none,0.0,0.0,1.0,Shift A (Morning),31.6,0.59
2026-08-28 13:00:00,HTHP Jet Dyeing Machine #01,Dyeing & Bleaching,34.21,none,0.0,410.5,1.0,Shift A (Morning),127.8,3.56
2026-08-28 13:00:00,Soft Flow Jet Dyeing Machine #02,Dyeing & Bleaching,28.42,none,0.0,345.1,1.0,Shift A (Morning),97.0,1.21
2026-08-28 13:00:00,8-Chamber Stenter Frame,Finishing & Heat Setting,76.48,natural_gas,39.27,775.1,1.0,Shift A (Morning),188.6,1.0
2026-08-28 13:00:00,Rotary Screen Printing Machine,Printing & Curing,36.59,none,0.0,462.2,1.0,Shift A (Morning),149.8,2.0
2026-08-28 13:00:00,Industrial Steam Boiler (Dual Fuel),Steam Generation Utility,19.48,natural_gas,160.71,0.0,1.0,Shift A (Morning),172.8,7.79
2026-08-28 13:00:00,Screw Air Compressor GA-75,Compressed Air Utility,59.37,none,0.0,0.0,1.0,Shift A (Morning),45.0,6.99
2026-08-28 13:00:00,ETP Aeration Blower Station,Wastewater & ETP Utility,42.27,none,0.0,0.0,1.0,Shift A (Morning),32.4,0.6
2026-08-28 14:00:00,HTHP Jet Dyeing Machine #01,Dyeing & Bleaching,34.48,none,0.0,413.8,1.0,Shift B (Evening),127.7,3.43
2026-08-28 14:00:00,Soft Flow Jet Dyeing Machine #02,Dyeing & Bleaching,27.88,none,0.0,338.5,1.0,Shift B (Evening),97.2,1.19
2026-08-28 14:00:00,8-Chamber Stenter Frame,Finishing & Heat Setting,74.95,natural_gas,38.49,759.7,1.0,Shift B (Evening),188.2,1.01
2026-08-28 14:00:00,Rotary Screen Printing Machine,Printing & Curing,37.95,none,0.0,479.3,1.0,Shift B (Evening),151.8,2.0
2026-08-28 14:00:00,Industrial Steam Boiler (Dual Fuel),Steam Generation Utility,19.36,natural_gas,159.74,0.0,1.0,Shift B (Evening),170.4,7.81
2026-08-28 14:00:00,Screw Air Compressor GA-75,Compressed Air Utility,57.65,none,0.0,0.0,1.0,Shift B (Evening),45.0,6.91
2026-08-28 14:00:00,ETP Aeration Blower Station,Wastewater & ETP Utility,45.3,none,0.0,0.0,1.0,Shift B (Evening),32.0,0.61
2026-08-28 15:00:00,HTHP Jet Dyeing Machine #01,Dyeing & Bleaching,34.84,none,0.0,418.1,1.0,Shift B (Evening),129.4,3.43
2026-08-28 15:00:00,Soft Flow Jet Dyeing Machine #02,Dyeing & Bleaching,28.69,none,0.0,348.4,1.0,Shift B (Evening),98.3,1.17
2026-08-28 15:00:00,8-Chamber Stenter Frame,Finishing & Heat Setting,72.88,natural_gas,37.42,738.6,1.0,Shift B (Evening),182.9,0.99
2026-08-28 15:00:00,Rotary Screen Printing Machine,Printing & Curing,38.27,none,0.0,483.4,1.0,Shift B (Evening),150.5,2.05
2026-08-28 15:00:00,Industrial Steam Boiler (Dual Fuel),Steam Generation Utility,20.21,natural_gas,166.7,0.0,1.0,Shift B (Evening),169.5,8.23
2026-08-28 15:00:00,Screw Air Compressor GA-75,Compressed Air Utility,57.26,none,0.0,0.0,1.0,Shift B (Evening),45.2,7.03
2026-08-28 15:00:00,ETP Aeration Blower Station,Wastewater & ETP Utility,45.02,none,0.0,0.0,1.0,Shift B (Evening),32.2,0.59
2026-08-28 16:00:00,HTHP Jet Dyeing Machine #01,Dyeing & Bleaching,35.09,none,0.0,421.1,1.0,Shift B (Evening),130.3,3.5
2026-08-28 16:00:00,Soft Flow Jet Dyeing Machine #02,Dyeing & Bleaching,28.17,none,0.0,342.1,1.0,Shift B (Evening),98.1,1.18
2026-08-28 16:00:00,8-Chamber Stenter Frame,Finishing & Heat Setting,76.55,natural_gas,39.31,775.9,1.0,Shift B (Evening),186.5,0.98
2026-08-28 16:00:00,Rotary Screen Printing Machine,Printing & Curing,38.62,none,0.0,487.8,1.0,Shift B (Evening),150.2,1.99
2026-08-28 16:00:00,Industrial Steam Boiler (Dual Fuel),Steam Generation Utility,20.04,natural_gas,165.29,0.0,1.0,Shift B (Evening),172.8,7.84
2026-08-28 16:00:00,Screw Air Compressor GA-75,Compressed Air Utility,57.05,none,0.0,0.0,1.0,Shift B (Evening),44.6,7.18
2026-08-28 16:00:00,ETP Aeration Blower Station,Wastewater & ETP Utility,44.97,none,0.0,0.0,1.0,Shift B (Evening),31.7,0.61
2026-08-28 17:00:00,HTHP Jet Dyeing Machine #01,Dyeing & Bleaching,36.12,none,0.0,433.5,1.0,Shift B (Evening),130.9,3.55
2026-08-28 17:00:00,Soft Flow Jet Dyeing Machine #02,Dyeing & Bleaching,28.19,none,0.0,342.3,1.0,Shift B (Evening),97.8,1.2
2026-08-28 17:00:00,8-Chamber Stenter Frame,Finishing & Heat Setting,76.23,natural_gas,39.15,772.6,1.0,Shift B (Evening),187.4,1.02
2026-08-28 17:00:00,Rotary Screen Printing Machine,Printing & Curing,37.48,none,0.0,473.4,1.0,Shift B (Evening),151.3,1.98
2026-08-28 17:00:00,Industrial Steam Boiler (Dual Fuel),Steam Generation Utility,20.03,natural_gas,165.26,0.0,1.0,Shift B (Evening),173.0,8.12
2026-08-28 17:00:00,Screw Air Compressor GA-75,Compressed Air Utility,59.59,none,0.0,0.0,1.0,Shift B (Evening),44.2,6.85
2026-08-28 17:00:00,ETP Aeration Blower Station,Wastewater & ETP Utility,43.79,none,0.0,0.0,1.0,Shift B (Evening),32.1,0.61
2026-08-28 18:00:00,HTHP Jet Dyeing Machine #01,Dyeing & Bleaching,35.31,none,0.0,423.7,1.0,Shift B (Evening),132.1,3.57
2026-08-28 18:00:00,Soft Flow Jet Dyeing Machine #02,Dyeing & Bleaching,28.76,none,0.0,349.2,1.0,Shift B (Evening),99.3,1.19
2026-08-28 18:00:00,8-Chamber Stenter Frame,Finishing & Heat Setting,74.24,natural_gas,38.12,752.4,1.0,Shift B (Evening),186.0,1.02
2026-08-28 18:00:00,Rotary Screen Printing Machine,Printing & Curing,37.85,none,0.0,478.2,1.0,Shift B (Evening),147.5,1.94
2026-08-28 18:00:00,Industrial Steam Boiler (Dual Fuel),Steam Generation Utility,19.73,natural_gas,162.73,0.0,1.0,Shift B (Evening),170.5,7.9
2026-08-28 18:00:00,Screw Air Compressor GA-75,Compressed Air Utility,60.16,none,0.0,0.0,1.0,Shift B (Evening),45.8,7.13
2026-08-28 18:00:00,ETP Aeration Blower Station,Wastewater & ETP Utility,45.02,none,0.0,0.0,1.0,Shift B (Evening),32.4,0.59
2026-08-28 19:00:00,HTHP Jet Dyeing Machine #01,Dyeing & Bleaching,34.99,none,0.0,419.9,1.0,Shift B (Evening),131.9,3.5
2026-08-28 19:00:00,Soft Flow Jet Dyeing Machine #02,Dyeing & Bleaching,27.76,none,0.0,337.0,1.0,Shift B (Evening),98.1,1.17
2026-08-28 19:00:00,8-Chamber Stenter Frame,Finishing & Heat Setting,75.34,natural_gas,38.69,763.6,1.0,Shift B (Evening),186.0,0.98
2026-08-28 19:00:00,Rotary Screen Printing Machine,Printing & Curing,38.01,none,0.0,480.1,1.0,Shift B (Evening),151.5,2.04
2026-08-28 19:00:00,Industrial Steam Boiler (Dual Fuel),Steam Generation Utility,19.38,natural_gas,159.91,0.0,1.0,Shift B (Evening),167.2,7.88
2026-08-28 19:00:00,Screw Air Compressor GA-75,Compressed Air Utility,60.26,none,0.0,0.0,1.0,Shift B (Evening),45.0,7.02
2026-08-28 19:00:00,ETP Aeration Blower Station,Wastewater & ETP Utility,43.21,none,0.0,0.0,1.0,Shift B (Evening),32.5,0.6
2026-08-28 20:00:00,HTHP Jet Dyeing Machine #01,Dyeing & Bleaching,36.09,none,0.0,433.0,1.0,Shift B (Evening),127.5,3.56
2026-08-28 20:00:00,Soft Flow Jet Dyeing Machine #02,Dyeing & Bleaching,28.35,none,0.0,344.3,1.0,Shift B (Evening),99.4,1.22
2026-08-28 20:00:00,8-Chamber Stenter Frame,Finishing & Heat Setting,74.43,natural_gas,38.22,754.4,1.0,Shift B (Evening),187.6,1.02
2026-08-28 20:00:00,Rotary Screen Printing Machine,Printing & Curing,37.83,none,0.0,477.9,1.0,Shift B (Evening),150.5,1.98
2026-08-28 20:00:00,Industrial Steam Boiler (Dual Fuel),Steam Generation Utility,19.44,natural_gas,160.35,0.0,1.0,Shift B (Evening),172.5,8.2
2026-08-28 20:00:00,Screw Air Compressor GA-75,Compressed Air Utility,58.4,none,0.0,0.0,1.0,Shift B (Evening),44.5,7.12
2026-08-28 20:00:00,ETP Aeration Blower Station,Wastewater & ETP Utility,42.55,none,0.0,0.0,1.0,Shift B (Evening),32.4,0.59
2026-08-28 21:00:00,HTHP Jet Dyeing Machine #01,Dyeing & Bleaching,35.01,none,0.0,420.2,1.0,Shift B (Evening),131.3,3.55
2026-08-28 21:00:00,Soft Flow Jet Dyeing Machine #02,Dyeing & Bleaching,27.92,none,0.0,339.0,1.0,Shift B (Evening),99.0,1.22
2026-08-28 21:00:00,8-Chamber Stenter Frame,Finishing & Heat Setting,75.0,natural_gas,38.51,760.1,1.0,Shift B (Evening),182.7,1.01
2026-08-28 21:00:00,Rotary Screen Printing Machine,Printing & Curing,36.54,none,0.0,461.6,1.0,Shift B (Evening),151.5,1.95
2026-08-28 21:00:00,Industrial Steam Boiler (Dual Fuel),Steam Generation Utility,19.59,natural_gas,161.58,0.0,1.0,Shift B (Evening),170.6,7.77
2026-08-28 21:00:00,Screw Air Compressor GA-75,Compressed Air Utility,60.13,none,0.0,0.0,1.0,Shift B (Evening),45.1,7.15
2026-08-28 21:00:00,ETP Aeration Blower Station,Wastewater & ETP Utility,45.71,none,0.0,0.0,1.0,Shift B (Evening),31.8,0.61
2026-08-28 22:00:00,HTHP Jet Dyeing Machine #01,Dyeing & Bleaching,34.48,none,0.0,413.8,1.0,Shift C (Night),128.0,3.55
2026-08-28 22:00:00,Soft Flow Jet Dyeing Machine #02,Dyeing & Bleaching,26.97,none,0.0,327.5,1.0,Shift C (Night),96.3,1.2
2026-08-28 22:00:00,8-Chamber Stenter Frame,Finishing & Heat Setting,75.93,natural_gas,38.99,769.6,1.0,Shift C (Night),187.2,1.02
2026-08-28 22:00:00,Rotary Screen Printing Machine,Printing & Curing,38.66,none,0.0,488.3,1.0,Shift C (Night),147.3,1.98
2026-08-28 22:00:00,Industrial Steam Boiler (Dual Fuel),Steam Generation Utility,20.61,natural_gas,170.01,0.0,1.0,Shift C (Night),168.6,8.1
2026-08-28 22:00:00,Screw Air Compressor GA-75,Compressed Air Utility,56.64,none,0.0,0.0,1.0,Shift C (Night),44.2,6.93
2026-08-28 22:00:00,ETP Aeration Blower Station,Wastewater & ETP Utility,44.69,none,0.0,0.0,1.0,Shift C (Night),32.4,0.6
2026-08-28 23:00:00,HTHP Jet Dyeing Machine #01,Dyeing & Bleaching,34.66,none,0.0,415.9,1.0,Shift C (Night),129.5,3.59
2026-08-28 23:00:00,Soft Flow Jet Dyeing Machine #02,Dyeing & Bleaching,0.71,none,0.0,0.0,0.0,Shift C (Night),30.8,0.0
2026-08-28 23:00:00,8-Chamber Stenter Frame,Finishing & Heat Setting,74.06,natural_gas,38.03,750.6,1.0,Shift C (Night),185.7,1.0
2026-08-28 23:00:00,Rotary Screen Printing Machine,Printing & Curing,0.89,none,0.0,0.0,0.0,Shift C (Night),29.0,0.0
2026-08-28 23:00:00,Industrial Steam Boiler (Dual Fuel),Steam Generation Utility,20.19,natural_gas,166.57,0.0,1.0,Shift C (Night),171.4,8.06
2026-08-28 23:00:00,Screw Air Compressor GA-75,Compressed Air Utility,25.51,none,0.0,0.0,0.0,Shift C (Night),36.0,5.95
2026-08-28 23:00:00,ETP Aeration Blower Station,Wastewater & ETP Utility,45.67,none,0.0,0.0,1.0,Shift C (Night),32.6,0.61
2026-08-29 00:00:00,HTHP Jet Dyeing Machine #01,Dyeing & Bleaching,1.2,none,0.0,0.0,0.0,Shift C (Night),29.5,0.0
2026-08-29 00:00:00,Soft Flow Jet Dyeing Machine #02,Dyeing & Bleaching,1.94,none,0.0,0.0,0.0,Shift C (Night),29.8,0.0
2026-08-29 00:00:00,8-Chamber Stenter Frame,Finishing & Heat Setting,0.94,natural_gas,0.0,0.0,0.0,Shift C (Night),30.6,0.0
2026-08-29 00:00:00,Rotary Screen Printing Machine,Printing & Curing,1.81,none,0.0,0.0,0.0,Shift C (Night),31.3,0.0
2026-08-29 00:00:00,Industrial Steam Boiler (Dual Fuel),Steam Generation Utility,19.58,natural_gas,161.56,0.0,1.0,Shift C (Night),169.9,7.85
2026-08-29 00:00:00,Screw Air Compressor GA-75,Compressed Air Utility,24.78,none,0.0,0.0,0.0,Shift C (Night),36.0,5.95
2026-08-29 00:00:00,ETP Aeration Blower Station,Wastewater & ETP Utility,45.33,none,0.0,0.0,1.0,Shift C (Night),31.5,0.59
2026-08-29 01:00:00,HTHP Jet Dyeing Machine #01,Dyeing & Bleaching,1.15,none,0.0,0.0,0.0,Shift C (Night),30.7,0.0
2026-08-29 01:00:00,Soft Flow Jet Dyeing Machine #02,Dyeing & Bleaching,0.66,none,0.0,0.0,0.0,Shift C (Night),28.5,0.0
2026-08-29 01:00:00,8-Chamber Stenter Frame,Finishing & Heat Setting,1.31,natural_gas,0.0,0.0,0.0,Shift C (Night),29.0,0.0
2026-08-29 01:00:00,Rotary Screen Printing Machine,Printing & Curing,1.28,none,0.0,0.0,0.0,Shift C (Night),29.8,0.0
2026-08-29 01:00:00,Industrial Steam Boiler (Dual Fuel),Steam Generation Utility,20.57,natural_gas,169.69,0.0,1.0,Shift C (Night),170.3,7.96
2026-08-29 01:00:00,Screw Air Compressor GA-75,Compressed Air Utility,26.33,none,0.0,0.0,0.0,Shift C (Night),36.0,5.95
2026-08-29 01:00:00,ETP Aeration Blower Station,Wastewater & ETP Utility,43.57,none,0.0,0.0,1.0,Shift C (Night),31.4,0.61
2026-08-29 02:00:00,HTHP Jet Dyeing Machine #01,Dyeing & Bleaching,1.01,none,0.0,0.0,0.0,Shift C (Night),30.1,0.0
2026-08-29 02:00:00,Soft Flow Jet Dyeing Machine #02,Dyeing & Bleaching,1.13,none,0.0,0.0,0.0,Shift C (Night),29.0,0.0
2026-08-29 02:00:00,8-Chamber Stenter Frame,Finishing & Heat Setting,0.7,natural_gas,0.0,0.0,0.0,Shift C (Night),30.8,0.0
2026-08-29 02:00:00,Rotary Screen Printing Machine,Printing & Curing,1.18,none,0.0,0.0,0.0,Shift C (Night),28.1,0.0
2026-08-29 02:00:00,Industrial Steam Boiler (Dual Fuel),Steam Generation Utility,19.37,natural_gas,159.78,0.0,1.0,Shift C (Night),173.4,7.98
2026-08-29 02:00:00,Screw Air Compressor GA-75,Compressed Air Utility,27.01,none,0.0,0.0,0.0,Shift C (Night),36.0,5.95
2026-08-29 02:00:00,ETP Aeration Blower Station,Wastewater & ETP Utility,44.47,none,0.0,0.0,1.0,Shift C (Night),31.6,0.6
2026-08-29 03:00:00,HTHP Jet Dyeing Machine #01,Dyeing & Bleaching,1.75,none,0.0,0.0,0.0,Shift C (Night),31.7,0.0
2026-08-29 03:00:00,Soft Flow Jet Dyeing Machine #02,Dyeing & Bleaching,1.17,none,0.0,0.0,0.0,Shift C (Night),29.1,0.0
2026-08-29 03:00:00,8-Chamber Stenter Frame,Finishing & Heat Setting,1.97,natural_gas,0.0,0.0,0.0,Shift C (Night),31.9,0.0
2026-08-29 03:00:00,Rotary Screen Printing Machine,Printing & Curing,0.65,none,0.0,0.0,0.0,Shift C (Night),30.7,0.0
2026-08-29 03:00:00,Industrial Steam Boiler (Dual Fuel),Steam Generation Utility,20.07,natural_gas,165.62,0.0,1.0,Shift C (Night),167.5,8.23
2026-08-29 03:00:00,Screw Air Compressor GA-75,Compressed Air Utility,23.53,none,0.0,0.0,0.0,Shift C (Night),36.0,5.95
2026-08-29 03:00:00,ETP Aeration Blower Station,Wastewater & ETP Utility,42.74,none,0.0,0.0,1.0,Shift C (Night),31.9,0.6
2026-08-29 04:00:00,HTHP Jet Dyeing Machine #01,Dyeing & Bleaching,1.91,none,0.0,0.0,0.0,Shift C (Night),30.0,0.0
2026-08-29 04:00:00,Soft Flow Jet Dyeing Machine #02,Dyeing & Bleaching,0.74,none,0.0,0.0,0.0,Shift C (Night),30.5,0.0
2026-08-29 04:00:00,8-Chamber Stenter Frame,Finishing & Heat Setting,1.55,natural_gas,0.0,0.0,0.0,Shift C (Night),29.8,0.0
2026-08-29 04:00:00,Rotary Screen Printing Machine,Printing & Curing,1.34,none,0.0,0.0,0.0,Shift C (Night),30.3,0.0
2026-08-29 04:00:00,Industrial Steam Boiler (Dual Fuel),Steam Generation Utility,20.15,natural_gas,166.21,0.0,1.0,Shift C (Night),172.0,8.2
2026-08-29 04:00:00,Screw Air Compressor GA-75,Compressed Air Utility,25.63,none,0.0,0.0,0.0,Shift C (Night),36.0,5.95
2026-08-29 04:00:00,ETP Aeration Blower Station,Wastewater & ETP Utility,44.26,none,0.0,0.0,1.0,Shift C (Night),31.4,0.6
2026-08-29 05:00:00,HTHP Jet Dyeing Machine #01,Dyeing & Bleaching,0.96,none,0.0,0.0,0.0,Shift C (Night),31.0,0.0
2026-08-29 05:00:00,Soft Flow Jet Dyeing Machine #02,Dyeing & Bleaching,1.88,none,0.0,0.0,0.0,Shift C (Night),31.4,0.0
2026-08-29 05:00:00,8-Chamber Stenter Frame,Finishing & Heat Setting,1.48,natural_gas,0.0,0.0,0.0,Shift C (Night),30.8,0.0
2026-08-29 05:00:00,Rotary Screen Printing Machine,Printing & Curing,0.61,none,0.0,0.0,0.0,Shift C (Night),28.7,0.0
2026-08-29 05:00:00,Industrial Steam Boiler (Dual Fuel),Steam Generation Utility,20.01,natural_gas,165.07,0.0,1.0,Shift C (Night),171.8,7.89
2026-08-29 05:00:00,Screw Air Compressor GA-75,Compressed Air Utility,25.77,none,0.0,0.0,0.0,Shift C (Night),36.0,5.95
2026-08-29 05:00:00,ETP Aeration Blower Station,Wastewater & ETP Utility,43.84,none,0.0,0.0,1.0,Shift C (Night),31.7,0.59
2026-08-29 06:00:00,HTHP Jet Dyeing Machine #01,Dyeing & Bleaching,36.29,none,0.0,435.5,1.0,Shift A (Morning),128.0,3.54
2026-08-29 06:00:00,Soft Flow Jet Dyeing Machine #02,Dyeing & Bleaching,1.76,none,0.0,0.0,0.0,Shift A (Morning),31.1,0.0
2026-08-29 06:00:00,8-Chamber Stenter Frame,Finishing & Heat Setting,74.22,natural_gas,38.11,752.3,1.0,Shift A (Morning),187.9,0.98
2026-08-29 06:00:00,Rotary Screen Printing Machine,Printing & Curing,1.29,none,0.0,0.0,0.0,Shift A (Morning),29.8,0.0
2026-08-29 06:00:00,Industrial Steam Boiler (Dual Fuel),Steam Generation Utility,20.62,natural_gas,170.13,0.0,1.0,Shift A (Morning),166.7,8.22
2026-08-29 06:00:00,Screw Air Compressor GA-75,Compressed Air Utility,26.48,none,0.0,0.0,0.0,Shift A (Morning),36.0,5.95
2026-08-29 06:00:00,ETP Aeration Blower Station,Wastewater & ETP Utility,45.62,none,0.0,0.0,1.0,Shift A (Morning),32.6,0.61
2026-08-29 07:00:00,HTHP Jet Dyeing Machine #01,Dyeing & Bleaching,35.72,none,0.0,428.7,1.0,Shift A (Morning),131.8,3.57
2026-08-29 07:00:00,Soft Flow Jet Dyeing Machine #02,Dyeing & Bleaching,1.69,none,0.0,0.0,0.0,Shift A (Morning),31.1,0.0
2026-08-29 07:00:00,8-Chamber Stenter Frame,Finishing & Heat Setting,71.25,natural_gas,36.59,722.1,1.0,Shift A (Morning),183.6,0.98
2026-08-29 07:00:00,Rotary Screen Printing Machine,Printing & Curing,1.31,none,0.0,0.0,0.0,Shift A (Morning),30.1,0.0
2026-08-29 07:00:00,Industrial Steam Boiler (Dual Fuel),Steam Generation Utility,19.3,natural_gas,159.26,0.0,1.0,Shift A (Morning),170.0,8.02
2026-08-29 07:00:00,Screw Air Compressor GA-75,Compressed Air Utility,25.14,none,0.0,0.0,0.0,Shift A (Morning),36.0,5.95
2026-08-29 07:00:00,ETP Aeration Blower Station,Wastewater & ETP Utility,44.87,none,0.0,0.0,1.0,Shift A (Morning),32.6,0.59
2026-08-29 08:00:00,HTHP Jet Dyeing Machine #01,Dyeing & Bleaching,34.26,none,0.0,411.1,1.0,Shift A (Morning),129.5,3.55
2026-08-29 08:00:00,Soft Flow Jet Dyeing Machine #02,Dyeing & Bleaching,1.23,none,0.0,0.0,0.0,Shift A (Morning),31.3,0.0
2026-08-29 08:00:00,8-Chamber Stenter Frame,Finishing & Heat Setting,71.6,natural_gas,36.77,725.7,1.0,Shift A (Morning),186.6,1.01
2026-08-29 08:00:00,Rotary Screen Printing Machine,Printing & Curing,1.47,none,0.0,0.0,0.0,Shift A (Morning),28.5,0.0
2026-08-29 08:00:00,Industrial Steam Boiler (Dual Fuel),Steam Generation Utility,20.72,natural_gas,170.96,0.0,1.0,Shift A (Morning),167.9,8.16
2026-08-29 08:00:00,Screw Air Compressor GA-75,Compressed Air Utility,26.73,none,0.0,0.0,0.0,Shift A (Morning),36.0,5.95
2026-08-29 08:00:00,ETP Aeration Blower Station,Wastewater & ETP Utility,45.65,none,0.0,0.0,1.0,Shift A (Morning),31.6,0.59
2026-08-29 09:00:00,HTHP Jet Dyeing Machine #01,Dyeing & Bleaching,33.97,none,0.0,407.7,1.0,Shift A (Morning),128.8,3.43
2026-08-29 09:00:00,Soft Flow Jet Dyeing Machine #02,Dyeing & Bleaching,0.66,none,0.0,0.0,0.0,Shift A (Morning),29.0,0.0
2026-08-29 09:00:00,8-Chamber Stenter Frame,Finishing & Heat Setting,74.92,natural_gas,38.47,759.3,1.0,Shift A (Morning),182.6,1.02
2026-08-29 09:00:00,Rotary Screen Printing Machine,Printing & Curing,1.85,none,0.0,0.0,0.0,Shift A (Morning),30.4,0.0
2026-08-29 09:00:00,Industrial Steam Boiler (Dual Fuel),Steam Generation Utility,20.36,natural_gas,167.96,0.0,1.0,Shift A (Morning),169.0,7.98
2026-08-29 09:00:00,Screw Air Compressor GA-75,Compressed Air Utility,23.53,none,0.0,0.0,0.0,Shift A (Morning),36.0,5.95
2026-08-29 09:00:00,ETP Aeration Blower Station,Wastewater & ETP Utility,44.91,none,0.0,0.0,1.0,Shift A (Morning),31.4,0.58
2026-08-29 10:00:00,HTHP Jet Dyeing Machine #01,Dyeing & Bleaching,35.53,none,0.0,426.4,1.0,Shift A (Morning),131.0,3.57
2026-08-29 10:00:00,Soft Flow Jet Dyeing Machine #02,Dyeing & Bleaching,0.98,none,0.0,0.0,0.0,Shift A (Morning),30.3,0.0
2026-08-29 10:00:00,8-Chamber Stenter Frame,Finishing & Heat Setting,71.98,natural_gas,36.97,729.6,1.0,Shift A (Morning),184.0,1.02
2026-08-29 10:00:00,Rotary Screen Printing Machine,Printing & Curing,1.78,none,0.0,0.0,0.0,Shift A (Morning),30.6,0.0
2026-08-29 10:00:00,Industrial Steam Boiler (Dual Fuel),Steam Generation Utility,19.3,natural_gas,159.19,0.0,1.0,Shift A (Morning),169.9,8.06
2026-08-29 10:00:00,Screw Air Compressor GA-75,Compressed Air Utility,23.87,none,0.0,0.0,0.0,Shift A (Morning),36.0,5.95
2026-08-29 10:00:00,ETP Aeration Blower Station,Wastewater & ETP Utility,44.47,none,0.0,0.0,1.0,Shift A (Morning),31.5,0.61
2026-08-29 11:00:00,HTHP Jet Dyeing Machine #01,Dyeing & Bleaching,35.12,none,0.0,421.5,1.0,Shift A (Morning),129.8,3.52
2026-08-29 11:00:00,Soft Flow Jet Dyeing Machine #02,Dyeing & Bleaching,1.63,none,0.0,0.0,0.0,Shift A (Morning),29.9,0.0
2026-08-29 11:00:00,8-Chamber Stenter Frame,Finishing & Heat Setting,75.45,natural_gas,38.74,764.7,1.0,Shift A (Morning),188.6,1.02
2026-08-29 11:00:00,Rotary Screen Printing Machine,Printing & Curing,1.4,none,0.0,0.0,0.0,Shift A (Morning),28.8,0.0
2026-08-29 11:00:00,Industrial Steam Boiler (Dual Fuel),Steam Generation Utility,19.48,natural_gas,160.74,0.0,1.0,Shift A (Morning),167.1,8.0
2026-08-29 11:00:00,Screw Air Compressor GA-75,Compressed Air Utility,24.6,none,0.0,0.0,0.0,Shift A (Morning),36.0,5.95
2026-08-29 11:00:00,ETP Aeration Blower Station,Wastewater & ETP Utility,42.75,none,0.0,0.0,1.0,Shift A (Morning),31.7,0.59
2026-08-29 12:00:00,HTHP Jet Dyeing Machine #01,Dyeing & Bleaching,36.09,none,0.0,433.1,1.0,Shift A (Morning),130.8,3.44
2026-08-29 12:00:00,Soft Flow Jet Dyeing Machine #02,Dyeing & Bleaching,1.19,none,0.0,0.0,0.0,Shift A (Morning),28.4,0.0
2026-08-29 12:00:00,8-Chamber Stenter Frame,Finishing & Heat Setting,75.94,natural_gas,39.0,769.7,1.0,Shift A (Morning),181.7,0.98
2026-08-29 12:00:00,Rotary Screen Printing Machine,Printing & Curing,1.14,none,0.0,0.0,0.0,Shift A (Morning),29.7,0.0
2026-08-29 12:00:00,Industrial Steam Boiler (Dual Fuel),Steam Generation Utility,20.3,natural_gas,167.48,0.0,1.0,Shift A (Morning),168.1,7.99
2026-08-29 12:00:00,Screw Air Compressor GA-75,Compressed Air Utility,24.05,none,0.0,0.0,0.0,Shift A (Morning),36.0,5.95
2026-08-29 12:00:00,ETP Aeration Blower Station,Wastewater & ETP Utility,43.65,none,0.0,0.0,1.0,Shift A (Morning),32.2,0.59
2026-08-29 13:00:00,HTHP Jet Dyeing Machine #01,Dyeing & Bleaching,36.22,none,0.0,434.6,1.0,Shift A (Morning),128.2,3.4
2026-08-29 13:00:00,Soft Flow Jet Dyeing Machine #02,Dyeing & Bleaching,1.43,none,0.0,0.0,0.0,Shift A (Morning),31.1,0.0
2026-08-29 13:00:00,8-Chamber Stenter Frame,Finishing & Heat Setting,72.44,natural_gas,37.2,734.2,1.0,Shift A (Morning),187.9,0.99
2026-08-29 13:00:00,Rotary Screen Printing Machine,Printing & Curing,0.79,none,0.0,0.0,0.0,Shift A (Morning),30.3,0.0
2026-08-29 13:00:00,Industrial Steam Boiler (Dual Fuel),Steam Generation Utility,19.51,natural_gas,161.0,0.0,1.0,Shift A (Morning),173.1,8.04
2026-08-29 13:00:00,Screw Air Compressor GA-75,Compressed Air Utility,23.54,none,0.0,0.0,0.0,Shift A (Morning),36.0,5.95
2026-08-29 13:00:00,ETP Aeration Blower Station,Wastewater & ETP Utility,43.88,none,0.0,0.0,1.0,Shift A (Morning),32.1,0.58
2026-08-29 14:00:00,HTHP Jet Dyeing Machine #01,Dyeing & Bleaching,33.87,none,0.0,406.4,1.0,Shift B (Evening),128.7,3.47
2026-08-29 14:00:00,Soft Flow Jet Dyeing Machine #02,Dyeing & Bleaching,1.72,none,0.0,0.0,0.0,Shift B (Evening),31.9,0.0
2026-08-29 14:00:00,8-Chamber Stenter Frame,Finishing & Heat Setting,71.19,natural_gas,36.56,721.6,1.0,Shift B (Evening),184.7,1.01
2026-08-29 14:00:00,Rotary Screen Printing Machine,Printing & Curing,0.73,none,0.0,0.0,0.0,Shift B (Evening),31.0,0.0
2026-08-29 14:00:00,Industrial Steam Boiler (Dual Fuel),Steam Generation Utility,19.26,natural_gas,158.86,0.0,1.0,Shift B (Evening),169.7,7.84
2026-08-29 14:00:00,Screw Air Compressor GA-75,Compressed Air Utility,23.9,none,0.0,0.0,0.0,Shift B (Evening),36.0,5.95
2026-08-29 14:00:00,ETP Aeration Blower Station,Wastewater & ETP Utility,44.14,none,0.0,0.0,1.0,Shift B (Evening),31.8,0.58
2026-08-29 15:00:00,HTHP Jet Dyeing Machine #01,Dyeing & Bleaching,35.03,none,0.0,420.3,1.0,Shift B (Evening),132.0,3.53
2026-08-29 15:00:00,Soft Flow Jet Dyeing Machine #02,Dyeing & Bleaching,1.29,none,0.0,0.0,0.0,Shift B (Evening),28.7,0.0
2026-08-29 15:00:00,8-Chamber Stenter Frame,Finishing & Heat Setting,71.19,natural_gas,36.56,721.5,1.0,Shift B (Evening),187.4,0.99
2026-08-29 15:00:00,Rotary Screen Printing Machine,Printing & Curing,1.89,none,0.0,0.0,0.0,Shift B (Evening),31.1,0.0
2026-08-29 15:00:00,Industrial Steam Boiler (Dual Fuel),Steam Generation Utility,20.39,natural_gas,168.21,0.0,1.0,Shift B (Evening),172.0,8.24
2026-08-29 15:00:00,Screw Air Compressor GA-75,Compressed Air Utility,23.91,none,0.0,0.0,0.0,Shift B (Evening),36.0,5.95
2026-08-29 15:00:00,ETP Aeration Blower Station,Wastewater & ETP Utility,42.83,none,0.0,0.0,1.0,Shift B (Evening),32.4,0.62
2026-08-29 16:00:00,HTHP Jet Dyeing Machine #01,Dyeing & Bleaching,34.93,none,0.0,419.1,1.0,Shift B (Evening),127.4,3.45
2026-08-29 16:00:00,Soft Flow Jet Dyeing Machine #02,Dyeing & Bleaching,0.94,none,0.0,0.0,0.0,Shift B (Evening),28.2,0.0
2026-08-29 16:00:00,8-Chamber Stenter Frame,Finishing & Heat Setting,76.83,natural_gas,39.45,778.7,1.0,Shift B (Evening),187.4,1.02
2026-08-29 16:00:00,Rotary Screen Printing Machine,Printing & Curing,1.01,none,0.0,0.0,0.0,Shift B (Evening),31.1,0.0
2026-08-29 16:00:00,Industrial Steam Boiler (Dual Fuel),Steam Generation Utility,20.64,natural_gas,170.31,0.0,1.0,Shift B (Evening),167.8,7.83
2026-08-29 16:00:00,Screw Air Compressor GA-75,Compressed Air Utility,25.9,none,0.0,0.0,0.0,Shift B (Evening),36.0,5.95
2026-08-29 16:00:00,ETP Aeration Blower Station,Wastewater & ETP Utility,42.29,none,0.0,0.0,1.0,Shift B (Evening),31.8,0.59
2026-08-29 17:00:00,HTHP Jet Dyeing Machine #01,Dyeing & Bleaching,35.25,none,0.0,422.9,1.0,Shift B (Evening),131.3,3.42
2026-08-29 17:00:00,Soft Flow Jet Dyeing Machine #02,Dyeing & Bleaching,1.63,none,0.0,0.0,0.0,Shift B (Evening),31.7,0.0
2026-08-29 17:00:00,8-Chamber Stenter Frame,Finishing & Heat Setting,75.36,natural_gas,38.7,763.8,1.0,Shift B (Evening),185.6,0.99
2026-08-29 17:00:00,Rotary Screen Printing Machine,Printing & Curing,1.75,none,0.0,0.0,0.0,Shift B (Evening),31.2,0.0
2026-08-29 17:00:00,Industrial Steam Boiler (Dual Fuel),Steam Generation Utility,19.96,natural_gas,164.66,0.0,1.0,Shift B (Evening),167.8,8.06
2026-08-29 17:00:00,Screw Air Compressor GA-75,Compressed Air Utility,24.27,none,0.0,0.0,0.0,Shift B (Evening),36.0,5.95
2026-08-29 17:00:00,ETP Aeration Blower Station,Wastewater & ETP Utility,42.88,none,0.0,0.0,1.0,Shift B (Evening),32.2,0.59
2026-08-29 18:00:00,HTHP Jet Dyeing Machine #01,Dyeing & Bleaching,0.73,none,0.0,0.0,0.0,Shift B (Evening),31.7,0.0
2026-08-29 18:00:00,Soft Flow Jet Dyeing Machine #02,Dyeing & Bleaching,1.26,none,0.0,0.0,0.0,Shift B (Evening),28.3,0.0
2026-08-29 18:00:00,8-Chamber Stenter Frame,Finishing & Heat Setting,1.25,natural_gas,0.0,0.0,0.0,Shift B (Evening),31.3,0.0
2026-08-29 18:00:00,Rotary Screen Printing Machine,Printing & Curing,1.61,none,0.0,0.0,0.0,Shift B (Evening),28.1,0.0
2026-08-29 18:00:00,Industrial Steam Boiler (Dual Fuel),Steam Generation Utility,20.75,natural_gas,171.21,0.0,1.0,Shift B (Evening),167.5,8.22
2026-08-29 18:00:00,Screw Air Compressor GA-75,Compressed Air Utility,26.56,none,0.0,0.0,0.0,Shift B (Evening),36.0,5.95
2026-08-29 18:00:00,ETP Aeration Blower Station,Wastewater & ETP Utility,43.5,none,0.0,0.0,1.0,Shift B (Evening),32.1,0.59
2026-08-29 19:00:00,HTHP Jet Dyeing Machine #01,Dyeing & Bleaching,0.65,none,0.0,0.0,0.0,Shift B (Evening),28.4,0.0
2026-08-29 19:00:00,Soft Flow Jet Dyeing Machine #02,Dyeing & Bleaching,1.4,none,0.0,0.0,0.0,Shift B (Evening),28.4,0.0
2026-08-29 19:00:00,8-Chamber Stenter Frame,Finishing & Heat Setting,1.94,natural_gas,0.0,0.0,0.0,Shift B (Evening),30.1,0.0
2026-08-29 19:00:00,Rotary Screen Printing Machine,Printing & Curing,1.89,none,0.0,0.0,0.0,Shift B (Evening),28.4,0.0
2026-08-29 19:00:00,Industrial Steam Boiler (Dual Fuel),Steam Generation Utility,20.49,natural_gas,169.03,0.0,1.0,Shift B (Evening),170.3,7.95
2026-08-29 19:00:00,Screw Air Compressor GA-75,Compressed Air Utility,26.3,none,0.0,0.0,0.0,Shift B (Evening),36.0,5.95
2026-08-29 19:00:00,ETP Aeration Blower Station,Wastewater & ETP Utility,43.25,none,0.0,0.0,1.0,Shift B (Evening),32.1,0.6
2026-08-29 20:00:00,HTHP Jet Dyeing Machine #01,Dyeing & Bleaching,1.18,none,0.0,0.0,0.0,Shift B (Evening),29.9,0.0
2026-08-29 20:00:00,Soft Flow Jet Dyeing Machine #02,Dyeing & Bleaching,1.2,none,0.0,0.0,0.0,Shift B (Evening),31.5,0.0
2026-08-29 20:00:00,8-Chamber Stenter Frame,Finishing & Heat Setting,1.97,natural_gas,0.0,0.0,0.0,Shift B (Evening),30.7,0.0
2026-08-29 20:00:00,Rotary Screen Printing Machine,Printing & Curing,0.78,none,0.0,0.0,0.0,Shift B (Evening),29.9,0.0
2026-08-29 20:00:00,Industrial Steam Boiler (Dual Fuel),Steam Generation Utility,20.8,natural_gas,171.59,0.0,1.0,Shift B (Evening),172.8,8.0
2026-08-29 20:00:00,Screw Air Compressor GA-75,Compressed Air Utility,24.5,none,0.0,0.0,0.0,Shift B (Evening),36.0,5.95
2026-08-29 20:00:00,ETP Aeration Blower Station,Wastewater & ETP Utility,43.85,none,0.0,0.0,1.0,Shift B (Evening),31.4,0.61
2026-08-29 21:00:00,HTHP Jet Dyeing Machine #01,Dyeing & Bleaching,1.21,none,0.0,0.0,0.0,Shift B (Evening),30.6,0.0
2026-08-29 21:00:00,Soft Flow Jet Dyeing Machine #02,Dyeing & Bleaching,1.97,none,0.0,0.0,0.0,Shift B (Evening),31.9,0.0
2026-08-29 21:00:00,8-Chamber Stenter Frame,Finishing & Heat Setting,0.75,natural_gas,0.0,0.0,0.0,Shift B (Evening),28.1,0.0
2026-08-29 21:00:00,Rotary Screen Printing Machine,Printing & Curing,1.01,none,0.0,0.0,0.0,Shift B (Evening),31.4,0.0
2026-08-29 21:00:00,Industrial Steam Boiler (Dual Fuel),Steam Generation Utility,19.41,natural_gas,160.12,0.0,1.0,Shift B (Evening),169.6,7.78
2026-08-29 21:00:00,Screw Air Compressor GA-75,Compressed Air Utility,24.99,none,0.0,0.0,0.0,Shift B (Evening),36.0,5.95
2026-08-29 21:00:00,ETP Aeration Blower Station,Wastewater & ETP Utility,44.83,none,0.0,0.0,1.0,Shift B (Evening),32.3,0.62
2026-08-29 22:00:00,HTHP Jet Dyeing Machine #01,Dyeing & Bleaching,1.68,none,0.0,0.0,0.0,Shift C (Night),31.8,0.0
2026-08-29 22:00:00,Soft Flow Jet Dyeing Machine #02,Dyeing & Bleaching,0.88,none,0.0,0.0,0.0,Shift C (Night),30.4,0.0
2026-08-29 22:00:00,8-Chamber Stenter Frame,Finishing & Heat Setting,1.62,natural_gas,0.0,0.0,0.0,Shift C (Night),28.5,0.0
2026-08-29 22:00:00,Rotary Screen Printing Machine,Printing & Curing,0.88,none,0.0,0.0,0.0,Shift C (Night),29.3,0.0
2026-08-29 22:00:00,Industrial Steam Boiler (Dual Fuel),Steam Generation Utility,19.57,natural_gas,161.44,0.0,1.0,Shift C (Night),170.3,8.0
2026-08-29 22:00:00,Screw Air Compressor GA-75,Compressed Air Utility,24.5,none,0.0,0.0,0.0,Shift C (Night),36.0,5.95
2026-08-29 22:00:00,ETP Aeration Blower Station,Wastewater & ETP Utility,45.56,none,0.0,0.0,1.0,Shift C (Night),31.4,0.59
2026-08-29 23:00:00,HTHP Jet Dyeing Machine #01,Dyeing & Bleaching,0.91,none,0.0,0.0,0.0,Shift C (Night),31.9,0.0
2026-08-29 23:00:00,Soft Flow Jet Dyeing Machine #02,Dyeing & Bleaching,1.17,none,0.0,0.0,0.0,Shift C (Night),29.1,0.0
2026-08-29 23:00:00,8-Chamber Stenter Frame,Finishing & Heat Setting,0.86,natural_gas,0.0,0.0,0.0,Shift C (Night),30.9,0.0
2026-08-29 23:00:00,Rotary Screen Printing Machine,Printing & Curing,0.61,none,0.0,0.0,0.0,Shift C (Night),28.3,0.0
2026-08-29 23:00:00,Industrial Steam Boiler (Dual Fuel),Steam Generation Utility,19.47,natural_gas,160.6,0.0,1.0,Shift C (Night),171.7,8.0
2026-08-29 23:00:00,Screw Air Compressor GA-75,Compressed Air Utility,26.97,none,0.0,0.0,0.0,Shift C (Night),36.0,5.95
2026-08-29 23:00:00,ETP Aeration Blower Station,Wastewater & ETP Utility,42.76,none,0.0,0.0,1.0,Shift C (Night),31.4,0.61
2026-08-30 00:00:00,HTHP Jet Dyeing Machine #01,Dyeing & Bleaching,0.6,none,0.0,0.0,0.0,Shift C (Night),28.8,0.0
2026-08-30 00:00:00,Soft Flow Jet Dyeing Machine #02,Dyeing & Bleaching,0.9,none,0.0,0.0,0.0,Shift C (Night),28.2,0.0
2026-08-30 00:00:00,8-Chamber Stenter Frame,Finishing & Heat Setting,0.63,natural_gas,0.0,0.0,0.0,Shift C (Night),30.1,0.0
2026-08-30 00:00:00,Rotary Screen Printing Machine,Printing & Curing,0.95,none,0.0,0.0,0.0,Shift C (Night),29.2,0.0
2026-08-30 00:00:00,Industrial Steam Boiler (Dual Fuel),Steam Generation Utility,20.34,natural_gas,167.83,0.0,1.0,Shift C (Night),169.3,7.87
2026-08-30 00:00:00,Screw Air Compressor GA-75,Compressed Air Utility,23.91,none,0.0,0.0,0.0,Shift C (Night),36.0,5.95
2026-08-30 00:00:00,ETP Aeration Blower Station,Wastewater & ETP Utility,42.26,none,0.0,0.0,1.0,Shift C (Night),32.0,0.6
2026-08-30 01:00:00,HTHP Jet Dyeing Machine #01,Dyeing & Bleaching,1.69,none,0.0,0.0,0.0,Shift C (Night),32.0,0.0
2026-08-30 01:00:00,Soft Flow Jet Dyeing Machine #02,Dyeing & Bleaching,0.77,none,0.0,0.0,0.0,Shift C (Night),28.5,0.0
2026-08-30 01:00:00,8-Chamber Stenter Frame,Finishing & Heat Setting,1.72,natural_gas,0.0,0.0,0.0,Shift C (Night),28.1,0.0
2026-08-30 01:00:00,Rotary Screen Printing Machine,Printing & Curing,1.94,none,0.0,0.0,0.0,Shift C (Night),31.4,0.0
2026-08-30 01:00:00,Industrial Steam Boiler (Dual Fuel),Steam Generation Utility,19.82,natural_gas,163.48,0.0,1.0,Shift C (Night),171.7,8.06
2026-08-30 01:00:00,Screw Air Compressor GA-75,Compressed Air Utility,26.54,none,0.0,0.0,0.0,Shift C (Night),36.0,5.95
2026-08-30 01:00:00,ETP Aeration Blower Station,Wastewater & ETP Utility,42.73,none,0.0,0.0,1.0,Shift C (Night),32.0,0.62
2026-08-30 02:00:00,HTHP Jet Dyeing Machine #01,Dyeing & Bleaching,1.64,none,0.0,0.0,0.0,Shift C (Night),30.3,0.0
2026-08-30 02:00:00,Soft Flow Jet Dyeing Machine #02,Dyeing & Bleaching,1.34,none,0.0,0.0,0.0,Shift C (Night),31.1,0.0
2026-08-30 02:00:00,8-Chamber Stenter Frame,Finishing & Heat Setting,1.62,natural_gas,0.0,0.0,0.0,Shift C (Night),31.0,0.0
2026-08-30 02:00:00,Rotary Screen Printing Machine,Printing & Curing,1.46,none,0.0,0.0,0.0,Shift C (Night),29.6,0.0
2026-08-30 02:00:00,Industrial Steam Boiler (Dual Fuel),Steam Generation Utility,20.07,natural_gas,165.55,0.0,1.0,Shift C (Night),171.6,7.9
2026-08-30 02:00:00,Screw Air Compressor GA-75,Compressed Air Utility,27.16,none,0.0,0.0,0.0,Shift C (Night),36.0,5.95
2026-08-30 02:00:00,ETP Aeration Blower Station,Wastewater & ETP Utility,45.59,none,0.0,0.0,1.0,Shift C (Night),32.6,0.61
2026-08-30 03:00:00,HTHP Jet Dyeing Machine #01,Dyeing & Bleaching,1.37,none,0.0,0.0,0.0,Shift C (Night),29.9,0.0
2026-08-30 03:00:00,Soft Flow Jet Dyeing Machine #02,Dyeing & Bleaching,0.96,none,0.0,0.0,0.0,Shift C (Night),29.0,0.0
2026-08-30 03:00:00,8-Chamber Stenter Frame,Finishing & Heat Setting,0.67,natural_gas,0.0,0.0,0.0,Shift C (Night),31.7,0.0
2026-08-30 03:00:00,Rotary Screen Printing Machine,Printing & Curing,1.74,none,0.0,0.0,0.0,Shift C (Night),31.9,0.0
2026-08-30 03:00:00,Industrial Steam Boiler (Dual Fuel),Steam Generation Utility,20.02,natural_gas,165.2,0.0,1.0,Shift C (Night),171.3,7.88
2026-08-30 03:00:00,Screw Air Compressor GA-75,Compressed Air Utility,23.94,none,0.0,0.0,0.0,Shift C (Night),36.0,5.95
2026-08-30 03:00:00,ETP Aeration Blower Station,Wastewater & ETP Utility,42.58,none,0.0,0.0,1.0,Shift C (Night),32.4,0.62
2026-08-30 04:00:00,HTHP Jet Dyeing Machine #01,Dyeing & Bleaching,0.72,none,0.0,0.0,0.0,Shift C (Night),28.4,0.0
2026-08-30 04:00:00,Soft Flow Jet Dyeing Machine #02,Dyeing & Bleaching,1.84,none,0.0,0.0,0.0,Shift C (Night),29.3,0.0
2026-08-30 04:00:00,8-Chamber Stenter Frame,Finishing & Heat Setting,1.53,natural_gas,0.0,0.0,0.0,Shift C (Night),30.2,0.0
2026-08-30 04:00:00,Rotary Screen Printing Machine,Printing & Curing,1.12,none,0.0,0.0,0.0,Shift C (Night),29.0,0.0
2026-08-30 04:00:00,Industrial Steam Boiler (Dual Fuel),Steam Generation Utility,20.0,natural_gas,165.02,0.0,1.0,Shift C (Night),171.8,8.22
2026-08-30 04:00:00,Screw Air Compressor GA-75,Compressed Air Utility,24.64,none,0.0,0.0,0.0,Shift C (Night),36.0,5.95
2026-08-30 04:00:00,ETP Aeration Blower Station,Wastewater & ETP Utility,45.66,none,0.0,0.0,1.0,Shift C (Night),31.6,0.59
2026-08-30 05:00:00,HTHP Jet Dyeing Machine #01,Dyeing & Bleaching,1.79,none,0.0,0.0,0.0,Shift C (Night),28.0,0.0
2026-08-30 05:00:00,Soft Flow Jet Dyeing Machine #02,Dyeing & Bleaching,1.11,none,0.0,0.0,0.0,Shift C (Night),29.3,0.0
2026-08-30 05:00:00,8-Chamber Stenter Frame,Finishing & Heat Setting,0.93,natural_gas,0.0,0.0,0.0,Shift C (Night),29.7,0.0
2026-08-30 05:00:00,Rotary Screen Printing Machine,Printing & Curing,0.64,none,0.0,0.0,0.0,Shift C (Night),29.3,0.0
2026-08-30 05:00:00,Industrial Steam Boiler (Dual Fuel),Steam Generation Utility,20.71,natural_gas,170.85,0.0,1.0,Shift C (Night),170.7,7.88
2026-08-30 05:00:00,Screw Air Compressor GA-75,Compressed Air Utility,25.65,none,0.0,0.0,0.0,Shift C (Night),36.0,5.95
2026-08-30 05:00:00,ETP Aeration Blower Station,Wastewater & ETP Utility,44.72,none,0.0,0.0,1.0,Shift C (Night),32.5,0.6
2026-08-30 06:00:00,HTHP Jet Dyeing Machine #01,Dyeing & Bleaching,0.81,none,0.0,0.0,0.0,Shift A (Morning),28.2,0.0
2026-08-30 06:00:00,Soft Flow Jet Dyeing Machine #02,Dyeing & Bleaching,0.68,none,0.0,0.0,0.0,Shift A (Morning),28.6,0.0
2026-08-30 06:00:00,8-Chamber Stenter Frame,Finishing & Heat Setting,1.83,natural_gas,0.0,0.0,0.0,Shift A (Morning),30.9,0.0
2026-08-30 06:00:00,Rotary Screen Printing Machine,Printing & Curing,1.73,none,0.0,0.0,0.0,Shift A (Morning),30.8,0.0
2026-08-30 06:00:00,Industrial Steam Boiler (Dual Fuel),Steam Generation Utility,20.06,natural_gas,165.52,0.0,1.0,Shift A (Morning),167.2,8.0
2026-08-30 06:00:00,Screw Air Compressor GA-75,Compressed Air Utility,26.91,none,0.0,0.0,0.0,Shift A (Morning),36.0,5.95
2026-08-30 06:00:00,ETP Aeration Blower Station,Wastewater & ETP Utility,44.54,none,0.0,0.0,1.0,Shift A (Morning),32.0,0.6
2026-08-30 07:00:00,HTHP Jet Dyeing Machine #01,Dyeing & Bleaching,1.67,none,0.0,0.0,0.0,Shift A (Morning),31.9,0.0
2026-08-30 07:00:00,Soft Flow Jet Dyeing Machine #02,Dyeing & Bleaching,0.81,none,0.0,0.0,0.0,Shift A (Morning),31.6,0.0
2026-08-30 07:00:00,8-Chamber Stenter Frame,Finishing & Heat Setting,0.8,natural_gas,0.0,0.0,0.0,Shift A (Morning),30.1,0.0
2026-08-30 07:00:00,Rotary Screen Printing Machine,Printing & Curing,1.3,none,0.0,0.0,0.0,Shift A (Morning),28.3,0.0
2026-08-30 07:00:00,Industrial Steam Boiler (Dual Fuel),Steam Generation Utility,19.62,natural_gas,161.86,0.0,1.0,Shift A (Morning),168.8,7.83
2026-08-30 07:00:00,Screw Air Compressor GA-75,Compressed Air Utility,24.34,none,0.0,0.0,0.0,Shift A (Morning),36.0,5.95
2026-08-30 07:00:00,ETP Aeration Blower Station,Wastewater & ETP Utility,45.45,none,0.0,0.0,1.0,Shift A (Morning),32.2,0.59
2026-08-30 08:00:00,HTHP Jet Dyeing Machine #01,Dyeing & Bleaching,1.04,none,0.0,0.0,0.0,Shift A (Morning),31.8,0.0
2026-08-30 08:00:00,Soft Flow Jet Dyeing Machine #02,Dyeing & Bleaching,0.91,none,0.0,0.0,0.0,Shift A (Morning),32.0,0.0
2026-08-30 08:00:00,8-Chamber Stenter Frame,Finishing & Heat Setting,0.62,natural_gas,0.0,0.0,0.0,Shift A (Morning),29.2,0.0
2026-08-30 08:00:00,Rotary Screen Printing Machine,Printing & Curing,0.82,none,0.0,0.0,0.0,Shift A (Morning),28.4,0.0
2026-08-30 08:00:00,Industrial Steam Boiler (Dual Fuel),Steam Generation Utility,20.43,natural_gas,168.58,0.0,1.0,Shift A (Morning),173.1,8.02
2026-08-30 08:00:00,Screw Air Compressor GA-75,Compressed Air Utility,24.73,none,0.0,0.0,0.0,Shift A (Morning),36.0,5.95
2026-08-30 08:00:00,ETP Aeration Blower Station,Wastewater & ETP Utility,44.17,none,0.0,0.0,1.0,Shift A (Morning),32.2,0.62
2026-08-30 09:00:00,HTHP Jet Dyeing Machine #01,Dyeing & Bleaching,1.48,none,0.0,0.0,0.0,Shift A (Morning),31.1,0.0
2026-08-30 09:00:00,Soft Flow Jet Dyeing Machine #02,Dyeing & Bleaching,1.96,none,0.0,0.0,0.0,Shift A (Morning),29.4,0.0
2026-08-30 09:00:00,8-Chamber Stenter Frame,Finishing & Heat Setting,0.63,natural_gas,0.0,0.0,0.0,Shift A (Morning),30.7,0.0
2026-08-30 09:00:00,Rotary Screen Printing Machine,Printing & Curing,1.85,none,0.0,0.0,0.0,Shift A (Morning),28.5,0.0
2026-08-30 09:00:00,Industrial Steam Boiler (Dual Fuel),Steam Generation Utility,19.25,natural_gas,158.82,0.0,1.0,Shift A (Morning),169.8,7.84
2026-08-30 09:00:00,Screw Air Compressor GA-75,Compressed Air Utility,23.7,none,0.0,0.0,0.0,Shift A (Morning),36.0,5.95
2026-08-30 09:00:00,ETP Aeration Blower Station,Wastewater & ETP Utility,43.74,none,0.0,0.0,1.0,Shift A (Morning),31.4,0.59
2026-08-30 10:00:00,HTHP Jet Dyeing Machine #01,Dyeing & Bleaching,1.39,none,0.0,0.0,0.0,Shift A (Morning),30.1,0.0
2026-08-30 10:00:00,Soft Flow Jet Dyeing Machine #02,Dyeing & Bleaching,1.24,none,0.0,0.0,0.0,Shift A (Morning),28.1,0.0
2026-08-30 10:00:00,8-Chamber Stenter Frame,Finishing & Heat Setting,1.61,natural_gas,0.0,0.0,0.0,Shift A (Morning),31.0,0.0
2026-08-30 10:00:00,Rotary Screen Printing Machine,Printing & Curing,0.85,none,0.0,0.0,0.0,Shift A (Morning),31.9,0.0
2026-08-30 10:00:00,Industrial Steam Boiler (Dual Fuel),Steam Generation Utility,19.4,natural_gas,160.08,0.0,1.0,Shift A (Morning),171.6,8.2
2026-08-30 10:00:00,Screw Air Compressor GA-75,Compressed Air Utility,25.08,none,0.0,0.0,0.0,Shift A (Morning),36.0,5.95
2026-08-30 10:00:00,ETP Aeration Blower Station,Wastewater & ETP Utility,43.47,none,0.0,0.0,1.0,Shift A (Morning),31.5,0.61
2026-08-30 11:00:00,HTHP Jet Dyeing Machine #01,Dyeing & Bleaching,0.97,none,0.0,0.0,0.0,Shift A (Morning),30.1,0.0
2026-08-30 11:00:00,Soft Flow Jet Dyeing Machine #02,Dyeing & Bleaching,1.12,none,0.0,0.0,0.0,Shift A (Morning),30.0,0.0
2026-08-30 11:00:00,8-Chamber Stenter Frame,Finishing & Heat Setting,1.2,natural_gas,0.0,0.0,0.0,Shift A (Morning),31.0,0.0
2026-08-30 11:00:00,Rotary Screen Printing Machine,Printing & Curing,0.91,none,0.0,0.0,0.0,Shift A (Morning),31.3,0.0
2026-08-30 11:00:00,Industrial Steam Boiler (Dual Fuel),Steam Generation Utility,20.63,natural_gas,170.16,0.0,1.0,Shift A (Morning),172.8,8.12
2026-08-30 11:00:00,Screw Air Compressor GA-75,Compressed Air Utility,24.65,none,0.0,0.0,0.0,Shift A (Morning),36.0,5.95
2026-08-30 11:00:00,ETP Aeration Blower Station,Wastewater & ETP Utility,44.79,none,0.0,0.0,1.0,Shift A (Morning),32.6,0.59
2026-08-30 12:00:00,HTHP Jet Dyeing Machine #01,Dyeing & Bleaching,0.85,none,0.0,0.0,0.0,Shift A (Morning),28.6,0.0
2026-08-30 12:00:00,Soft Flow Jet Dyeing Machine #02,Dyeing & Bleaching,1.22,none,0.0,0.0,0.0,Shift A (Morning),32.0,0.0
2026-08-30 12:00:00,8-Chamber Stenter Frame,Finishing & Heat Setting,1.79,natural_gas,0.0,0.0,0.0,Shift A (Morning),29.2,0.0
2026-08-30 12:00:00,Rotary Screen Printing Machine,Printing & Curing,1.76,none,0.0,0.0,0.0,Shift A (Morning),28.1,0.0
2026-08-30 12:00:00,Industrial Steam Boiler (Dual Fuel),Steam Generation Utility,20.2,natural_gas,166.61,0.0,1.0,Shift A (Morning),168.9,7.76
2026-08-30 12:00:00,Screw Air Compressor GA-75,Compressed Air Utility,25.35,none,0.0,0.0,0.0,Shift A (Morning),36.0,5.95
2026-08-30 12:00:00,ETP Aeration Blower Station,Wastewater & ETP Utility,44.86,none,0.0,0.0,1.0,Shift A (Morning),32.2,0.59
2026-08-30 13:00:00,HTHP Jet Dyeing Machine #01,Dyeing & Bleaching,1.62,none,0.0,0.0,0.0,Shift A (Morning),30.0,0.0
2026-08-30 13:00:00,Soft Flow Jet Dyeing Machine #02,Dyeing & Bleaching,0.81,none,0.0,0.0,0.0,Shift A (Morning),28.9,0.0
2026-08-30 13:00:00,8-Chamber Stenter Frame,Finishing & Heat Setting,1.38,natural_gas,0.0,0.0,0.0,Shift A (Morning),29.7,0.0
2026-08-30 13:00:00,Rotary Screen Printing Machine,Printing & Curing,1.29,none,0.0,0.0,0.0,Shift A (Morning),29.6,0.0
2026-08-30 13:00:00,Industrial Steam Boiler (Dual Fuel),Steam Generation Utility,19.47,natural_gas,160.63,0.0,1.0,Shift A (Morning),173.0,8.12
2026-08-30 13:00:00,Screw Air Compressor GA-75,Compressed Air Utility,26.27,none,0.0,0.0,0.0,Shift A (Morning),36.0,5.95
2026-08-30 13:00:00,ETP Aeration Blower Station,Wastewater & ETP Utility,42.68,none,0.0,0.0,1.0,Shift A (Morning),31.9,0.62
2026-08-30 14:00:00,HTHP Jet Dyeing Machine #01,Dyeing & Bleaching,1.15,none,0.0,0.0,0.0,Shift B (Evening),31.9,0.0
2026-08-30 14:00:00,Soft Flow Jet Dyeing Machine #02,Dyeing & Bleaching,1.31,none,0.0,0.0,0.0,Shift B (Evening),31.4,0.0
2026-08-30 14:00:00,8-Chamber Stenter Frame,Finishing & Heat Setting,1.59,natural_gas,0.0,0.0,0.0,Shift B (Evening),29.5,0.0
2026-08-30 14:00:00,Rotary Screen Printing Machine,Printing & Curing,1.09,none,0.0,0.0,0.0,Shift B (Evening),30.8,0.0
2026-08-30 14:00:00,Industrial Steam Boiler (Dual Fuel),Steam Generation Utility,19.84,natural_gas,163.68,0.0,1.0,Shift B (Evening),167.6,7.82
2026-08-30 14:00:00,Screw Air Compressor GA-75,Compressed Air Utility,27.14,none,0.0,0.0,0.0,Shift B (Evening),36.0,5.95
2026-08-30 14:00:00,ETP Aeration Blower Station,Wastewater & ETP Utility,45.61,none,0.0,0.0,1.0,Shift B (Evening),32.2,0.6
2026-08-30 15:00:00,HTHP Jet Dyeing Machine #01,Dyeing & Bleaching,2.0,none,0.0,0.0,0.0,Shift B (Evening),31.4,0.0
2026-08-30 15:00:00,Soft Flow Jet Dyeing Machine #02,Dyeing & Bleaching,1.22,none,0.0,0.0,0.0,Shift B (Evening),31.4,0.0
2026-08-30 15:00:00,8-Chamber Stenter Frame,Finishing & Heat Setting,0.98,natural_gas,0.0,0.0,0.0,Shift B (Evening),30.5,0.0
2026-08-30 15:00:00,Rotary Screen Printing Machine,Printing & Curing,1.26,none,0.0,0.0,0.0,Shift B (Evening),31.3,0.0
2026-08-30 15:00:00,Industrial Steam Boiler (Dual Fuel),Steam Generation Utility,20.26,natural_gas,167.14,0.0,1.0,Shift B (Evening),170.5,8.07
2026-08-30 15:00:00,Screw Air Compressor GA-75,Compressed Air Utility,24.84,none,0.0,0.0,0.0,Shift B (Evening),36.0,5.95
2026-08-30 15:00:00,ETP Aeration Blower Station,Wastewater & ETP Utility,42.37,none,0.0,0.0,1.0,Shift B (Evening),32.6,0.59
2026-08-30 16:00:00,HTHP Jet Dyeing Machine #01,Dyeing & Bleaching,1.31,none,0.0,0.0,0.0,Shift B (Evening),30.0,0.0
2026-08-30 16:00:00,Soft Flow Jet Dyeing Machine #02,Dyeing & Bleaching,1.28,none,0.0,0.0,0.0,Shift B (Evening),29.2,0.0
2026-08-30 16:00:00,8-Chamber Stenter Frame,Finishing & Heat Setting,0.8,natural_gas,0.0,0.0,0.0,Shift B (Evening),28.9,0.0
2026-08-30 16:00:00,Rotary Screen Printing Machine,Printing & Curing,1.81,none,0.0,0.0,0.0,Shift B (Evening),31.2,0.0
2026-08-30 16:00:00,Industrial Steam Boiler (Dual Fuel),Steam Generation Utility,19.69,natural_gas,162.46,0.0,1.0,Shift B (Evening),168.7,7.96
2026-08-30 16:00:00,Screw Air Compressor GA-75,Compressed Air Utility,26.23,none,0.0,0.0,0.0,Shift B (Evening),36.0,5.95
2026-08-30 16:00:00,ETP Aeration Blower Station,Wastewater & ETP Utility,43.57,none,0.0,0.0,1.0,Shift B (Evening),31.6,0.59
2026-08-30 17:00:00,HTHP Jet Dyeing Machine #01,Dyeing & Bleaching,0.72,none,0.0,0.0,0.0,Shift B (Evening),31.2,0.0
2026-08-30 17:00:00,Soft Flow Jet Dyeing Machine #02,Dyeing & Bleaching,1.21,none,0.0,0.0,0.0,Shift B (Evening),29.0,0.0
2026-08-30 17:00:00,8-Chamber Stenter Frame,Finishing & Heat Setting,1.63,natural_gas,0.0,0.0,0.0,Shift B (Evening),29.4,0.0
2026-08-30 17:00:00,Rotary Screen Printing Machine,Printing & Curing,1.1,none,0.0,0.0,0.0,Shift B (Evening),30.3,0.0
2026-08-30 17:00:00,Industrial Steam Boiler (Dual Fuel),Steam Generation Utility,19.48,natural_gas,160.67,0.0,1.0,Shift B (Evening),173.2,8.08
2026-08-30 17:00:00,Screw Air Compressor GA-75,Compressed Air Utility,24.52,none,0.0,0.0,0.0,Shift B (Evening),36.0,5.95
2026-08-30 17:00:00,ETP Aeration Blower Station,Wastewater & ETP Utility,43.24,none,0.0,0.0,1.0,Shift B (Evening),32.4,0.61
2026-08-30 18:00:00,HTHP Jet Dyeing Machine #01,Dyeing & Bleaching,0.74,none,0.0,0.0,0.0,Shift B (Evening),30.8,0.0
2026-08-30 18:00:00,Soft Flow Jet Dyeing Machine #02,Dyeing & Bleaching,1.29,none,0.0,0.0,0.0,Shift B (Evening),28.8,0.0
2026-08-30 18:00:00,8-Chamber Stenter Frame,Finishing & Heat Setting,1.37,natural_gas,0.0,0.0,0.0,Shift B (Evening),30.1,0.0
2026-08-30 18:00:00,Rotary Screen Printing Machine,Printing & Curing,1.25,none,0.0,0.0,0.0,Shift B (Evening),28.0,0.0
2026-08-30 18:00:00,Industrial Steam Boiler (Dual Fuel),Steam Generation Utility,20.27,natural_gas,167.23,0.0,1.0,Shift B (Evening),168.2,7.87
2026-08-30 18:00:00,Screw Air Compressor GA-75,Compressed Air Utility,26.01,none,0.0,0.0,0.0,Shift B (Evening),36.0,5.95
2026-08-30 18:00:00,ETP Aeration Blower Station,Wastewater & ETP Utility,45.02,none,0.0,0.0,1.0,Shift B (Evening),32.0,0.61
2026-08-30 19:00:00,HTHP Jet Dyeing Machine #01,Dyeing & Bleaching,1.73,none,0.0,0.0,0.0,Shift B (Evening),30.9,0.0
2026-08-30 19:00:00,Soft Flow Jet Dyeing Machine #02,Dyeing & Bleaching,1.34,none,0.0,0.0,0.0,Shift B (Evening),29.1,0.0
2026-08-30 19:00:00,8-Chamber Stenter Frame,Finishing & Heat Setting,1.72,natural_gas,0.0,0.0,0.0,Shift B (Evening),30.1,0.0
2026-08-30 19:00:00,Rotary Screen Printing Machine,Printing & Curing,1.99,none,0.0,0.0,0.0,Shift B (Evening),29.6,0.0
2026-08-30 19:00:00,Industrial Steam Boiler (Dual Fuel),Steam Generation Utility,20.59,natural_gas,169.83,0.0,1.0,Shift B (Evening),166.7,8.17
2026-08-30 19:00:00,Screw Air Compressor GA-75,Compressed Air Utility,26.52,none,0.0,0.0,0.0,Shift B (Evening),36.0,5.95
2026-08-30 19:00:00,ETP Aeration Blower Station,Wastewater & ETP Utility,45.74,none,0.0,0.0,1.0,Shift B (Evening),31.6,0.59
2026-08-30 20:00:00,HTHP Jet Dyeing Machine #01,Dyeing & Bleaching,1.83,none,0.0,0.0,0.0,Shift B (Evening),29.2,0.0
2026-08-30 20:00:00,Soft Flow Jet Dyeing Machine #02,Dyeing & Bleaching,1.52,none,0.0,0.0,0.0,Shift B (Evening),29.1,0.0
2026-08-30 20:00:00,8-Chamber Stenter Frame,Finishing & Heat Setting,1.72,natural_gas,0.0,0.0,0.0,Shift B (Evening),28.7,0.0
2026-08-30 20:00:00,Rotary Screen Printing Machine,Printing & Curing,1.81,none,0.0,0.0,0.0,Shift B (Evening),28.5,0.0
2026-08-30 20:00:00,Industrial Steam Boiler (Dual Fuel),Steam Generation Utility,19.84,natural_gas,163.7,0.0,1.0,Shift B (Evening),168.7,8.12
2026-08-30 20:00:00,Screw Air Compressor GA-75,Compressed Air Utility,25.45,none,0.0,0.0,0.0,Shift B (Evening),36.0,5.95
2026-08-30 20:00:00,ETP Aeration Blower Station,Wastewater & ETP Utility,42.25,none,0.0,0.0,1.0,Shift B (Evening),32.6,0.6
2026-08-30 21:00:00,HTHP Jet Dyeing Machine #01,Dyeing & Bleaching,0.74,none,0.0,0.0,0.0,Shift B (Evening),30.9,0.0
2026-08-30 21:00:00,Soft Flow Jet Dyeing Machine #02,Dyeing & Bleaching,1.82,none,0.0,0.0,0.0,Shift B (Evening),29.5,0.0
2026-08-30 21:00:00,8-Chamber Stenter Frame,Finishing & Heat Setting,1.98,natural_gas,0.0,0.0,0.0,Shift B (Evening),28.8,0.0
2026-08-30 21:00:00,Rotary Screen Printing Machine,Printing & Curing,0.69,none,0.0,0.0,0.0,Shift B (Evening),30.8,0.0
2026-08-30 21:00:00,Industrial Steam Boiler (Dual Fuel),Steam Generation Utility,19.37,natural_gas,159.79,0.0,1.0,Shift B (Evening),169.6,8.16
2026-08-30 21:00:00,Screw Air Compressor GA-75,Compressed Air Utility,25.8,none,0.0,0.0,0.0,Shift B (Evening),36.0,5.95
2026-08-30 21:00:00,ETP Aeration Blower Station,Wastewater & ETP Utility,45.45,none,0.0,0.0,1.0,Shift B (Evening),31.4,0.59
2026-08-30 22:00:00,HTHP Jet Dyeing Machine #01,Dyeing & Bleaching,0.99,none,0.0,0.0,0.0,Shift C (Night),31.8,0.0
2026-08-30 22:00:00,Soft Flow Jet Dyeing Machine #02,Dyeing & Bleaching,0.89,none,0.0,0.0,0.0,Shift C (Night),31.7,0.0
2026-08-30 22:00:00,8-Chamber Stenter Frame,Finishing & Heat Setting,1.26,natural_gas,0.0,0.0,0.0,Shift C (Night),28.5,0.0
2026-08-30 22:00:00,Rotary Screen Printing Machine,Printing & Curing,0.75,none,0.0,0.0,0.0,Shift C (Night),30.8,0.0
2026-08-30 22:00:00,Industrial Steam Boiler (Dual Fuel),Steam Generation Utility,20.4,natural_gas,168.27,0.0,1.0,Shift C (Night),170.6,7.98
2026-08-30 22:00:00,Screw Air Compressor GA-75,Compressed Air Utility,25.91,none,0.0,0.0,0.0,Shift C (Night),36.0,5.95
2026-08-30 22:00:00,ETP Aeration Blower Station,Wastewater & ETP Utility,43.7,none,0.0,0.0,1.0,Shift C (Night),32.4,0.59
2026-08-30 23:00:00,HTHP Jet Dyeing Machine #01,Dyeing & Bleaching,1.48,none,0.0,0.0,0.0,Shift C (Night),29.6,0.0
2026-08-30 23:00:00,Soft Flow Jet Dyeing Machine #02,Dyeing & Bleaching,1.9,none,0.0,0.0,0.0,Shift C (Night),31.0,0.0
2026-08-30 23:00:00,8-Chamber Stenter Frame,Finishing & Heat Setting,1.92,natural_gas,0.0,0.0,0.0,Shift C (Night),30.7,0.0
2026-08-30 23:00:00,Rotary Screen Printing Machine,Printing & Curing,1.46,none,0.0,0.0,0.0,Shift C (Night),31.0,0.0
2026-08-30 23:00:00,Industrial Steam Boiler (Dual Fuel),Steam Generation Utility,19.28,natural_gas,159.07,0.0,1.0,Shift C (Night),170.0,7.81
2026-08-30 23:00:00,Screw Air Compressor GA-75,Compressed Air Utility,25.9,none,0.0,0.0,0.0,Shift C (Night),36.0,5.95
2026-08-30 23:00:00,ETP Aeration Blower Station,Wastewater & ETP Utility,45.22,none,0.0,0.0,1.0,Shift C (Night),32.2,0.61
2026-08-31 00:00:00,HTHP Jet Dyeing Machine #01,Dyeing & Bleaching,1.06,none,0.0,0.0,0.0,Shift C (Night),29.5,0.0
2026-08-31 00:00:00,Soft Flow Jet Dyeing Machine #02,Dyeing & Bleaching,0.61,none,0.0,0.0,0.0,Shift C (Night),28.5,0.0
2026-08-31 00:00:00,8-Chamber Stenter Frame,Finishing & Heat Setting,0.89,natural_gas,0.0,0.0,0.0,Shift C (Night),29.8,0.0
2026-08-31 00:00:00,Rotary Screen Printing Machine,Printing & Curing,0.91,none,0.0,0.0,0.0,Shift C (Night),30.1,0.0
2026-08-31 00:00:00,Industrial Steam Boiler (Dual Fuel),Steam Generation Utility,20.33,natural_gas,167.72,0.0,1.0,Shift C (Night),166.8,8.2
2026-08-31 00:00:00,Screw Air Compressor GA-75,Compressed Air Utility,25.57,none,0.0,0.0,0.0,Shift C (Night),36.0,5.95
2026-08-31 00:00:00,ETP Aeration Blower Station,Wastewater & ETP Utility,44.62,none,0.0,0.0,1.0,Shift C (Night),32.4,0.6
2026-08-31 01:00:00,HTHP Jet Dyeing Machine #01,Dyeing & Bleaching,0.6,none,0.0,0.0,0.0,Shift C (Night),28.6,0.0
2026-08-31 01:00:00,Soft Flow Jet Dyeing Machine #02,Dyeing & Bleaching,1.26,none,0.0,0.0,0.0,Shift C (Night),31.0,0.0
2026-08-31 01:00:00,8-Chamber Stenter Frame,Finishing & Heat Setting,1.6,natural_gas,0.0,0.0,0.0,Shift C (Night),29.9,0.0
2026-08-31 01:00:00,Rotary Screen Printing Machine,Printing & Curing,1.92,none,0.0,0.0,0.0,Shift C (Night),28.4,0.0
2026-08-31 01:00:00,Industrial Steam Boiler (Dual Fuel),Steam Generation Utility,19.24,natural_gas,158.76,0.0,1.0,Shift C (Night),171.3,7.81
2026-08-31 01:00:00,Screw Air Compressor GA-75,Compressed Air Utility,25.78,none,0.0,0.0,0.0,Shift C (Night),36.0,5.95
2026-08-31 01:00:00,ETP Aeration Blower Station,Wastewater & ETP Utility,45.68,none,0.0,0.0,1.0,Shift C (Night),31.6,0.61
2026-08-31 02:00:00,HTHP Jet Dyeing Machine #01,Dyeing & Bleaching,1.55,none,0.0,0.0,0.0,Shift C (Night),31.5,0.0
2026-08-31 02:00:00,Soft Flow Jet Dyeing Machine #02,Dyeing & Bleaching,1.42,none,0.0,0.0,0.0,Shift C (Night),32.0,0.0
2026-08-31 02:00:00,8-Chamber Stenter Frame,Finishing & Heat Setting,0.95,natural_gas,0.0,0.0,0.0,Shift C (Night),30.0,0.0
2026-08-31 02:00:00,Rotary Screen Printing Machine,Printing & Curing,0.77,none,0.0,0.0,0.0,Shift C (Night),28.8,0.0
2026-08-31 02:00:00,Industrial Steam Boiler (Dual Fuel),Steam Generation Utility,19.74,natural_gas,162.87,0.0,1.0,Shift C (Night),168.1,7.97
2026-08-31 02:00:00,Screw Air Compressor GA-75,Compressed Air Utility,25.05,none,0.0,0.0,0.0,Shift C (Night),36.0,5.95
2026-08-31 02:00:00,ETP Aeration Blower Station,Wastewater & ETP Utility,45.28,none,0.0,0.0,1.0,Shift C (Night),32.5,0.58
2026-08-31 03:00:00,HTHP Jet Dyeing Machine #01,Dyeing & Bleaching,1.72,none,0.0,0.0,0.0,Shift C (Night),30.2,0.0
2026-08-31 03:00:00,Soft Flow Jet Dyeing Machine #02,Dyeing & Bleaching,1.54,none,0.0,0.0,0.0,Shift C (Night),30.9,0.0
2026-08-31 03:00:00,8-Chamber Stenter Frame,Finishing & Heat Setting,1.11,natural_gas,0.0,0.0,0.0,Shift C (Night),29.4,0.0
2026-08-31 03:00:00,Rotary Screen Printing Machine,Printing & Curing,1.81,none,0.0,0.0,0.0,Shift C (Night),30.0,0.0
2026-08-31 03:00:00,Industrial Steam Boiler (Dual Fuel),Steam Generation Utility,19.22,natural_gas,158.59,0.0,1.0,Shift C (Night),171.0,8.08
2026-08-31 03:00:00,Screw Air Compressor GA-75,Compressed Air Utility,24.58,none,0.0,0.0,0.0,Shift C (Night),36.0,5.95
2026-08-31 03:00:00,ETP Aeration Blower Station,Wastewater & ETP Utility,45.05,none,0.0,0.0,1.0,Shift C (Night),31.5,0.61
2026-08-31 04:00:00,HTHP Jet Dyeing Machine #01,Dyeing & Bleaching,1.95,none,0.0,0.0,0.0,Shift C (Night),28.6,0.0
2026-08-31 04:00:00,Soft Flow Jet Dyeing Machine #02,Dyeing & Bleaching,1.75,none,0.0,0.0,0.0,Shift C (Night),29.6,0.0
2026-08-31 04:00:00,8-Chamber Stenter Frame,Finishing & Heat Setting,0.65,natural_gas,0.0,0.0,0.0,Shift C (Night),32.0,0.0
2026-08-31 04:00:00,Rotary Screen Printing Machine,Printing & Curing,1.44,none,0.0,0.0,0.0,Shift C (Night),31.1,0.0
2026-08-31 04:00:00,Industrial Steam Boiler (Dual Fuel),Steam Generation Utility,20.08,natural_gas,165.68,0.0,1.0,Shift C (Night),172.4,7.88
2026-08-31 04:00:00,Screw Air Compressor GA-75,Compressed Air Utility,25.97,none,0.0,0.0,0.0,Shift C (Night),36.0,5.95
2026-08-31 04:00:00,ETP Aeration Blower Station,Wastewater & ETP Utility,42.31,none,0.0,0.0,1.0,Shift C (Night),32.4,0.61
2026-08-31 05:00:00,HTHP Jet Dyeing Machine #01,Dyeing & Bleaching,1.1,none,0.0,0.0,0.0,Shift C (Night),29.7,0.0
2026-08-31 05:00:00,Soft Flow Jet Dyeing Machine #02,Dyeing & Bleaching,1.57,none,0.0,0.0,0.0,Shift C (Night),29.0,0.0
2026-08-31 05:00:00,8-Chamber Stenter Frame,Finishing & Heat Setting,1.79,natural_gas,0.0,0.0,0.0,Shift C (Night),31.7,0.0
2026-08-31 05:00:00,Rotary Screen Printing Machine,Printing & Curing,1.11,none,0.0,0.0,0.0,Shift C (Night),31.0,0.0
2026-08-31 05:00:00,Industrial Steam Boiler (Dual Fuel),Steam Generation Utility,20.6,natural_gas,169.98,0.0,1.0,Shift C (Night),167.6,7.91
2026-08-31 05:00:00,Screw Air Compressor GA-75,Compressed Air Utility,26.22,none,0.0,0.0,0.0,Shift C (Night),36.0,5.95
2026-08-31 05:00:00,ETP Aeration Blower Station,Wastewater & ETP Utility,45.19,none,0.0,0.0,1.0,Shift C (Night),32.5,0.61
2026-08-31 06:00:00,HTHP Jet Dyeing Machine #01,Dyeing & Bleaching,34.69,none,0.0,416.3,1.0,Shift A (Morning),127.4,3.59
2026-08-31 06:00:00,Soft Flow Jet Dyeing Machine #02,Dyeing & Bleaching,27.37,none,0.0,332.3,1.0,Shift A (Morning),97.5,1.23
2026-08-31 06:00:00,8-Chamber Stenter Frame,Finishing & Heat Setting,76.69,natural_gas,39.38,777.3,1.0,Shift A (Morning),186.1,1.02
2026-08-31 06:00:00,Rotary Screen Printing Machine,Printing & Curing,39.19,none,0.0,495.1,1.0,Shift A (Morning),147.9,2.04
2026-08-31 06:00:00,Industrial Steam Boiler (Dual Fuel),Steam Generation Utility,20.32,natural_gas,167.68,0.0,1.0,Shift A (Morning),171.3,8.06
2026-08-31 06:00:00,Screw Air Compressor GA-75,Compressed Air Utility,59.7,none,0.0,0.0,1.0,Shift A (Morning),45.1,6.91
2026-08-31 06:00:00,ETP Aeration Blower Station,Wastewater & ETP Utility,45.25,none,0.0,0.0,1.0,Shift A (Morning),32.0,0.59
2026-08-31 07:00:00,HTHP Jet Dyeing Machine #01,Dyeing & Bleaching,33.63,none,0.0,403.5,1.0,Shift A (Morning),132.1,3.55
2026-08-31 07:00:00,Soft Flow Jet Dyeing Machine #02,Dyeing & Bleaching,28.23,none,0.0,342.7,1.0,Shift A (Morning),99.2,1.22
2026-08-31 07:00:00,8-Chamber Stenter Frame,Finishing & Heat Setting,72.91,natural_gas,37.44,739.0,1.0,Shift A (Morning),183.0,0.98
2026-08-31 07:00:00,Rotary Screen Printing Machine,Printing & Curing,37.6,none,0.0,474.9,1.0,Shift A (Morning),147.4,2.0
2026-08-31 07:00:00,Industrial Steam Boiler (Dual Fuel),Steam Generation Utility,19.78,natural_gas,163.21,0.0,1.0,Shift A (Morning),172.1,8.02
2026-08-31 07:00:00,Screw Air Compressor GA-75,Compressed Air Utility,57.48,none,0.0,0.0,1.0,Shift A (Morning),44.6,7.09
2026-08-31 07:00:00,ETP Aeration Blower Station,Wastewater & ETP Utility,43.1,none,0.0,0.0,1.0,Shift A (Morning),32.2,0.62
2026-08-31 08:00:00,HTHP Jet Dyeing Machine #01,Dyeing & Bleaching,36.02,none,0.0,432.2,1.0,Shift A (Morning),128.6,3.51
2026-08-31 08:00:00,Soft Flow Jet Dyeing Machine #02,Dyeing & Bleaching,27.09,none,0.0,328.9,1.0,Shift A (Morning),97.3,1.22
2026-08-31 08:00:00,8-Chamber Stenter Frame,Finishing & Heat Setting,76.25,natural_gas,39.16,772.8,1.0,Shift A (Morning),183.3,1.0
2026-08-31 08:00:00,Rotary Screen Printing Machine,Printing & Curing,37.27,none,0.0,470.8,1.0,Shift A (Morning),153.0,2.0
2026-08-31 08:00:00,Industrial Steam Boiler (Dual Fuel),Steam Generation Utility,20.51,natural_gas,169.23,0.0,1.0,Shift A (Morning),170.6,7.96
2026-08-31 08:00:00,Screw Air Compressor GA-75,Compressed Air Utility,60.13,none,0.0,0.0,1.0,Shift A (Morning),44.7,6.89
2026-08-31 08:00:00,ETP Aeration Blower Station,Wastewater & ETP Utility,43.43,none,0.0,0.0,1.0,Shift A (Morning),32.3,0.61
2026-08-31 09:00:00,HTHP Jet Dyeing Machine #01,Dyeing & Bleaching,33.91,none,0.0,406.9,1.0,Shift A (Morning),130.2,3.41
2026-08-31 09:00:00,Soft Flow Jet Dyeing Machine #02,Dyeing & Bleaching,27.89,none,0.0,338.6,1.0,Shift A (Morning),98.0,1.22
2026-08-31 09:00:00,8-Chamber Stenter Frame,Finishing & Heat Setting,71.83,natural_gas,36.89,728.0,1.0,Shift A (Morning),185.7,1.02
2026-08-31 09:00:00,Rotary Screen Printing Machine,Printing & Curing,37.99,none,0.0,479.9,1.0,Shift A (Morning),147.6,1.98
2026-08-31 09:00:00,Industrial Steam Boiler (Dual Fuel),Steam Generation Utility,19.45,natural_gas,160.44,0.0,1.0,Shift A (Morning),172.4,8.07
2026-08-31 09:00:00,Screw Air Compressor GA-75,Compressed Air Utility,59.22,none,0.0,0.0,1.0,Shift A (Morning),45.6,6.98
2026-08-31 09:00:00,ETP Aeration Blower Station,Wastewater & ETP Utility,43.04,none,0.0,0.0,1.0,Shift A (Morning),31.9,0.59
2026-08-31 10:00:00,HTHP Jet Dyeing Machine #01,Dyeing & Bleaching,35.8,none,0.0,429.6,1.0,Shift A (Morning),129.7,3.55
2026-08-31 10:00:00,Soft Flow Jet Dyeing Machine #02,Dyeing & Bleaching,29.1,none,0.0,353.3,1.0,Shift A (Morning),99.1,1.19
2026-08-31 10:00:00,8-Chamber Stenter Frame,Finishing & Heat Setting,73.78,natural_gas,37.89,747.8,1.0,Shift A (Morning),182.3,0.99
2026-08-31 10:00:00,Rotary Screen Printing Machine,Printing & Curing,37.82,none,0.0,477.8,1.0,Shift A (Morning),147.2,1.96
2026-08-31 10:00:00,Industrial Steam Boiler (Dual Fuel),Steam Generation Utility,20.52,natural_gas,169.32,0.0,1.0,Shift A (Morning),169.8,7.93
2026-08-31 10:00:00,Screw Air Compressor GA-75,Compressed Air Utility,59.42,none,0.0,0.0,1.0,Shift A (Morning),45.5,6.99
2026-08-31 10:00:00,ETP Aeration Blower Station,Wastewater & ETP Utility,45.74,none,0.0,0.0,1.0,Shift A (Morning),32.3,0.6
2026-08-31 11:00:00,HTHP Jet Dyeing Machine #01,Dyeing & Bleaching,35.62,none,0.0,427.5,1.0,Shift A (Morning),128.5,3.5
2026-08-31 11:00:00,Soft Flow Jet Dyeing Machine #02,Dyeing & Bleaching,27.57,none,0.0,334.7,1.0,Shift A (Morning),96.9,1.17
2026-08-31 11:00:00,8-Chamber Stenter Frame,Finishing & Heat Setting,72.14,natural_gas,37.04,731.1,1.0,Shift A (Morning),184.6,1.02
2026-08-31 11:00:00,Rotary Screen Printing Machine,Printing & Curing,39.04,none,0.0,493.1,1.0,Shift A (Morning),150.0,1.98
2026-08-31 11:00:00,Industrial Steam Boiler (Dual Fuel),Steam Generation Utility,19.93,natural_gas,164.46,0.0,1.0,Shift A (Morning),167.8,7.78
2026-08-31 11:00:00,Screw Air Compressor GA-75,Compressed Air Utility,58.29,none,0.0,0.0,1.0,Shift A (Morning),44.7,7.11
2026-08-31 11:00:00,ETP Aeration Blower Station,Wastewater & ETP Utility,43.63,none,0.0,0.0,1.0,Shift A (Morning),32.0,0.62
2026-08-31 12:00:00,HTHP Jet Dyeing Machine #01,Dyeing & Bleaching,36.1,none,0.0,433.2,1.0,Shift A (Morning),128.4,3.5
2026-08-31 12:00:00,Soft Flow Jet Dyeing Machine #02,Dyeing & Bleaching,27.55,none,0.0,334.6,1.0,Shift A (Morning),96.2,1.19
2026-08-31 12:00:00,8-Chamber Stenter Frame,Finishing & Heat Setting,72.52,natural_gas,37.24,735.0,1.0,Shift A (Morning),181.4,1.01
2026-08-31 12:00:00,Rotary Screen Printing Machine,Printing & Curing,37.63,none,0.0,475.3,1.0,Shift A (Morning),148.2,2.0
2026-08-31 12:00:00,Industrial Steam Boiler (Dual Fuel),Steam Generation Utility,19.31,natural_gas,159.29,0.0,1.0,Shift A (Morning),172.3,7.86
2026-08-31 12:00:00,Screw Air Compressor GA-75,Compressed Air Utility,57.25,none,0.0,0.0,1.0,Shift A (Morning),45.4,7.2
2026-08-31 12:00:00,ETP Aeration Blower Station,Wastewater & ETP Utility,43.65,none,0.0,0.0,1.0,Shift A (Morning),31.9,0.59
2026-08-31 13:00:00,HTHP Jet Dyeing Machine #01,Dyeing & Bleaching,35.29,none,0.0,423.5,1.0,Shift A (Morning),128.5,3.51
2026-08-31 13:00:00,Soft Flow Jet Dyeing Machine #02,Dyeing & Bleaching,28.5,none,0.0,346.0,1.0,Shift A (Morning),99.3,1.21
2026-08-31 13:00:00,8-Chamber Stenter Frame,Finishing & Heat Setting,73.45,natural_gas,37.72,744.4,1.0,Shift A (Morning),186.3,0.97
2026-08-31 13:00:00,Rotary Screen Printing Machine,Printing & Curing,37.28,none,0.0,470.9,1.0,Shift A (Morning),152.5,2.0
2026-08-31 13:00:00,Industrial Steam Boiler (Dual Fuel),Steam Generation Utility,19.83,natural_gas,163.59,0.0,1.0,Shift A (Morning),171.2,7.84
2026-08-31 13:00:00,Screw Air Compressor GA-75,Compressed Air Utility,58.9,none,0.0,0.0,1.0,Shift A (Morning),45.5,7.12
2026-08-31 13:00:00,ETP Aeration Blower Station,Wastewater & ETP Utility,43.15,none,0.0,0.0,1.0,Shift A (Morning),31.8,0.58
2026-08-31 14:00:00,HTHP Jet Dyeing Machine #01,Dyeing & Bleaching,35.07,none,0.0,420.8,1.0,Shift B (Evening),131.7,3.56
2026-08-31 14:00:00,Soft Flow Jet Dyeing Machine #02,Dyeing & Bleaching,27.94,none,0.0,339.3,1.0,Shift B (Evening),98.3,1.22
2026-08-31 14:00:00,8-Chamber Stenter Frame,Finishing & Heat Setting,76.71,natural_gas,39.39,777.4,1.0,Shift B (Evening),183.7,1.02
2026-08-31 14:00:00,Rotary Screen Printing Machine,Printing & Curing,37.78,none,0.0,477.3,1.0,Shift B (Evening),148.5,1.94
2026-08-31 14:00:00,Industrial Steam Boiler (Dual Fuel),Steam Generation Utility,19.51,natural_gas,160.93,0.0,1.0,Shift B (Evening),171.1,7.91
2026-08-31 14:00:00,Screw Air Compressor GA-75,Compressed Air Utility,57.77,none,0.0,0.0,1.0,Shift B (Evening),45.4,7.0
2026-08-31 14:00:00,ETP Aeration Blower Station,Wastewater & ETP Utility,45.34,none,0.0,0.0,1.0,Shift B (Evening),32.0,0.59
2026-08-31 15:00:00,HTHP Jet Dyeing Machine #01,Dyeing & Bleaching,34.31,none,0.0,411.8,1.0,Shift B (Evening),129.7,3.41
2026-08-31 15:00:00,Soft Flow Jet Dyeing Machine #02,Dyeing & Bleaching,28.46,none,0.0,345.6,1.0,Shift B (Evening),96.1,1.22
2026-08-31 15:00:00,8-Chamber Stenter Frame,Finishing & Heat Setting,74.16,natural_gas,38.08,751.6,1.0,Shift B (Evening),182.4,0.98
2026-08-31 15:00:00,Rotary Screen Printing Machine,Printing & Curing,37.12,none,0.0,468.9,1.0,Shift B (Evening),149.4,2.04
2026-08-31 15:00:00,Industrial Steam Boiler (Dual Fuel),Steam Generation Utility,19.93,natural_gas,164.41,0.0,1.0,Shift B (Evening),168.0,7.79
2026-08-31 15:00:00,Screw Air Compressor GA-75,Compressed Air Utility,56.5,none,0.0,0.0,1.0,Shift B (Evening),45.8,6.85
2026-08-31 15:00:00,ETP Aeration Blower Station,Wastewater & ETP Utility,42.6,none,0.0,0.0,1.0,Shift B (Evening),32.3,0.61
2026-08-31 16:00:00,HTHP Jet Dyeing Machine #01,Dyeing & Bleaching,35.92,none,0.0,431.1,1.0,Shift B (Evening),130.8,3.5
2026-08-31 16:00:00,Soft Flow Jet Dyeing Machine #02,Dyeing & Bleaching,28.24,none,0.0,342.9,1.0,Shift B (Evening),99.8,1.17
2026-08-31 16:00:00,8-Chamber Stenter Frame,Finishing & Heat Setting,72.01,natural_gas,36.98,729.9,1.0,Shift B (Evening),187.1,0.98
2026-08-31 16:00:00,Rotary Screen Printing Machine,Printing & Curing,39.16,none,0.0,494.7,1.0,Shift B (Evening),149.2,1.97
2026-08-31 16:00:00,Industrial Steam Boiler (Dual Fuel),Steam Generation Utility,20.54,natural_gas,169.45,0.0,1.0,Shift B (Evening),169.3,8.03
2026-08-31 16:00:00,Screw Air Compressor GA-75,Compressed Air Utility,55.83,none,0.0,0.0,1.0,Shift B (Evening),44.4,6.83
2026-08-31 16:00:00,ETP Aeration Blower Station,Wastewater & ETP Utility,43.74,none,0.0,0.0,1.0,Shift B (Evening),32.1,0.59
2026-08-31 17:00:00,HTHP Jet Dyeing Machine #01,Dyeing & Bleaching,36.0,none,0.0,432.0,1.0,Shift B (Evening),128.3,3.4
2026-08-31 17:00:00,Soft Flow Jet Dyeing Machine #02,Dyeing & Bleaching,27.28,none,0.0,331.3,1.0,Shift B (Evening),97.7,1.23
2026-08-31 17:00:00,8-Chamber Stenter Frame,Finishing & Heat Setting,74.41,natural_gas,38.21,754.1,1.0,Shift B (Evening),185.4,0.98
2026-08-31 17:00:00,Rotary Screen Printing Machine,Printing & Curing,39.46,none,0.0,498.4,1.0,Shift B (Evening),148.6,2.02
2026-08-31 17:00:00,Industrial Steam Boiler (Dual Fuel),Steam Generation Utility,19.63,natural_gas,161.95,0.0,1.0,Shift B (Evening),172.2,7.79
2026-08-31 17:00:00,Screw Air Compressor GA-75,Compressed Air Utility,58.22,none,0.0,0.0,1.0,Shift B (Evening),45.7,6.98
2026-08-31 17:00:00,ETP Aeration Blower Station,Wastewater & ETP Utility,45.35,none,0.0,0.0,1.0,Shift B (Evening),32.3,0.62
2026-08-31 18:00:00,HTHP Jet Dyeing Machine #01,Dyeing & Bleaching,35.86,none,0.0,430.3,1.0,Shift B (Evening),127.8,3.59
2026-08-31 18:00:00,Soft Flow Jet Dyeing Machine #02,Dyeing & Bleaching,27.88,none,0.0,338.5,1.0,Shift B (Evening),99.1,1.23
2026-08-31 18:00:00,8-Chamber Stenter Frame,Finishing & Heat Setting,75.1,natural_gas,38.56,761.1,1.0,Shift B (Evening),188.3,0.99
2026-08-31 18:00:00,Rotary Screen Printing Machine,Printing & Curing,37.08,none,0.0,468.4,1.0,Shift B (Evening),148.1,2.04
2026-08-31 18:00:00,Industrial Steam Boiler (Dual Fuel),Steam Generation Utility,19.49,natural_gas,160.82,0.0,1.0,Shift B (Evening),172.8,7.94
2026-08-31 18:00:00,Screw Air Compressor GA-75,Compressed Air Utility,56.72,none,0.0,0.0,1.0,Shift B (Evening),44.3,7.13
2026-08-31 18:00:00,ETP Aeration Blower Station,Wastewater & ETP Utility,42.8,none,0.0,0.0,1.0,Shift B (Evening),31.7,0.6
2026-08-31 19:00:00,HTHP Jet Dyeing Machine #01,Dyeing & Bleaching,36.34,none,0.0,436.1,1.0,Shift B (Evening),132.2,3.4
2026-08-31 19:00:00,Soft Flow Jet Dyeing Machine #02,Dyeing & Bleaching,27.38,none,0.0,332.4,1.0,Shift B (Evening),98.2,1.22
2026-08-31 19:00:00,8-Chamber Stenter Frame,Finishing & Heat Setting,75.52,natural_gas,38.78,765.4,1.0,Shift B (Evening),183.7,0.97
2026-08-31 19:00:00,Rotary Screen Printing Machine,Printing & Curing,39.16,none,0.0,494.6,1.0,Shift B (Evening),150.7,2.01
2026-08-31 19:00:00,Industrial Steam Boiler (Dual Fuel),Steam Generation Utility,20.78,natural_gas,171.42,0.0,1.0,Shift B (Evening),168.8,8.1
2026-08-31 19:00:00,Screw Air Compressor GA-75,Compressed Air Utility,56.7,none,0.0,0.0,1.0,Shift B (Evening),45.2,6.84
2026-08-31 19:00:00,ETP Aeration Blower Station,Wastewater & ETP Utility,44.71,none,0.0,0.0,1.0,Shift B (Evening),32.6,0.6
2026-08-31 20:00:00,HTHP Jet Dyeing Machine #01,Dyeing & Bleaching,35.11,none,0.0,421.4,1.0,Shift B (Evening),127.9,3.58
2026-08-31 20:00:00,Soft Flow Jet Dyeing Machine #02,Dyeing & Bleaching,27.14,none,0.0,329.6,1.0,Shift B (Evening),97.6,1.19
2026-08-31 20:00:00,8-Chamber Stenter Frame,Finishing & Heat Setting,71.32,natural_gas,36.63,722.9,1.0,Shift B (Evening),188.5,1.0
2026-08-31 20:00:00,Rotary Screen Printing Machine,Printing & Curing,37.78,none,0.0,477.3,1.0,Shift B (Evening),147.8,1.99
2026-08-31 20:00:00,Industrial Steam Boiler (Dual Fuel),Steam Generation Utility,19.87,natural_gas,163.94,0.0,1.0,Shift B (Evening),169.3,7.92
2026-08-31 20:00:00,Screw Air Compressor GA-75,Compressed Air Utility,56.48,none,0.0,0.0,1.0,Shift B (Evening),45.7,7.02
2026-08-31 20:00:00,ETP Aeration Blower Station,Wastewater & ETP Utility,43.31,none,0.0,0.0,1.0,Shift B (Evening),32.6,0.6
2026-08-31 21:00:00,HTHP Jet Dyeing Machine #01,Dyeing & Bleaching,34.34,none,0.0,412.1,1.0,Shift B (Evening),131.3,3.52
2026-08-31 21:00:00,Soft Flow Jet Dyeing Machine #02,Dyeing & Bleaching,26.93,none,0.0,327.0,1.0,Shift B (Evening),98.9,1.2
2026-08-31 21:00:00,8-Chamber Stenter Frame,Finishing & Heat Setting,74.27,natural_gas,38.14,752.8,1.0,Shift B (Evening),183.5,0.97
2026-08-31 21:00:00,Rotary Screen Printing Machine,Printing & Curing,38.75,none,0.0,489.5,1.0,Shift B (Evening),153.0,2.03
2026-08-31 21:00:00,Industrial Steam Boiler (Dual Fuel),Steam Generation Utility,20.55,natural_gas,169.57,0.0,1.0,Shift B (Evening),166.7,7.78
2026-08-31 21:00:00,Screw Air Compressor GA-75,Compressed Air Utility,55.73,none,0.0,0.0,1.0,Shift B (Evening),45.4,6.83
2026-08-31 21:00:00,ETP Aeration Blower Station,Wastewater & ETP Utility,45.62,none,0.0,0.0,1.0,Shift B (Evening),32.4,0.6
2026-08-31 22:00:00,HTHP Jet Dyeing Machine #01,Dyeing & Bleaching,34.06,none,0.0,408.8,1.0,Shift C (Night),131.4,3.58
2026-08-31 22:00:00,Soft Flow Jet Dyeing Machine #02,Dyeing & Bleaching,28.62,none,0.0,347.5,1.0,Shift C (Night),99.7,1.23
2026-08-31 22:00:00,8-Chamber Stenter Frame,Finishing & Heat Setting,72.45,natural_gas,37.2,734.3,1.0,Shift C (Night),181.5,0.99
2026-08-31 22:00:00,Rotary Screen Printing Machine,Printing & Curing,38.22,none,0.0,482.8,1.0,Shift C (Night),147.2,1.97
2026-08-31 22:00:00,Industrial Steam Boiler (Dual Fuel),Steam Generation Utility,20.64,natural_gas,170.26,0.0,1.0,Shift C (Night),169.0,7.85
2026-08-31 22:00:00,Screw Air Compressor GA-75,Compressed Air Utility,56.64,none,0.0,0.0,1.0,Shift C (Night),44.1,6.86
2026-08-31 22:00:00,ETP Aeration Blower Station,Wastewater & ETP Utility,43.5,none,0.0,0.0,1.0,Shift C (Night),31.4,0.61
2026-08-31 23:00:00,HTHP Jet Dyeing Machine #01,Dyeing & Bleaching,36.14,none,0.0,433.6,1.0,Shift C (Night),131.6,3.47
2026-08-31 23:00:00,Soft Flow Jet Dyeing Machine #02,Dyeing & Bleaching,1.96,none,0.0,0.0,0.0,Shift C (Night),28.5,0.0
2026-08-31 23:00:00,8-Chamber Stenter Frame,Finishing & Heat Setting,76.28,natural_gas,39.17,773.1,1.0,Shift C (Night),183.0,0.99
2026-08-31 23:00:00,Rotary Screen Printing Machine,Printing & Curing,1.06,none,0.0,0.0,0.0,Shift C (Night),30.9,0.0
2026-08-31 23:00:00,Industrial Steam Boiler (Dual Fuel),Steam Generation Utility,20.64,natural_gas,170.25,0.0,1.0,Shift C (Night),168.1,7.95
2026-08-31 23:00:00,Screw Air Compressor GA-75,Compressed Air Utility,25.37,none,0.0,0.0,0.0,Shift C (Night),36.0,5.95
2026-08-31 23:00:00,ETP Aeration Blower Station,Wastewater & ETP Utility,44.19,none,0.0,0.0,1.0,Shift C (Night),32.1,0.61
2026-09-01 00:00:00,HTHP Jet Dyeing Machine #01,Dyeing & Bleaching,0.89,none,0.0,0.0,0.0,Shift C (Night),28.8,0.0
2026-09-01 00:00:00,Soft Flow Jet Dyeing Machine #02,Dyeing & Bleaching,1.69,none,0.0,0.0,0.0,Shift C (Night),28.8,0.0
2026-09-01 00:00:00,8-Chamber Stenter Frame,Finishing & Heat Setting,0.83,natural_gas,0.0,0.0,0.0,Shift C (Night),31.4,0.0
2026-09-01 00:00:00,Rotary Screen Printing Machine,Printing & Curing,1.15,none,0.0,0.0,0.0,Shift C (Night),28.7,0.0
2026-09-01 00:00:00,Industrial Steam Boiler (Dual Fuel),Steam Generation Utility,19.88,natural_gas,164.03,0.0,1.0,Shift C (Night),166.6,8.02
2026-09-01 00:00:00,Screw Air Compressor GA-75,Compressed Air Utility,24.78,none,0.0,0.0,0.0,Shift C (Night),36.0,5.95
2026-09-01 00:00:00,ETP Aeration Blower Station,Wastewater & ETP Utility,44.87,none,0.0,0.0,1.0,Shift C (Night),32.0,0.61
2026-09-01 01:00:00,HTHP Jet Dyeing Machine #01,Dyeing & Bleaching,0.77,none,0.0,0.0,0.0,Shift C (Night),31.3,0.0
2026-09-01 01:00:00,Soft Flow Jet Dyeing Machine #02,Dyeing & Bleaching,1.7,none,0.0,0.0,0.0,Shift C (Night),31.0,0.0
2026-09-01 01:00:00,8-Chamber Stenter Frame,Finishing & Heat Setting,0.73,natural_gas,0.0,0.0,0.0,Shift C (Night),31.5,0.0
2026-09-01 01:00:00,Rotary Screen Printing Machine,Printing & Curing,0.68,none,0.0,0.0,0.0,Shift C (Night),31.1,0.0
2026-09-01 01:00:00,Industrial Steam Boiler (Dual Fuel),Steam Generation Utility,20.4,natural_gas,168.32,0.0,1.0,Shift C (Night),169.3,8.2
2026-09-01 01:00:00,Screw Air Compressor GA-75,Compressed Air Utility,25.76,none,0.0,0.0,0.0,Shift C (Night),36.0,5.95
2026-09-01 01:00:00,ETP Aeration Blower Station,Wastewater & ETP Utility,44.4,none,0.0,0.0,1.0,Shift C (Night),32.6,0.59
2026-09-01 02:00:00,HTHP Jet Dyeing Machine #01,Dyeing & Bleaching,0.94,none,0.0,0.0,0.0,Shift C (Night),30.0,0.0
2026-09-01 02:00:00,Soft Flow Jet Dyeing Machine #02,Dyeing & Bleaching,0.88,none,0.0,0.0,0.0,Shift C (Night),29.9,0.0
2026-09-01 02:00:00,8-Chamber Stenter Frame,Finishing & Heat Setting,1.03,natural_gas,0.0,0.0,0.0,Shift C (Night),29.5,0.0
2026-09-01 02:00:00,Rotary Screen Printing Machine,Printing & Curing,0.82,none,0.0,0.0,0.0,Shift C (Night),31.6,0.0
2026-09-01 02:00:00,Industrial Steam Boiler (Dual Fuel),Steam Generation Utility,19.81,natural_gas,163.47,0.0,1.0,Shift C (Night),170.6,8.18
2026-09-01 02:00:00,Screw Air Compressor GA-75,Compressed Air Utility,25.87,none,0.0,0.0,0.0,Shift C (Night),36.0,5.95
2026-09-01 02:00:00,ETP Aeration Blower Station,Wastewater & ETP Utility,44.23,none,0.0,0.0,1.0,Shift C (Night),32.5,0.59
2026-09-01 03:00:00,HTHP Jet Dyeing Machine #01,Dyeing & Bleaching,1.98,none,0.0,0.0,0.0,Shift C (Night),28.4,0.0
2026-09-01 03:00:00,Soft Flow Jet Dyeing Machine #02,Dyeing & Bleaching,0.79,none,0.0,0.0,0.0,Shift C (Night),29.6,0.0
2026-09-01 03:00:00,8-Chamber Stenter Frame,Finishing & Heat Setting,0.71,natural_gas,0.0,0.0,0.0,Shift C (Night),28.9,0.0
2026-09-01 03:00:00,Rotary Screen Printing Machine,Printing & Curing,1.27,none,0.0,0.0,0.0,Shift C (Night),28.9,0.0
2026-09-01 03:00:00,Industrial Steam Boiler (Dual Fuel),Steam Generation Utility,19.84,natural_gas,163.69,0.0,1.0,Shift C (Night),173.0,8.17
2026-09-01 03:00:00,Screw Air Compressor GA-75,Compressed Air Utility,24.51,none,0.0,0.0,0.0,Shift C (Night),36.0,5.95
2026-09-01 03:00:00,ETP Aeration Blower Station,Wastewater & ETP Utility,43.36,none,0.0,0.0,1.0,Shift C (Night),32.2,0.6
2026-09-01 04:00:00,HTHP Jet Dyeing Machine #01,Dyeing & Bleaching,1.88,none,0.0,0.0,0.0,Shift C (Night),29.0,0.0
2026-09-01 04:00:00,Soft Flow Jet Dyeing Machine #02,Dyeing & Bleaching,0.74,none,0.0,0.0,0.0,Shift C (Night),31.6,0.0
2026-09-01 04:00:00,8-Chamber Stenter Frame,Finishing & Heat Setting,1.58,natural_gas,0.0,0.0,0.0,Shift C (Night),31.6,0.0
2026-09-01 04:00:00,Rotary Screen Printing Machine,Printing & Curing,1.2,none,0.0,0.0,0.0,Shift C (Night),29.8,0.0
2026-09-01 04:00:00,Industrial Steam Boiler (Dual Fuel),Steam Generation Utility,20.43,natural_gas,168.52,0.0,1.0,Shift C (Night),166.8,8.03
2026-09-01 04:00:00,Screw Air Compressor GA-75,Compressed Air Utility,24.09,none,0.0,0.0,0.0,Shift C (Night),36.0,5.95
2026-09-01 04:00:00,ETP Aeration Blower Station,Wastewater & ETP Utility,44.85,none,0.0,0.0,1.0,Shift C (Night),32.0,0.59
2026-09-01 05:00:00,HTHP Jet Dyeing Machine #01,Dyeing & Bleaching,1.82,none,0.0,0.0,0.0,Shift C (Night),29.1,0.0
2026-09-01 05:00:00,Soft Flow Jet Dyeing Machine #02,Dyeing & Bleaching,0.87,none,0.0,0.0,0.0,Shift C (Night),30.8,0.0
2026-09-01 05:00:00,8-Chamber Stenter Frame,Finishing & Heat Setting,0.69,natural_gas,0.0,0.0,0.0,Shift C (Night),30.8,0.0
2026-09-01 05:00:00,Rotary Screen Printing Machine,Printing & Curing,1.8,none,0.0,0.0,0.0,Shift C (Night),29.4,0.0
2026-09-01 05:00:00,Industrial Steam Boiler (Dual Fuel),Steam Generation Utility,19.71,natural_gas,162.59,0.0,1.0,Shift C (Night),168.4,8.11
2026-09-01 05:00:00,Screw Air Compressor GA-75,Compressed Air Utility,24.02,none,0.0,0.0,0.0,Shift C (Night),36.0,5.95
2026-09-01 05:00:00,ETP Aeration Blower Station,Wastewater & ETP Utility,44.29,none,0.0,0.0,1.0,Shift C (Night),31.5,0.59
2026-09-01 06:00:00,HTHP Jet Dyeing Machine #01,Dyeing & Bleaching,35.96,none,0.0,431.5,1.0,Shift A (Morning),130.1,3.49
2026-09-01 06:00:00,Soft Flow Jet Dyeing Machine #02,Dyeing & Bleaching,28.93,none,0.0,351.4,1.0,Shift A (Morning),97.8,1.17
2026-09-01 06:00:00,8-Chamber Stenter Frame,Finishing & Heat Setting,73.8,natural_gas,37.9,748.0,1.0,Shift A (Morning),188.5,0.99
2026-09-01 06:00:00,Rotary Screen Printing Machine,Printing & Curing,38.73,none,0.0,489.3,1.0,Shift A (Morning),152.2,1.96
2026-09-01 06:00:00,Industrial Steam Boiler (Dual Fuel),Steam Generation Utility,19.35,natural_gas,159.63,0.0,1.0,Shift A (Morning),170.3,8.1
2026-09-01 06:00:00,Screw Air Compressor GA-75,Compressed Air Utility,56.86,none,0.0,0.0,1.0,Shift A (Morning),45.5,6.92
2026-09-01 06:00:00,ETP Aeration Blower Station,Wastewater & ETP Utility,45.52,none,0.0,0.0,1.0,Shift A (Morning),32.4,0.6
2026-09-01 07:00:00,HTHP Jet Dyeing Machine #01,Dyeing & Bleaching,35.66,none,0.0,427.9,1.0,Shift A (Morning),132.4,3.46
2026-09-01 07:00:00,Soft Flow Jet Dyeing Machine #02,Dyeing & Bleaching,28.1,none,0.0,341.2,1.0,Shift A (Morning),98.0,1.2
2026-09-01 07:00:00,8-Chamber Stenter Frame,Finishing & Heat Setting,74.79,natural_gas,38.41,758.0,1.0,Shift A (Morning),187.4,0.98
2026-09-01 07:00:00,Rotary Screen Printing Machine,Printing & Curing,37.12,none,0.0,468.8,1.0,Shift A (Morning),148.4,1.96
2026-09-01 07:00:00,Industrial Steam Boiler (Dual Fuel),Steam Generation Utility,20.14,natural_gas,166.18,0.0,1.0,Shift A (Morning),170.4,7.93
2026-09-01 07:00:00,Screw Air Compressor GA-75,Compressed Air Utility,57.34,none,0.0,0.0,1.0,Shift A (Morning),45.2,6.81
2026-09-01 07:00:00,ETP Aeration Blower Station,Wastewater & ETP Utility,43.44,none,0.0,0.0,1.0,Shift A (Morning),32.3,0.61
2026-09-01 08:00:00,HTHP Jet Dyeing Machine #01,Dyeing & Bleaching,36.29,none,0.0,435.5,1.0,Shift A (Morning),128.8,3.58
2026-09-01 08:00:00,Soft Flow Jet Dyeing Machine #02,Dyeing & Bleaching,27.63,none,0.0,335.5,1.0,Shift A (Morning),98.0,1.22
2026-09-01 08:00:00,8-Chamber Stenter Frame,Finishing & Heat Setting,75.39,natural_gas,38.72,764.1,1.0,Shift A (Morning),185.2,1.02
2026-09-01 08:00:00,Rotary Screen Printing Machine,Printing & Curing,38.13,none,0.0,481.6,1.0,Shift A (Morning),152.8,1.98
2026-09-01 08:00:00,Industrial Steam Boiler (Dual Fuel),Steam Generation Utility,19.9,natural_gas,164.17,0.0,1.0,Shift A (Morning),172.0,7.82
2026-09-01 08:00:00,Screw Air Compressor GA-75,Compressed Air Utility,59.34,none,0.0,0.0,1.0,Shift A (Morning),44.1,7.0
2026-09-01 08:00:00,ETP Aeration Blower Station,Wastewater & ETP Utility,43.64,none,0.0,0.0,1.0,Shift A (Morning),31.5,0.6
2026-09-01 09:00:00,HTHP Jet Dyeing Machine #01,Dyeing & Bleaching,34.07,none,0.0,408.9,1.0,Shift A (Morning),129.0,3.44
2026-09-01 09:00:00,Soft Flow Jet Dyeing Machine #02,Dyeing & Bleaching,28.63,none,0.0,347.6,1.0,Shift A (Morning),99.5,1.22
2026-09-01 09:00:00,8-Chamber Stenter Frame,Finishing & Heat Setting,71.51,natural_gas,36.72,724.8,1.0,Shift A (Morning),185.6,0.98
2026-09-01 09:00:00,Rotary Screen Printing Machine,Printing & Curing,36.96,none,0.0,466.9,1.0,Shift A (Morning),148.1,1.98
2026-09-01 09:00:00,Industrial Steam Boiler (Dual Fuel),Steam Generation Utility,20.41,natural_gas,168.37,0.0,1.0,Shift A (Morning),170.2,7.93
2026-09-01 09:00:00,Screw Air Compressor GA-75,Compressed Air Utility,59.37,none,0.0,0.0,1.0,Shift A (Morning),45.8,6.96
2026-09-01 09:00:00,ETP Aeration Blower Station,Wastewater & ETP Utility,44.9,none,0.0,0.0,1.0,Shift A (Morning),32.6,0.6
2026-09-01 10:00:00,HTHP Jet Dyeing Machine #01,Dyeing & Bleaching,35.15,none,0.0,421.8,1.0,Shift A (Morning),128.4,3.55
2026-09-01 10:00:00,Soft Flow Jet Dyeing Machine #02,Dyeing & Bleaching,28.85,none,0.0,350.4,1.0,Shift A (Morning),98.6,1.17
2026-09-01 10:00:00,8-Chamber Stenter Frame,Finishing & Heat Setting,76.64,natural_gas,39.36,776.7,1.0,Shift A (Morning),187.2,0.98
2026-09-01 10:00:00,Rotary Screen Printing Machine,Printing & Curing,37.31,none,0.0,471.3,1.0,Shift A (Morning),148.7,2.01
2026-09-01 10:00:00,Industrial Steam Boiler (Dual Fuel),Steam Generation Utility,20.15,natural_gas,166.24,0.0,1.0,Shift A (Morning),172.0,8.05
2026-09-01 10:00:00,Screw Air Compressor GA-75,Compressed Air Utility,58.72,none,0.0,0.0,1.0,Shift A (Morning),44.8,7.14
2026-09-01 10:00:00,ETP Aeration Blower Station,Wastewater & ETP Utility,43.8,none,0.0,0.0,1.0,Shift A (Morning),31.5,0.6
2026-09-01 11:00:00,HTHP Jet Dyeing Machine #01,Dyeing & Bleaching,34.33,none,0.0,412.0,1.0,Shift A (Morning),131.7,3.47
2026-09-01 11:00:00,Soft Flow Jet Dyeing Machine #02,Dyeing & Bleaching,28.76,none,0.0,349.2,1.0,Shift A (Morning),99.8,1.19
2026-09-01 11:00:00,8-Chamber Stenter Frame,Finishing & Heat Setting,72.19,natural_gas,37.07,731.7,1.0,Shift A (Morning),181.8,1.02
2026-09-01 11:00:00,Rotary Screen Printing Machine,Printing & Curing,38.45,none,0.0,485.6,1.0,Shift A (Morning),147.1,1.97
2026-09-01 11:00:00,Industrial Steam Boiler (Dual Fuel),Steam Generation Utility,19.32,natural_gas,159.39,0.0,1.0,Shift A (Morning),171.6,7.8
2026-09-01 11:00:00,Screw Air Compressor GA-75,Compressed Air Utility,56.7,none,0.0,0.0,1.0,Shift A (Morning),44.8,6.87
2026-09-01 11:00:00,ETP Aeration Blower Station,Wastewater & ETP Utility,44.42,none,0.0,0.0,1.0,Shift A (Morning),31.5,0.59
2026-09-01 12:00:00,HTHP Jet Dyeing Machine #01,Dyeing & Bleaching,34.9,none,0.0,418.8,1.0,Shift A (Morning),127.9,3.52
2026-09-01 12:00:00,Soft Flow Jet Dyeing Machine #02,Dyeing & Bleaching,27.74,none,0.0,336.8,1.0,Shift A (Morning),96.1,1.17
2026-09-01 12:00:00,8-Chamber Stenter Frame,Finishing & Heat Setting,76.75,natural_gas,39.41,777.9,1.0,Shift A (Morning),188.2,0.98
2026-09-01 12:00:00,Rotary Screen Printing Machine,Printing & Curing,37.96,none,0.0,479.5,1.0,Shift A (Morning),147.2,1.99
2026-09-01 12:00:00,Industrial Steam Boiler (Dual Fuel),Steam Generation Utility,19.84,natural_gas,163.68,0.0,1.0,Shift A (Morning),172.9,8.12
2026-09-01 12:00:00,Screw Air Compressor GA-75,Compressed Air Utility,59.54,none,0.0,0.0,1.0,Shift A (Morning),44.2,7.2
2026-09-01 12:00:00,ETP Aeration Blower Station,Wastewater & ETP Utility,45.3,none,0.0,0.0,1.0,Shift A (Morning),31.9,0.59
2026-09-01 13:00:00,HTHP Jet Dyeing Machine #01,Dyeing & Bleaching,35.07,none,0.0,420.9,1.0,Shift A (Morning),132.3,3.4
2026-09-01 13:00:00,Soft Flow Jet Dyeing Machine #02,Dyeing & Bleaching,28.16,none,0.0,342.0,1.0,Shift A (Morning),96.9,1.18
2026-09-01 13:00:00,8-Chamber Stenter Frame,Finishing & Heat Setting,72.65,natural_gas,37.3,736.3,1.0,Shift A (Morning),182.0,1.02
2026-09-01 13:00:00,Rotary Screen Printing Machine,Printing & Curing,38.48,none,0.0,486.1,1.0,Shift A (Morning),152.1,2.02
2026-09-01 13:00:00,Industrial Steam Boiler (Dual Fuel),Steam Generation Utility,19.53,natural_gas,161.11,0.0,1.0,Shift A (Morning),172.5,7.86
2026-09-01 13:00:00,Screw Air Compressor GA-75,Compressed Air Utility,57.58,none,0.0,0.0,1.0,Shift A (Morning),44.1,7.18
2026-09-01 13:00:00,ETP Aeration Blower Station,Wastewater & ETP Utility,44.41,none,0.0,0.0,1.0,Shift A (Morning),31.7,0.59
2026-09-01 14:00:00,HTHP Jet Dyeing Machine #01,Dyeing & Bleaching,34.82,none,0.0,417.8,1.0,Shift B (Evening),128.1,3.44
2026-09-01 14:00:00,Soft Flow Jet Dyeing Machine #02,Dyeing & Bleaching,27.1,none,0.0,329.1,1.0,Shift B (Evening),97.4,1.23
2026-09-01 14:00:00,8-Chamber Stenter Frame,Finishing & Heat Setting,72.74,natural_gas,37.35,737.3,1.0,Shift B (Evening),188.1,0.98
2026-09-01 14:00:00,Rotary Screen Printing Machine,Printing & Curing,37.02,none,0.0,467.7,1.0,Shift B (Evening),149.8,2.05
2026-09-01 14:00:00,Industrial Steam Boiler (Dual Fuel),Steam Generation Utility,20.04,natural_gas,165.31,0.0,1.0,Shift B (Evening),169.8,7.96
2026-09-01 14:00:00,Screw Air Compressor GA-75,Compressed Air Utility,59.94,none,0.0,0.0,1.0,Shift B (Evening),44.2,7.15
2026-09-01 14:00:00,ETP Aeration Blower Station,Wastewater & ETP Utility,42.97,none,0.0,0.0,1.0,Shift B (Evening),31.7,0.59
2026-09-01 15:00:00,HTHP Jet Dyeing Machine #01,Dyeing & Bleaching,35.35,none,0.0,424.2,1.0,Shift B (Evening),127.6,3.45
2026-09-01 15:00:00,Soft Flow Jet Dyeing Machine #02,Dyeing & Bleaching,27.84,none,0.0,338.1,1.0,Shift B (Evening),96.3,1.19
2026-09-01 15:00:00,8-Chamber Stenter Frame,Finishing & Heat Setting,73.05,natural_gas,37.51,740.4,1.0,Shift B (Evening),185.1,1.0
2026-09-01 15:00:00,Rotary Screen Printing Machine,Printing & Curing,39.51,none,0.0,499.1,1.0,Shift B (Evening),152.0,2.0
2026-09-01 15:00:00,Industrial Steam Boiler (Dual Fuel),Steam Generation Utility,20.18,natural_gas,166.52,0.0,1.0,Shift B (Evening),167.9,7.9
2026-09-01 15:00:00,Screw Air Compressor GA-75,Compressed Air Utility,56.53,none,0.0,0.0,1.0,Shift B (Evening),45.7,6.91
2026-09-01 15:00:00,ETP Aeration Blower Station,Wastewater & ETP Utility,43.01,none,0.0,0.0,1.0,Shift B (Evening),31.8,0.61
2026-09-01 16:00:00,HTHP Jet Dyeing Machine #01,Dyeing & Bleaching,33.82,none,0.0,405.8,1.0,Shift B (Evening),130.0,3.44
2026-09-01 16:00:00,Soft Flow Jet Dyeing Machine #02,Dyeing & Bleaching,27.65,none,0.0,335.8,1.0,Shift B (Evening),99.1,1.22
2026-09-01 16:00:00,8-Chamber Stenter Frame,Finishing & Heat Setting,74.01,natural_gas,38.0,750.1,1.0,Shift B (Evening),184.2,0.99
2026-09-01 16:00:00,Rotary Screen Printing Machine,Printing & Curing,38.21,none,0.0,482.7,1.0,Shift B (Evening),153.0,1.96
2026-09-01 16:00:00,Industrial Steam Boiler (Dual Fuel),Steam Generation Utility,20.6,natural_gas,169.94,0.0,1.0,Shift B (Evening),171.9,7.94
2026-09-01 16:00:00,Screw Air Compressor GA-75,Compressed Air Utility,56.73,none,0.0,0.0,1.0,Shift B (Evening),45.6,6.85
2026-09-01 16:00:00,ETP Aeration Blower Station,Wastewater & ETP Utility,44.21,none,0.0,0.0,1.0,Shift B (Evening),31.4,0.61
2026-09-01 17:00:00,HTHP Jet Dyeing Machine #01,Dyeing & Bleaching,34.08,none,0.0,409.0,1.0,Shift B (Evening),130.1,3.55
2026-09-01 17:00:00,Soft Flow Jet Dyeing Machine #02,Dyeing & Bleaching,27.48,none,0.0,333.6,1.0,Shift B (Evening),98.6,1.23
2026-09-01 17:00:00,8-Chamber Stenter Frame,Finishing & Heat Setting,71.06,natural_gas,36.49,720.2,1.0,Shift B (Evening),183.8,1.0
2026-09-01 17:00:00,Rotary Screen Printing Machine,Printing & Curing,37.51,none,0.0,473.7,1.0,Shift B (Evening),152.3,2.0
2026-09-01 17:00:00,Industrial Steam Boiler (Dual Fuel),Steam Generation Utility,20.71,natural_gas,170.86,0.0,1.0,Shift B (Evening),167.8,7.95
2026-09-01 17:00:00,Screw Air Compressor GA-75,Compressed Air Utility,56.97,none,0.0,0.0,1.0,Shift B (Evening),44.7,7.04
2026-09-01 17:00:00,ETP Aeration Blower Station,Wastewater & ETP Utility,42.3,none,0.0,0.0,1.0,Shift B (Evening),32.4,0.6
2026-09-01 18:00:00,HTHP Jet Dyeing Machine #01,Dyeing & Bleaching,34.22,none,0.0,410.6,1.0,Shift B (Evening),130.2,3.45
2026-09-01 18:00:00,Soft Flow Jet Dyeing Machine #02,Dyeing & Bleaching,27.84,none,0.0,338.0,1.0,Shift B (Evening),97.2,1.22
2026-09-01 18:00:00,8-Chamber Stenter Frame,Finishing & Heat Setting,74.8,natural_gas,38.41,758.1,1.0,Shift B (Evening),186.8,0.99
2026-09-01 18:00:00,Rotary Screen Printing Machine,Printing & Curing,37.87,none,0.0,478.3,1.0,Shift B (Evening),152.7,2.0
2026-09-01 18:00:00,Industrial Steam Boiler (Dual Fuel),Steam Generation Utility,19.64,natural_gas,162.04,0.0,1.0,Shift B (Evening),169.7,7.95
2026-09-01 18:00:00,Screw Air Compressor GA-75,Compressed Air Utility,57.42,none,0.0,0.0,1.0,Shift B (Evening),45.1,6.98
2026-09-01 18:00:00,ETP Aeration Blower Station,Wastewater & ETP Utility,44.53,none,0.0,0.0,1.0,Shift B (Evening),32.5,0.61
2026-09-01 19:00:00,HTHP Jet Dyeing Machine #01,Dyeing & Bleaching,34.32,none,0.0,411.8,1.0,Shift B (Evening),129.6,3.49
2026-09-01 19:00:00,Soft Flow Jet Dyeing Machine #02,Dyeing & Bleaching,28.4,none,0.0,344.9,1.0,Shift B (Evening),97.6,1.18
2026-09-01 19:00:00,8-Chamber Stenter Frame,Finishing & Heat Setting,74.32,natural_gas,38.16,753.2,1.0,Shift B (Evening),187.3,1.03
2026-09-01 19:00:00,Rotary Screen Printing Machine,Printing & Curing,36.68,none,0.0,463.4,1.0,Shift B (Evening),151.0,2.05
2026-09-01 19:00:00,Industrial Steam Boiler (Dual Fuel),Steam Generation Utility,19.34,natural_gas,159.55,0.0,1.0,Shift B (Evening),169.1,8.01
2026-09-01 19:00:00,Screw Air Compressor GA-75,Compressed Air Utility,58.51,none,0.0,0.0,1.0,Shift B (Evening),44.2,6.82
2026-09-01 19:00:00,ETP Aeration Blower Station,Wastewater & ETP Utility,43.83,none,0.0,0.0,1.0,Shift B (Evening),32.5,0.59
2026-09-01 20:00:00,HTHP Jet Dyeing Machine #01,Dyeing & Bleaching,35.96,none,0.0,431.5,1.0,Shift B (Evening),127.5,3.5
2026-09-01 20:00:00,Soft Flow Jet Dyeing Machine #02,Dyeing & Bleaching,27.63,none,0.0,335.5,1.0,Shift B (Evening),98.8,1.21
2026-09-01 20:00:00,8-Chamber Stenter Frame,Finishing & Heat Setting,76.0,natural_gas,39.03,770.3,1.0,Shift B (Evening),184.1,0.99
2026-09-01 20:00:00,Rotary Screen Printing Machine,Printing & Curing,37.2,none,0.0,469.9,1.0,Shift B (Evening),149.5,2.05
2026-09-01 20:00:00,Industrial Steam Boiler (Dual Fuel),Steam Generation Utility,19.25,natural_gas,158.84,0.0,1.0,Shift B (Evening),172.7,7.87
2026-09-01 20:00:00,Screw Air Compressor GA-75,Compressed Air Utility,56.83,none,0.0,0.0,1.0,Shift B (Evening),44.6,6.97
2026-09-01 20:00:00,ETP Aeration Blower Station,Wastewater & ETP Utility,44.03,none,0.0,0.0,1.0,Shift B (Evening),31.6,0.6
2026-09-01 21:00:00,HTHP Jet Dyeing Machine #01,Dyeing & Bleaching,35.4,none,0.0,424.9,1.0,Shift B (Evening),130.9,3.4
2026-09-01 21:00:00,Soft Flow Jet Dyeing Machine #02,Dyeing & Bleaching,27.79,none,0.0,337.4,1.0,Shift B (Evening),98.8,1.23
2026-09-01 21:00:00,8-Chamber Stenter Frame,Finishing & Heat Setting,71.75,natural_gas,36.85,727.2,1.0,Shift B (Evening),188.2,0.98
2026-09-01 21:00:00,Rotary Screen Printing Machine,Printing & Curing,37.04,none,0.0,467.8,1.0,Shift B (Evening),149.5,2.04
2026-09-01 21:00:00,Industrial Steam Boiler (Dual Fuel),Steam Generation Utility,20.66,natural_gas,170.43,0.0,1.0,Shift B (Evening),171.0,8.13
2026-09-01 21:00:00,Screw Air Compressor GA-75,Compressed Air Utility,58.53,none,0.0,0.0,1.0,Shift B (Evening),45.5,6.98
2026-09-01 21:00:00,ETP Aeration Blower Station,Wastewater & ETP Utility,44.52,none,0.0,0.0,1.0,Shift B (Evening),31.9,0.59
2026-09-01 22:00:00,HTHP Jet Dyeing Machine #01,Dyeing & Bleaching,35.73,none,0.0,428.7,1.0,Shift C (Night),130.9,3.56
2026-09-01 22:00:00,Soft Flow Jet Dyeing Machine #02,Dyeing & Bleaching,26.98,none,0.0,327.7,1.0,Shift C (Night),97.9,1.18
2026-09-01 22:00:00,8-Chamber Stenter Frame,Finishing & Heat Setting,73.5,natural_gas,37.74,744.9,1.0,Shift C (Night),183.6,1.02
2026-09-01 22:00:00,Rotary Screen Printing Machine,Printing & Curing,38.6,none,0.0,487.5,1.0,Shift C (Night),151.2,2.04
2026-09-01 22:00:00,Industrial Steam Boiler (Dual Fuel),Steam Generation Utility,20.01,natural_gas,165.05,0.0,1.0,Shift C (Night),169.9,7.95
2026-09-01 22:00:00,Screw Air Compressor GA-75,Compressed Air Utility,59.12,none,0.0,0.0,1.0,Shift C (Night),44.7,7.21
2026-09-01 22:00:00,ETP Aeration Blower Station,Wastewater & ETP Utility,43.38,none,0.0,0.0,1.0,Shift C (Night),31.4,0.61
2026-09-01 23:00:00,HTHP Jet Dyeing Machine #01,Dyeing & Bleaching,34.45,none,0.0,413.4,1.0,Shift C (Night),128.1,3.57
2026-09-01 23:00:00,Soft Flow Jet Dyeing Machine #02,Dyeing & Bleaching,1.57,none,0.0,0.0,0.0,Shift C (Night),28.2,0.0
2026-09-01 23:00:00,8-Chamber Stenter Frame,Finishing & Heat Setting,74.88,natural_gas,38.45,758.9,1.0,Shift C (Night),185.5,1.02
2026-09-01 23:00:00,Rotary Screen Printing Machine,Printing & Curing,1.67,none,0.0,0.0,0.0,Shift C (Night),30.2,0.0
2026-09-01 23:00:00,Industrial Steam Boiler (Dual Fuel),Steam Generation Utility,19.84,natural_gas,163.7,0.0,1.0,Shift C (Night),171.5,7.77
2026-09-01 23:00:00,Screw Air Compressor GA-75,Compressed Air Utility,24.95,none,0.0,0.0,0.0,Shift C (Night),36.0,5.95
2026-09-01 23:00:00,ETP Aeration Blower Station,Wastewater & ETP Utility,42.9,none,0.0,0.0,1.0,Shift C (Night),31.4,0.58
2026-09-02 00:00:00,HTHP Jet Dyeing Machine #01,Dyeing & Bleaching,1.67,none,0.0,0.0,0.0,Shift C (Night),30.3,0.0
2026-09-02 00:00:00,Soft Flow Jet Dyeing Machine #02,Dyeing & Bleaching,1.95,none,0.0,0.0,0.0,Shift C (Night),31.6,0.0
2026-09-02 00:00:00,8-Chamber Stenter Frame,Finishing & Heat Setting,0.62,natural_gas,0.0,0.0,0.0,Shift C (Night),28.8,0.0
2026-09-02 00:00:00,Rotary Screen Printing Machine,Printing & Curing,1.73,none,0.0,0.0,0.0,Shift C (Night),30.3,0.0
2026-09-02 00:00:00,Industrial Steam Boiler (Dual Fuel),Steam Generation Utility,20.43,natural_gas,168.52,0.0,1.0,Shift C (Night),170.1,8.06
2026-09-02 00:00:00,Screw Air Compressor GA-75,Compressed Air Utility,25.99,none,0.0,0.0,0.0,Shift C (Night),36.0,5.95
2026-09-02 00:00:00,ETP Aeration Blower Station,Wastewater & ETP Utility,44.23,none,0.0,0.0,1.0,Shift C (Night),32.0,0.59
2026-09-02 01:00:00,HTHP Jet Dyeing Machine #01,Dyeing & Bleaching,0.77,none,0.0,0.0,0.0,Shift C (Night),28.6,0.0
2026-09-02 01:00:00,Soft Flow Jet Dyeing Machine #02,Dyeing & Bleaching,1.58,none,0.0,0.0,0.0,Shift C (Night),31.9,0.0
2026-09-02 01:00:00,8-Chamber Stenter Frame,Finishing & Heat Setting,1.68,natural_gas,0.0,0.0,0.0,Shift C (Night),31.1,0.0
2026-09-02 01:00:00,Rotary Screen Printing Machine,Printing & Curing,0.93,none,0.0,0.0,0.0,Shift C (Night),28.4,0.0
2026-09-02 01:00:00,Industrial Steam Boiler (Dual Fuel),Steam Generation Utility,20.38,natural_gas,168.14,0.0,1.0,Shift C (Night),172.9,8.02
2026-09-02 01:00:00,Screw Air Compressor GA-75,Compressed Air Utility,26.54,none,0.0,0.0,0.0,Shift C (Night),36.0,5.95
2026-09-02 01:00:00,ETP Aeration Blower Station,Wastewater & ETP Utility,43.32,none,0.0,0.0,1.0,Shift C (Night),31.7,0.6
2026-09-02 02:00:00,HTHP Jet Dyeing Machine #01,Dyeing & Bleaching,1.01,none,0.0,0.0,0.0,Shift C (Night),28.1,0.0
2026-09-02 02:00:00,Soft Flow Jet Dyeing Machine #02,Dyeing & Bleaching,1.61,none,0.0,0.0,0.0,Shift C (Night),30.4,0.0
2026-09-02 02:00:00,8-Chamber Stenter Frame,Finishing & Heat Setting,1.56,natural_gas,0.0,0.0,0.0,Shift C (Night),30.7,0.0
2026-09-02 02:00:00,Rotary Screen Printing Machine,Printing & Curing,1.96,none,0.0,0.0,0.0,Shift C (Night),28.3,0.0
2026-09-02 02:00:00,Industrial Steam Boiler (Dual Fuel),Steam Generation Utility,20.43,natural_gas,168.58,0.0,1.0,Shift C (Night),173.1,7.91
2026-09-02 02:00:00,Screw Air Compressor GA-75,Compressed Air Utility,27.16,none,0.0,0.0,0.0,Shift C (Night),36.0,5.95
2026-09-02 02:00:00,ETP Aeration Blower Station,Wastewater & ETP Utility,44.36,none,0.0,0.0,1.0,Shift C (Night),31.4,0.59
2026-09-02 03:00:00,HTHP Jet Dyeing Machine #01,Dyeing & Bleaching,1.69,none,0.0,0.0,0.0,Shift C (Night),30.4,0.0
2026-09-02 03:00:00,Soft Flow Jet Dyeing Machine #02,Dyeing & Bleaching,1.19,none,0.0,0.0,0.0,Shift C (Night),28.1,0.0
2026-09-02 03:00:00,8-Chamber Stenter Frame,Finishing & Heat Setting,1.13,natural_gas,0.0,0.0,0.0,Shift C (Night),28.7,0.0
2026-09-02 03:00:00,Rotary Screen Printing Machine,Printing & Curing,1.46,none,0.0,0.0,0.0,Shift C (Night),31.3,0.0
2026-09-02 03:00:00,Industrial Steam Boiler (Dual Fuel),Steam Generation Utility,19.9,natural_gas,164.2,0.0,1.0,Shift C (Night),166.6,7.88
2026-09-02 03:00:00,Screw Air Compressor GA-75,Compressed Air Utility,25.75,none,0.0,0.0,0.0,Shift C (Night),36.0,5.95
2026-09-02 03:00:00,ETP Aeration Blower Station,Wastewater & ETP Utility,42.81,none,0.0,0.0,1.0,Shift C (Night),32.6,0.59
2026-09-02 04:00:00,HTHP Jet Dyeing Machine #01,Dyeing & Bleaching,1.88,none,0.0,0.0,0.0,Shift C (Night),31.0,0.0
2026-09-02 04:00:00,Soft Flow Jet Dyeing Machine #02,Dyeing & Bleaching,0.99,none,0.0,0.0,0.0,Shift C (Night),31.1,0.0
2026-09-02 04:00:00,8-Chamber Stenter Frame,Finishing & Heat Setting,1.74,natural_gas,0.0,0.0,0.0,Shift C (Night),30.8,0.0
2026-09-02 04:00:00,Rotary Screen Printing Machine,Printing & Curing,1.7,none,0.0,0.0,0.0,Shift C (Night),30.8,0.0
2026-09-02 04:00:00,Industrial Steam Boiler (Dual Fuel),Steam Generation Utility,20.52,natural_gas,169.25,0.0,1.0,Shift C (Night),167.1,8.11
2026-09-02 04:00:00,Screw Air Compressor GA-75,Compressed Air Utility,23.91,none,0.0,0.0,0.0,Shift C (Night),36.0,5.95
2026-09-02 04:00:00,ETP Aeration Blower Station,Wastewater & ETP Utility,43.9,none,0.0,0.0,1.0,Shift C (Night),32.5,0.58
2026-09-02 05:00:00,HTHP Jet Dyeing Machine #01,Dyeing & Bleaching,1.49,none,0.0,0.0,0.0,Shift C (Night),31.8,0.0
2026-09-02 05:00:00,Soft Flow Jet Dyeing Machine #02,Dyeing & Bleaching,0.98,none,0.0,0.0,0.0,Shift C (Night),28.9,0.0
2026-09-02 05:00:00,8-Chamber Stenter Frame,Finishing & Heat Setting,0.76,natural_gas,0.0,0.0,0.0,Shift C (Night),31.5,0.0
2026-09-02 05:00:00,Rotary Screen Printing Machine,Printing & Curing,1.34,none,0.0,0.0,0.0,Shift C (Night),31.5,0.0
2026-09-02 05:00:00,Industrial Steam Boiler (Dual Fuel),Steam Generation Utility,20.41,natural_gas,168.41,0.0,1.0,Shift C (Night),172.9,7.81
2026-09-02 05:00:00,Screw Air Compressor GA-75,Compressed Air Utility,25.91,none,0.0,0.0,0.0,Shift C (Night),36.0,5.95
2026-09-02 05:00:00,ETP Aeration Blower Station,Wastewater & ETP Utility,43.13,none,0.0,0.0,1.0,Shift C (Night),32.3,0.62
2026-09-02 06:00:00,HTHP Jet Dyeing Machine #01,Dyeing & Bleaching,53.87,none,0.0,374.3,1.0,Shift A (Morning),132.1,3.53
2026-09-02 06:00:00,Soft Flow Jet Dyeing Machine #02,Dyeing & Bleaching,27.09,none,0.0,328.9,1.0,Shift A (Morning),96.0,1.23
2026-09-02 06:00:00,8-Chamber Stenter Frame,Finishing & Heat Setting,75.63,natural_gas,38.84,766.5,1.0,Shift A (Morning),182.1,0.97
2026-09-02 06:00:00,Rotary Screen Printing Machine,Printing & Curing,38.3,none,0.0,483.8,1.0,Shift A (Morning),147.9,2.02
2026-09-02 06:00:00,Industrial Steam Boiler (Dual Fuel),Steam Generation Utility,19.27,natural_gas,158.96,0.0,1.0,Shift A (Morning),172.6,7.86
2026-09-02 06:00:00,Screw Air Compressor GA-75,Compressed Air Utility,58.06,none,0.0,0.0,1.0,Shift A (Morning),45.1,7.01
2026-09-02 06:00:00,ETP Aeration Blower Station,Wastewater & ETP Utility,45.4,none,0.0,0.0,1.0,Shift A (Morning),32.6,0.58
2026-09-02 07:00:00,HTHP Jet Dyeing Machine #01,Dyeing & Bleaching,51.76,none,0.0,359.6,1.0,Shift A (Morning),128.2,3.43
2026-09-02 07:00:00,Soft Flow Jet Dyeing Machine #02,Dyeing & Bleaching,29.0,none,0.0,352.1,1.0,Shift A (Morning),98.2,1.21
2026-09-02 07:00:00,8-Chamber Stenter Frame,Finishing & Heat Setting,75.6,natural_gas,38.82,766.2,1.0,Shift A (Morning),187.5,1.02
2026-09-02 07:00:00,Rotary Screen Printing Machine,Printing & Curing,37.47,none,0.0,473.3,1.0,Shift A (Morning),152.7,2.02
2026-09-02 07:00:00,Industrial Steam Boiler (Dual Fuel),Steam Generation Utility,19.23,natural_gas,158.65,0.0,1.0,Shift A (Morning),167.6,8.0
2026-09-02 07:00:00,Screw Air Compressor GA-75,Compressed Air Utility,58.37,none,0.0,0.0,1.0,Shift A (Morning),44.7,7.03
2026-09-02 07:00:00,ETP Aeration Blower Station,Wastewater & ETP Utility,44.5,none,0.0,0.0,1.0,Shift A (Morning),32.0,0.59
2026-09-02 08:00:00,HTHP Jet Dyeing Machine #01,Dyeing & Bleaching,51.39,none,0.0,357.0,1.0,Shift A (Morning),130.2,3.48
2026-09-02 08:00:00,Soft Flow Jet Dyeing Machine #02,Dyeing & Bleaching,28.21,none,0.0,342.5,1.0,Shift A (Morning),96.5,1.21
2026-09-02 08:00:00,8-Chamber Stenter Frame,Finishing & Heat Setting,76.33,natural_gas,39.2,773.7,1.0,Shift A (Morning),187.7,0.98
2026-09-02 08:00:00,Rotary Screen Printing Machine,Printing & Curing,37.92,none,0.0,478.9,1.0,Shift A (Morning),149.4,1.94
2026-09-02 08:00:00,Industrial Steam Boiler (Dual Fuel),Steam Generation Utility,19.25,natural_gas,158.84,0.0,1.0,Shift A (Morning),167.5,7.77
2026-09-02 08:00:00,Screw Air Compressor GA-75,Compressed Air Utility,58.58,none,0.0,0.0,1.0,Shift A (Morning),44.9,7.06
2026-09-02 08:00:00,ETP Aeration Blower Station,Wastewater & ETP Utility,45.07,none,0.0,0.0,1.0,Shift A (Morning),32.6,0.6
2026-09-02 09:00:00,HTHP Jet Dyeing Machine #01,Dyeing & Bleaching,53.93,none,0.0,374.7,1.0,Shift A (Morning),132.0,3.45
2026-09-02 09:00:00,Soft Flow Jet Dyeing Machine #02,Dyeing & Bleaching,27.37,none,0.0,332.3,1.0,Shift A (Morning),99.2,1.19
2026-09-02 09:00:00,8-Chamber Stenter Frame,Finishing & Heat Setting,74.89,natural_gas,38.46,759.1,1.0,Shift A (Morning),186.1,0.99
2026-09-02 09:00:00,Rotary Screen Printing Machine,Printing & Curing,38.07,none,0.0,480.8,1.0,Shift A (Morning),151.9,2.0
2026-09-02 09:00:00,Industrial Steam Boiler (Dual Fuel),Steam Generation Utility,19.21,natural_gas,158.48,0.0,1.0,Shift A (Morning),167.8,8.11
2026-09-02 09:00:00,Screw Air Compressor GA-75,Compressed Air Utility,57.05,none,0.0,0.0,1.0,Shift A (Morning),45.3,7.07
2026-09-02 09:00:00,ETP Aeration Blower Station,Wastewater & ETP Utility,43.29,none,0.0,0.0,1.0,Shift A (Morning),32.2,0.6
2026-09-02 10:00:00,HTHP Jet Dyeing Machine #01,Dyeing & Bleaching,52.8,none,0.0,366.9,1.0,Shift A (Morning),127.5,3.41
2026-09-02 10:00:00,Soft Flow Jet Dyeing Machine #02,Dyeing & Bleaching,28.95,none,0.0,351.6,1.0,Shift A (Morning),99.8,1.2
2026-09-02 10:00:00,8-Chamber Stenter Frame,Finishing & Heat Setting,72.51,natural_gas,37.24,734.9,1.0,Shift A (Morning),182.7,1.02
2026-09-02 10:00:00,Rotary Screen Printing Machine,Printing & Curing,38.21,none,0.0,482.7,1.0,Shift A (Morning),149.4,2.04
2026-09-02 10:00:00,Industrial Steam Boiler (Dual Fuel),Steam Generation Utility,20.33,natural_gas,167.7,0.0,1.0,Shift A (Morning),168.3,7.94
2026-09-02 10:00:00,Screw Air Compressor GA-75,Compressed Air Utility,59.21,none,0.0,0.0,1.0,Shift A (Morning),44.1,7.18
2026-09-02 10:00:00,ETP Aeration Blower Station,Wastewater & ETP Utility,43.27,none,0.0,0.0,1.0,Shift A (Morning),31.8,0.59
2026-09-02 11:00:00,HTHP Jet Dyeing Machine #01,Dyeing & Bleaching,54.32,none,0.0,377.4,1.0,Shift A (Morning),131.0,3.4
2026-09-02 11:00:00,Soft Flow Jet Dyeing Machine #02,Dyeing & Bleaching,27.67,none,0.0,336.1,1.0,Shift A (Morning),98.8,1.19
2026-09-02 11:00:00,8-Chamber Stenter Frame,Finishing & Heat Setting,74.01,natural_gas,38.0,750.1,1.0,Shift A (Morning),181.9,1.0
2026-09-02 11:00:00,Rotary Screen Printing Machine,Printing & Curing,37.82,none,0.0,477.7,1.0,Shift A (Morning),149.2,2.05
2026-09-02 11:00:00,Industrial Steam Boiler (Dual Fuel),Steam Generation Utility,20.29,natural_gas,167.37,0.0,1.0,Shift A (Morning),173.2,8.18
2026-09-02 11:00:00,Screw Air Compressor GA-75,Compressed Air Utility,59.52,none,0.0,0.0,1.0,Shift A (Morning),44.6,7.16
2026-09-02 11:00:00,ETP Aeration Blower Station,Wastewater & ETP Utility,44.04,none,0.0,0.0,1.0,Shift A (Morning),31.5,0.59
2026-09-02 12:00:00,HTHP Jet Dyeing Machine #01,Dyeing & Bleaching,54.13,none,0.0,376.0,1.0,Shift A (Morning),129.7,3.5
2026-09-02 12:00:00,Soft Flow Jet Dyeing Machine #02,Dyeing & Bleaching,28.04,none,0.0,340.5,1.0,Shift A (Morning),97.1,1.22
2026-09-02 12:00:00,8-Chamber Stenter Frame,Finishing & Heat Setting,73.47,natural_gas,37.73,744.7,1.0,Shift A (Morning),188.7,1.03
2026-09-02 12:00:00,Rotary Screen Printing Machine,Printing & Curing,37.18,none,0.0,469.7,1.0,Shift A (Morning),147.2,1.99
2026-09-02 12:00:00,Industrial Steam Boiler (Dual Fuel),Steam Generation Utility,19.94,natural_gas,164.52,0.0,1.0,Shift A (Morning),171.9,8.23
2026-09-02 12:00:00,Screw Air Compressor GA-75,Compressed Air Utility,57.57,none,0.0,0.0,1.0,Shift A (Morning),45.2,6.84
2026-09-02 12:00:00,ETP Aeration Blower Station,Wastewater & ETP Utility,44.29,none,0.0,0.0,1.0,Shift A (Morning),32.1,0.6
2026-09-02 13:00:00,HTHP Jet Dyeing Machine #01,Dyeing & Bleaching,54.95,none,0.0,381.7,1.0,Shift A (Morning),132.0,3.59
2026-09-02 13:00:00,Soft Flow Jet Dyeing Machine #02,Dyeing & Bleaching,27.18,none,0.0,330.1,1.0,Shift A (Morning),96.2,1.18
2026-09-02 13:00:00,8-Chamber Stenter Frame,Finishing & Heat Setting,74.62,natural_gas,38.32,756.3,1.0,Shift A (Morning),184.2,0.98
2026-09-02 13:00:00,Rotary Screen Printing Machine,Printing & Curing,37.73,none,0.0,476.6,1.0,Shift A (Morning),150.7,1.94
2026-09-02 13:00:00,Industrial Steam Boiler (Dual Fuel),Steam Generation Utility,19.87,natural_gas,163.9,0.0,1.0,Shift A (Morning),167.1,7.98
2026-09-02 13:00:00,Screw Air Compressor GA-75,Compressed Air Utility,60.0,none,0.0,0.0,1.0,Shift A (Morning),45.2,6.86
2026-09-02 13:00:00,ETP Aeration Blower Station,Wastewater & ETP Utility,45.38,none,0.0,0.0,1.0,Shift A (Morning),31.8,0.62
2026-09-02 14:00:00,HTHP Jet Dyeing Machine #01,Dyeing & Bleaching,54.93,none,0.0,381.7,1.0,Shift B (Evening),132.3,3.53
2026-09-02 14:00:00,Soft Flow Jet Dyeing Machine #02,Dyeing & Bleaching,27.23,none,0.0,330.6,1.0,Shift B (Evening),99.6,1.21
2026-09-02 14:00:00,8-Chamber Stenter Frame,Finishing & Heat Setting,76.67,natural_gas,39.37,777.1,1.0,Shift B (Evening),185.4,0.98
2026-09-02 14:00:00,Rotary Screen Printing Machine,Printing & Curing,38.76,none,0.0,489.7,1.0,Shift B (Evening),151.4,2.04
2026-09-02 14:00:00,Industrial Steam Boiler (Dual Fuel),Steam Generation Utility,19.84,natural_gas,163.68,0.0,1.0,Shift B (Evening),170.1,8.1
2026-09-02 14:00:00,Screw Air Compressor GA-75,Compressed Air Utility,57.77,none,0.0,0.0,1.0,Shift B (Evening),44.4,7.17
2026-09-02 14:00:00,ETP Aeration Blower Station,Wastewater & ETP Utility,43.77,none,0.0,0.0,1.0,Shift B (Evening),31.7,0.59
2026-09-02 15:00:00,HTHP Jet Dyeing Machine #01,Dyeing & Bleaching,53.31,none,0.0,370.3,1.0,Shift B (Evening),127.7,3.59
2026-09-02 15:00:00,Soft Flow Jet Dyeing Machine #02,Dyeing & Bleaching,28.69,none,0.0,348.4,1.0,Shift B (Evening),99.5,1.22
2026-09-02 15:00:00,8-Chamber Stenter Frame,Finishing & Heat Setting,71.61,natural_gas,36.77,725.7,1.0,Shift B (Evening),182.8,1.0
2026-09-02 15:00:00,Rotary Screen Printing Machine,Printing & Curing,37.06,none,0.0,468.1,1.0,Shift B (Evening),151.6,1.95
2026-09-02 15:00:00,Industrial Steam Boiler (Dual Fuel),Steam Generation Utility,20.79,natural_gas,171.48,0.0,1.0,Shift B (Evening),169.3,7.77
2026-09-02 15:00:00,Screw Air Compressor GA-75,Compressed Air Utility,59.84,none,0.0,0.0,1.0,Shift B (Evening),44.6,6.81
2026-09-02 15:00:00,ETP Aeration Blower Station,Wastewater & ETP Utility,45.69,none,0.0,0.0,1.0,Shift B (Evening),32.3,0.62
2026-09-02 16:00:00,HTHP Jet Dyeing Machine #01,Dyeing & Bleaching,51.7,none,0.0,359.1,1.0,Shift B (Evening),130.6,3.55
2026-09-02 16:00:00,Soft Flow Jet Dyeing Machine #02,Dyeing & Bleaching,27.03,none,0.0,328.2,1.0,Shift B (Evening),99.1,1.22
2026-09-02 16:00:00,8-Chamber Stenter Frame,Finishing & Heat Setting,74.96,natural_gas,38.49,759.7,1.0,Shift B (Evening),187.6,1.02
2026-09-02 16:00:00,Rotary Screen Printing Machine,Printing & Curing,38.7,none,0.0,488.9,1.0,Shift B (Evening),150.4,1.97
2026-09-02 16:00:00,Industrial Steam Boiler (Dual Fuel),Steam Generation Utility,19.39,natural_gas,159.96,0.0,1.0,Shift B (Evening),168.0,8.15
2026-09-02 16:00:00,Screw Air Compressor GA-75,Compressed Air Utility,57.98,none,0.0,0.0,1.0,Shift B (Evening),44.4,7.06
2026-09-02 16:00:00,ETP Aeration Blower Station,Wastewater & ETP Utility,44.15,none,0.0,0.0,1.0,Shift B (Evening),31.5,0.6
2026-09-02 17:00:00,HTHP Jet Dyeing Machine #01,Dyeing & Bleaching,53.37,none,0.0,370.7,1.0,Shift B (Evening),130.8,3.57
2026-09-02 17:00:00,Soft Flow Jet Dyeing Machine #02,Dyeing & Bleaching,27.74,none,0.0,336.8,1.0,Shift B (Evening),96.7,1.22
2026-09-02 17:00:00,8-Chamber Stenter Frame,Finishing & Heat Setting,76.6,natural_gas,39.34,776.4,1.0,Shift B (Evening),182.3,1.02
2026-09-02 17:00:00,Rotary Screen Printing Machine,Printing & Curing,37.48,none,0.0,473.5,1.0,Shift B (Evening),152.8,2.02
2026-09-02 17:00:00,Industrial Steam Boiler (Dual Fuel),Steam Generation Utility,19.29,natural_gas,159.13,0.0,1.0,Shift B (Evening),167.8,7.92
2026-09-02 17:00:00,Screw Air Compressor GA-75,Compressed Air Utility,56.76,none,0.0,0.0,1.0,Shift B (Evening),45.1,6.99
2026-09-02 17:00:00,ETP Aeration Blower Station,Wastewater & ETP Utility,43.74,none,0.0,0.0,1.0,Shift B (Evening),32.1,0.61
2026-09-02 18:00:00,HTHP Jet Dyeing Machine #01,Dyeing & Bleaching,53.72,none,0.0,373.2,1.0,Shift B (Evening),128.8,3.59
2026-09-02 18:00:00,Soft Flow Jet Dyeing Machine #02,Dyeing & Bleaching,27.78,none,0.0,337.3,1.0,Shift B (Evening),99.6,1.2
2026-09-02 18:00:00,8-Chamber Stenter Frame,Finishing & Heat Setting,76.82,natural_gas,39.45,778.6,1.0,Shift B (Evening),187.0,1.03
2026-09-02 18:00:00,Rotary Screen Printing Machine,Printing & Curing,39.46,none,0.0,498.4,1.0,Shift B (Evening),147.2,2.06
2026-09-02 18:00:00,Industrial Steam Boiler (Dual Fuel),Steam Generation Utility,19.79,natural_gas,163.28,0.0,1.0,Shift B (Evening),170.2,8.18
2026-09-02 18:00:00,Screw Air Compressor GA-75,Compressed Air Utility,56.08,none,0.0,0.0,1.0,Shift B (Evening),45.3,6.89
2026-09-02 18:00:00,ETP Aeration Blower Station,Wastewater & ETP Utility,45.53,none,0.0,0.0,1.0,Shift B (Evening),31.9,0.6
2026-09-02 19:00:00,HTHP Jet Dyeing Machine #01,Dyeing & Bleaching,51.5,none,0.0,357.8,1.0,Shift B (Evening),130.1,3.52
2026-09-02 19:00:00,Soft Flow Jet Dyeing Machine #02,Dyeing & Bleaching,29.07,none,0.0,353.0,1.0,Shift B (Evening),96.6,1.22
2026-09-02 19:00:00,8-Chamber Stenter Frame,Finishing & Heat Setting,76.46,natural_gas,39.26,774.9,1.0,Shift B (Evening),186.1,1.02
2026-09-02 19:00:00,Rotary Screen Printing Machine,Printing & Curing,39.06,none,0.0,493.4,1.0,Shift B (Evening),147.0,1.97
2026-09-02 19:00:00,Industrial Steam Boiler (Dual Fuel),Steam Generation Utility,20.7,natural_gas,170.8,0.0,1.0,Shift B (Evening),169.9,7.82
2026-09-02 19:00:00,Screw Air Compressor GA-75,Compressed Air Utility,56.44,none,0.0,0.0,1.0,Shift B (Evening),44.5,6.82
2026-09-02 19:00:00,ETP Aeration Blower Station,Wastewater & ETP Utility,42.92,none,0.0,0.0,1.0,Shift B (Evening),32.2,0.59
2026-09-02 20:00:00,HTHP Jet Dyeing Machine #01,Dyeing & Bleaching,52.79,none,0.0,366.8,1.0,Shift B (Evening),127.5,3.5
2026-09-02 20:00:00,Soft Flow Jet Dyeing Machine #02,Dyeing & Bleaching,27.99,none,0.0,339.9,1.0,Shift B (Evening),98.6,1.17
2026-09-02 20:00:00,8-Chamber Stenter Frame,Finishing & Heat Setting,76.9,natural_gas,39.49,779.4,1.0,Shift B (Evening),183.9,0.98
2026-09-02 20:00:00,Rotary Screen Printing Machine,Printing & Curing,36.74,none,0.0,464.1,1.0,Shift B (Evening),150.5,2.02
2026-09-02 20:00:00,Industrial Steam Boiler (Dual Fuel),Steam Generation Utility,20.75,natural_gas,171.15,0.0,1.0,Shift B (Evening),167.6,7.92
2026-09-02 20:00:00,Screw Air Compressor GA-75,Compressed Air Utility,58.57,none,0.0,0.0,1.0,Shift B (Evening),45.6,7.04
2026-09-02 20:00:00,ETP Aeration Blower Station,Wastewater & ETP Utility,42.49,none,0.0,0.0,1.0,Shift B (Evening),31.6,0.6
2026-09-02 21:00:00,HTHP Jet Dyeing Machine #01,Dyeing & Bleaching,51.97,none,0.0,361.1,1.0,Shift B (Evening),127.6,3.46
2026-09-02 21:00:00,Soft Flow Jet Dyeing Machine #02,Dyeing & Bleaching,27.29,none,0.0,331.4,1.0,Shift B (Evening),97.2,1.24
2026-09-02 21:00:00,8-Chamber Stenter Frame,Finishing & Heat Setting,72.67,natural_gas,37.32,736.5,1.0,Shift B (Evening),184.6,1.0
2026-09-02 21:00:00,Rotary Screen Printing Machine,Printing & Curing,36.48,none,0.0,460.8,1.0,Shift B (Evening),148.6,1.99
2026-09-02 21:00:00,Industrial Steam Boiler (Dual Fuel),Steam Generation Utility,19.91,natural_gas,164.26,0.0,1.0,Shift B (Evening),173.1,7.96
2026-09-02 21:00:00,Screw Air Compressor GA-75,Compressed Air Utility,56.28,none,0.0,0.0,1.0,Shift B (Evening),44.5,7.2
2026-09-02 21:00:00,ETP Aeration Blower Station,Wastewater & ETP Utility,45.49,none,0.0,0.0,1.0,Shift B (Evening),32.5,0.61
2026-09-02 22:00:00,HTHP Jet Dyeing Machine #01,Dyeing & Bleaching,53.08,none,0.0,368.7,1.0,Shift C (Night),129.1,3.56
2026-09-02 22:00:00,Soft Flow Jet Dyeing Machine #02,Dyeing & Bleaching,28.24,none,0.0,342.9,1.0,Shift C (Night),99.1,1.21
2026-09-02 22:00:00,8-Chamber Stenter Frame,Finishing & Heat Setting,76.83,natural_gas,39.45,778.6,1.0,Shift C (Night),186.4,1.02
2026-09-02 22:00:00,Rotary Screen Printing Machine,Printing & Curing,39.44,none,0.0,498.2,1.0,Shift C (Night),147.5,2.02
2026-09-02 22:00:00,Industrial Steam Boiler (Dual Fuel),Steam Generation Utility,20.74,natural_gas,171.09,0.0,1.0,Shift C (Night),167.7,8.02
2026-09-02 22:00:00,Screw Air Compressor GA-75,Compressed Air Utility,57.29,none,0.0,0.0,1.0,Shift C (Night),44.6,6.95
2026-09-02 22:00:00,ETP Aeration Blower Station,Wastewater & ETP Utility,45.66,none,0.0,0.0,1.0,Shift C (Night),31.4,0.61
2026-09-02 23:00:00,HTHP Jet Dyeing Machine #01,Dyeing & Bleaching,53.44,none,0.0,371.4,1.0,Shift C (Night),129.2,3.4
2026-09-02 23:00:00,Soft Flow Jet Dyeing Machine #02,Dyeing & Bleaching,1.08,none,0.0,0.0,0.0,Shift C (Night),31.0,0.0
2026-09-02 23:00:00,8-Chamber Stenter Frame,Finishing & Heat Setting,75.36,natural_gas,38.7,763.7,1.0,Shift C (Night),187.3,0.99
2026-09-02 23:00:00,Rotary Screen Printing Machine,Printing & Curing,1.77,none,0.0,0.0,0.0,Shift C (Night),29.0,0.0
2026-09-02 23:00:00,Industrial Steam Boiler (Dual Fuel),Steam Generation Utility,20.35,natural_gas,167.88,0.0,1.0,Shift C (Night),170.8,8.08
2026-09-02 23:00:00,Screw Air Compressor GA-75,Compressed Air Utility,24.42,none,0.0,0.0,0.0,Shift C (Night),36.0,5.95
2026-09-02 23:00:00,ETP Aeration Blower Station,Wastewater & ETP Utility,44.59,none,0.0,0.0,1.0,Shift C (Night),32.5,0.58
2026-09-03 00:00:00,HTHP Jet Dyeing Machine #01,Dyeing & Bleaching,1.29,none,0.0,0.0,0.0,Shift C (Night),29.9,0.0
2026-09-03 00:00:00,Soft Flow Jet Dyeing Machine #02,Dyeing & Bleaching,0.67,none,0.0,0.0,0.0,Shift C (Night),28.0,0.0
2026-09-03 00:00:00,8-Chamber Stenter Frame,Finishing & Heat Setting,0.94,natural_gas,0.0,0.0,0.0,Shift C (Night),31.3,0.0
2026-09-03 00:00:00,Rotary Screen Printing Machine,Printing & Curing,0.62,none,0.0,0.0,0.0,Shift C (Night),29.2,0.0
2026-09-03 00:00:00,Industrial Steam Boiler (Dual Fuel),Steam Generation Utility,20.63,natural_gas,170.18,0.0,1.0,Shift C (Night),167.4,7.89
2026-09-03 00:00:00,Screw Air Compressor GA-75,Compressed Air Utility,23.57,none,0.0,0.0,0.0,Shift C (Night),36.0,5.95
2026-09-03 00:00:00,ETP Aeration Blower Station,Wastewater & ETP Utility,44.92,none,0.0,0.0,1.0,Shift C (Night),32.1,0.61
2026-09-03 01:00:00,HTHP Jet Dyeing Machine #01,Dyeing & Bleaching,1.36,none,0.0,0.0,0.0,Shift C (Night),28.7,0.0
2026-09-03 01:00:00,Soft Flow Jet Dyeing Machine #02,Dyeing & Bleaching,1.73,none,0.0,0.0,0.0,Shift C (Night),28.1,0.0
2026-09-03 01:00:00,8-Chamber Stenter Frame,Finishing & Heat Setting,0.89,natural_gas,0.0,0.0,0.0,Shift C (Night),29.5,0.0
2026-09-03 01:00:00,Rotary Screen Printing Machine,Printing & Curing,1.68,none,0.0,0.0,0.0,Shift C (Night),31.1,0.0
2026-09-03 01:00:00,Industrial Steam Boiler (Dual Fuel),Steam Generation Utility,20.38,natural_gas,168.15,0.0,1.0,Shift C (Night),166.9,8.01
2026-09-03 01:00:00,Screw Air Compressor GA-75,Compressed Air Utility,26.89,none,0.0,0.0,0.0,Shift C (Night),36.0,5.95
2026-09-03 01:00:00,ETP Aeration Blower Station,Wastewater & ETP Utility,44.15,none,0.0,0.0,1.0,Shift C (Night),31.9,0.62
2026-09-03 02:00:00,HTHP Jet Dyeing Machine #01,Dyeing & Bleaching,1.48,none,0.0,0.0,0.0,Shift C (Night),30.8,0.0
2026-09-03 02:00:00,Soft Flow Jet Dyeing Machine #02,Dyeing & Bleaching,0.63,none,0.0,0.0,0.0,Shift C (Night),29.8,0.0
2026-09-03 02:00:00,8-Chamber Stenter Frame,Finishing & Heat Setting,1.36,natural_gas,0.0,0.0,0.0,Shift C (Night),28.6,0.0
2026-09-03 02:00:00,Rotary Screen Printing Machine,Printing & Curing,1.05,none,0.0,0.0,0.0,Shift C (Night),30.4,0.0
2026-09-03 02:00:00,Industrial Steam Boiler (Dual Fuel),Steam Generation Utility,19.74,natural_gas,162.86,0.0,1.0,Shift C (Night),173.2,7.94
2026-09-03 02:00:00,Screw Air Compressor GA-75,Compressed Air Utility,26.06,none,0.0,0.0,0.0,Shift C (Night),36.0,5.95
2026-09-03 02:00:00,ETP Aeration Blower Station,Wastewater & ETP Utility,44.74,none,0.0,0.0,1.0,Shift C (Night),31.6,0.59
2026-09-03 03:00:00,HTHP Jet Dyeing Machine #01,Dyeing & Bleaching,0.93,none,0.0,0.0,0.0,Shift C (Night),30.9,0.0
2026-09-03 03:00:00,Soft Flow Jet Dyeing Machine #02,Dyeing & Bleaching,0.79,none,0.0,0.0,0.0,Shift C (Night),28.2,0.0
2026-09-03 03:00:00,8-Chamber Stenter Frame,Finishing & Heat Setting,0.87,natural_gas,0.0,0.0,0.0,Shift C (Night),31.9,0.0
2026-09-03 03:00:00,Rotary Screen Printing Machine,Printing & Curing,1.02,none,0.0,0.0,0.0,Shift C (Night),31.4,0.0
2026-09-03 03:00:00,Industrial Steam Boiler (Dual Fuel),Steam Generation Utility,20.01,natural_gas,165.04,0.0,1.0,Shift C (Night),170.0,7.79
2026-09-03 03:00:00,Screw Air Compressor GA-75,Compressed Air Utility,26.34,none,0.0,0.0,0.0,Shift C (Night),36.0,5.95
2026-09-03 03:00:00,ETP Aeration Blower Station,Wastewater & ETP Utility,43.76,none,0.0,0.0,1.0,Shift C (Night),31.4,0.61
2026-09-03 04:00:00,HTHP Jet Dyeing Machine #01,Dyeing & Bleaching,1.45,none,0.0,0.0,0.0,Shift C (Night),29.9,0.0
2026-09-03 04:00:00,Soft Flow Jet Dyeing Machine #02,Dyeing & Bleaching,1.96,none,0.0,0.0,0.0,Shift C (Night),30.4,0.0
2026-09-03 04:00:00,8-Chamber Stenter Frame,Finishing & Heat Setting,0.66,natural_gas,0.0,0.0,0.0,Shift C (Night),30.7,0.0
2026-09-03 04:00:00,Rotary Screen Printing Machine,Printing & Curing,0.76,none,0.0,0.0,0.0,Shift C (Night),30.8,0.0
2026-09-03 04:00:00,Industrial Steam Boiler (Dual Fuel),Steam Generation Utility,19.35,natural_gas,159.62,0.0,1.0,Shift C (Night),172.3,8.15
2026-09-03 04:00:00,Screw Air Compressor GA-75,Compressed Air Utility,25.83,none,0.0,0.0,0.0,Shift C (Night),36.0,5.95
2026-09-03 04:00:00,ETP Aeration Blower Station,Wastewater & ETP Utility,45.69,none,0.0,0.0,1.0,Shift C (Night),32.5,0.58
2026-09-03 05:00:00,HTHP Jet Dyeing Machine #01,Dyeing & Bleaching,0.88,none,0.0,0.0,0.0,Shift C (Night),31.4,0.0
2026-09-03 05:00:00,Soft Flow Jet Dyeing Machine #02,Dyeing & Bleaching,0.8,none,0.0,0.0,0.0,Shift C (Night),29.6,0.0
2026-09-03 05:00:00,8-Chamber Stenter Frame,Finishing & Heat Setting,0.74,natural_gas,0.0,0.0,0.0,Shift C (Night),29.3,0.0
2026-09-03 05:00:00,Rotary Screen Printing Machine,Printing & Curing,0.99,none,0.0,0.0,0.0,Shift C (Night),29.4,0.0
2026-09-03 05:00:00,Industrial Steam Boiler (Dual Fuel),Steam Generation Utility,19.28,natural_gas,159.02,0.0,1.0,Shift C (Night),167.7,7.95
2026-09-03 05:00:00,Screw Air Compressor GA-75,Compressed Air Utility,24.19,none,0.0,0.0,0.0,Shift C (Night),36.0,5.95
2026-09-03 05:00:00,ETP Aeration Blower Station,Wastewater & ETP Utility,42.66,none,0.0,0.0,1.0,Shift C (Night),32.1,0.6
2026-09-03 06:00:00,HTHP Jet Dyeing Machine #01,Dyeing & Bleaching,52.33,none,0.0,363.5,1.0,Shift A (Morning),129.8,3.54
2026-09-03 06:00:00,Soft Flow Jet Dyeing Machine #02,Dyeing & Bleaching,29.09,none,0.0,353.3,1.0,Shift A (Morning),96.6,1.19
2026-09-03 06:00:00,8-Chamber Stenter Frame,Finishing & Heat Setting,74.6,natural_gas,38.31,756.0,1.0,Shift A (Morning),184.8,0.97
2026-09-03 06:00:00,Rotary Screen Printing Machine,Printing & Curing,37.93,none,0.0,479.1,1.0,Shift A (Morning),148.6,2.03
2026-09-03 06:00:00,Industrial Steam Boiler (Dual Fuel),Steam Generation Utility,19.67,natural_gas,162.31,0.0,1.0,Shift A (Morning),171.5,8.22
2026-09-03 06:00:00,Screw Air Compressor GA-75,Compressed Air Utility,55.94,none,0.0,0.0,1.0,Shift A (Morning),45.1,7.16
2026-09-03 06:00:00,ETP Aeration Blower Station,Wastewater & ETP Utility,44.96,none,0.0,0.0,1.0,Shift A (Morning),32.5,0.61
2026-09-03 07:00:00,HTHP Jet Dyeing Machine #01,Dyeing & Bleaching,51.41,none,0.0,357.2,1.0,Shift A (Morning),131.3,3.46
2026-09-03 07:00:00,Soft Flow Jet Dyeing Machine #02,Dyeing & Bleaching,28.55,none,0.0,346.7,1.0,Shift A (Morning),99.3,1.21
2026-09-03 07:00:00,8-Chamber Stenter Frame,Finishing & Heat Setting,75.36,natural_gas,38.7,763.8,1.0,Shift A (Morning),185.6,1.0
2026-09-03 07:00:00,Rotary Screen Printing Machine,Printing & Curing,38.89,none,0.0,491.2,1.0,Shift A (Morning),151.8,2.06
2026-09-03 07:00:00,Industrial Steam Boiler (Dual Fuel),Steam Generation Utility,19.41,natural_gas,160.15,0.0,1.0,Shift A (Morning),169.4,7.88
2026-09-03 07:00:00,Screw Air Compressor GA-75,Compressed Air Utility,58.94,none,0.0,0.0,1.0,Shift A (Morning),45.1,7.18
2026-09-03 07:00:00,ETP Aeration Blower Station,Wastewater & ETP Utility,43.52,none,0.0,0.0,1.0,Shift A (Morning),32.6,0.59
2026-09-03 08:00:00,HTHP Jet Dyeing Machine #01,Dyeing & Bleaching,52.71,none,0.0,366.2,1.0,Shift A (Morning),131.2,3.46
2026-09-03 08:00:00,Soft Flow Jet Dyeing Machine #02,Dyeing & Bleaching,27.17,none,0.0,329.9,1.0,Shift A (Morning),97.9,1.2
2026-09-03 08:00:00,8-Chamber Stenter Frame,Finishing & Heat Setting,73.69,natural_gas,37.84,746.9,1.0,Shift A (Morning),182.9,0.99
2026-09-03 08:00:00,Rotary Screen Printing Machine,Printing & Curing,37.7,none,0.0,476.2,1.0,Shift A (Morning),149.0,2.04
2026-09-03 08:00:00,Industrial Steam Boiler (Dual Fuel),Steam Generation Utility,19.83,natural_gas,163.59,0.0,1.0,Shift A (Morning),166.9,7.95
2026-09-03 08:00:00,Screw Air Compressor GA-75,Compressed Air Utility,57.69,none,0.0,0.0,1.0,Shift A (Morning),44.1,6.81
2026-09-03 08:00:00,ETP Aeration Blower Station,Wastewater & ETP Utility,44.81,none,0.0,0.0,1.0,Shift A (Morning),32.5,0.59
2026-09-03 09:00:00,HTHP Jet Dyeing Machine #01,Dyeing & Bleaching,53.76,none,0.0,373.6,1.0,Shift A (Morning),128.8,3.4
2026-09-03 09:00:00,Soft Flow Jet Dyeing Machine #02,Dyeing & Bleaching,28.1,none,0.0,341.2,1.0,Shift A (Morning),96.5,1.23
2026-09-03 09:00:00,8-Chamber Stenter Frame,Finishing & Heat Setting,74.51,natural_gas,38.26,755.2,1.0,Shift A (Morning),185.7,1.03
2026-09-03 09:00:00,Rotary Screen Printing Machine,Printing & Curing,36.66,none,0.0,463.1,1.0,Shift A (Morning),151.4,2.02
2026-09-03 09:00:00,Industrial Steam Boiler (Dual Fuel),Steam Generation Utility,19.43,natural_gas,160.29,0.0,1.0,Shift A (Morning),167.5,8.05
2026-09-03 09:00:00,Screw Air Compressor GA-75,Compressed Air Utility,57.25,none,0.0,0.0,1.0,Shift A (Morning),45.3,7.11
2026-09-03 09:00:00,ETP Aeration Blower Station,Wastewater & ETP Utility,43.86,none,0.0,0.0,1.0,Shift A (Morning),31.8,0.6
2026-09-03 10:00:00,HTHP Jet Dyeing Machine #01,Dyeing & Bleaching,53.61,none,0.0,372.5,1.0,Shift A (Morning),128.6,3.42
2026-09-03 10:00:00,Soft Flow Jet Dyeing Machine #02,Dyeing & Bleaching,28.33,none,0.0,344.1,1.0,Shift A (Morning),96.8,1.19
2026-09-03 10:00:00,8-Chamber Stenter Frame,Finishing & Heat Setting,71.33,natural_gas,36.63,723.0,1.0,Shift A (Morning),186.6,1.0
2026-09-03 10:00:00,Rotary Screen Printing Machine,Printing & Curing,36.88,none,0.0,465.9,1.0,Shift A (Morning),152.8,1.98
2026-09-03 10:00:00,Industrial Steam Boiler (Dual Fuel),Steam Generation Utility,20.5,natural_gas,169.15,0.0,1.0,Shift A (Morning),170.0,7.9
2026-09-03 10:00:00,Screw Air Compressor GA-75,Compressed Air Utility,57.17,none,0.0,0.0,1.0,Shift A (Morning),45.6,7.2
2026-09-03 10:00:00,ETP Aeration Blower Station,Wastewater & ETP Utility,44.32,none,0.0,0.0,1.0,Shift A (Morning),31.5,0.59
2026-09-03 11:00:00,HTHP Jet Dyeing Machine #01,Dyeing & Bleaching,54.25,none,0.0,376.9,1.0,Shift A (Morning),132.4,3.45
2026-09-03 11:00:00,Soft Flow Jet Dyeing Machine #02,Dyeing & Bleaching,27.52,none,0.0,334.2,1.0,Shift A (Morning),97.3,1.2
2026-09-03 11:00:00,8-Chamber Stenter Frame,Finishing & Heat Setting,71.78,natural_gas,36.86,727.5,1.0,Shift A (Morning),181.4,1.0
2026-09-03 11:00:00,Rotary Screen Printing Machine,Printing & Curing,38.66,none,0.0,488.4,1.0,Shift A (Morning),150.6,1.98
2026-09-03 11:00:00,Industrial Steam Boiler (Dual Fuel),Steam Generation Utility,19.76,natural_gas,163.03,0.0,1.0,Shift A (Morning),168.0,8.19
2026-09-03 11:00:00,Screw Air Compressor GA-75,Compressed Air Utility,59.6,none,0.0,0.0,1.0,Shift A (Morning),45.5,6.96
2026-09-03 11:00:00,ETP Aeration Blower Station,Wastewater & ETP Utility,43.67,none,0.0,0.0,1.0,Shift A (Morning),32.5,0.6
2026-09-03 12:00:00,HTHP Jet Dyeing Machine #01,Dyeing & Bleaching,53.99,none,0.0,375.1,1.0,Shift A (Morning),128.2,3.5
2026-09-03 12:00:00,Soft Flow Jet Dyeing Machine #02,Dyeing & Bleaching,27.99,none,0.0,339.9,1.0,Shift A (Morning),97.3,1.19
2026-09-03 12:00:00,8-Chamber Stenter Frame,Finishing & Heat Setting,71.11,natural_gas,36.52,720.7,1.0,Shift A (Morning),188.5,0.99
2026-09-03 12:00:00,Rotary Screen Printing Machine,Printing & Curing,38.95,none,0.0,491.9,1.0,Shift A (Morning),152.0,1.98
2026-09-03 12:00:00,Industrial Steam Boiler (Dual Fuel),Steam Generation Utility,19.88,natural_gas,163.98,0.0,1.0,Shift A (Morning),169.6,7.9
2026-09-03 12:00:00,Screw Air Compressor GA-75,Compressed Air Utility,59.69,none,0.0,0.0,1.0,Shift A (Morning),44.4,6.97
2026-09-03 12:00:00,ETP Aeration Blower Station,Wastewater & ETP Utility,45.48,none,0.0,0.0,1.0,Shift A (Morning),31.4,0.59
2026-09-03 13:00:00,HTHP Jet Dyeing Machine #01,Dyeing & Bleaching,54.48,none,0.0,378.5,1.0,Shift A (Morning),127.7,3.5
2026-09-03 13:00:00,Soft Flow Jet Dyeing Machine #02,Dyeing & Bleaching,26.94,none,0.0,327.1,1.0,Shift A (Morning),97.5,1.18
2026-09-03 13:00:00,8-Chamber Stenter Frame,Finishing & Heat Setting,71.07,natural_gas,36.49,720.3,1.0,Shift A (Morning),184.6,1.01
2026-09-03 13:00:00,Rotary Screen Printing Machine,Printing & Curing,38.41,none,0.0,485.2,1.0,Shift A (Morning),147.5,2.0
2026-09-03 13:00:00,Industrial Steam Boiler (Dual Fuel),Steam Generation Utility,19.35,natural_gas,159.64,0.0,1.0,Shift A (Morning),169.5,7.93
2026-09-03 13:00:00,Screw Air Compressor GA-75,Compressed Air Utility,57.72,none,0.0,0.0,1.0,Shift A (Morning),44.2,6.84
2026-09-03 13:00:00,ETP Aeration Blower Station,Wastewater & ETP Utility,43.14,none,0.0,0.0,1.0,Shift A (Morning),31.5,0.59
2026-09-03 14:00:00,HTHP Jet Dyeing Machine #01,Dyeing & Bleaching,52.46,none,0.0,364.5,1.0,Shift B (Evening),129.7,3.45
2026-09-03 14:00:00,Soft Flow Jet Dyeing Machine #02,Dyeing & Bleaching,28.47,none,0.0,345.7,1.0,Shift B (Evening),99.8,1.22
2026-09-03 14:00:00,8-Chamber Stenter Frame,Finishing & Heat Setting,73.2,natural_gas,37.59,741.9,1.0,Shift B (Evening),182.0,1.02
2026-09-03 14:00:00,Rotary Screen Printing Machine,Printing & Curing,38.59,none,0.0,487.5,1.0,Shift B (Evening),152.9,2.0
2026-09-03 14:00:00,Industrial Steam Boiler (Dual Fuel),Steam Generation Utility,19.29,natural_gas,159.12,0.0,1.0,Shift B (Evening),171.5,7.82
2026-09-03 14:00:00,Screw Air Compressor GA-75,Compressed Air Utility,60.01,none,0.0,0.0,1.0,Shift B (Evening),44.2,7.06
2026-09-03 14:00:00,ETP Aeration Blower Station,Wastewater & ETP Utility,44.09,none,0.0,0.0,1.0,Shift B (Evening),32.1,0.6
2026-09-03 15:00:00,HTHP Jet Dyeing Machine #01,Dyeing & Bleaching,55.18,none,0.0,383.3,1.0,Shift B (Evening),132.3,3.57
2026-09-03 15:00:00,Soft Flow Jet Dyeing Machine #02,Dyeing & Bleaching,27.79,none,0.0,337.4,1.0,Shift B (Evening),96.9,1.19
2026-09-03 15:00:00,8-Chamber Stenter Frame,Finishing & Heat Setting,76.28,natural_gas,39.17,773.1,1.0,Shift B (Evening),185.4,0.98
2026-09-03 15:00:00,Rotary Screen Printing Machine,Printing & Curing,37.46,none,0.0,473.2,1.0,Shift B (Evening),150.6,1.97
2026-09-03 15:00:00,Industrial Steam Boiler (Dual Fuel),Steam Generation Utility,20.27,natural_gas,167.25,0.0,1.0,Shift B (Evening),169.7,8.02
2026-09-03 15:00:00,Screw Air Compressor GA-75,Compressed Air Utility,55.71,none,0.0,0.0,1.0,Shift B (Evening),45.3,6.81
2026-09-03 15:00:00,ETP Aeration Blower Station,Wastewater & ETP Utility,42.89,none,0.0,0.0,1.0,Shift B (Evening),31.7,0.61
2026-09-03 16:00:00,HTHP Jet Dyeing Machine #01,Dyeing & Bleaching,53.11,none,0.0,369.0,1.0,Shift B (Evening),129.9,3.55
2026-09-03 16:00:00,Soft Flow Jet Dyeing Machine #02,Dyeing & Bleaching,28.09,none,0.0,341.1,1.0,Shift B (Evening),97.0,1.16
2026-09-03 16:00:00,8-Chamber Stenter Frame,Finishing & Heat Setting,74.84,natural_gas,38.43,758.5,1.0,Shift B (Evening),185.5,0.98
2026-09-03 16:00:00,Rotary Screen Printing Machine,Printing & Curing,38.31,none,0.0,484.0,1.0,Shift B (Evening),149.6,1.97
2026-09-03 16:00:00,Industrial Steam Boiler (Dual Fuel),Steam Generation Utility,19.5,natural_gas,160.9,0.0,1.0,Shift B (Evening),172.2,8.09
2026-09-03 16:00:00,Screw Air Compressor GA-75,Compressed Air Utility,58.48,none,0.0,0.0,1.0,Shift B (Evening),45.0,7.12
2026-09-03 16:00:00,ETP Aeration Blower Station,Wastewater & ETP Utility,42.71,none,0.0,0.0,1.0,Shift B (Evening),32.1,0.61
2026-09-03 17:00:00,HTHP Jet Dyeing Machine #01,Dyeing & Bleaching,52.3,none,0.0,363.4,1.0,Shift B (Evening),127.6,3.58
2026-09-03 17:00:00,Soft Flow Jet Dyeing Machine #02,Dyeing & Bleaching,28.94,none,0.0,351.5,1.0,Shift B (Evening),97.3,1.22
2026-09-03 17:00:00,8-Chamber Stenter Frame,Finishing & Heat Setting,75.87,natural_gas,38.96,768.9,1.0,Shift B (Evening),188.2,1.02
2026-09-03 17:00:00,Rotary Screen Printing Machine,Printing & Curing,37.88,none,0.0,478.5,1.0,Shift B (Evening),150.7,2.01
2026-09-03 17:00:00,Industrial Steam Boiler (Dual Fuel),Steam Generation Utility,19.5,natural_gas,160.87,0.0,1.0,Shift B (Evening),167.7,7.99
2026-09-03 17:00:00,Screw Air Compressor GA-75,Compressed Air Utility,56.78,none,0.0,0.0,1.0,Shift B (Evening),45.8,6.86
2026-09-03 17:00:00,ETP Aeration Blower Station,Wastewater & ETP Utility,44.78,none,0.0,0.0,1.0,Shift B (Evening),32.5,0.61
2026-09-03 18:00:00,HTHP Jet Dyeing Machine #01,Dyeing & Bleaching,51.27,none,0.0,356.2,1.0,Shift B (Evening),128.6,3.43
2026-09-03 18:00:00,Soft Flow Jet Dyeing Machine #02,Dyeing & Bleaching,28.17,none,0.0,342.0,1.0,Shift B (Evening),97.0,1.24
2026-09-03 18:00:00,8-Chamber Stenter Frame,Finishing & Heat Setting,71.43,natural_gas,36.68,723.9,1.0,Shift B (Evening),185.9,0.98
2026-09-03 18:00:00,Rotary Screen Printing Machine,Printing & Curing,38.91,none,0.0,491.5,1.0,Shift B (Evening),150.1,1.98
2026-09-03 18:00:00,Industrial Steam Boiler (Dual Fuel),Steam Generation Utility,19.54,natural_gas,161.2,0.0,1.0,Shift B (Evening),168.6,8.08
2026-09-03 18:00:00,Screw Air Compressor GA-75,Compressed Air Utility,58.49,none,0.0,0.0,1.0,Shift B (Evening),45.0,7.16
2026-09-03 18:00:00,ETP Aeration Blower Station,Wastewater & ETP Utility,42.27,none,0.0,0.0,1.0,Shift B (Evening),32.2,0.59
2026-09-03 19:00:00,HTHP Jet Dyeing Machine #01,Dyeing & Bleaching,52.44,none,0.0,364.3,1.0,Shift B (Evening),127.8,3.57
2026-09-03 19:00:00,Soft Flow Jet Dyeing Machine #02,Dyeing & Bleaching,28.43,none,0.0,345.2,1.0,Shift B (Evening),96.5,1.19
2026-09-03 19:00:00,8-Chamber Stenter Frame,Finishing & Heat Setting,76.46,natural_gas,39.26,774.9,1.0,Shift B (Evening),184.6,1.0
2026-09-03 19:00:00,Rotary Screen Printing Machine,Printing & Curing,38.58,none,0.0,487.3,1.0,Shift B (Evening),150.7,1.96
2026-09-03 19:00:00,Industrial Steam Boiler (Dual Fuel),Steam Generation Utility,20.74,natural_gas,171.06,0.0,1.0,Shift B (Evening),167.4,7.76
2026-09-03 19:00:00,Screw Air Compressor GA-75,Compressed Air Utility,59.54,none,0.0,0.0,1.0,Shift B (Evening),45.5,7.2
2026-09-03 19:00:00,ETP Aeration Blower Station,Wastewater & ETP Utility,42.99,none,0.0,0.0,1.0,Shift B (Evening),31.6,0.61
2026-09-03 20:00:00,HTHP Jet Dyeing Machine #01,Dyeing & Bleaching,52.91,none,0.0,367.6,1.0,Shift B (Evening),130.7,3.56
2026-09-03 20:00:00,Soft Flow Jet Dyeing Machine #02,Dyeing & Bleaching,28.93,none,0.0,351.3,1.0,Shift B (Evening),98.0,1.2
2026-09-03 20:00:00,8-Chamber Stenter Frame,Finishing & Heat Setting,72.33,natural_gas,37.14,733.1,1.0,Shift B (Evening),188.3,0.99
2026-09-03 20:00:00,Rotary Screen Printing Machine,Printing & Curing,38.69,none,0.0,488.7,1.0,Shift B (Evening),151.2,1.94
2026-09-03 20:00:00,Industrial Steam Boiler (Dual Fuel),Steam Generation Utility,19.84,natural_gas,163.66,0.0,1.0,Shift B (Evening),172.9,8.11
2026-09-03 20:00:00,Screw Air Compressor GA-75,Compressed Air Utility,55.81,none,0.0,0.0,1.0,Shift B (Evening),45.5,6.79
2026-09-03 20:00:00,ETP Aeration Blower Station,Wastewater & ETP Utility,44.21,none,0.0,0.0,1.0,Shift B (Evening),31.4,0.6
2026-09-03 21:00:00,HTHP Jet Dyeing Machine #01,Dyeing & Bleaching,51.22,none,0.0,355.9,1.0,Shift B (Evening),130.6,3.43
2026-09-03 21:00:00,Soft Flow Jet Dyeing Machine #02,Dyeing & Bleaching,28.01,none,0.0,340.1,1.0,Shift B (Evening),97.2,1.21
2026-09-03 21:00:00,8-Chamber Stenter Frame,Finishing & Heat Setting,71.54,natural_gas,36.74,725.1,1.0,Shift B (Evening),187.4,1.01
2026-09-03 21:00:00,Rotary Screen Printing Machine,Printing & Curing,38.88,none,0.0,491.2,1.0,Shift B (Evening),148.8,1.95
2026-09-03 21:00:00,Industrial Steam Boiler (Dual Fuel),Steam Generation Utility,20.64,natural_gas,170.25,0.0,1.0,Shift B (Evening),168.4,8.08
2026-09-03 21:00:00,Screw Air Compressor GA-75,Compressed Air Utility,59.71,none,0.0,0.0,1.0,Shift B (Evening),45.0,7.11
2026-09-03 21:00:00,ETP Aeration Blower Station,Wastewater & ETP Utility,44.02,none,0.0,0.0,1.0,Shift B (Evening),31.9,0.6
2026-09-03 22:00:00,HTHP Jet Dyeing Machine #01,Dyeing & Bleaching,52.65,none,0.0,365.8,1.0,Shift C (Night),132.2,3.57
2026-09-03 22:00:00,Soft Flow Jet Dyeing Machine #02,Dyeing & Bleaching,27.84,none,0.0,338.1,1.0,Shift C (Night),96.7,1.22
2026-09-03 22:00:00,8-Chamber Stenter Frame,Finishing & Heat Setting,72.49,natural_gas,37.23,734.7,1.0,Shift C (Night),184.3,1.02
2026-09-03 22:00:00,Rotary Screen Printing Machine,Printing & Curing,38.49,none,0.0,486.2,1.0,Shift C (Night),149.1,2.04
2026-09-03 22:00:00,Industrial Steam Boiler (Dual Fuel),Steam Generation Utility,20.5,natural_gas,169.09,0.0,1.0,Shift C (Night),169.3,8.22
2026-09-03 22:00:00,Screw Air Compressor GA-75,Compressed Air Utility,56.9,none,0.0,0.0,1.0,Shift C (Night),44.8,6.82
2026-09-03 22:00:00,ETP Aeration Blower Station,Wastewater & ETP Utility,44.26,none,0.0,0.0,1.0,Shift C (Night),31.7,0.6
2026-09-03 23:00:00,HTHP Jet Dyeing Machine #01,Dyeing & Bleaching,53.82,none,0.0,373.9,1.0,Shift C (Night),128.5,3.5
2026-09-03 23:00:00,Soft Flow Jet Dyeing Machine #02,Dyeing & Bleaching,0.9,none,0.0,0.0,0.0,Shift C (Night),30.3,0.0
2026-09-03 23:00:00,8-Chamber Stenter Frame,Finishing & Heat Setting,75.6,natural_gas,38.82,766.2,1.0,Shift C (Night),186.3,1.01
2026-09-03 23:00:00,Rotary Screen Printing Machine,Printing & Curing,1.77,none,0.0,0.0,0.0,Shift C (Night),30.8,0.0
2026-09-03 23:00:00,Industrial Steam Boiler (Dual Fuel),Steam Generation Utility,20.55,natural_gas,169.52,0.0,1.0,Shift C (Night),170.7,7.8
2026-09-03 23:00:00,Screw Air Compressor GA-75,Compressed Air Utility,25.72,none,0.0,0.0,0.0,Shift C (Night),36.0,5.95
2026-09-03 23:00:00,ETP Aeration Blower Station,Wastewater & ETP Utility,44.73,none,0.0,0.0,1.0,Shift C (Night),31.9,0.6
2026-09-04 00:00:00,HTHP Jet Dyeing Machine #01,Dyeing & Bleaching,1.47,none,0.0,0.0,0.0,Shift C (Night),29.3,0.0
2026-09-04 00:00:00,Soft Flow Jet Dyeing Machine #02,Dyeing & Bleaching,1.04,none,0.0,0.0,0.0,Shift C (Night),31.5,0.0
2026-09-04 00:00:00,8-Chamber Stenter Frame,Finishing & Heat Setting,1.44,natural_gas,0.0,0.0,0.0,Shift C (Night),31.2,0.0
2026-09-04 00:00:00,Rotary Screen Printing Machine,Printing & Curing,0.89,none,0.0,0.0,0.0,Shift C (Night),31.3,0.0
2026-09-04 00:00:00,Industrial Steam Boiler (Dual Fuel),Steam Generation Utility,20.44,natural_gas,168.63,0.0,1.0,Shift C (Night),169.6,7.86
2026-09-04 00:00:00,Screw Air Compressor GA-75,Compressed Air Utility,23.99,none,0.0,0.0,0.0,Shift C (Night),36.0,5.95
2026-09-04 00:00:00,ETP Aeration Blower Station,Wastewater & ETP Utility,43.02,none,0.0,0.0,1.0,Shift C (Night),32.1,0.61
2026-09-04 01:00:00,HTHP Jet Dyeing Machine #01,Dyeing & Bleaching,0.74,none,0.0,0.0,0.0,Shift C (Night),28.4,0.0
2026-09-04 01:00:00,Soft Flow Jet Dyeing Machine #02,Dyeing & Bleaching,1.61,none,0.0,0.0,0.0,Shift C (Night),30.3,0.0
2026-09-04 01:00:00,8-Chamber Stenter Frame,Finishing & Heat Setting,1.91,natural_gas,0.0,0.0,0.0,Shift C (Night),30.1,0.0
2026-09-04 01:00:00,Rotary Screen Printing Machine,Printing & Curing,1.51,none,0.0,0.0,0.0,Shift C (Night),30.6,0.0
2026-09-04 01:00:00,Industrial Steam Boiler (Dual Fuel),Steam Generation Utility,20.66,natural_gas,170.42,0.0,1.0,Shift C (Night),168.8,7.9
2026-09-04 01:00:00,Screw Air Compressor GA-75,Compressed Air Utility,26.95,none,0.0,0.0,0.0,Shift C (Night),36.0,5.95
2026-09-04 01:00:00,ETP Aeration Blower Station,Wastewater & ETP Utility,43.04,none,0.0,0.0,1.0,Shift C (Night),31.4,0.61
2026-09-04 02:00:00,HTHP Jet Dyeing Machine #01,Dyeing & Bleaching,0.86,none,0.0,0.0,0.0,Shift C (Night),29.8,0.0
2026-09-04 02:00:00,Soft Flow Jet Dyeing Machine #02,Dyeing & Bleaching,1.64,none,0.0,0.0,0.0,Shift C (Night),32.0,0.0
2026-09-04 02:00:00,8-Chamber Stenter Frame,Finishing & Heat Setting,1.83,natural_gas,0.0,0.0,0.0,Shift C (Night),28.5,0.0
2026-09-04 02:00:00,Rotary Screen Printing Machine,Printing & Curing,0.87,none,0.0,0.0,0.0,Shift C (Night),30.4,0.0
2026-09-04 02:00:00,Industrial Steam Boiler (Dual Fuel),Steam Generation Utility,20.05,natural_gas,165.41,0.0,1.0,Shift C (Night),172.8,8.21
2026-09-04 02:00:00,Screw Air Compressor GA-75,Compressed Air Utility,24.61,none,0.0,0.0,0.0,Shift C (Night),36.0,5.95
2026-09-04 02:00:00,ETP Aeration Blower Station,Wastewater & ETP Utility,45.15,none,0.0,0.0,1.0,Shift C (Night),32.5,0.59
2026-09-04 03:00:00,HTHP Jet Dyeing Machine #01,Dyeing & Bleaching,1.16,none,0.0,0.0,0.0,Shift C (Night),29.8,0.0
2026-09-04 03:00:00,Soft Flow Jet Dyeing Machine #02,Dyeing & Bleaching,1.31,none,0.0,0.0,0.0,Shift C (Night),30.0,0.0
2026-09-04 03:00:00,8-Chamber Stenter Frame,Finishing & Heat Setting,1.79,natural_gas,0.0,0.0,0.0,Shift C (Night),31.1,0.0
2026-09-04 03:00:00,Rotary Screen Printing Machine,Printing & Curing,1.34,none,0.0,0.0,0.0,Shift C (Night),31.6,0.0
2026-09-04 03:00:00,Industrial Steam Boiler (Dual Fuel),Steam Generation Utility,19.41,natural_gas,160.1,0.0,1.0,Shift C (Night),169.7,8.07
2026-09-04 03:00:00,Screw Air Compressor GA-75,Compressed Air Utility,25.9,none,0.0,0.0,0.0,Shift C (Night),36.0,5.95
2026-09-04 03:00:00,ETP Aeration Blower Station,Wastewater & ETP Utility,42.44,none,0.0,0.0,1.0,Shift C (Night),32.2,0.62
2026-09-04 04:00:00,HTHP Jet Dyeing Machine #01,Dyeing & Bleaching,1.01,none,0.0,0.0,0.0,Shift C (Night),29.6,0.0
2026-09-04 04:00:00,Soft Flow Jet Dyeing Machine #02,Dyeing & Bleaching,0.67,none,0.0,0.0,0.0,Shift C (Night),30.8,0.0
2026-09-04 04:00:00,8-Chamber Stenter Frame,Finishing & Heat Setting,1.98,natural_gas,0.0,0.0,0.0,Shift C (Night),28.8,0.0
2026-09-04 04:00:00,Rotary Screen Printing Machine,Printing & Curing,1.61,none,0.0,0.0,0.0,Shift C (Night),30.3,0.0
2026-09-04 04:00:00,Industrial Steam Boiler (Dual Fuel),Steam Generation Utility,19.79,natural_gas,163.29,0.0,1.0,Shift C (Night),168.7,8.12
2026-09-04 04:00:00,Screw Air Compressor GA-75,Compressed Air Utility,25.63,none,0.0,0.0,0.0,Shift C (Night),36.0,5.95
2026-09-04 04:00:00,ETP Aeration Blower Station,Wastewater & ETP Utility,44.13,none,0.0,0.0,1.0,Shift C (Night),32.5,0.59
2026-09-04 05:00:00,HTHP Jet Dyeing Machine #01,Dyeing & Bleaching,0.63,none,0.0,0.0,0.0,Shift C (Night),30.7,0.0
2026-09-04 05:00:00,Soft Flow Jet Dyeing Machine #02,Dyeing & Bleaching,1.32,none,0.0,0.0,0.0,Shift C (Night),30.7,0.0
2026-09-04 05:00:00,8-Chamber Stenter Frame,Finishing & Heat Setting,1.47,natural_gas,0.0,0.0,0.0,Shift C (Night),30.3,0.0
2026-09-04 05:00:00,Rotary Screen Printing Machine,Printing & Curing,1.72,none,0.0,0.0,0.0,Shift C (Night),28.8,0.0
2026-09-04 05:00:00,Industrial Steam Boiler (Dual Fuel),Steam Generation Utility,20.29,natural_gas,167.35,0.0,1.0,Shift C (Night),168.2,7.76
2026-09-04 05:00:00,Screw Air Compressor GA-75,Compressed Air Utility,25.8,none,0.0,0.0,0.0,Shift C (Night),36.0,5.95
2026-09-04 05:00:00,ETP Aeration Blower Station,Wastewater & ETP Utility,45.47,none,0.0,0.0,1.0,Shift C (Night),31.6,0.6
2026-09-04 06:00:00,HTHP Jet Dyeing Machine #01,Dyeing & Bleaching,33.93,none,0.0,407.2,1.0,Shift A (Morning),131.8,3.41
2026-09-04 06:00:00,Soft Flow Jet Dyeing Machine #02,Dyeing & Bleaching,28.85,none,0.0,350.3,1.0,Shift A (Morning),97.7,1.19
2026-09-04 06:00:00,8-Chamber Stenter Frame,Finishing & Heat Setting,96.24,natural_gas,58.27,727.9,1.0,Shift A (Morning),182.0,0.99
2026-09-04 06:00:00,Rotary Screen Printing Machine,Printing & Curing,39.22,none,0.0,495.4,1.0,Shift A (Morning),151.4,2.02
2026-09-04 06:00:00,Industrial Steam Boiler (Dual Fuel),Steam Generation Utility,19.85,natural_gas,163.76,0.0,1.0,Shift A (Morning),168.5,8.0
2026-09-04 06:00:00,Screw Air Compressor GA-75,Compressed Air Utility,59.98,none,0.0,0.0,1.0,Shift A (Morning),45.8,6.93
2026-09-04 06:00:00,ETP Aeration Blower Station,Wastewater & ETP Utility,44.89,none,0.0,0.0,1.0,Shift A (Morning),31.8,0.6
2026-09-04 07:00:00,HTHP Jet Dyeing Machine #01,Dyeing & Bleaching,33.88,none,0.0,406.6,1.0,Shift A (Morning),132.4,3.45
2026-09-04 07:00:00,Soft Flow Jet Dyeing Machine #02,Dyeing & Bleaching,27.85,none,0.0,338.1,1.0,Shift A (Morning),96.1,1.17
2026-09-04 07:00:00,8-Chamber Stenter Frame,Finishing & Heat Setting,99.35,natural_gas,60.15,751.4,1.0,Shift A (Morning),183.8,1.02
2026-09-04 07:00:00,Rotary Screen Printing Machine,Printing & Curing,37.74,none,0.0,476.7,1.0,Shift A (Morning),150.2,1.96
2026-09-04 07:00:00,Industrial Steam Boiler (Dual Fuel),Steam Generation Utility,20.29,natural_gas,167.42,0.0,1.0,Shift A (Morning),169.0,7.96
2026-09-04 07:00:00,Screw Air Compressor GA-75,Compressed Air Utility,57.32,none,0.0,0.0,1.0,Shift A (Morning),44.7,6.85
2026-09-04 07:00:00,ETP Aeration Blower Station,Wastewater & ETP Utility,45.38,none,0.0,0.0,1.0,Shift A (Morning),32.5,0.59
2026-09-04 08:00:00,HTHP Jet Dyeing Machine #01,Dyeing & Bleaching,35.76,none,0.0,429.1,1.0,Shift A (Morning),130.5,3.49
2026-09-04 08:00:00,Soft Flow Jet Dyeing Machine #02,Dyeing & Bleaching,27.54,none,0.0,334.5,1.0,Shift A (Morning),96.6,1.23
2026-09-04 08:00:00,8-Chamber Stenter Frame,Finishing & Heat Setting,96.79,natural_gas,58.6,732.1,1.0,Shift A (Morning),185.2,1.02
2026-09-04 08:00:00,Rotary Screen Printing Machine,Printing & Curing,39.51,none,0.0,499.1,1.0,Shift A (Morning),147.1,2.03
2026-09-04 08:00:00,Industrial Steam Boiler (Dual Fuel),Steam Generation Utility,20.54,natural_gas,169.44,0.0,1.0,Shift A (Morning),172.2,8.18
2026-09-04 08:00:00,Screw Air Compressor GA-75,Compressed Air Utility,59.07,none,0.0,0.0,1.0,Shift A (Morning),44.9,7.19
2026-09-04 08:00:00,ETP Aeration Blower Station,Wastewater & ETP Utility,43.68,none,0.0,0.0,1.0,Shift A (Morning),31.4,0.6
2026-09-04 09:00:00,HTHP Jet Dyeing Machine #01,Dyeing & Bleaching,35.87,none,0.0,430.4,1.0,Shift A (Morning),128.8,3.59
2026-09-04 09:00:00,Soft Flow Jet Dyeing Machine #02,Dyeing & Bleaching,28.03,none,0.0,340.3,1.0,Shift A (Morning),97.7,1.18
2026-09-04 09:00:00,8-Chamber Stenter Frame,Finishing & Heat Setting,101.52,natural_gas,61.46,767.8,1.0,Shift A (Morning),183.8,0.97
2026-09-04 09:00:00,Rotary Screen Printing Machine,Printing & Curing,38.34,none,0.0,484.3,1.0,Shift A (Morning),150.2,1.94
2026-09-04 09:00:00,Industrial Steam Boiler (Dual Fuel),Steam Generation Utility,20.17,natural_gas,166.44,0.0,1.0,Shift A (Morning),172.5,8.12
2026-09-04 09:00:00,Screw Air Compressor GA-75,Compressed Air Utility,56.67,none,0.0,0.0,1.0,Shift A (Morning),45.3,6.8
2026-09-04 09:00:00,ETP Aeration Blower Station,Wastewater & ETP Utility,44.95,none,0.0,0.0,1.0,Shift A (Morning),32.2,0.61
2026-09-04 10:00:00,HTHP Jet Dyeing Machine #01,Dyeing & Bleaching,34.93,none,0.0,419.2,1.0,Shift A (Morning),129.9,3.57
2026-09-04 10:00:00,Soft Flow Jet Dyeing Machine #02,Dyeing & Bleaching,28.72,none,0.0,348.7,1.0,Shift A (Morning),98.3,1.2
2026-09-04 10:00:00,8-Chamber Stenter Frame,Finishing & Heat Setting,101.87,natural_gas,61.68,770.4,1.0,Shift A (Morning),183.8,0.98
2026-09-04 10:00:00,Rotary Screen Printing Machine,Printing & Curing,37.3,none,0.0,471.1,1.0,Shift A (Morning),148.3,1.99
2026-09-04 10:00:00,Industrial Steam Boiler (Dual Fuel),Steam Generation Utility,19.63,natural_gas,161.97,0.0,1.0,Shift A (Morning),166.7,7.91
2026-09-04 10:00:00,Screw Air Compressor GA-75,Compressed Air Utility,55.88,none,0.0,0.0,1.0,Shift A (Morning),44.5,7.11
2026-09-04 10:00:00,ETP Aeration Blower Station,Wastewater & ETP Utility,43.57,none,0.0,0.0,1.0,Shift A (Morning),32.2,0.59
2026-09-04 11:00:00,HTHP Jet Dyeing Machine #01,Dyeing & Bleaching,35.03,none,0.0,420.3,1.0,Shift A (Morning),132.5,3.52
2026-09-04 11:00:00,Soft Flow Jet Dyeing Machine #02,Dyeing & Bleaching,28.0,none,0.0,340.0,1.0,Shift A (Morning),98.5,1.18
2026-09-04 11:00:00,8-Chamber Stenter Frame,Finishing & Heat Setting,97.19,natural_gas,58.84,735.1,1.0,Shift A (Morning),181.4,0.99
2026-09-04 11:00:00,Rotary Screen Printing Machine,Printing & Curing,39.0,none,0.0,492.6,1.0,Shift A (Morning),151.6,1.95
2026-09-04 11:00:00,Industrial Steam Boiler (Dual Fuel),Steam Generation Utility,20.25,natural_gas,167.08,0.0,1.0,Shift A (Morning),169.5,7.84
2026-09-04 11:00:00,Screw Air Compressor GA-75,Compressed Air Utility,58.54,none,0.0,0.0,1.0,Shift A (Morning),44.6,7.06
2026-09-04 11:00:00,ETP Aeration Blower Station,Wastewater & ETP Utility,45.09,none,0.0,0.0,1.0,Shift A (Morning),31.4,0.59
2026-09-04 12:00:00,HTHP Jet Dyeing Machine #01,Dyeing & Bleaching,33.85,none,0.0,406.2,1.0,Shift A (Morning),132.1,3.52
2026-09-04 12:00:00,Soft Flow Jet Dyeing Machine #02,Dyeing & Bleaching,28.59,none,0.0,347.1,1.0,Shift A (Morning),97.3,1.18
2026-09-04 12:00:00,8-Chamber Stenter Frame,Finishing & Heat Setting,101.87,natural_gas,61.68,770.5,1.0,Shift A (Morning),181.4,0.98
2026-09-04 12:00:00,Rotary Screen Printing Machine,Printing & Curing,37.43,none,0.0,472.8,1.0,Shift A (Morning),147.2,1.95
2026-09-04 12:00:00,Industrial Steam Boiler (Dual Fuel),Steam Generation Utility,20.39,natural_gas,168.22,0.0,1.0,Shift A (Morning),171.1,7.99
2026-09-04 12:00:00,Screw Air Compressor GA-75,Compressed Air Utility,58.15,none,0.0,0.0,1.0,Shift A (Morning),44.9,7.05
2026-09-04 12:00:00,ETP Aeration Blower Station,Wastewater & ETP Utility,45.6,none,0.0,0.0,1.0,Shift A (Morning),31.5,0.59
2026-09-04 13:00:00,HTHP Jet Dyeing Machine #01,Dyeing & Bleaching,35.04,none,0.0,420.5,1.0,Shift A (Morning),129.6,3.45
2026-09-04 13:00:00,Soft Flow Jet Dyeing Machine #02,Dyeing & Bleaching,28.92,none,0.0,351.1,1.0,Shift A (Morning),98.1,1.18
2026-09-04 13:00:00,8-Chamber Stenter Frame,Finishing & Heat Setting,95.22,natural_gas,57.65,720.2,1.0,Shift A (Morning),185.2,1.01
2026-09-04 13:00:00,Rotary Screen Printing Machine,Printing & Curing,39.03,none,0.0,493.0,1.0,Shift A (Morning),148.9,2.02
2026-09-04 13:00:00,Industrial Steam Boiler (Dual Fuel),Steam Generation Utility,20.6,natural_gas,169.93,0.0,1.0,Shift A (Morning),171.3,8.15
2026-09-04 13:00:00,Screw Air Compressor GA-75,Compressed Air Utility,56.96,none,0.0,0.0,1.0,Shift A (Morning),45.1,6.86
2026-09-04 13:00:00,ETP Aeration Blower Station,Wastewater & ETP Utility,44.52,none,0.0,0.0,1.0,Shift A (Morning),31.6,0.62
2026-09-04 14:00:00,HTHP Jet Dyeing Machine #01,Dyeing & Bleaching,34.8,none,0.0,417.6,1.0,Shift B (Evening),131.2,3.47
2026-09-04 14:00:00,Soft Flow Jet Dyeing Machine #02,Dyeing & Bleaching,28.11,none,0.0,341.3,1.0,Shift B (Evening),98.8,1.22
2026-09-04 14:00:00,8-Chamber Stenter Frame,Finishing & Heat Setting,96.51,natural_gas,58.43,729.9,1.0,Shift B (Evening),184.4,1.0
2026-09-04 14:00:00,Rotary Screen Printing Machine,Printing & Curing,39.3,none,0.0,496.4,1.0,Shift B (Evening),148.3,2.04
2026-09-04 14:00:00,Industrial Steam Boiler (Dual Fuel),Steam Generation Utility,19.91,natural_gas,164.25,0.0,1.0,Shift B (Evening),171.4,7.94
2026-09-04 14:00:00,Screw Air Compressor GA-75,Compressed Air Utility,56.52,none,0.0,0.0,1.0,Shift B (Evening),45.2,7.07
2026-09-04 14:00:00,ETP Aeration Blower Station,Wastewater & ETP Utility,44.5,none,0.0,0.0,1.0,Shift B (Evening),32.2,0.6
2026-09-04 15:00:00,HTHP Jet Dyeing Machine #01,Dyeing & Bleaching,36.35,none,0.0,436.2,1.0,Shift B (Evening),130.2,3.58
2026-09-04 15:00:00,Soft Flow Jet Dyeing Machine #02,Dyeing & Bleaching,28.59,none,0.0,347.2,1.0,Shift B (Evening),97.9,1.2
2026-09-04 15:00:00,8-Chamber Stenter Frame,Finishing & Heat Setting,97.54,natural_gas,59.06,737.7,1.0,Shift B (Evening),182.4,0.99
2026-09-04 15:00:00,Rotary Screen Printing Machine,Printing & Curing,37.58,none,0.0,474.7,1.0,Shift B (Evening),149.0,1.98
2026-09-04 15:00:00,Industrial Steam Boiler (Dual Fuel),Steam Generation Utility,20.2,natural_gas,166.62,0.0,1.0,Shift B (Evening),170.6,7.77
2026-09-04 15:00:00,Screw Air Compressor GA-75,Compressed Air Utility,57.63,none,0.0,0.0,1.0,Shift B (Evening),44.4,6.85
2026-09-04 15:00:00,ETP Aeration Blower Station,Wastewater & ETP Utility,44.79,none,0.0,0.0,1.0,Shift B (Evening),31.6,0.6
2026-09-04 16:00:00,HTHP Jet Dyeing Machine #01,Dyeing & Bleaching,34.86,none,0.0,418.3,1.0,Shift B (Evening),130.0,3.52
2026-09-04 16:00:00,Soft Flow Jet Dyeing Machine #02,Dyeing & Bleaching,29.08,none,0.0,353.1,1.0,Shift B (Evening),99.5,1.18
2026-09-04 16:00:00,8-Chamber Stenter Frame,Finishing & Heat Setting,100.58,natural_gas,60.91,760.8,1.0,Shift B (Evening),185.5,0.97
2026-09-04 16:00:00,Rotary Screen Printing Machine,Printing & Curing,38.95,none,0.0,492.0,1.0,Shift B (Evening),151.6,1.99
2026-09-04 16:00:00,Industrial Steam Boiler (Dual Fuel),Steam Generation Utility,20.52,natural_gas,169.28,0.0,1.0,Shift B (Evening),172.5,8.1
2026-09-04 16:00:00,Screw Air Compressor GA-75,Compressed Air Utility,58.59,none,0.0,0.0,1.0,Shift B (Evening),44.9,7.07
2026-09-04 16:00:00,ETP Aeration Blower Station,Wastewater & ETP Utility,44.18,none,0.0,0.0,1.0,Shift B (Evening),32.4,0.62
2026-09-04 17:00:00,HTHP Jet Dyeing Machine #01,Dyeing & Bleaching,35.23,none,0.0,422.7,1.0,Shift B (Evening),131.1,3.41
2026-09-04 17:00:00,Soft Flow Jet Dyeing Machine #02,Dyeing & Bleaching,28.65,none,0.0,347.9,1.0,Shift B (Evening),97.7,1.19
2026-09-04 17:00:00,8-Chamber Stenter Frame,Finishing & Heat Setting,96.8,natural_gas,58.62,732.2,1.0,Shift B (Evening),185.2,1.03
2026-09-04 17:00:00,Rotary Screen Printing Machine,Printing & Curing,39.15,none,0.0,494.5,1.0,Shift B (Evening),150.3,2.01
2026-09-04 17:00:00,Industrial Steam Boiler (Dual Fuel),Steam Generation Utility,19.26,natural_gas,158.93,0.0,1.0,Shift B (Evening),169.7,7.86
2026-09-04 17:00:00,Screw Air Compressor GA-75,Compressed Air Utility,58.07,none,0.0,0.0,1.0,Shift B (Evening),44.7,6.82
2026-09-04 17:00:00,ETP Aeration Blower Station,Wastewater & ETP Utility,43.98,none,0.0,0.0,1.0,Shift B (Evening),31.4,0.6
2026-09-04 18:00:00,HTHP Jet Dyeing Machine #01,Dyeing & Bleaching,34.63,none,0.0,415.6,1.0,Shift B (Evening),132.5,3.56
2026-09-04 18:00:00,Soft Flow Jet Dyeing Machine #02,Dyeing & Bleaching,28.28,none,0.0,343.5,1.0,Shift B (Evening),96.7,1.22
2026-09-04 18:00:00,8-Chamber Stenter Frame,Finishing & Heat Setting,96.86,natural_gas,58.65,732.6,1.0,Shift B (Evening),183.3,1.0
2026-09-04 18:00:00,Rotary Screen Printing Machine,Printing & Curing,37.73,none,0.0,476.6,1.0,Shift B (Evening),150.2,2.04
2026-09-04 18:00:00,Industrial Steam Boiler (Dual Fuel),Steam Generation Utility,20.74,natural_gas,171.07,0.0,1.0,Shift B (Evening),171.3,7.95
2026-09-04 18:00:00,Screw Air Compressor GA-75,Compressed Air Utility,56.38,none,0.0,0.0,1.0,Shift B (Evening),45.2,7.08
2026-09-04 18:00:00,ETP Aeration Blower Station,Wastewater & ETP Utility,42.88,none,0.0,0.0,1.0,Shift B (Evening),32.6,0.61
2026-09-04 19:00:00,HTHP Jet Dyeing Machine #01,Dyeing & Bleaching,35.29,none,0.0,423.4,1.0,Shift B (Evening),130.7,3.47
2026-09-04 19:00:00,Soft Flow Jet Dyeing Machine #02,Dyeing & Bleaching,27.08,none,0.0,328.8,1.0,Shift B (Evening),99.5,1.2
2026-09-04 19:00:00,8-Chamber Stenter Frame,Finishing & Heat Setting,96.43,natural_gas,58.38,729.3,1.0,Shift B (Evening),185.5,1.02
2026-09-04 19:00:00,Rotary Screen Printing Machine,Printing & Curing,38.07,none,0.0,480.9,1.0,Shift B (Evening),149.3,2.02
2026-09-04 19:00:00,Industrial Steam Boiler (Dual Fuel),Steam Generation Utility,20.42,natural_gas,168.46,0.0,1.0,Shift B (Evening),170.1,7.82
2026-09-04 19:00:00,Screw Air Compressor GA-75,Compressed Air Utility,59.43,none,0.0,0.0,1.0,Shift B (Evening),45.3,7.0
2026-09-04 19:00:00,ETP Aeration Blower Station,Wastewater & ETP Utility,45.46,none,0.0,0.0,1.0,Shift B (Evening),31.9,0.61
2026-09-04 20:00:00,HTHP Jet Dyeing Machine #01,Dyeing & Bleaching,36.3,none,0.0,435.6,1.0,Shift B (Evening),127.6,3.42
2026-09-04 20:00:00,Soft Flow Jet Dyeing Machine #02,Dyeing & Bleaching,27.9,none,0.0,338.8,1.0,Shift B (Evening),96.6,1.2
2026-09-04 20:00:00,8-Chamber Stenter Frame,Finishing & Heat Setting,96.36,natural_gas,58.35,728.8,1.0,Shift B (Evening),185.4,0.99
2026-09-04 20:00:00,Rotary Screen Printing Machine,Printing & Curing,38.32,none,0.0,484.1,1.0,Shift B (Evening),148.4,1.97
2026-09-04 20:00:00,Industrial Steam Boiler (Dual Fuel),Steam Generation Utility,20.33,natural_gas,167.73,0.0,1.0,Shift B (Evening),171.1,8.17
2026-09-04 20:00:00,Screw Air Compressor GA-75,Compressed Air Utility,58.75,none,0.0,0.0,1.0,Shift B (Evening),45.2,6.98
2026-09-04 20:00:00,ETP Aeration Blower Station,Wastewater & ETP Utility,42.4,none,0.0,0.0,1.0,Shift B (Evening),32.3,0.58
2026-09-04 21:00:00,HTHP Jet Dyeing Machine #01,Dyeing & Bleaching,34.97,none,0.0,419.7,1.0,Shift B (Evening),129.8,3.52
2026-09-04 21:00:00,Soft Flow Jet Dyeing Machine #02,Dyeing & Bleaching,28.81,none,0.0,349.9,1.0,Shift B (Evening),99.1,1.23
2026-09-04 21:00:00,8-Chamber Stenter Frame,Finishing & Heat Setting,103.1,natural_gas,62.43,779.8,1.0,Shift B (Evening),182.7,0.99
2026-09-04 21:00:00,Rotary Screen Printing Machine,Printing & Curing,37.84,none,0.0,477.9,1.0,Shift B (Evening),151.8,1.99
2026-09-04 21:00:00,Industrial Steam Boiler (Dual Fuel),Steam Generation Utility,20.38,natural_gas,168.16,0.0,1.0,Shift B (Evening),171.8,8.16
2026-09-04 21:00:00,Screw Air Compressor GA-75,Compressed Air Utility,58.73,none,0.0,0.0,1.0,Shift B (Evening),45.7,6.83
2026-09-04 21:00:00,ETP Aeration Blower Station,Wastewater & ETP Utility,43.4,none,0.0,0.0,1.0,Shift B (Evening),32.2,0.61
2026-09-04 22:00:00,HTHP Jet Dyeing Machine #01,Dyeing & Bleaching,35.75,none,0.0,429.0,1.0,Shift C (Night),129.7,3.59
2026-09-04 22:00:00,Soft Flow Jet Dyeing Machine #02,Dyeing & Bleaching,27.68,none,0.0,336.1,1.0,Shift C (Night),98.6,1.2
2026-09-04 22:00:00,8-Chamber Stenter Frame,Finishing & Heat Setting,100.1,natural_gas,60.61,757.1,1.0,Shift C (Night),186.3,1.01
2026-09-04 22:00:00,Rotary Screen Printing Machine,Printing & Curing,38.05,none,0.0,480.6,1.0,Shift C (Night),151.3,1.97
2026-09-04 22:00:00,Industrial Steam Boiler (Dual Fuel),Steam Generation Utility,19.27,natural_gas,158.99,0.0,1.0,Shift C (Night),169.1,8.0
2026-09-04 22:00:00,Screw Air Compressor GA-75,Compressed Air Utility,56.65,none,0.0,0.0,1.0,Shift C (Night),45.8,6.92
2026-09-04 22:00:00,ETP Aeration Blower Station,Wastewater & ETP Utility,43.33,none,0.0,0.0,1.0,Shift C (Night),32.0,0.58
2026-09-04 23:00:00,HTHP Jet Dyeing Machine #01,Dyeing & Bleaching,36.18,none,0.0,434.1,1.0,Shift C (Night),127.9,3.43
2026-09-04 23:00:00,Soft Flow Jet Dyeing Machine #02,Dyeing & Bleaching,0.92,none,0.0,0.0,0.0,Shift C (Night),30.6,0.0
2026-09-04 23:00:00,8-Chamber Stenter Frame,Finishing & Heat Setting,97.75,natural_gas,59.19,739.4,1.0,Shift C (Night),181.7,0.99
2026-09-04 23:00:00,Rotary Screen Printing Machine,Printing & Curing,1.99,none,0.0,0.0,0.0,Shift C (Night),28.5,0.0
2026-09-04 23:00:00,Industrial Steam Boiler (Dual Fuel),Steam Generation Utility,20.2,natural_gas,166.69,0.0,1.0,Shift C (Night),169.3,8.21
2026-09-04 23:00:00,Screw Air Compressor GA-75,Compressed Air Utility,25.48,none,0.0,0.0,0.0,Shift C (Night),36.0,5.95
2026-09-04 23:00:00,ETP Aeration Blower Station,Wastewater & ETP Utility,42.5,none,0.0,0.0,1.0,Shift C (Night),31.4,0.6
2026-09-05 00:00:00,HTHP Jet Dyeing Machine #01,Dyeing & Bleaching,1.83,none,0.0,0.0,0.0,Shift C (Night),29.8,0.0
2026-09-05 00:00:00,Soft Flow Jet Dyeing Machine #02,Dyeing & Bleaching,1.22,none,0.0,0.0,0.0,Shift C (Night),28.2,0.0
2026-09-05 00:00:00,8-Chamber Stenter Frame,Finishing & Heat Setting,1.84,natural_gas,0.0,0.0,0.0,Shift C (Night),28.9,0.0
2026-09-05 00:00:00,Rotary Screen Printing Machine,Printing & Curing,1.96,none,0.0,0.0,0.0,Shift C (Night),31.2,0.0
2026-09-05 00:00:00,Industrial Steam Boiler (Dual Fuel),Steam Generation Utility,20.2,natural_gas,166.68,0.0,1.0,Shift C (Night),169.0,8.01
2026-09-05 00:00:00,Screw Air Compressor GA-75,Compressed Air Utility,24.47,none,0.0,0.0,0.0,Shift C (Night),36.0,5.95
2026-09-05 00:00:00,ETP Aeration Blower Station,Wastewater & ETP Utility,45.68,none,0.0,0.0,1.0,Shift C (Night),32.1,0.59
2026-09-05 01:00:00,HTHP Jet Dyeing Machine #01,Dyeing & Bleaching,1.88,none,0.0,0.0,0.0,Shift C (Night),32.0,0.0
2026-09-05 01:00:00,Soft Flow Jet Dyeing Machine #02,Dyeing & Bleaching,1.75,none,0.0,0.0,0.0,Shift C (Night),29.7,0.0
2026-09-05 01:00:00,8-Chamber Stenter Frame,Finishing & Heat Setting,1.8,natural_gas,0.0,0.0,0.0,Shift C (Night),31.8,0.0
2026-09-05 01:00:00,Rotary Screen Printing Machine,Printing & Curing,1.74,none,0.0,0.0,0.0,Shift C (Night),28.3,0.0
2026-09-05 01:00:00,Industrial Steam Boiler (Dual Fuel),Steam Generation Utility,19.55,natural_gas,161.28,0.0,1.0,Shift C (Night),167.5,7.91
2026-09-05 01:00:00,Screw Air Compressor GA-75,Compressed Air Utility,24.31,none,0.0,0.0,0.0,Shift C (Night),36.0,5.95
2026-09-05 01:00:00,ETP Aeration Blower Station,Wastewater & ETP Utility,44.0,none,0.0,0.0,1.0,Shift C (Night),32.2,0.61
2026-09-05 02:00:00,HTHP Jet Dyeing Machine #01,Dyeing & Bleaching,1.1,none,0.0,0.0,0.0,Shift C (Night),31.8,0.0
2026-09-05 02:00:00,Soft Flow Jet Dyeing Machine #02,Dyeing & Bleaching,1.11,none,0.0,0.0,0.0,Shift C (Night),30.8,0.0
2026-09-05 02:00:00,8-Chamber Stenter Frame,Finishing & Heat Setting,0.82,natural_gas,0.0,0.0,0.0,Shift C (Night),31.6,0.0
2026-09-05 02:00:00,Rotary Screen Printing Machine,Printing & Curing,1.54,none,0.0,0.0,0.0,Shift C (Night),30.7,0.0
2026-09-05 02:00:00,Industrial Steam Boiler (Dual Fuel),Steam Generation Utility,19.57,natural_gas,161.48,0.0,1.0,Shift C (Night),170.1,8.22
2026-09-05 02:00:00,Screw Air Compressor GA-75,Compressed Air Utility,26.36,none,0.0,0.0,0.0,Shift C (Night),36.0,5.95
2026-09-05 02:00:00,ETP Aeration Blower Station,Wastewater & ETP Utility,42.97,none,0.0,0.0,1.0,Shift C (Night),31.4,0.6
2026-09-05 03:00:00,HTHP Jet Dyeing Machine #01,Dyeing & Bleaching,0.72,none,0.0,0.0,0.0,Shift C (Night),30.2,0.0
2026-09-05 03:00:00,Soft Flow Jet Dyeing Machine #02,Dyeing & Bleaching,1.89,none,0.0,0.0,0.0,Shift C (Night),30.6,0.0
2026-09-05 03:00:00,8-Chamber Stenter Frame,Finishing & Heat Setting,1.5,natural_gas,0.0,0.0,0.0,Shift C (Night),32.0,0.0
2026-09-05 03:00:00,Rotary Screen Printing Machine,Printing & Curing,0.92,none,0.0,0.0,0.0,Shift C (Night),28.7,0.0
2026-09-05 03:00:00,Industrial Steam Boiler (Dual Fuel),Steam Generation Utility,19.34,natural_gas,159.59,0.0,1.0,Shift C (Night),172.4,8.11
2026-09-05 03:00:00,Screw Air Compressor GA-75,Compressed Air Utility,23.76,none,0.0,0.0,0.0,Shift C (Night),36.0,5.95
2026-09-05 03:00:00,ETP Aeration Blower Station,Wastewater & ETP Utility,43.46,none,0.0,0.0,1.0,Shift C (Night),32.3,0.6
2026-09-05 04:00:00,HTHP Jet Dyeing Machine #01,Dyeing & Bleaching,1.42,none,0.0,0.0,0.0,Shift C (Night),31.2,0.0
2026-09-05 04:00:00,Soft Flow Jet Dyeing Machine #02,Dyeing & Bleaching,0.63,none,0.0,0.0,0.0,Shift C (Night),29.9,0.0
2026-09-05 04:00:00,8-Chamber Stenter Frame,Finishing & Heat Setting,0.89,natural_gas,0.0,0.0,0.0,Shift C (Night),29.2,0.0
2026-09-05 04:00:00,Rotary Screen Printing Machine,Printing & Curing,1.14,none,0.0,0.0,0.0,Shift C (Night),29.9,0.0
2026-09-05 04:00:00,Industrial Steam Boiler (Dual Fuel),Steam Generation Utility,19.61,natural_gas,161.76,0.0,1.0,Shift C (Night),167.8,7.82
2026-09-05 04:00:00,Screw Air Compressor GA-75,Compressed Air Utility,26.25,none,0.0,0.0,0.0,Shift C (Night),36.0,5.95
2026-09-05 04:00:00,ETP Aeration Blower Station,Wastewater & ETP Utility,44.25,none,0.0,0.0,1.0,Shift C (Night),32.1,0.61
2026-09-05 05:00:00,HTHP Jet Dyeing Machine #01,Dyeing & Bleaching,1.89,none,0.0,0.0,0.0,Shift C (Night),29.9,0.0
2026-09-05 05:00:00,Soft Flow Jet Dyeing Machine #02,Dyeing & Bleaching,1.64,none,0.0,0.0,0.0,Shift C (Night),31.7,0.0
2026-09-05 05:00:00,8-Chamber Stenter Frame,Finishing & Heat Setting,1.45,natural_gas,0.0,0.0,0.0,Shift C (Night),29.7,0.0
2026-09-05 05:00:00,Rotary Screen Printing Machine,Printing & Curing,1.22,none,0.0,0.0,0.0,Shift C (Night),29.3,0.0
2026-09-05 05:00:00,Industrial Steam Boiler (Dual Fuel),Steam Generation Utility,20.72,natural_gas,170.92,0.0,1.0,Shift C (Night),172.7,7.8
2026-09-05 05:00:00,Screw Air Compressor GA-75,Compressed Air Utility,25.96,none,0.0,0.0,0.0,Shift C (Night),36.0,5.95
2026-09-05 05:00:00,ETP Aeration Blower Station,Wastewater & ETP Utility,43.66,none,0.0,0.0,1.0,Shift C (Night),32.1,0.61
2026-09-05 06:00:00,HTHP Jet Dyeing Machine #01,Dyeing & Bleaching,36.24,none,0.0,434.9,1.0,Shift A (Morning),132.0,3.42
2026-09-05 06:00:00,Soft Flow Jet Dyeing Machine #02,Dyeing & Bleaching,1.7,none,0.0,0.0,0.0,Shift A (Morning),29.2,0.0
2026-09-05 06:00:00,8-Chamber Stenter Frame,Finishing & Heat Setting,97.36,natural_gas,58.95,736.4,1.0,Shift A (Morning),184.8,1.01
2026-09-05 06:00:00,Rotary Screen Printing Machine,Printing & Curing,0.68,none,0.0,0.0,0.0,Shift A (Morning),30.4,0.0
2026-09-05 06:00:00,Industrial Steam Boiler (Dual Fuel),Steam Generation Utility,20.51,natural_gas,169.19,0.0,1.0,Shift A (Morning),168.0,7.99
2026-09-05 06:00:00,Screw Air Compressor GA-75,Compressed Air Utility,25.16,none,0.0,0.0,0.0,Shift A (Morning),36.0,5.95
2026-09-05 06:00:00,ETP Aeration Blower Station,Wastewater & ETP Utility,42.33,none,0.0,0.0,1.0,Shift A (Morning),32.6,0.6
2026-09-05 07:00:00,HTHP Jet Dyeing Machine #01,Dyeing & Bleaching,35.61,none,0.0,427.4,1.0,Shift A (Morning),128.1,3.48
2026-09-05 07:00:00,Soft Flow Jet Dyeing Machine #02,Dyeing & Bleaching,1.53,none,0.0,0.0,0.0,Shift A (Morning),32.0,0.0
2026-09-05 07:00:00,8-Chamber Stenter Frame,Finishing & Heat Setting,102.9,natural_gas,62.3,778.3,1.0,Shift A (Morning),187.0,0.97
2026-09-05 07:00:00,Rotary Screen Printing Machine,Printing & Curing,0.81,none,0.0,0.0,0.0,Shift A (Morning),31.8,0.0
2026-09-05 07:00:00,Industrial Steam Boiler (Dual Fuel),Steam Generation Utility,20.22,natural_gas,166.77,0.0,1.0,Shift A (Morning),173.2,8.12
2026-09-05 07:00:00,Screw Air Compressor GA-75,Compressed Air Utility,25.63,none,0.0,0.0,0.0,Shift A (Morning),36.0,5.95
2026-09-05 07:00:00,ETP Aeration Blower Station,Wastewater & ETP Utility,44.51,none,0.0,0.0,1.0,Shift A (Morning),31.9,0.61
2026-09-05 08:00:00,HTHP Jet Dyeing Machine #01,Dyeing & Bleaching,33.93,none,0.0,407.1,1.0,Shift A (Morning),132.0,3.48
2026-09-05 08:00:00,Soft Flow Jet Dyeing Machine #02,Dyeing & Bleaching,1.23,none,0.0,0.0,0.0,Shift A (Morning),28.5,0.0
2026-09-05 08:00:00,8-Chamber Stenter Frame,Finishing & Heat Setting,101.12,natural_gas,61.23,764.8,1.0,Shift A (Morning),188.6,0.99
2026-09-05 08:00:00,Rotary Screen Printing Machine,Printing & Curing,1.93,none,0.0,0.0,0.0,Shift A (Morning),28.0,0.0
2026-09-05 08:00:00,Industrial Steam Boiler (Dual Fuel),Steam Generation Utility,20.8,natural_gas,171.57,0.0,1.0,Shift A (Morning),171.7,8.2
2026-09-05 08:00:00,Screw Air Compressor GA-75,Compressed Air Utility,24.53,none,0.0,0.0,0.0,Shift A (Morning),36.0,5.95
2026-09-05 08:00:00,ETP Aeration Blower Station,Wastewater & ETP Utility,45.1,none,0.0,0.0,1.0,Shift A (Morning),32.5,0.59
2026-09-05 09:00:00,HTHP Jet Dyeing Machine #01,Dyeing & Bleaching,35.98,none,0.0,431.7,1.0,Shift A (Morning),128.1,3.54
2026-09-05 09:00:00,Soft Flow Jet Dyeing Machine #02,Dyeing & Bleaching,1.97,none,0.0,0.0,0.0,Shift A (Morning),29.1,0.0
2026-09-05 09:00:00,8-Chamber Stenter Frame,Finishing & Heat Setting,99.86,natural_gas,60.47,755.3,1.0,Shift A (Morning),181.6,1.02
2026-09-05 09:00:00,Rotary Screen Printing Machine,Printing & Curing,0.89,none,0.0,0.0,0.0,Shift A (Morning),29.8,0.0
2026-09-05 09:00:00,Industrial Steam Boiler (Dual Fuel),Steam Generation Utility,19.88,natural_gas,163.99,0.0,1.0,Shift A (Morning),168.1,7.96
2026-09-05 09:00:00,Screw Air Compressor GA-75,Compressed Air Utility,24.82,none,0.0,0.0,0.0,Shift A (Morning),36.0,5.95
2026-09-05 09:00:00,ETP Aeration Blower Station,Wastewater & ETP Utility,44.85,none,0.0,0.0,1.0,Shift A (Morning),31.5,0.61
2026-09-05 10:00:00,HTHP Jet Dyeing Machine #01,Dyeing & Bleaching,35.32,none,0.0,423.8,1.0,Shift A (Morning),129.1,3.53
2026-09-05 10:00:00,Soft Flow Jet Dyeing Machine #02,Dyeing & Bleaching,0.99,none,0.0,0.0,0.0,Shift A (Morning),29.6,0.0
2026-09-05 10:00:00,8-Chamber Stenter Frame,Finishing & Heat Setting,97.36,natural_gas,58.95,736.5,1.0,Shift A (Morning),181.5,0.98
2026-09-05 10:00:00,Rotary Screen Printing Machine,Printing & Curing,0.94,none,0.0,0.0,0.0,Shift A (Morning),31.4,0.0
2026-09-05 10:00:00,Industrial Steam Boiler (Dual Fuel),Steam Generation Utility,19.3,natural_gas,159.23,0.0,1.0,Shift A (Morning),168.7,7.95
2026-09-05 10:00:00,Screw Air Compressor GA-75,Compressed Air Utility,24.83,none,0.0,0.0,0.0,Shift A (Morning),36.0,5.95
2026-09-05 10:00:00,ETP Aeration Blower Station,Wastewater & ETP Utility,45.34,none,0.0,0.0,1.0,Shift A (Morning),31.5,0.61
2026-09-05 11:00:00,HTHP Jet Dyeing Machine #01,Dyeing & Bleaching,35.88,none,0.0,430.5,1.0,Shift A (Morning),128.0,3.48
2026-09-05 11:00:00,Soft Flow Jet Dyeing Machine #02,Dyeing & Bleaching,1.29,none,0.0,0.0,0.0,Shift A (Morning),28.5,0.0
2026-09-05 11:00:00,8-Chamber Stenter Frame,Finishing & Heat Setting,96.92,natural_gas,58.68,733.1,1.0,Shift A (Morning),185.5,1.02
2026-09-05 11:00:00,Rotary Screen Printing Machine,Printing & Curing,1.1,none,0.0,0.0,0.0,Shift A (Morning),31.6,0.0
2026-09-05 11:00:00,Industrial Steam Boiler (Dual Fuel),Steam Generation Utility,19.81,natural_gas,163.43,0.0,1.0,Shift A (Morning),170.8,7.92
2026-09-05 11:00:00,Screw Air Compressor GA-75,Compressed Air Utility,25.66,none,0.0,0.0,0.0,Shift A (Morning),36.0,5.95
2026-09-05 11:00:00,ETP Aeration Blower Station,Wastewater & ETP Utility,42.8,none,0.0,0.0,1.0,Shift A (Morning),31.6,0.61
2026-09-05 12:00:00,HTHP Jet Dyeing Machine #01,Dyeing & Bleaching,34.65,none,0.0,415.8,1.0,Shift A (Morning),132.0,3.57
2026-09-05 12:00:00,Soft Flow Jet Dyeing Machine #02,Dyeing & Bleaching,1.02,none,0.0,0.0,0.0,Shift A (Morning),28.2,0.0
2026-09-05 12:00:00,8-Chamber Stenter Frame,Finishing & Heat Setting,96.91,natural_gas,58.68,733.0,1.0,Shift A (Morning),187.7,1.02
2026-09-05 12:00:00,Rotary Screen Printing Machine,Printing & Curing,1.74,none,0.0,0.0,0.0,Shift A (Morning),29.3,0.0
2026-09-05 12:00:00,Industrial Steam Boiler (Dual Fuel),Steam Generation Utility,20.76,natural_gas,171.24,0.0,1.0,Shift A (Morning),171.7,7.92
2026-09-05 12:00:00,Screw Air Compressor GA-75,Compressed Air Utility,23.74,none,0.0,0.0,0.0,Shift A (Morning),36.0,5.95
2026-09-05 12:00:00,ETP Aeration Blower Station,Wastewater & ETP Utility,44.78,none,0.0,0.0,1.0,Shift A (Morning),31.6,0.62
2026-09-05 13:00:00,HTHP Jet Dyeing Machine #01,Dyeing & Bleaching,36.31,none,0.0,435.7,1.0,Shift A (Morning),131.5,3.59
2026-09-05 13:00:00,Soft Flow Jet Dyeing Machine #02,Dyeing & Bleaching,0.96,none,0.0,0.0,0.0,Shift A (Morning),30.2,0.0
2026-09-05 13:00:00,8-Chamber Stenter Frame,Finishing & Heat Setting,99.01,natural_gas,59.95,748.9,1.0,Shift A (Morning),182.6,1.02
2026-09-05 13:00:00,Rotary Screen Printing Machine,Printing & Curing,0.92,none,0.0,0.0,0.0,Shift A (Morning),28.0,0.0
2026-09-05 13:00:00,Industrial Steam Boiler (Dual Fuel),Steam Generation Utility,19.95,natural_gas,164.59,0.0,1.0,Shift A (Morning),168.2,7.87
2026-09-05 13:00:00,Screw Air Compressor GA-75,Compressed Air Utility,24.43,none,0.0,0.0,0.0,Shift A (Morning),36.0,5.95
2026-09-05 13:00:00,ETP Aeration Blower Station,Wastewater & ETP Utility,43.51,none,0.0,0.0,1.0,Shift A (Morning),31.8,0.61
2026-09-05 14:00:00,HTHP Jet Dyeing Machine #01,Dyeing & Bleaching,33.83,none,0.0,406.0,1.0,Shift B (Evening),131.0,3.46
2026-09-05 14:00:00,Soft Flow Jet Dyeing Machine #02,Dyeing & Bleaching,1.76,none,0.0,0.0,0.0,Shift B (Evening),28.6,0.0
2026-09-05 14:00:00,8-Chamber Stenter Frame,Finishing & Heat Setting,95.93,natural_gas,58.08,725.6,1.0,Shift B (Evening),183.2,1.02
2026-09-05 14:00:00,Rotary Screen Printing Machine,Printing & Curing,1.24,none,0.0,0.0,0.0,Shift B (Evening),30.1,0.0
2026-09-05 14:00:00,Industrial Steam Boiler (Dual Fuel),Steam Generation Utility,20.14,natural_gas,166.18,0.0,1.0,Shift B (Evening),168.8,7.79
2026-09-05 14:00:00,Screw Air Compressor GA-75,Compressed Air Utility,26.74,none,0.0,0.0,0.0,Shift B (Evening),36.0,5.95
2026-09-05 14:00:00,ETP Aeration Blower Station,Wastewater & ETP Utility,42.27,none,0.0,0.0,1.0,Shift B (Evening),31.4,0.59
2026-09-05 15:00:00,HTHP Jet Dyeing Machine #01,Dyeing & Bleaching,34.28,none,0.0,411.4,1.0,Shift B (Evening),130.0,3.49
2026-09-05 15:00:00,Soft Flow Jet Dyeing Machine #02,Dyeing & Bleaching,0.73,none,0.0,0.0,0.0,Shift B (Evening),28.8,0.0
2026-09-05 15:00:00,8-Chamber Stenter Frame,Finishing & Heat Setting,100.73,natural_gas,60.99,761.9,1.0,Shift B (Evening),187.3,1.0
2026-09-05 15:00:00,Rotary Screen Printing Machine,Printing & Curing,0.68,none,0.0,0.0,0.0,Shift B (Evening),30.9,0.0
2026-09-05 15:00:00,Industrial Steam Boiler (Dual Fuel),Steam Generation Utility,20.06,natural_gas,165.47,0.0,1.0,Shift B (Evening),173.2,7.8
2026-09-05 15:00:00,Screw Air Compressor GA-75,Compressed Air Utility,24.26,none,0.0,0.0,0.0,Shift B (Evening),36.0,5.95
2026-09-05 15:00:00,ETP Aeration Blower Station,Wastewater & ETP Utility,42.54,none,0.0,0.0,1.0,Shift B (Evening),31.5,0.58
2026-09-05 16:00:00,HTHP Jet Dyeing Machine #01,Dyeing & Bleaching,34.24,none,0.0,410.9,1.0,Shift B (Evening),129.9,3.48
2026-09-05 16:00:00,Soft Flow Jet Dyeing Machine #02,Dyeing & Bleaching,1.48,none,0.0,0.0,0.0,Shift B (Evening),31.8,0.0
2026-09-05 16:00:00,8-Chamber Stenter Frame,Finishing & Heat Setting,95.31,natural_gas,57.7,720.9,1.0,Shift B (Evening),187.2,0.97
2026-09-05 16:00:00,Rotary Screen Printing Machine,Printing & Curing,1.24,none,0.0,0.0,0.0,Shift B (Evening),28.2,0.0
2026-09-05 16:00:00,Industrial Steam Boiler (Dual Fuel),Steam Generation Utility,20.27,natural_gas,167.26,0.0,1.0,Shift B (Evening),170.9,7.91
2026-09-05 16:00:00,Screw Air Compressor GA-75,Compressed Air Utility,24.61,none,0.0,0.0,0.0,Shift B (Evening),36.0,5.95
2026-09-05 16:00:00,ETP Aeration Blower Station,Wastewater & ETP Utility,43.4,none,0.0,0.0,1.0,Shift B (Evening),31.9,0.58
2026-09-05 17:00:00,HTHP Jet Dyeing Machine #01,Dyeing & Bleaching,35.4,none,0.0,424.8,1.0,Shift B (Evening),130.8,3.4
2026-09-05 17:00:00,Soft Flow Jet Dyeing Machine #02,Dyeing & Bleaching,1.81,none,0.0,0.0,0.0,Shift B (Evening),31.3,0.0
2026-09-05 17:00:00,8-Chamber Stenter Frame,Finishing & Heat Setting,100.41,natural_gas,60.8,759.4,1.0,Shift B (Evening),183.1,1.02
2026-09-05 17:00:00,Rotary Screen Printing Machine,Printing & Curing,0.7,none,0.0,0.0,0.0,Shift B (Evening),31.8,0.0
2026-09-05 17:00:00,Industrial Steam Boiler (Dual Fuel),Steam Generation Utility,19.49,natural_gas,160.77,0.0,1.0,Shift B (Evening),171.7,7.77
2026-09-05 17:00:00,Screw Air Compressor GA-75,Compressed Air Utility,23.62,none,0.0,0.0,0.0,Shift B (Evening),36.0,5.95
2026-09-05 17:00:00,ETP Aeration Blower Station,Wastewater & ETP Utility,42.89,none,0.0,0.0,1.0,Shift B (Evening),31.4,0.62
2026-09-05 18:00:00,HTHP Jet Dyeing Machine #01,Dyeing & Bleaching,1.2,none,0.0,0.0,0.0,Shift B (Evening),29.3,0.0
2026-09-05 18:00:00,Soft Flow Jet Dyeing Machine #02,Dyeing & Bleaching,1.51,none,0.0,0.0,0.0,Shift B (Evening),31.8,0.0
2026-09-05 18:00:00,8-Chamber Stenter Frame,Finishing & Heat Setting,1.87,natural_gas,0.0,0.0,0.0,Shift B (Evening),28.1,0.0
2026-09-05 18:00:00,Rotary Screen Printing Machine,Printing & Curing,1.06,none,0.0,0.0,0.0,Shift B (Evening),31.3,0.0
2026-09-05 18:00:00,Industrial Steam Boiler (Dual Fuel),Steam Generation Utility,19.47,natural_gas,160.62,0.0,1.0,Shift B (Evening),171.6,7.81
2026-09-05 18:00:00,Screw Air Compressor GA-75,Compressed Air Utility,26.42,none,0.0,0.0,0.0,Shift B (Evening),36.0,5.95
2026-09-05 18:00:00,ETP Aeration Blower Station,Wastewater & ETP Utility,42.34,none,0.0,0.0,1.0,Shift B (Evening),31.9,0.58
2026-09-05 19:00:00,HTHP Jet Dyeing Machine #01,Dyeing & Bleaching,1.04,none,0.0,0.0,0.0,Shift B (Evening),29.0,0.0
2026-09-05 19:00:00,Soft Flow Jet Dyeing Machine #02,Dyeing & Bleaching,1.63,none,0.0,0.0,0.0,Shift B (Evening),30.3,0.0
2026-09-05 19:00:00,8-Chamber Stenter Frame,Finishing & Heat Setting,0.63,natural_gas,0.0,0.0,0.0,Shift B (Evening),31.9,0.0
2026-09-05 19:00:00,Rotary Screen Printing Machine,Printing & Curing,1.16,none,0.0,0.0,0.0,Shift B (Evening),31.6,0.0
2026-09-05 19:00:00,Industrial Steam Boiler (Dual Fuel),Steam Generation Utility,19.53,natural_gas,161.12,0.0,1.0,Shift B (Evening),171.6,7.83
2026-09-05 19:00:00,Screw Air Compressor GA-75,Compressed Air Utility,24.0,none,0.0,0.0,0.0,Shift B (Evening),36.0,5.95
2026-09-05 19:00:00,ETP Aeration Blower Station,Wastewater & ETP Utility,42.72,none,0.0,0.0,1.0,Shift B (Evening),31.4,0.62
2026-09-05 20:00:00,HTHP Jet Dyeing Machine #01,Dyeing & Bleaching,0.92,none,0.0,0.0,0.0,Shift B (Evening),31.9,0.0
2026-09-05 20:00:00,Soft Flow Jet Dyeing Machine #02,Dyeing & Bleaching,0.78,none,0.0,0.0,0.0,Shift B (Evening),30.7,0.0
2026-09-05 20:00:00,8-Chamber Stenter Frame,Finishing & Heat Setting,0.67,natural_gas,0.0,0.0,0.0,Shift B (Evening),29.5,0.0
2026-09-05 20:00:00,Rotary Screen Printing Machine,Printing & Curing,1.52,none,0.0,0.0,0.0,Shift B (Evening),28.4,0.0
2026-09-05 20:00:00,Industrial Steam Boiler (Dual Fuel),Steam Generation Utility,20.26,natural_gas,167.15,0.0,1.0,Shift B (Evening),170.8,7.78
2026-09-05 20:00:00,Screw Air Compressor GA-75,Compressed Air Utility,23.78,none,0.0,0.0,0.0,Shift B (Evening),36.0,5.95
2026-09-05 20:00:00,ETP Aeration Blower Station,Wastewater & ETP Utility,44.91,none,0.0,0.0,1.0,Shift B (Evening),31.7,0.59
2026-09-05 21:00:00,HTHP Jet Dyeing Machine #01,Dyeing & Bleaching,0.91,none,0.0,0.0,0.0,Shift B (Evening),28.4,0.0
2026-09-05 21:00:00,Soft Flow Jet Dyeing Machine #02,Dyeing & Bleaching,0.92,none,0.0,0.0,0.0,Shift B (Evening),28.7,0.0
2026-09-05 21:00:00,8-Chamber Stenter Frame,Finishing & Heat Setting,0.85,natural_gas,0.0,0.0,0.0,Shift B (Evening),29.5,0.0
2026-09-05 21:00:00,Rotary Screen Printing Machine,Printing & Curing,1.96,none,0.0,0.0,0.0,Shift B (Evening),31.2,0.0
2026-09-05 21:00:00,Industrial Steam Boiler (Dual Fuel),Steam Generation Utility,19.45,natural_gas,160.49,0.0,1.0,Shift B (Evening),171.6,7.88
2026-09-05 21:00:00,Screw Air Compressor GA-75,Compressed Air Utility,26.58,none,0.0,0.0,0.0,Shift B (Evening),36.0,5.95
2026-09-05 21:00:00,ETP Aeration Blower Station,Wastewater & ETP Utility,43.69,none,0.0,0.0,1.0,Shift B (Evening),31.7,0.59
2026-09-05 22:00:00,HTHP Jet Dyeing Machine #01,Dyeing & Bleaching,1.03,none,0.0,0.0,0.0,Shift C (Night),30.0,0.0
2026-09-05 22:00:00,Soft Flow Jet Dyeing Machine #02,Dyeing & Bleaching,1.02,none,0.0,0.0,0.0,Shift C (Night),31.2,0.0
2026-09-05 22:00:00,8-Chamber Stenter Frame,Finishing & Heat Setting,1.45,natural_gas,0.0,0.0,0.0,Shift C (Night),29.7,0.0
2026-09-05 22:00:00,Rotary Screen Printing Machine,Printing & Curing,0.61,none,0.0,0.0,0.0,Shift C (Night),29.1,0.0
2026-09-05 22:00:00,Industrial Steam Boiler (Dual Fuel),Steam Generation Utility,20.02,natural_gas,165.16,0.0,1.0,Shift C (Night),169.5,7.89
2026-09-05 22:00:00,Screw Air Compressor GA-75,Compressed Air Utility,26.26,none,0.0,0.0,0.0,Shift C (Night),36.0,5.95
2026-09-05 22:00:00,ETP Aeration Blower Station,Wastewater & ETP Utility,44.81,none,0.0,0.0,1.0,Shift C (Night),32.1,0.59
2026-09-05 23:00:00,HTHP Jet Dyeing Machine #01,Dyeing & Bleaching,1.21,none,0.0,0.0,0.0,Shift C (Night),29.8,0.0
2026-09-05 23:00:00,Soft Flow Jet Dyeing Machine #02,Dyeing & Bleaching,1.54,none,0.0,0.0,0.0,Shift C (Night),30.5,0.0
2026-09-05 23:00:00,8-Chamber Stenter Frame,Finishing & Heat Setting,1.81,natural_gas,0.0,0.0,0.0,Shift C (Night),29.0,0.0
2026-09-05 23:00:00,Rotary Screen Printing Machine,Printing & Curing,1.53,none,0.0,0.0,0.0,Shift C (Night),30.2,0.0
2026-09-05 23:00:00,Industrial Steam Boiler (Dual Fuel),Steam Generation Utility,20.2,natural_gas,166.65,0.0,1.0,Shift C (Night),167.8,7.99
2026-09-05 23:00:00,Screw Air Compressor GA-75,Compressed Air Utility,24.36,none,0.0,0.0,0.0,Shift C (Night),36.0,5.95
2026-09-05 23:00:00,ETP Aeration Blower Station,Wastewater & ETP Utility,43.66,none,0.0,0.0,1.0,Shift C (Night),32.4,0.59
2026-09-06 00:00:00,HTHP Jet Dyeing Machine #01,Dyeing & Bleaching,0.85,none,0.0,0.0,0.0,Shift C (Night),29.5,0.0
2026-09-06 00:00:00,Soft Flow Jet Dyeing Machine #02,Dyeing & Bleaching,1.94,none,0.0,0.0,0.0,Shift C (Night),29.5,0.0
2026-09-06 00:00:00,8-Chamber Stenter Frame,Finishing & Heat Setting,1.07,natural_gas,0.0,0.0,0.0,Shift C (Night),31.4,0.0
2026-09-06 00:00:00,Rotary Screen Printing Machine,Printing & Curing,0.97,none,0.0,0.0,0.0,Shift C (Night),31.1,0.0
2026-09-06 00:00:00,Industrial Steam Boiler (Dual Fuel),Steam Generation Utility,19.82,natural_gas,163.55,0.0,1.0,Shift C (Night),167.7,8.14
2026-09-06 00:00:00,Screw Air Compressor GA-75,Compressed Air Utility,26.73,none,0.0,0.0,0.0,Shift C (Night),36.0,5.95
2026-09-06 00:00:00,ETP Aeration Blower Station,Wastewater & ETP Utility,44.04,none,0.0,0.0,1.0,Shift C (Night),32.2,0.6
2026-09-06 01:00:00,HTHP Jet Dyeing Machine #01,Dyeing & Bleaching,1.02,none,0.0,0.0,0.0,Shift C (Night),29.1,0.0
2026-09-06 01:00:00,Soft Flow Jet Dyeing Machine #02,Dyeing & Bleaching,1.7,none,0.0,0.0,0.0,Shift C (Night),29.5,0.0
2026-09-06 01:00:00,8-Chamber Stenter Frame,Finishing & Heat Setting,0.95,natural_gas,0.0,0.0,0.0,Shift C (Night),31.4,0.0
2026-09-06 01:00:00,Rotary Screen Printing Machine,Printing & Curing,1.58,none,0.0,0.0,0.0,Shift C (Night),28.6,0.0
2026-09-06 01:00:00,Industrial Steam Boiler (Dual Fuel),Steam Generation Utility,20.61,natural_gas,169.99,0.0,1.0,Shift C (Night),171.9,8.22
2026-09-06 01:00:00,Screw Air Compressor GA-75,Compressed Air Utility,26.92,none,0.0,0.0,0.0,Shift C (Night),36.0,5.95
2026-09-06 01:00:00,ETP Aeration Blower Station,Wastewater & ETP Utility,43.63,none,0.0,0.0,1.0,Shift C (Night),32.3,0.61
2026-09-06 02:00:00,HTHP Jet Dyeing Machine #01,Dyeing & Bleaching,1.07,none,0.0,0.0,0.0,Shift C (Night),30.2,0.0
2026-09-06 02:00:00,Soft Flow Jet Dyeing Machine #02,Dyeing & Bleaching,1.58,none,0.0,0.0,0.0,Shift C (Night),30.8,0.0
2026-09-06 02:00:00,8-Chamber Stenter Frame,Finishing & Heat Setting,1.17,natural_gas,0.0,0.0,0.0,Shift C (Night),31.0,0.0
2026-09-06 02:00:00,Rotary Screen Printing Machine,Printing & Curing,1.83,none,0.0,0.0,0.0,Shift C (Night),30.3,0.0
2026-09-06 02:00:00,Industrial Steam Boiler (Dual Fuel),Steam Generation Utility,20.62,natural_gas,170.12,0.0,1.0,Shift C (Night),171.7,7.83
2026-09-06 02:00:00,Screw Air Compressor GA-75,Compressed Air Utility,24.25,none,0.0,0.0,0.0,Shift C (Night),36.0,5.95
2026-09-06 02:00:00,ETP Aeration Blower Station,Wastewater & ETP Utility,45.45,none,0.0,0.0,1.0,Shift C (Night),32.3,0.6
2026-09-06 03:00:00,HTHP Jet Dyeing Machine #01,Dyeing & Bleaching,1.89,none,0.0,0.0,0.0,Shift C (Night),28.6,0.0
2026-09-06 03:00:00,Soft Flow Jet Dyeing Machine #02,Dyeing & Bleaching,0.74,none,0.0,0.0,0.0,Shift C (Night),29.9,0.0
2026-09-06 03:00:00,8-Chamber Stenter Frame,Finishing & Heat Setting,0.82,natural_gas,0.0,0.0,0.0,Shift C (Night),29.8,0.0
2026-09-06 03:00:00,Rotary Screen Printing Machine,Printing & Curing,1.5,none,0.0,0.0,0.0,Shift C (Night),31.7,0.0
2026-09-06 03:00:00,Industrial Steam Boiler (Dual Fuel),Steam Generation Utility,20.72,natural_gas,170.95,0.0,1.0,Shift C (Night),171.7,8.02
2026-09-06 03:00:00,Screw Air Compressor GA-75,Compressed Air Utility,24.33,none,0.0,0.0,0.0,Shift C (Night),36.0,5.95
2026-09-06 03:00:00,ETP Aeration Blower Station,Wastewater & ETP Utility,43.2,none,0.0,0.0,1.0,Shift C (Night),32.6,0.59
2026-09-06 04:00:00,HTHP Jet Dyeing Machine #01,Dyeing & Bleaching,1.37,none,0.0,0.0,0.0,Shift C (Night),30.0,0.0
2026-09-06 04:00:00,Soft Flow Jet Dyeing Machine #02,Dyeing & Bleaching,1.2,none,0.0,0.0,0.0,Shift C (Night),30.7,0.0
2026-09-06 04:00:00,8-Chamber Stenter Frame,Finishing & Heat Setting,0.64,natural_gas,0.0,0.0,0.0,Shift C (Night),31.1,0.0
2026-09-06 04:00:00,Rotary Screen Printing Machine,Printing & Curing,1.15,none,0.0,0.0,0.0,Shift C (Night),30.2,0.0
2026-09-06 04:00:00,Industrial Steam Boiler (Dual Fuel),Steam Generation Utility,19.67,natural_gas,162.31,0.0,1.0,Shift C (Night),169.8,8.07
2026-09-06 04:00:00,Screw Air Compressor GA-75,Compressed Air Utility,25.78,none,0.0,0.0,0.0,Shift C (Night),36.0,5.95
2026-09-06 04:00:00,ETP Aeration Blower Station,Wastewater & ETP Utility,44.89,none,0.0,0.0,1.0,Shift C (Night),32.3,0.61
2026-09-06 05:00:00,HTHP Jet Dyeing Machine #01,Dyeing & Bleaching,0.71,none,0.0,0.0,0.0,Shift C (Night),28.4,0.0
2026-09-06 05:00:00,Soft Flow Jet Dyeing Machine #02,Dyeing & Bleaching,1.8,none,0.0,0.0,0.0,Shift C (Night),30.7,0.0
2026-09-06 05:00:00,8-Chamber Stenter Frame,Finishing & Heat Setting,1.3,natural_gas,0.0,0.0,0.0,Shift C (Night),28.4,0.0
2026-09-06 05:00:00,Rotary Screen Printing Machine,Printing & Curing,1.86,none,0.0,0.0,0.0,Shift C (Night),30.1,0.0
2026-09-06 05:00:00,Industrial Steam Boiler (Dual Fuel),Steam Generation Utility,19.51,natural_gas,161.0,0.0,1.0,Shift C (Night),169.7,7.77
2026-09-06 05:00:00,Screw Air Compressor GA-75,Compressed Air Utility,23.59,none,0.0,0.0,0.0,Shift C (Night),36.0,5.95
2026-09-06 05:00:00,ETP Aeration Blower Station,Wastewater & ETP Utility,45.08,none,0.0,0.0,1.0,Shift C (Night),32.0,0.6
2026-09-06 06:00:00,HTHP Jet Dyeing Machine #01,Dyeing & Bleaching,1.26,none,0.0,0.0,0.0,Shift A (Morning),28.7,0.0
2026-09-06 06:00:00,Soft Flow Jet Dyeing Machine #02,Dyeing & Bleaching,1.76,none,0.0,0.0,0.0,Shift A (Morning),28.0,0.0
2026-09-06 06:00:00,8-Chamber Stenter Frame,Finishing & Heat Setting,0.73,natural_gas,0.0,0.0,0.0,Shift A (Morning),30.1,0.0
2026-09-06 06:00:00,Rotary Screen Printing Machine,Printing & Curing,1.19,none,0.0,0.0,0.0,Shift A (Morning),29.9,0.0
2026-09-06 06:00:00,Industrial Steam Boiler (Dual Fuel),Steam Generation Utility,20.09,natural_gas,165.71,0.0,1.0,Shift A (Morning),171.4,8.03
2026-09-06 06:00:00,Screw Air Compressor GA-75,Compressed Air Utility,24.02,none,0.0,0.0,0.0,Shift A (Morning),36.0,5.95
2026-09-06 06:00:00,ETP Aeration Blower Station,Wastewater & ETP Utility,44.82,none,0.0,0.0,1.0,Shift A (Morning),32.1,0.59
2026-09-06 07:00:00,HTHP Jet Dyeing Machine #01,Dyeing & Bleaching,1.97,none,0.0,0.0,0.0,Shift A (Morning),31.9,0.0
2026-09-06 07:00:00,Soft Flow Jet Dyeing Machine #02,Dyeing & Bleaching,1.16,none,0.0,0.0,0.0,Shift A (Morning),28.8,0.0
2026-09-06 07:00:00,8-Chamber Stenter Frame,Finishing & Heat Setting,1.68,natural_gas,0.0,0.0,0.0,Shift A (Morning),31.1,0.0
2026-09-06 07:00:00,Rotary Screen Printing Machine,Printing & Curing,1.22,none,0.0,0.0,0.0,Shift A (Morning),28.7,0.0
2026-09-06 07:00:00,Industrial Steam Boiler (Dual Fuel),Steam Generation Utility,20.23,natural_gas,166.88,0.0,1.0,Shift A (Morning),172.3,8.12
2026-09-06 07:00:00,Screw Air Compressor GA-75,Compressed Air Utility,27.17,none,0.0,0.0,0.0,Shift A (Morning),36.0,5.95
2026-09-06 07:00:00,ETP Aeration Blower Station,Wastewater & ETP Utility,44.47,none,0.0,0.0,1.0,Shift A (Morning),31.9,0.61
2026-09-06 08:00:00,HTHP Jet Dyeing Machine #01,Dyeing & Bleaching,1.08,none,0.0,0.0,0.0,Shift A (Morning),29.6,0.0
2026-09-06 08:00:00,Soft Flow Jet Dyeing Machine #02,Dyeing & Bleaching,1.88,none,0.0,0.0,0.0,Shift A (Morning),28.8,0.0
2026-09-06 08:00:00,8-Chamber Stenter Frame,Finishing & Heat Setting,0.75,natural_gas,0.0,0.0,0.0,Shift A (Morning),28.6,0.0
2026-09-06 08:00:00,Rotary Screen Printing Machine,Printing & Curing,1.9,none,0.0,0.0,0.0,Shift A (Morning),31.4,0.0
2026-09-06 08:00:00,Industrial Steam Boiler (Dual Fuel),Steam Generation Utility,20.14,natural_gas,166.17,0.0,1.0,Shift A (Morning),172.7,7.77
2026-09-06 08:00:00,Screw Air Compressor GA-75,Compressed Air Utility,24.96,none,0.0,0.0,0.0,Shift A (Morning),36.0,5.95
2026-09-06 08:00:00,ETP Aeration Blower Station,Wastewater & ETP Utility,44.26,none,0.0,0.0,1.0,Shift A (Morning),32.0,0.61
2026-09-06 09:00:00,HTHP Jet Dyeing Machine #01,Dyeing & Bleaching,1.99,none,0.0,0.0,0.0,Shift A (Morning),28.4,0.0
2026-09-06 09:00:00,Soft Flow Jet Dyeing Machine #02,Dyeing & Bleaching,1.5,none,0.0,0.0,0.0,Shift A (Morning),30.8,0.0
2026-09-06 09:00:00,8-Chamber Stenter Frame,Finishing & Heat Setting,1.14,natural_gas,0.0,0.0,0.0,Shift A (Morning),29.2,0.0
2026-09-06 09:00:00,Rotary Screen Printing Machine,Printing & Curing,1.24,none,0.0,0.0,0.0,Shift A (Morning),30.5,0.0
2026-09-06 09:00:00,Industrial Steam Boiler (Dual Fuel),Steam Generation Utility,19.92,natural_gas,164.36,0.0,1.0,Shift A (Morning),171.2,7.96
2026-09-06 09:00:00,Screw Air Compressor GA-75,Compressed Air Utility,26.79,none,0.0,0.0,0.0,Shift A (Morning),36.0,5.95
2026-09-06 09:00:00,ETP Aeration Blower Station,Wastewater & ETP Utility,43.03,none,0.0,0.0,1.0,Shift A (Morning),31.8,0.6
2026-09-06 10:00:00,HTHP Jet Dyeing Machine #01,Dyeing & Bleaching,0.65,none,0.0,0.0,0.0,Shift A (Morning),31.8,0.0
2026-09-06 10:00:00,Soft Flow Jet Dyeing Machine #02,Dyeing & Bleaching,0.75,none,0.0,0.0,0.0,Shift A (Morning),29.4,0.0
2026-09-06 10:00:00,8-Chamber Stenter Frame,Finishing & Heat Setting,1.68,natural_gas,0.0,0.0,0.0,Shift A (Morning),28.1,0.0
2026-09-06 10:00:00,Rotary Screen Printing Machine,Printing & Curing,1.16,none,0.0,0.0,0.0,Shift A (Morning),30.9,0.0
2026-09-06 10:00:00,Industrial Steam Boiler (Dual Fuel),Steam Generation Utility,20.11,natural_gas,165.89,0.0,1.0,Shift A (Morning),168.5,8.04
2026-09-06 10:00:00,Screw Air Compressor GA-75,Compressed Air Utility,26.32,none,0.0,0.0,0.0,Shift A (Morning),36.0,5.95
2026-09-06 10:00:00,ETP Aeration Blower Station,Wastewater & ETP Utility,42.53,none,0.0,0.0,1.0,Shift A (Morning),31.6,0.59
2026-09-06 11:00:00,HTHP Jet Dyeing Machine #01,Dyeing & Bleaching,0.98,none,0.0,0.0,0.0,Shift A (Morning),29.9,0.0
2026-09-06 11:00:00,Soft Flow Jet Dyeing Machine #02,Dyeing & Bleaching,1.53,none,0.0,0.0,0.0,Shift A (Morning),31.3,0.0
2026-09-06 11:00:00,8-Chamber Stenter Frame,Finishing & Heat Setting,1.52,natural_gas,0.0,0.0,0.0,Shift A (Morning),28.8,0.0
2026-09-06 11:00:00,Rotary Screen Printing Machine,Printing & Curing,1.56,none,0.0,0.0,0.0,Shift A (Morning),30.1,0.0
2026-09-06 11:00:00,Industrial Steam Boiler (Dual Fuel),Steam Generation Utility,19.36,natural_gas,159.73,0.0,1.0,Shift A (Morning),166.9,8.03
2026-09-06 11:00:00,Screw Air Compressor GA-75,Compressed Air Utility,26.45,none,0.0,0.0,0.0,Shift A (Morning),36.0,5.95
2026-09-06 11:00:00,ETP Aeration Blower Station,Wastewater & ETP Utility,43.17,none,0.0,0.0,1.0,Shift A (Morning),32.3,0.62
2026-09-06 12:00:00,HTHP Jet Dyeing Machine #01,Dyeing & Bleaching,1.81,none,0.0,0.0,0.0,Shift A (Morning),30.0,0.0
2026-09-06 12:00:00,Soft Flow Jet Dyeing Machine #02,Dyeing & Bleaching,0.9,none,0.0,0.0,0.0,Shift A (Morning),28.3,0.0
2026-09-06 12:00:00,8-Chamber Stenter Frame,Finishing & Heat Setting,0.95,natural_gas,0.0,0.0,0.0,Shift A (Morning),30.2,0.0
2026-09-06 12:00:00,Rotary Screen Printing Machine,Printing & Curing,0.75,none,0.0,0.0,0.0,Shift A (Morning),28.0,0.0
2026-09-06 12:00:00,Industrial Steam Boiler (Dual Fuel),Steam Generation Utility,19.65,natural_gas,162.13,0.0,1.0,Shift A (Morning),171.1,8.04
2026-09-06 12:00:00,Screw Air Compressor GA-75,Compressed Air Utility,25.93,none,0.0,0.0,0.0,Shift A (Morning),36.0,5.95
2026-09-06 12:00:00,ETP Aeration Blower Station,Wastewater & ETP Utility,44.96,none,0.0,0.0,1.0,Shift A (Morning),31.4,0.59
2026-09-06 13:00:00,HTHP Jet Dyeing Machine #01,Dyeing & Bleaching,1.86,none,0.0,0.0,0.0,Shift A (Morning),28.6,0.0
2026-09-06 13:00:00,Soft Flow Jet Dyeing Machine #02,Dyeing & Bleaching,1.88,none,0.0,0.0,0.0,Shift A (Morning),28.6,0.0
2026-09-06 13:00:00,8-Chamber Stenter Frame,Finishing & Heat Setting,1.39,natural_gas,0.0,0.0,0.0,Shift A (Morning),31.5,0.0
2026-09-06 13:00:00,Rotary Screen Printing Machine,Printing & Curing,1.79,none,0.0,0.0,0.0,Shift A (Morning),31.7,0.0
2026-09-06 13:00:00,Industrial Steam Boiler (Dual Fuel),Steam Generation Utility,19.85,natural_gas,163.74,0.0,1.0,Shift A (Morning),170.3,7.78
2026-09-06 13:00:00,Screw Air Compressor GA-75,Compressed Air Utility,27.07,none,0.0,0.0,0.0,Shift A (Morning),36.0,5.95
2026-09-06 13:00:00,ETP Aeration Blower Station,Wastewater & ETP Utility,45.32,none,0.0,0.0,1.0,Shift A (Morning),32.1,0.59
2026-09-06 14:00:00,HTHP Jet Dyeing Machine #01,Dyeing & Bleaching,0.8,none,0.0,0.0,0.0,Shift B (Evening),31.8,0.0
2026-09-06 14:00:00,Soft Flow Jet Dyeing Machine #02,Dyeing & Bleaching,1.68,none,0.0,0.0,0.0,Shift B (Evening),29.0,0.0
2026-09-06 14:00:00,8-Chamber Stenter Frame,Finishing & Heat Setting,1.85,natural_gas,0.0,0.0,0.0,Shift B (Evening),31.7,0.0
2026-09-06 14:00:00,Rotary Screen Printing Machine,Printing & Curing,1.02,none,0.0,0.0,0.0,Shift B (Evening),29.0,0.0
2026-09-06 14:00:00,Industrial Steam Boiler (Dual Fuel),Steam Generation Utility,19.45,natural_gas,160.46,0.0,1.0,Shift B (Evening),167.0,7.91
2026-09-06 14:00:00,Screw Air Compressor GA-75,Compressed Air Utility,23.78,none,0.0,0.0,0.0,Shift B (Evening),36.0,5.95
2026-09-06 14:00:00,ETP Aeration Blower Station,Wastewater & ETP Utility,42.46,none,0.0,0.0,1.0,Shift B (Evening),32.0,0.62
2026-09-06 15:00:00,HTHP Jet Dyeing Machine #01,Dyeing & Bleaching,0.73,none,0.0,0.0,0.0,Shift B (Evening),31.3,0.0
2026-09-06 15:00:00,Soft Flow Jet Dyeing Machine #02,Dyeing & Bleaching,1.9,none,0.0,0.0,0.0,Shift B (Evening),28.4,0.0
2026-09-06 15:00:00,8-Chamber Stenter Frame,Finishing & Heat Setting,1.89,natural_gas,0.0,0.0,0.0,Shift B (Evening),29.5,0.0
2026-09-06 15:00:00,Rotary Screen Printing Machine,Printing & Curing,0.71,none,0.0,0.0,0.0,Shift B (Evening),31.1,0.0
2026-09-06 15:00:00,Industrial Steam Boiler (Dual Fuel),Steam Generation Utility,19.36,natural_gas,159.71,0.0,1.0,Shift B (Evening),171.4,7.8
2026-09-06 15:00:00,Screw Air Compressor GA-75,Compressed Air Utility,25.33,none,0.0,0.0,0.0,Shift B (Evening),36.0,5.95
2026-09-06 15:00:00,ETP Aeration Blower Station,Wastewater & ETP Utility,42.96,none,0.0,0.0,1.0,Shift B (Evening),31.5,0.61
2026-09-06 16:00:00,HTHP Jet Dyeing Machine #01,Dyeing & Bleaching,1.42,none,0.0,0.0,0.0,Shift B (Evening),29.2,0.0
2026-09-06 16:00:00,Soft Flow Jet Dyeing Machine #02,Dyeing & Bleaching,1.79,none,0.0,0.0,0.0,Shift B (Evening),28.1,0.0
2026-09-06 16:00:00,8-Chamber Stenter Frame,Finishing & Heat Setting,0.79,natural_gas,0.0,0.0,0.0,Shift B (Evening),31.6,0.0
2026-09-06 16:00:00,Rotary Screen Printing Machine,Printing & Curing,1.54,none,0.0,0.0,0.0,Shift B (Evening),28.0,0.0
2026-09-06 16:00:00,Industrial Steam Boiler (Dual Fuel),Steam Generation Utility,20.75,natural_gas,171.21,0.0,1.0,Shift B (Evening),170.1,8.15
2026-09-06 16:00:00,Screw Air Compressor GA-75,Compressed Air Utility,23.83,none,0.0,0.0,0.0,Shift B (Evening),36.0,5.95
2026-09-06 16:00:00,ETP Aeration Blower Station,Wastewater & ETP Utility,42.56,none,0.0,0.0,1.0,Shift B (Evening),31.5,0.6
2026-09-06 17:00:00,HTHP Jet Dyeing Machine #01,Dyeing & Bleaching,1.79,none,0.0,0.0,0.0,Shift B (Evening),29.2,0.0
2026-09-06 17:00:00,Soft Flow Jet Dyeing Machine #02,Dyeing & Bleaching,0.79,none,0.0,0.0,0.0,Shift B (Evening),29.9,0.0
2026-09-06 17:00:00,8-Chamber Stenter Frame,Finishing & Heat Setting,1.58,natural_gas,0.0,0.0,0.0,Shift B (Evening),31.1,0.0
2026-09-06 17:00:00,Rotary Screen Printing Machine,Printing & Curing,1.45,none,0.0,0.0,0.0,Shift B (Evening),31.9,0.0
2026-09-06 17:00:00,Industrial Steam Boiler (Dual Fuel),Steam Generation Utility,19.96,natural_gas,164.69,0.0,1.0,Shift B (Evening),170.1,8.0
2026-09-06 17:00:00,Screw Air Compressor GA-75,Compressed Air Utility,24.59,none,0.0,0.0,0.0,Shift B (Evening),36.0,5.95
2026-09-06 17:00:00,ETP Aeration Blower Station,Wastewater & ETP Utility,43.75,none,0.0,0.0,1.0,Shift B (Evening),32.1,0.59
2026-09-06 18:00:00,HTHP Jet Dyeing Machine #01,Dyeing & Bleaching,1.7,none,0.0,0.0,0.0,Shift B (Evening),28.3,0.0
2026-09-06 18:00:00,Soft Flow Jet Dyeing Machine #02,Dyeing & Bleaching,1.89,none,0.0,0.0,0.0,Shift B (Evening),30.0,0.0
2026-09-06 18:00:00,8-Chamber Stenter Frame,Finishing & Heat Setting,1.46,natural_gas,0.0,0.0,0.0,Shift B (Evening),28.4,0.0
2026-09-06 18:00:00,Rotary Screen Printing Machine,Printing & Curing,1.98,none,0.0,0.0,0.0,Shift B (Evening),28.5,0.0
2026-09-06 18:00:00,Industrial Steam Boiler (Dual Fuel),Steam Generation Utility,20.12,natural_gas,166.02,0.0,1.0,Shift B (Evening),168.5,7.88
2026-09-06 18:00:00,Screw Air Compressor GA-75,Compressed Air Utility,24.06,none,0.0,0.0,0.0,Shift B (Evening),36.0,5.95
2026-09-06 18:00:00,ETP Aeration Blower Station,Wastewater & ETP Utility,43.47,none,0.0,0.0,1.0,Shift B (Evening),32.5,0.58
2026-09-06 19:00:00,HTHP Jet Dyeing Machine #01,Dyeing & Bleaching,0.93,none,0.0,0.0,0.0,Shift B (Evening),31.7,0.0
2026-09-06 19:00:00,Soft Flow Jet Dyeing Machine #02,Dyeing & Bleaching,0.9,none,0.0,0.0,0.0,Shift B (Evening),28.2,0.0
2026-09-06 19:00:00,8-Chamber Stenter Frame,Finishing & Heat Setting,1.44,natural_gas,0.0,0.0,0.0,Shift B (Evening),29.7,0.0
2026-09-06 19:00:00,Rotary Screen Printing Machine,Printing & Curing,1.53,none,0.0,0.0,0.0,Shift B (Evening),29.6,0.0
2026-09-06 19:00:00,Industrial Steam Boiler (Dual Fuel),Steam Generation Utility,19.85,natural_gas,163.77,0.0,1.0,Shift B (Evening),168.3,7.93
2026-09-06 19:00:00,Screw Air Compressor GA-75,Compressed Air Utility,24.12,none,0.0,0.0,0.0,Shift B (Evening),36.0,5.95
2026-09-06 19:00:00,ETP Aeration Blower Station,Wastewater & ETP Utility,43.38,none,0.0,0.0,1.0,Shift B (Evening),32.3,0.6
2026-09-06 20:00:00,HTHP Jet Dyeing Machine #01,Dyeing & Bleaching,1.04,none,0.0,0.0,0.0,Shift B (Evening),28.3,0.0
2026-09-06 20:00:00,Soft Flow Jet Dyeing Machine #02,Dyeing & Bleaching,0.79,none,0.0,0.0,0.0,Shift B (Evening),29.5,0.0
2026-09-06 20:00:00,8-Chamber Stenter Frame,Finishing & Heat Setting,1.28,natural_gas,0.0,0.0,0.0,Shift B (Evening),31.2,0.0
2026-09-06 20:00:00,Rotary Screen Printing Machine,Printing & Curing,1.91,none,0.0,0.0,0.0,Shift B (Evening),29.9,0.0
2026-09-06 20:00:00,Industrial Steam Boiler (Dual Fuel),Steam Generation Utility,20.07,natural_gas,165.57,0.0,1.0,Shift B (Evening),171.4,7.89
2026-09-06 20:00:00,Screw Air Compressor GA-75,Compressed Air Utility,25.45,none,0.0,0.0,0.0,Shift B (Evening),36.0,5.95
2026-09-06 20:00:00,ETP Aeration Blower Station,Wastewater & ETP Utility,45.44,none,0.0,0.0,1.0,Shift B (Evening),31.9,0.6
2026-09-06 21:00:00,HTHP Jet Dyeing Machine #01,Dyeing & Bleaching,1.31,none,0.0,0.0,0.0,Shift B (Evening),31.9,0.0
2026-09-06 21:00:00,Soft Flow Jet Dyeing Machine #02,Dyeing & Bleaching,1.44,none,0.0,0.0,0.0,Shift B (Evening),31.9,0.0
2026-09-06 21:00:00,8-Chamber Stenter Frame,Finishing & Heat Setting,0.64,natural_gas,0.0,0.0,0.0,Shift B (Evening),28.4,0.0
2026-09-06 21:00:00,Rotary Screen Printing Machine,Printing & Curing,1.99,none,0.0,0.0,0.0,Shift B (Evening),30.8,0.0
2026-09-06 21:00:00,Industrial Steam Boiler (Dual Fuel),Steam Generation Utility,19.75,natural_gas,162.9,0.0,1.0,Shift B (Evening),169.7,8.21
2026-09-06 21:00:00,Screw Air Compressor GA-75,Compressed Air Utility,26.89,none,0.0,0.0,0.0,Shift B (Evening),36.0,5.95
2026-09-06 21:00:00,ETP Aeration Blower Station,Wastewater & ETP Utility,42.97,none,0.0,0.0,1.0,Shift B (Evening),31.8,0.6
2026-09-06 22:00:00,HTHP Jet Dyeing Machine #01,Dyeing & Bleaching,1.84,none,0.0,0.0,0.0,Shift C (Night),31.4,0.0
2026-09-06 22:00:00,Soft Flow Jet Dyeing Machine #02,Dyeing & Bleaching,0.86,none,0.0,0.0,0.0,Shift C (Night),30.6,0.0
2026-09-06 22:00:00,8-Chamber Stenter Frame,Finishing & Heat Setting,0.72,natural_gas,0.0,0.0,0.0,Shift C (Night),28.6,0.0
2026-09-06 22:00:00,Rotary Screen Printing Machine,Printing & Curing,1.17,none,0.0,0.0,0.0,Shift C (Night),31.0,0.0
2026-09-06 22:00:00,Industrial Steam Boiler (Dual Fuel),Steam Generation Utility,19.78,natural_gas,163.17,0.0,1.0,Shift C (Night),169.1,7.88
2026-09-06 22:00:00,Screw Air Compressor GA-75,Compressed Air Utility,26.73,none,0.0,0.0,0.0,Shift C (Night),36.0,5.95
2026-09-06 22:00:00,ETP Aeration Blower Station,Wastewater & ETP Utility,43.92,none,0.0,0.0,1.0,Shift C (Night),32.2,0.58
2026-09-06 23:00:00,HTHP Jet Dyeing Machine #01,Dyeing & Bleaching,1.8,none,0.0,0.0,0.0,Shift C (Night),30.6,0.0
2026-09-06 23:00:00,Soft Flow Jet Dyeing Machine #02,Dyeing & Bleaching,0.98,none,0.0,0.0,0.0,Shift C (Night),31.4,0.0
2026-09-06 23:00:00,8-Chamber Stenter Frame,Finishing & Heat Setting,0.61,natural_gas,0.0,0.0,0.0,Shift C (Night),31.3,0.0
2026-09-06 23:00:00,Rotary Screen Printing Machine,Printing & Curing,1.31,none,0.0,0.0,0.0,Shift C (Night),31.8,0.0
2026-09-06 23:00:00,Industrial Steam Boiler (Dual Fuel),Steam Generation Utility,19.87,natural_gas,163.96,0.0,1.0,Shift C (Night),167.8,7.78
2026-09-06 23:00:00,Screw Air Compressor GA-75,Compressed Air Utility,26.09,none,0.0,0.0,0.0,Shift C (Night),36.0,5.95
2026-09-06 23:00:00,ETP Aeration Blower Station,Wastewater & ETP Utility,43.81,none,0.0,0.0,1.0,Shift C (Night),32.4,0.61
2026-09-07 00:00:00,HTHP Jet Dyeing Machine #01,Dyeing & Bleaching,0.6,none,0.0,0.0,0.0,Shift C (Night),30.6,0.0
2026-09-07 00:00:00,Soft Flow Jet Dyeing Machine #02,Dyeing & Bleaching,1.74,none,0.0,0.0,0.0,Shift C (Night),29.6,0.0
2026-09-07 00:00:00,8-Chamber Stenter Frame,Finishing & Heat Setting,1.44,natural_gas,0.0,0.0,0.0,Shift C (Night),30.7,0.0
2026-09-07 00:00:00,Rotary Screen Printing Machine,Printing & Curing,1.98,none,0.0,0.0,0.0,Shift C (Night),31.2,0.0
2026-09-07 00:00:00,Industrial Steam Boiler (Dual Fuel),Steam Generation Utility,19.36,natural_gas,159.72,0.0,1.0,Shift C (Night),167.5,7.83
2026-09-07 00:00:00,Screw Air Compressor GA-75,Compressed Air Utility,25.25,none,0.0,0.0,0.0,Shift C (Night),36.0,5.95
2026-09-07 00:00:00,ETP Aeration Blower Station,Wastewater & ETP Utility,42.83,none,0.0,0.0,1.0,Shift C (Night),32.0,0.59
2026-09-07 01:00:00,HTHP Jet Dyeing Machine #01,Dyeing & Bleaching,1.09,none,0.0,0.0,0.0,Shift C (Night),31.2,0.0
2026-09-07 01:00:00,Soft Flow Jet Dyeing Machine #02,Dyeing & Bleaching,0.83,none,0.0,0.0,0.0,Shift C (Night),28.9,0.0
2026-09-07 01:00:00,8-Chamber Stenter Frame,Finishing & Heat Setting,1.37,natural_gas,0.0,0.0,0.0,Shift C (Night),28.7,0.0
2026-09-07 01:00:00,Rotary Screen Printing Machine,Printing & Curing,1.38,none,0.0,0.0,0.0,Shift C (Night),29.1,0.0
2026-09-07 01:00:00,Industrial Steam Boiler (Dual Fuel),Steam Generation Utility,20.06,natural_gas,165.48,0.0,1.0,Shift C (Night),169.8,8.18
2026-09-07 01:00:00,Screw Air Compressor GA-75,Compressed Air Utility,25.45,none,0.0,0.0,0.0,Shift C (Night),36.0,5.95
2026-09-07 01:00:00,ETP Aeration Blower Station,Wastewater & ETP Utility,43.5,none,0.0,0.0,1.0,Shift C (Night),32.1,0.6
2026-09-07 02:00:00,HTHP Jet Dyeing Machine #01,Dyeing & Bleaching,0.64,none,0.0,0.0,0.0,Shift C (Night),29.1,0.0
2026-09-07 02:00:00,Soft Flow Jet Dyeing Machine #02,Dyeing & Bleaching,0.65,none,0.0,0.0,0.0,Shift C (Night),31.0,0.0
2026-09-07 02:00:00,8-Chamber Stenter Frame,Finishing & Heat Setting,0.98,natural_gas,0.0,0.0,0.0,Shift C (Night),30.4,0.0
2026-09-07 02:00:00,Rotary Screen Printing Machine,Printing & Curing,0.76,none,0.0,0.0,0.0,Shift C (Night),29.5,0.0
2026-09-07 02:00:00,Industrial Steam Boiler (Dual Fuel),Steam Generation Utility,20.45,natural_gas,168.72,0.0,1.0,Shift C (Night),171.4,8.21
2026-09-07 02:00:00,Screw Air Compressor GA-75,Compressed Air Utility,24.78,none,0.0,0.0,0.0,Shift C (Night),36.0,5.95
2026-09-07 02:00:00,ETP Aeration Blower Station,Wastewater & ETP Utility,42.34,none,0.0,0.0,1.0,Shift C (Night),32.5,0.61
2026-09-07 03:00:00,HTHP Jet Dyeing Machine #01,Dyeing & Bleaching,0.87,none,0.0,0.0,0.0,Shift C (Night),31.9,0.0
2026-09-07 03:00:00,Soft Flow Jet Dyeing Machine #02,Dyeing & Bleaching,1.92,none,0.0,0.0,0.0,Shift C (Night),31.7,0.0
2026-09-07 03:00:00,8-Chamber Stenter Frame,Finishing & Heat Setting,0.83,natural_gas,0.0,0.0,0.0,Shift C (Night),30.6,0.0
2026-09-07 03:00:00,Rotary Screen Printing Machine,Printing & Curing,1.43,none,0.0,0.0,0.0,Shift C (Night),31.7,0.0
2026-09-07 03:00:00,Industrial Steam Boiler (Dual Fuel),Steam Generation Utility,19.21,natural_gas,158.5,0.0,1.0,Shift C (Night),172.9,7.9
2026-09-07 03:00:00,Screw Air Compressor GA-75,Compressed Air Utility,25.87,none,0.0,0.0,0.0,Shift C (Night),36.0,5.95
2026-09-07 03:00:00,ETP Aeration Blower Station,Wastewater & ETP Utility,45.53,none,0.0,0.0,1.0,Shift C (Night),31.8,0.6
2026-09-07 04:00:00,HTHP Jet Dyeing Machine #01,Dyeing & Bleaching,1.97,none,0.0,0.0,0.0,Shift C (Night),30.4,0.0
2026-09-07 04:00:00,Soft Flow Jet Dyeing Machine #02,Dyeing & Bleaching,1.25,none,0.0,0.0,0.0,Shift C (Night),29.0,0.0
2026-09-07 04:00:00,8-Chamber Stenter Frame,Finishing & Heat Setting,0.78,natural_gas,0.0,0.0,0.0,Shift C (Night),30.2,0.0
2026-09-07 04:00:00,Rotary Screen Printing Machine,Printing & Curing,1.79,none,0.0,0.0,0.0,Shift C (Night),28.1,0.0
2026-09-07 04:00:00,Industrial Steam Boiler (Dual Fuel),Steam Generation Utility,19.68,natural_gas,162.36,0.0,1.0,Shift C (Night),170.8,8.2
2026-09-07 04:00:00,Screw Air Compressor GA-75,Compressed Air Utility,26.14,none,0.0,0.0,0.0,Shift C (Night),36.0,5.95
2026-09-07 04:00:00,ETP Aeration Blower Station,Wastewater & ETP Utility,43.4,none,0.0,0.0,1.0,Shift C (Night),31.7,0.6
2026-09-07 05:00:00,HTHP Jet Dyeing Machine #01,Dyeing & Bleaching,1.82,none,0.0,0.0,0.0,Shift C (Night),28.5,0.0
2026-09-07 05:00:00,Soft Flow Jet Dyeing Machine #02,Dyeing & Bleaching,1.67,none,0.0,0.0,0.0,Shift C (Night),31.0,0.0
2026-09-07 05:00:00,8-Chamber Stenter Frame,Finishing & Heat Setting,0.73,natural_gas,0.0,0.0,0.0,Shift C (Night),30.6,0.0
2026-09-07 05:00:00,Rotary Screen Printing Machine,Printing & Curing,1.0,none,0.0,0.0,0.0,Shift C (Night),30.2,0.0
2026-09-07 05:00:00,Industrial Steam Boiler (Dual Fuel),Steam Generation Utility,20.48,natural_gas,168.96,0.0,1.0,Shift C (Night),168.6,8.18
2026-09-07 05:00:00,Screw Air Compressor GA-75,Compressed Air Utility,23.98,none,0.0,0.0,0.0,Shift C (Night),36.0,5.95
2026-09-07 05:00:00,ETP Aeration Blower Station,Wastewater & ETP Utility,42.37,none,0.0,0.0,1.0,Shift C (Night),31.5,0.6
2026-09-07 06:00:00,HTHP Jet Dyeing Machine #01,Dyeing & Bleaching,35.16,none,0.0,421.9,1.0,Shift A (Morning),130.6,3.4
2026-09-07 06:00:00,Soft Flow Jet Dyeing Machine #02,Dyeing & Bleaching,27.38,none,0.0,332.4,1.0,Shift A (Morning),97.4,1.23
2026-09-07 06:00:00,8-Chamber Stenter Frame,Finishing & Heat Setting,74.35,natural_gas,38.18,753.6,1.0,Shift A (Morning),186.6,0.97
2026-09-07 06:00:00,Rotary Screen Printing Machine,Printing & Curing,39.51,none,0.0,499.0,1.0,Shift A (Morning),149.8,2.01
2026-09-07 06:00:00,Industrial Steam Boiler (Dual Fuel),Steam Generation Utility,19.38,natural_gas,159.92,0.0,1.0,Shift A (Morning),167.6,7.87
2026-09-07 06:00:00,Screw Air Compressor GA-75,Compressed Air Utility,58.75,none,0.0,0.0,1.0,Shift A (Morning),45.4,7.09
2026-09-07 06:00:00,ETP Aeration Blower Station,Wastewater & ETP Utility,43.12,none,0.0,0.0,1.0,Shift A (Morning),32.5,0.59
2026-09-07 07:00:00,HTHP Jet Dyeing Machine #01,Dyeing & Bleaching,35.62,none,0.0,427.4,1.0,Shift A (Morning),130.5,3.4
2026-09-07 07:00:00,Soft Flow Jet Dyeing Machine #02,Dyeing & Bleaching,28.7,none,0.0,348.5,1.0,Shift A (Morning),98.2,1.23
2026-09-07 07:00:00,8-Chamber Stenter Frame,Finishing & Heat Setting,76.46,natural_gas,39.26,774.9,1.0,Shift A (Morning),187.1,1.01
2026-09-07 07:00:00,Rotary Screen Printing Machine,Printing & Curing,37.41,none,0.0,472.6,1.0,Shift A (Morning),151.6,2.01
2026-09-07 07:00:00,Industrial Steam Boiler (Dual Fuel),Steam Generation Utility,19.65,natural_gas,162.07,0.0,1.0,Shift A (Morning),170.5,8.11
2026-09-07 07:00:00,Screw Air Compressor GA-75,Compressed Air Utility,59.55,none,0.0,0.0,1.0,Shift A (Morning),45.2,6.97
2026-09-07 07:00:00,ETP Aeration Blower Station,Wastewater & ETP Utility,44.48,none,0.0,0.0,1.0,Shift A (Morning),32.2,0.59
2026-09-07 08:00:00,HTHP Jet Dyeing Machine #01,Dyeing & Bleaching,34.03,none,0.0,408.3,1.0,Shift A (Morning),130.6,3.51
2026-09-07 08:00:00,Soft Flow Jet Dyeing Machine #02,Dyeing & Bleaching,26.91,none,0.0,326.8,1.0,Shift A (Morning),96.3,1.17
2026-09-07 08:00:00,8-Chamber Stenter Frame,Finishing & Heat Setting,73.0,natural_gas,37.49,739.9,1.0,Shift A (Morning),184.7,0.98
2026-09-07 08:00:00,Rotary Screen Printing Machine,Printing & Curing,38.78,none,0.0,489.8,1.0,Shift A (Morning),149.2,2.05
2026-09-07 08:00:00,Industrial Steam Boiler (Dual Fuel),Steam Generation Utility,19.33,natural_gas,159.5,0.0,1.0,Shift A (Morning),168.8,7.97
2026-09-07 08:00:00,Screw Air Compressor GA-75,Compressed Air Utility,56.11,none,0.0,0.0,1.0,Shift A (Morning),44.5,7.07
2026-09-07 08:00:00,ETP Aeration Blower Station,Wastewater & ETP Utility,42.48,none,0.0,0.0,1.0,Shift A (Morning),32.1,0.6
2026-09-07 09:00:00,HTHP Jet Dyeing Machine #01,Dyeing & Bleaching,33.99,none,0.0,407.9,1.0,Shift A (Morning),128.5,3.4
2026-09-07 09:00:00,Soft Flow Jet Dyeing Machine #02,Dyeing & Bleaching,27.51,none,0.0,334.0,1.0,Shift A (Morning),97.9,1.19
2026-09-07 09:00:00,8-Chamber Stenter Frame,Finishing & Heat Setting,74.67,natural_gas,38.35,756.8,1.0,Shift A (Morning),186.0,1.02
2026-09-07 09:00:00,Rotary Screen Printing Machine,Printing & Curing,37.38,none,0.0,472.2,1.0,Shift A (Morning),148.8,2.03
2026-09-07 09:00:00,Industrial Steam Boiler (Dual Fuel),Steam Generation Utility,20.0,natural_gas,164.99,0.0,1.0,Shift A (Morning),172.8,7.92
2026-09-07 09:00:00,Screw Air Compressor GA-75,Compressed Air Utility,59.75,none,0.0,0.0,1.0,Shift A (Morning),44.1,6.91
2026-09-07 09:00:00,ETP Aeration Blower Station,Wastewater & ETP Utility,42.89,none,0.0,0.0,1.0,Shift A (Morning),32.3,0.61
2026-09-07 10:00:00,HTHP Jet Dyeing Machine #01,Dyeing & Bleaching,34.09,none,0.0,409.1,1.0,Shift A (Morning),129.0,3.4
2026-09-07 10:00:00,Soft Flow Jet Dyeing Machine #02,Dyeing & Bleaching,26.95,none,0.0,327.3,1.0,Shift A (Morning),96.4,1.22
2026-09-07 10:00:00,8-Chamber Stenter Frame,Finishing & Heat Setting,72.86,natural_gas,37.42,738.5,1.0,Shift A (Morning),186.6,0.99
2026-09-07 10:00:00,Rotary Screen Printing Machine,Printing & Curing,39.34,none,0.0,497.0,1.0,Shift A (Morning),149.4,1.95
2026-09-07 10:00:00,Industrial Steam Boiler (Dual Fuel),Steam Generation Utility,20.06,natural_gas,165.46,0.0,1.0,Shift A (Morning),168.7,7.9
2026-09-07 10:00:00,Screw Air Compressor GA-75,Compressed Air Utility,60.12,none,0.0,0.0,1.0,Shift A (Morning),45.8,6.95
2026-09-07 10:00:00,ETP Aeration Blower Station,Wastewater & ETP Utility,45.18,none,0.0,0.0,1.0,Shift A (Morning),32.1,0.6
2026-09-07 11:00:00,HTHP Jet Dyeing Machine #01,Dyeing & Bleaching,34.05,none,0.0,408.6,1.0,Shift A (Morning),128.3,3.49
2026-09-07 11:00:00,Soft Flow Jet Dyeing Machine #02,Dyeing & Bleaching,27.42,none,0.0,332.9,1.0,Shift A (Morning),99.0,1.18
2026-09-07 11:00:00,8-Chamber Stenter Frame,Finishing & Heat Setting,71.89,natural_gas,36.92,728.7,1.0,Shift A (Morning),187.2,1.01
2026-09-07 11:00:00,Rotary Screen Printing Machine,Printing & Curing,37.36,none,0.0,472.0,1.0,Shift A (Morning),148.1,1.97
2026-09-07 11:00:00,Industrial Steam Boiler (Dual Fuel),Steam Generation Utility,19.33,natural_gas,159.49,0.0,1.0,Shift A (Morning),171.0,8.2
2026-09-07 11:00:00,Screw Air Compressor GA-75,Compressed Air Utility,56.33,none,0.0,0.0,1.0,Shift A (Morning),44.8,6.81
2026-09-07 11:00:00,ETP Aeration Blower Station,Wastewater & ETP Utility,42.31,none,0.0,0.0,1.0,Shift A (Morning),32.4,0.6
2026-09-07 12:00:00,HTHP Jet Dyeing Machine #01,Dyeing & Bleaching,34.7,none,0.0,416.4,1.0,Shift A (Morning),132.1,3.54
2026-09-07 12:00:00,Soft Flow Jet Dyeing Machine #02,Dyeing & Bleaching,28.22,none,0.0,342.7,1.0,Shift A (Morning),97.8,1.17
2026-09-07 12:00:00,8-Chamber Stenter Frame,Finishing & Heat Setting,72.79,natural_gas,37.38,737.7,1.0,Shift A (Morning),182.5,0.98
2026-09-07 12:00:00,Rotary Screen Printing Machine,Printing & Curing,36.88,none,0.0,465.8,1.0,Shift A (Morning),148.8,1.99
2026-09-07 12:00:00,Industrial Steam Boiler (Dual Fuel),Steam Generation Utility,20.07,natural_gas,165.55,0.0,1.0,Shift A (Morning),171.8,8.19
2026-09-07 12:00:00,Screw Air Compressor GA-75,Compressed Air Utility,57.35,none,0.0,0.0,1.0,Shift A (Morning),44.5,6.86
2026-09-07 12:00:00,ETP Aeration Blower Station,Wastewater & ETP Utility,43.67,none,0.0,0.0,1.0,Shift A (Morning),32.1,0.6
2026-09-07 13:00:00,HTHP Jet Dyeing Machine #01,Dyeing & Bleaching,36.37,none,0.0,436.5,1.0,Shift A (Morning),127.4,3.44
2026-09-07 13:00:00,Soft Flow Jet Dyeing Machine #02,Dyeing & Bleaching,27.16,none,0.0,329.8,1.0,Shift A (Morning),97.4,1.17
2026-09-07 13:00:00,8-Chamber Stenter Frame,Finishing & Heat Setting,72.32,natural_gas,37.13,732.9,1.0,Shift A (Morning),187.5,1.01
2026-09-07 13:00:00,Rotary Screen Printing Machine,Printing & Curing,38.0,none,0.0,480.0,1.0,Shift A (Morning),148.8,2.03
2026-09-07 13:00:00,Industrial Steam Boiler (Dual Fuel),Steam Generation Utility,20.51,natural_gas,169.24,0.0,1.0,Shift A (Morning),166.7,7.83
2026-09-07 13:00:00,Screw Air Compressor GA-75,Compressed Air Utility,57.62,none,0.0,0.0,1.0,Shift A (Morning),45.3,6.81
2026-09-07 13:00:00,ETP Aeration Blower Station,Wastewater & ETP Utility,44.27,none,0.0,0.0,1.0,Shift A (Morning),32.2,0.59
2026-09-07 14:00:00,HTHP Jet Dyeing Machine #01,Dyeing & Bleaching,35.33,none,0.0,424.0,1.0,Shift B (Evening),129.9,3.5
2026-09-07 14:00:00,Soft Flow Jet Dyeing Machine #02,Dyeing & Bleaching,28.23,none,0.0,342.8,1.0,Shift B (Evening),96.0,1.21
2026-09-07 14:00:00,8-Chamber Stenter Frame,Finishing & Heat Setting,72.13,natural_gas,37.04,731.0,1.0,Shift B (Evening),185.6,0.99
2026-09-07 14:00:00,Rotary Screen Printing Machine,Printing & Curing,36.78,none,0.0,464.6,1.0,Shift B (Evening),147.9,2.04
2026-09-07 14:00:00,Industrial Steam Boiler (Dual Fuel),Steam Generation Utility,19.8,natural_gas,163.37,0.0,1.0,Shift B (Evening),171.5,7.89
2026-09-07 14:00:00,Screw Air Compressor GA-75,Compressed Air Utility,57.96,none,0.0,0.0,1.0,Shift B (Evening),45.0,6.94
2026-09-07 14:00:00,ETP Aeration Blower Station,Wastewater & ETP Utility,45.65,none,0.0,0.0,1.0,Shift B (Evening),31.8,0.61
2026-09-07 15:00:00,HTHP Jet Dyeing Machine #01,Dyeing & Bleaching,35.22,none,0.0,422.7,1.0,Shift B (Evening),130.6,3.58
2026-09-07 15:00:00,Soft Flow Jet Dyeing Machine #02,Dyeing & Bleaching,27.39,none,0.0,332.6,1.0,Shift B (Evening),97.2,1.22
2026-09-07 15:00:00,8-Chamber Stenter Frame,Finishing & Heat Setting,75.34,natural_gas,38.69,763.6,1.0,Shift B (Evening),188.5,0.98
2026-09-07 15:00:00,Rotary Screen Printing Machine,Printing & Curing,37.19,none,0.0,469.8,1.0,Shift B (Evening),152.8,2.02
2026-09-07 15:00:00,Industrial Steam Boiler (Dual Fuel),Steam Generation Utility,19.95,natural_gas,164.59,0.0,1.0,Shift B (Evening),172.8,8.02
2026-09-07 15:00:00,Screw Air Compressor GA-75,Compressed Air Utility,56.03,none,0.0,0.0,1.0,Shift B (Evening),44.7,6.91
2026-09-07 15:00:00,ETP Aeration Blower Station,Wastewater & ETP Utility,44.82,none,0.0,0.0,1.0,Shift B (Evening),32.4,0.6
2026-09-07 16:00:00,HTHP Jet Dyeing Machine #01,Dyeing & Bleaching,35.79,none,0.0,429.5,1.0,Shift B (Evening),128.0,3.46
2026-09-07 16:00:00,Soft Flow Jet Dyeing Machine #02,Dyeing & Bleaching,28.58,none,0.0,347.0,1.0,Shift B (Evening),96.8,1.21
2026-09-07 16:00:00,8-Chamber Stenter Frame,Finishing & Heat Setting,76.44,natural_gas,39.25,774.7,1.0,Shift B (Evening),188.1,1.01
2026-09-07 16:00:00,Rotary Screen Printing Machine,Printing & Curing,39.44,none,0.0,498.2,1.0,Shift B (Evening),149.6,1.99
2026-09-07 16:00:00,Industrial Steam Boiler (Dual Fuel),Steam Generation Utility,19.88,natural_gas,164.05,0.0,1.0,Shift B (Evening),167.0,7.84
2026-09-07 16:00:00,Screw Air Compressor GA-75,Compressed Air Utility,57.87,none,0.0,0.0,1.0,Shift B (Evening),45.7,6.97
2026-09-07 16:00:00,ETP Aeration Blower Station,Wastewater & ETP Utility,42.68,none,0.0,0.0,1.0,Shift B (Evening),32.4,0.59
2026-09-07 17:00:00,HTHP Jet Dyeing Machine #01,Dyeing & Bleaching,33.84,none,0.0,406.1,1.0,Shift B (Evening),131.0,3.46
2026-09-07 17:00:00,Soft Flow Jet Dyeing Machine #02,Dyeing & Bleaching,28.11,none,0.0,341.3,1.0,Shift B (Evening),97.6,1.17
2026-09-07 17:00:00,8-Chamber Stenter Frame,Finishing & Heat Setting,75.31,natural_gas,38.67,763.3,1.0,Shift B (Evening),181.7,0.98
2026-09-07 17:00:00,Rotary Screen Printing Machine,Printing & Curing,36.69,none,0.0,463.5,1.0,Shift B (Evening),147.7,2.0
2026-09-07 17:00:00,Industrial Steam Boiler (Dual Fuel),Steam Generation Utility,20.08,natural_gas,165.62,0.0,1.0,Shift B (Evening),172.9,7.77
2026-09-07 17:00:00,Screw Air Compressor GA-75,Compressed Air Utility,58.6,none,0.0,0.0,1.0,Shift B (Evening),45.0,6.97
2026-09-07 17:00:00,ETP Aeration Blower Station,Wastewater & ETP Utility,43.42,none,0.0,0.0,1.0,Shift B (Evening),31.5,0.59
2026-09-07 18:00:00,HTHP Jet Dyeing Machine #01,Dyeing & Bleaching,34.96,none,0.0,419.5,1.0,Shift B (Evening),130.2,3.52
2026-09-07 18:00:00,Soft Flow Jet Dyeing Machine #02,Dyeing & Bleaching,27.04,none,0.0,328.3,1.0,Shift B (Evening),96.6,1.22
2026-09-07 18:00:00,8-Chamber Stenter Frame,Finishing & Heat Setting,74.1,natural_gas,38.05,751.0,1.0,Shift B (Evening),183.4,1.0
2026-09-07 18:00:00,Rotary Screen Printing Machine,Printing & Curing,37.74,none,0.0,476.7,1.0,Shift B (Evening),152.5,1.95
2026-09-07 18:00:00,Industrial Steam Boiler (Dual Fuel),Steam Generation Utility,19.66,natural_gas,162.18,0.0,1.0,Shift B (Evening),167.6,7.91
2026-09-07 18:00:00,Screw Air Compressor GA-75,Compressed Air Utility,55.78,none,0.0,0.0,1.0,Shift B (Evening),44.2,7.1
2026-09-07 18:00:00,ETP Aeration Blower Station,Wastewater & ETP Utility,43.84,none,0.0,0.0,1.0,Shift B (Evening),31.8,0.61
2026-09-07 19:00:00,HTHP Jet Dyeing Machine #01,Dyeing & Bleaching,35.2,none,0.0,422.3,1.0,Shift B (Evening),130.2,3.59
2026-09-07 19:00:00,Soft Flow Jet Dyeing Machine #02,Dyeing & Bleaching,27.21,none,0.0,330.4,1.0,Shift B (Evening),97.0,1.21
2026-09-07 19:00:00,8-Chamber Stenter Frame,Finishing & Heat Setting,72.27,natural_gas,37.11,732.4,1.0,Shift B (Evening),183.2,0.99
2026-09-07 19:00:00,Rotary Screen Printing Machine,Printing & Curing,38.48,none,0.0,486.1,1.0,Shift B (Evening),150.0,1.99
2026-09-07 19:00:00,Industrial Steam Boiler (Dual Fuel),Steam Generation Utility,20.18,natural_gas,166.49,0.0,1.0,Shift B (Evening),167.5,7.99
2026-09-07 19:00:00,Screw Air Compressor GA-75,Compressed Air Utility,60.16,none,0.0,0.0,1.0,Shift B (Evening),45.4,6.83
2026-09-07 19:00:00,ETP Aeration Blower Station,Wastewater & ETP Utility,44.56,none,0.0,0.0,1.0,Shift B (Evening),31.6,0.61
2026-09-07 20:00:00,HTHP Jet Dyeing Machine #01,Dyeing & Bleaching,34.76,none,0.0,417.1,1.0,Shift B (Evening),130.4,3.58
2026-09-07 20:00:00,Soft Flow Jet Dyeing Machine #02,Dyeing & Bleaching,27.64,none,0.0,335.7,1.0,Shift B (Evening),96.9,1.2
2026-09-07 20:00:00,8-Chamber Stenter Frame,Finishing & Heat Setting,71.28,natural_gas,36.61,722.5,1.0,Shift B (Evening),182.0,0.99
2026-09-07 20:00:00,Rotary Screen Printing Machine,Printing & Curing,39.13,none,0.0,494.2,1.0,Shift B (Evening),151.9,2.04
2026-09-07 20:00:00,Industrial Steam Boiler (Dual Fuel),Steam Generation Utility,19.46,natural_gas,160.56,0.0,1.0,Shift B (Evening),169.5,7.9
2026-09-07 20:00:00,Screw Air Compressor GA-75,Compressed Air Utility,57.68,none,0.0,0.0,1.0,Shift B (Evening),45.7,7.16
2026-09-07 20:00:00,ETP Aeration Blower Station,Wastewater & ETP Utility,45.31,none,0.0,0.0,1.0,Shift B (Evening),31.8,0.61
2026-09-07 21:00:00,HTHP Jet Dyeing Machine #01,Dyeing & Bleaching,34.97,none,0.0,419.6,1.0,Shift B (Evening),132.6,3.46
2026-09-07 21:00:00,Soft Flow Jet Dyeing Machine #02,Dyeing & Bleaching,27.65,none,0.0,335.8,1.0,Shift B (Evening),99.8,1.23
2026-09-07 21:00:00,8-Chamber Stenter Frame,Finishing & Heat Setting,73.93,natural_gas,37.97,749.3,1.0,Shift B (Evening),187.5,1.01
2026-09-07 21:00:00,Rotary Screen Printing Machine,Printing & Curing,37.43,none,0.0,472.9,1.0,Shift B (Evening),151.5,2.01
2026-09-07 21:00:00,Industrial Steam Boiler (Dual Fuel),Steam Generation Utility,20.76,natural_gas,171.3,0.0,1.0,Shift B (Evening),168.4,7.97
2026-09-07 21:00:00,Screw Air Compressor GA-75,Compressed Air Utility,57.04,none,0.0,0.0,1.0,Shift B (Evening),44.9,6.86
2026-09-07 21:00:00,ETP Aeration Blower Station,Wastewater & ETP Utility,45.11,none,0.0,0.0,1.0,Shift B (Evening),32.1,0.61
2026-09-07 22:00:00,HTHP Jet Dyeing Machine #01,Dyeing & Bleaching,35.93,none,0.0,431.1,1.0,Shift C (Night),127.5,3.48
2026-09-07 22:00:00,Soft Flow Jet Dyeing Machine #02,Dyeing & Bleaching,27.19,none,0.0,330.2,1.0,Shift C (Night),96.1,1.19
2026-09-07 22:00:00,8-Chamber Stenter Frame,Finishing & Heat Setting,71.81,natural_gas,36.87,727.8,1.0,Shift C (Night),185.5,0.99
2026-09-07 22:00:00,Rotary Screen Printing Machine,Printing & Curing,38.1,none,0.0,481.3,1.0,Shift C (Night),149.0,1.95
2026-09-07 22:00:00,Industrial Steam Boiler (Dual Fuel),Steam Generation Utility,20.51,natural_gas,169.2,0.0,1.0,Shift C (Night),167.0,7.96
2026-09-07 22:00:00,Screw Air Compressor GA-75,Compressed Air Utility,56.27,none,0.0,0.0,1.0,Shift C (Night),44.9,6.97
2026-09-07 22:00:00,ETP Aeration Blower Station,Wastewater & ETP Utility,43.97,none,0.0,0.0,1.0,Shift C (Night),32.1,0.59
2026-09-07 23:00:00,HTHP Jet Dyeing Machine #01,Dyeing & Bleaching,34.49,none,0.0,413.9,1.0,Shift C (Night),127.5,3.49
2026-09-07 23:00:00,Soft Flow Jet Dyeing Machine #02,Dyeing & Bleaching,1.69,none,0.0,0.0,0.0,Shift C (Night),29.0,0.0
2026-09-07 23:00:00,8-Chamber Stenter Frame,Finishing & Heat Setting,76.23,natural_gas,39.15,772.6,1.0,Shift C (Night),187.7,0.97
2026-09-07 23:00:00,Rotary Screen Printing Machine,Printing & Curing,1.41,none,0.0,0.0,0.0,Shift C (Night),29.2,0.0
2026-09-07 23:00:00,Industrial Steam Boiler (Dual Fuel),Steam Generation Utility,20.59,natural_gas,169.87,0.0,1.0,Shift C (Night),171.1,8.19
2026-09-07 23:00:00,Screw Air Compressor GA-75,Compressed Air Utility,24.19,none,0.0,0.0,0.0,Shift C (Night),36.0,5.95
2026-09-07 23:00:00,ETP Aeration Blower Station,Wastewater & ETP Utility,45.01,none,0.0,0.0,1.0,Shift C (Night),31.7,0.6
2026-09-08 00:00:00,HTHP Jet Dyeing Machine #01,Dyeing & Bleaching,1.37,none,0.0,0.0,0.0,Shift C (Night),31.4,0.0
2026-09-08 00:00:00,Soft Flow Jet Dyeing Machine #02,Dyeing & Bleaching,1.91,none,0.0,0.0,0.0,Shift C (Night),30.8,0.0
2026-09-08 00:00:00,8-Chamber Stenter Frame,Finishing & Heat Setting,1.62,natural_gas,0.0,0.0,0.0,Shift C (Night),28.0,0.0
2026-09-08 00:00:00,Rotary Screen Printing Machine,Printing & Curing,1.87,none,0.0,0.0,0.0,Shift C (Night),31.9,0.0
2026-09-08 00:00:00,Industrial Steam Boiler (Dual Fuel),Steam Generation Utility,20.36,natural_gas,167.94,0.0,1.0,Shift C (Night),169.8,8.18
2026-09-08 00:00:00,Screw Air Compressor GA-75,Compressed Air Utility,24.88,none,0.0,0.0,0.0,Shift C (Night),36.0,5.95
2026-09-08 00:00:00,ETP Aeration Blower Station,Wastewater & ETP Utility,45.28,none,0.0,0.0,1.0,Shift C (Night),31.7,0.61
2026-09-08 01:00:00,HTHP Jet Dyeing Machine #01,Dyeing & Bleaching,1.24,none,0.0,0.0,0.0,Shift C (Night),28.8,0.0
2026-09-08 01:00:00,Soft Flow Jet Dyeing Machine #02,Dyeing & Bleaching,1.51,none,0.0,0.0,0.0,Shift C (Night),30.1,0.0
2026-09-08 01:00:00,8-Chamber Stenter Frame,Finishing & Heat Setting,0.73,natural_gas,0.0,0.0,0.0,Shift C (Night),29.8,0.0
2026-09-08 01:00:00,Rotary Screen Printing Machine,Printing & Curing,1.55,none,0.0,0.0,0.0,Shift C (Night),31.8,0.0
2026-09-08 01:00:00,Industrial Steam Boiler (Dual Fuel),Steam Generation Utility,20.78,natural_gas,171.4,0.0,1.0,Shift C (Night),167.6,7.88
2026-09-08 01:00:00,Screw Air Compressor GA-75,Compressed Air Utility,25.15,none,0.0,0.0,0.0,Shift C (Night),36.0,5.95
2026-09-08 01:00:00,ETP Aeration Blower Station,Wastewater & ETP Utility,44.81,none,0.0,0.0,1.0,Shift C (Night),31.6,0.58
2026-09-08 02:00:00,HTHP Jet Dyeing Machine #01,Dyeing & Bleaching,1.39,none,0.0,0.0,0.0,Shift C (Night),30.8,0.0
2026-09-08 02:00:00,Soft Flow Jet Dyeing Machine #02,Dyeing & Bleaching,1.04,none,0.0,0.0,0.0,Shift C (Night),30.9,0.0
2026-09-08 02:00:00,8-Chamber Stenter Frame,Finishing & Heat Setting,1.15,natural_gas,0.0,0.0,0.0,Shift C (Night),29.6,0.0
2026-09-08 02:00:00,Rotary Screen Printing Machine,Printing & Curing,1.62,none,0.0,0.0,0.0,Shift C (Night),28.0,0.0
2026-09-08 02:00:00,Industrial Steam Boiler (Dual Fuel),Steam Generation Utility,19.52,natural_gas,161.0,0.0,1.0,Shift C (Night),170.9,8.08
2026-09-08 02:00:00,Screw Air Compressor GA-75,Compressed Air Utility,26.64,none,0.0,0.0,0.0,Shift C (Night),36.0,5.95
2026-09-08 02:00:00,ETP Aeration Blower Station,Wastewater & ETP Utility,45.0,none,0.0,0.0,1.0,Shift C (Night),32.4,0.6
2026-09-08 03:00:00,HTHP Jet Dyeing Machine #01,Dyeing & Bleaching,0.61,none,0.0,0.0,0.0,Shift C (Night),28.3,0.0
2026-09-08 03:00:00,Soft Flow Jet Dyeing Machine #02,Dyeing & Bleaching,0.79,none,0.0,0.0,0.0,Shift C (Night),31.2,0.0
2026-09-08 03:00:00,8-Chamber Stenter Frame,Finishing & Heat Setting,0.81,natural_gas,0.0,0.0,0.0,Shift C (Night),31.3,0.0
2026-09-08 03:00:00,Rotary Screen Printing Machine,Printing & Curing,1.78,none,0.0,0.0,0.0,Shift C (Night),31.6,0.0
2026-09-08 03:00:00,Industrial Steam Boiler (Dual Fuel),Steam Generation Utility,20.35,natural_gas,167.9,0.0,1.0,Shift C (Night),170.1,8.0
2026-09-08 03:00:00,Screw Air Compressor GA-75,Compressed Air Utility,24.49,none,0.0,0.0,0.0,Shift C (Night),36.0,5.95
2026-09-08 03:00:00,ETP Aeration Blower Station,Wastewater & ETP Utility,43.6,none,0.0,0.0,1.0,Shift C (Night),31.7,0.62
2026-09-08 04:00:00,HTHP Jet Dyeing Machine #01,Dyeing & Bleaching,1.36,none,0.0,0.0,0.0,Shift C (Night),28.8,0.0
2026-09-08 04:00:00,Soft Flow Jet Dyeing Machine #02,Dyeing & Bleaching,1.65,none,0.0,0.0,0.0,Shift C (Night),29.7,0.0
2026-09-08 04:00:00,8-Chamber Stenter Frame,Finishing & Heat Setting,1.23,natural_gas,0.0,0.0,0.0,Shift C (Night),30.3,0.0
2026-09-08 04:00:00,Rotary Screen Printing Machine,Printing & Curing,0.63,none,0.0,0.0,0.0,Shift C (Night),31.2,0.0
2026-09-08 04:00:00,Industrial Steam Boiler (Dual Fuel),Steam Generation Utility,19.47,natural_gas,160.6,0.0,1.0,Shift C (Night),173.2,8.02
2026-09-08 04:00:00,Screw Air Compressor GA-75,Compressed Air Utility,25.0,none,0.0,0.0,0.0,Shift C (Night),36.0,5.95
2026-09-08 04:00:00,ETP Aeration Blower Station,Wastewater & ETP Utility,44.79,none,0.0,0.0,1.0,Shift C (Night),32.2,0.61
2026-09-08 05:00:00,HTHP Jet Dyeing Machine #01,Dyeing & Bleaching,1.13,none,0.0,0.0,0.0,Shift C (Night),31.4,0.0
2026-09-08 05:00:00,Soft Flow Jet Dyeing Machine #02,Dyeing & Bleaching,1.5,none,0.0,0.0,0.0,Shift C (Night),29.0,0.0
2026-09-08 05:00:00,8-Chamber Stenter Frame,Finishing & Heat Setting,1.88,natural_gas,0.0,0.0,0.0,Shift C (Night),31.6,0.0
2026-09-08 05:00:00,Rotary Screen Printing Machine,Printing & Curing,1.83,none,0.0,0.0,0.0,Shift C (Night),30.4,0.0
2026-09-08 05:00:00,Industrial Steam Boiler (Dual Fuel),Steam Generation Utility,19.24,natural_gas,158.72,0.0,1.0,Shift C (Night),173.3,8.2
2026-09-08 05:00:00,Screw Air Compressor GA-75,Compressed Air Utility,24.54,none,0.0,0.0,0.0,Shift C (Night),36.0,5.95
2026-09-08 05:00:00,ETP Aeration Blower Station,Wastewater & ETP Utility,44.76,none,0.0,0.0,1.0,Shift C (Night),31.4,0.61
2026-09-08 06:00:00,HTHP Jet Dyeing Machine #01,Dyeing & Bleaching,34.01,none,0.0,408.1,1.0,Shift A (Morning),130.6,3.56
2026-09-08 06:00:00,Soft Flow Jet Dyeing Machine #02,Dyeing & Bleaching,27.09,none,0.0,328.9,1.0,Shift A (Morning),98.3,1.18
2026-09-08 06:00:00,8-Chamber Stenter Frame,Finishing & Heat Setting,71.34,natural_gas,36.63,723.0,1.0,Shift A (Morning),186.1,1.02
2026-09-08 06:00:00,Rotary Screen Printing Machine,Printing & Curing,36.48,none,0.0,460.8,1.0,Shift A (Morning),147.6,1.98
2026-09-08 06:00:00,Industrial Steam Boiler (Dual Fuel),Steam Generation Utility,19.83,natural_gas,163.57,0.0,1.0,Shift A (Morning),169.8,8.14
2026-09-08 06:00:00,Screw Air Compressor GA-75,Compressed Air Utility,58.14,none,0.0,0.0,1.0,Shift A (Morning),45.3,7.09
2026-09-08 06:00:00,ETP Aeration Blower Station,Wastewater & ETP Utility,42.45,none,0.0,0.0,1.0,Shift A (Morning),32.5,0.59
2026-09-08 07:00:00,HTHP Jet Dyeing Machine #01,Dyeing & Bleaching,35.07,none,0.0,420.8,1.0,Shift A (Morning),130.0,3.53
2026-09-08 07:00:00,Soft Flow Jet Dyeing Machine #02,Dyeing & Bleaching,28.51,none,0.0,346.2,1.0,Shift A (Morning),96.2,1.18
2026-09-08 07:00:00,8-Chamber Stenter Frame,Finishing & Heat Setting,71.44,natural_gas,36.69,724.1,1.0,Shift A (Morning),183.4,0.99
2026-09-08 07:00:00,Rotary Screen Printing Machine,Printing & Curing,36.67,none,0.0,463.3,1.0,Shift A (Morning),149.4,2.05
2026-09-08 07:00:00,Industrial Steam Boiler (Dual Fuel),Steam Generation Utility,19.74,natural_gas,162.89,0.0,1.0,Shift A (Morning),171.3,8.16
2026-09-08 07:00:00,Screw Air Compressor GA-75,Compressed Air Utility,56.57,none,0.0,0.0,1.0,Shift A (Morning),45.2,6.83
2026-09-08 07:00:00,ETP Aeration Blower Station,Wastewater & ETP Utility,44.05,none,0.0,0.0,1.0,Shift A (Morning),31.6,0.59
2026-09-08 08:00:00,HTHP Jet Dyeing Machine #01,Dyeing & Bleaching,34.5,none,0.0,413.9,1.0,Shift A (Morning),130.0,3.44
2026-09-08 08:00:00,Soft Flow Jet Dyeing Machine #02,Dyeing & Bleaching,28.28,none,0.0,343.4,1.0,Shift A (Morning),96.1,1.23
2026-09-08 08:00:00,8-Chamber Stenter Frame,Finishing & Heat Setting,74.1,natural_gas,38.05,751.0,1.0,Shift A (Morning),183.7,0.99
2026-09-08 08:00:00,Rotary Screen Printing Machine,Printing & Curing,36.81,none,0.0,465.0,1.0,Shift A (Morning),152.0,1.99
2026-09-08 08:00:00,Industrial Steam Boiler (Dual Fuel),Steam Generation Utility,19.62,natural_gas,161.86,0.0,1.0,Shift A (Morning),167.2,8.21
2026-09-08 08:00:00,Screw Air Compressor GA-75,Compressed Air Utility,55.85,none,0.0,0.0,1.0,Shift A (Morning),45.7,7.12
2026-09-08 08:00:00,ETP Aeration Blower Station,Wastewater & ETP Utility,44.55,none,0.0,0.0,1.0,Shift A (Morning),31.9,0.6
2026-09-08 09:00:00,HTHP Jet Dyeing Machine #01,Dyeing & Bleaching,35.54,none,0.0,426.5,1.0,Shift A (Morning),130.8,3.44
2026-09-08 09:00:00,Soft Flow Jet Dyeing Machine #02,Dyeing & Bleaching,28.45,none,0.0,345.5,1.0,Shift A (Morning),97.7,1.17
2026-09-08 09:00:00,8-Chamber Stenter Frame,Finishing & Heat Setting,74.09,natural_gas,38.05,751.0,1.0,Shift A (Morning),184.2,1.03
2026-09-08 09:00:00,Rotary Screen Printing Machine,Printing & Curing,38.05,none,0.0,480.7,1.0,Shift A (Morning),149.5,1.95
2026-09-08 09:00:00,Industrial Steam Boiler (Dual Fuel),Steam Generation Utility,20.11,natural_gas,165.94,0.0,1.0,Shift A (Morning),172.2,7.94
2026-09-08 09:00:00,Screw Air Compressor GA-75,Compressed Air Utility,57.33,none,0.0,0.0,1.0,Shift A (Morning),45.4,7.01
2026-09-08 09:00:00,ETP Aeration Blower Station,Wastewater & ETP Utility,44.58,none,0.0,0.0,1.0,Shift A (Morning),31.6,0.58
2026-09-08 10:00:00,HTHP Jet Dyeing Machine #01,Dyeing & Bleaching,36.04,none,0.0,432.4,1.0,Shift A (Morning),131.1,3.58
2026-09-08 10:00:00,Soft Flow Jet Dyeing Machine #02,Dyeing & Bleaching,27.63,none,0.0,335.5,1.0,Shift A (Morning),99.9,1.18
2026-09-08 10:00:00,8-Chamber Stenter Frame,Finishing & Heat Setting,72.16,natural_gas,37.06,731.4,1.0,Shift A (Morning),183.9,1.0
2026-09-08 10:00:00,Rotary Screen Printing Machine,Printing & Curing,38.27,none,0.0,483.4,1.0,Shift A (Morning),149.5,1.99
2026-09-08 10:00:00,Industrial Steam Boiler (Dual Fuel),Steam Generation Utility,19.44,natural_gas,160.38,0.0,1.0,Shift A (Morning),169.1,7.94
2026-09-08 10:00:00,Screw Air Compressor GA-75,Compressed Air Utility,56.79,none,0.0,0.0,1.0,Shift A (Morning),44.5,7.07
2026-09-08 10:00:00,ETP Aeration Blower Station,Wastewater & ETP Utility,44.95,none,0.0,0.0,1.0,Shift A (Morning),32.0,0.59
2026-09-08 11:00:00,HTHP Jet Dyeing Machine #01,Dyeing & Bleaching,34.69,none,0.0,416.2,1.0,Shift A (Morning),130.8,3.41
2026-09-08 11:00:00,Soft Flow Jet Dyeing Machine #02,Dyeing & Bleaching,28.91,none,0.0,351.0,1.0,Shift A (Morning),98.8,1.19
2026-09-08 11:00:00,8-Chamber Stenter Frame,Finishing & Heat Setting,71.3,natural_gas,36.61,722.6,1.0,Shift A (Morning),186.3,1.0
2026-09-08 11:00:00,Rotary Screen Printing Machine,Printing & Curing,37.29,none,0.0,471.1,1.0,Shift A (Morning),149.6,2.01
2026-09-08 11:00:00,Industrial Steam Boiler (Dual Fuel),Steam Generation Utility,20.17,natural_gas,166.38,0.0,1.0,Shift A (Morning),168.0,8.15
2026-09-08 11:00:00,Screw Air Compressor GA-75,Compressed Air Utility,59.28,none,0.0,0.0,1.0,Shift A (Morning),44.1,7.12
2026-09-08 11:00:00,ETP Aeration Blower Station,Wastewater & ETP Utility,43.44,none,0.0,0.0,1.0,Shift A (Morning),31.6,0.61
2026-09-08 12:00:00,HTHP Jet Dyeing Machine #01,Dyeing & Bleaching,34.1,none,0.0,409.2,1.0,Shift A (Morning),131.3,3.49
2026-09-08 12:00:00,Soft Flow Jet Dyeing Machine #02,Dyeing & Bleaching,28.13,none,0.0,341.6,1.0,Shift A (Morning),98.6,1.18
2026-09-08 12:00:00,8-Chamber Stenter Frame,Finishing & Heat Setting,71.45,natural_gas,36.69,724.2,1.0,Shift A (Morning),184.0,1.01
2026-09-08 12:00:00,Rotary Screen Printing Machine,Printing & Curing,36.67,none,0.0,463.2,1.0,Shift A (Morning),148.9,2.04
2026-09-08 12:00:00,Industrial Steam Boiler (Dual Fuel),Steam Generation Utility,19.79,natural_gas,163.29,0.0,1.0,Shift A (Morning),168.6,7.81
2026-09-08 12:00:00,Screw Air Compressor GA-75,Compressed Air Utility,56.79,none,0.0,0.0,1.0,Shift A (Morning),45.5,6.99
2026-09-08 12:00:00,ETP Aeration Blower Station,Wastewater & ETP Utility,42.91,none,0.0,0.0,1.0,Shift A (Morning),32.5,0.6
2026-09-08 13:00:00,HTHP Jet Dyeing Machine #01,Dyeing & Bleaching,35.18,none,0.0,422.2,1.0,Shift A (Morning),129.9,3.58
2026-09-08 13:00:00,Soft Flow Jet Dyeing Machine #02,Dyeing & Bleaching,28.77,none,0.0,349.3,1.0,Shift A (Morning),98.5,1.22
2026-09-08 13:00:00,8-Chamber Stenter Frame,Finishing & Heat Setting,72.36,natural_gas,37.16,733.4,1.0,Shift A (Morning),187.7,1.02
2026-09-08 13:00:00,Rotary Screen Printing Machine,Printing & Curing,39.37,none,0.0,497.3,1.0,Shift A (Morning),151.8,2.0
2026-09-08 13:00:00,Industrial Steam Boiler (Dual Fuel),Steam Generation Utility,20.67,natural_gas,170.54,0.0,1.0,Shift A (Morning),173.1,7.82
2026-09-08 13:00:00,Screw Air Compressor GA-75,Compressed Air Utility,59.76,none,0.0,0.0,1.0,Shift A (Morning),45.0,6.85
2026-09-08 13:00:00,ETP Aeration Blower Station,Wastewater & ETP Utility,42.69,none,0.0,0.0,1.0,Shift A (Morning),32.3,0.61
2026-09-08 14:00:00,HTHP Jet Dyeing Machine #01,Dyeing & Bleaching,36.18,none,0.0,434.2,1.0,Shift B (Evening),128.4,3.56
2026-09-08 14:00:00,Soft Flow Jet Dyeing Machine #02,Dyeing & Bleaching,27.02,none,0.0,328.1,1.0,Shift B (Evening),97.8,1.17
2026-09-08 14:00:00,8-Chamber Stenter Frame,Finishing & Heat Setting,71.47,natural_gas,36.7,724.4,1.0,Shift B (Evening),187.4,1.01
2026-09-08 14:00:00,Rotary Screen Printing Machine,Printing & Curing,37.33,none,0.0,471.5,1.0,Shift B (Evening),148.2,2.02
2026-09-08 14:00:00,Industrial Steam Boiler (Dual Fuel),Steam Generation Utility,19.98,natural_gas,164.85,0.0,1.0,Shift B (Evening),172.6,8.22
2026-09-08 14:00:00,Screw Air Compressor GA-75,Compressed Air Utility,57.3,none,0.0,0.0,1.0,Shift B (Evening),45.3,7.15
2026-09-08 14:00:00,ETP Aeration Blower Station,Wastewater & ETP Utility,44.67,none,0.0,0.0,1.0,Shift B (Evening),31.9,0.6
2026-09-08 15:00:00,HTHP Jet Dyeing Machine #01,Dyeing & Bleaching,35.72,none,0.0,428.6,1.0,Shift B (Evening),131.7,3.56
2026-09-08 15:00:00,Soft Flow Jet Dyeing Machine #02,Dyeing & Bleaching,28.9,none,0.0,351.0,1.0,Shift B (Evening),99.7,1.21
2026-09-08 15:00:00,8-Chamber Stenter Frame,Finishing & Heat Setting,74.49,natural_gas,38.25,755.0,1.0,Shift B (Evening),184.8,0.99
2026-09-08 15:00:00,Rotary Screen Printing Machine,Printing & Curing,38.64,none,0.0,488.1,1.0,Shift B (Evening),149.6,2.03
2026-09-08 15:00:00,Industrial Steam Boiler (Dual Fuel),Steam Generation Utility,19.84,natural_gas,163.71,0.0,1.0,Shift B (Evening),169.7,7.9
2026-09-08 15:00:00,Screw Air Compressor GA-75,Compressed Air Utility,58.5,none,0.0,0.0,1.0,Shift B (Evening),45.4,6.95
2026-09-08 15:00:00,ETP Aeration Blower Station,Wastewater & ETP Utility,45.25,none,0.0,0.0,1.0,Shift B (Evening),31.6,0.61
2026-09-08 16:00:00,HTHP Jet Dyeing Machine #01,Dyeing & Bleaching,33.65,none,0.0,403.7,1.0,Shift B (Evening),130.6,3.47
2026-09-08 16:00:00,Soft Flow Jet Dyeing Machine #02,Dyeing & Bleaching,27.24,none,0.0,330.8,1.0,Shift B (Evening),99.3,1.18
2026-09-08 16:00:00,8-Chamber Stenter Frame,Finishing & Heat Setting,71.86,natural_gas,36.9,728.3,1.0,Shift B (Evening),186.3,1.01
2026-09-08 16:00:00,Rotary Screen Printing Machine,Printing & Curing,37.59,none,0.0,474.8,1.0,Shift B (Evening),151.7,2.01
2026-09-08 16:00:00,Industrial Steam Boiler (Dual Fuel),Steam Generation Utility,20.73,natural_gas,171.03,0.0,1.0,Shift B (Evening),167.8,8.16
2026-09-08 16:00:00,Screw Air Compressor GA-75,Compressed Air Utility,58.37,none,0.0,0.0,1.0,Shift B (Evening),45.5,6.89
2026-09-08 16:00:00,ETP Aeration Blower Station,Wastewater & ETP Utility,44.44,none,0.0,0.0,1.0,Shift B (Evening),31.4,0.58
2026-09-08 17:00:00,HTHP Jet Dyeing Machine #01,Dyeing & Bleaching,35.54,none,0.0,426.5,1.0,Shift B (Evening),129.9,3.45
2026-09-08 17:00:00,Soft Flow Jet Dyeing Machine #02,Dyeing & Bleaching,26.99,none,0.0,327.8,1.0,Shift B (Evening),96.5,1.2
2026-09-08 17:00:00,8-Chamber Stenter Frame,Finishing & Heat Setting,74.83,natural_gas,38.43,758.4,1.0,Shift B (Evening),182.1,1.02
2026-09-08 17:00:00,Rotary Screen Printing Machine,Printing & Curing,37.48,none,0.0,473.4,1.0,Shift B (Evening),151.5,1.95
2026-09-08 17:00:00,Industrial Steam Boiler (Dual Fuel),Steam Generation Utility,19.31,natural_gas,159.31,0.0,1.0,Shift B (Evening),171.4,8.2
2026-09-08 17:00:00,Screw Air Compressor GA-75,Compressed Air Utility,57.62,none,0.0,0.0,1.0,Shift B (Evening),44.2,6.8
2026-09-08 17:00:00,ETP Aeration Blower Station,Wastewater & ETP Utility,43.65,none,0.0,0.0,1.0,Shift B (Evening),32.1,0.61
2026-09-08 18:00:00,HTHP Jet Dyeing Machine #01,Dyeing & Bleaching,35.47,none,0.0,425.7,1.0,Shift B (Evening),131.8,3.59
2026-09-08 18:00:00,Soft Flow Jet Dyeing Machine #02,Dyeing & Bleaching,28.22,none,0.0,342.7,1.0,Shift B (Evening),99.4,1.23
2026-09-08 18:00:00,8-Chamber Stenter Frame,Finishing & Heat Setting,72.24,natural_gas,37.1,732.2,1.0,Shift B (Evening),183.7,1.0
2026-09-08 18:00:00,Rotary Screen Printing Machine,Printing & Curing,38.65,none,0.0,488.2,1.0,Shift B (Evening),149.1,2.05
2026-09-08 18:00:00,Industrial Steam Boiler (Dual Fuel),Steam Generation Utility,20.16,natural_gas,166.32,0.0,1.0,Shift B (Evening),167.3,8.03
2026-09-08 18:00:00,Screw Air Compressor GA-75,Compressed Air Utility,57.87,none,0.0,0.0,1.0,Shift B (Evening),44.3,6.9
2026-09-08 18:00:00,ETP Aeration Blower Station,Wastewater & ETP Utility,43.09,none,0.0,0.0,1.0,Shift B (Evening),32.5,0.6
2026-09-08 19:00:00,HTHP Jet Dyeing Machine #01,Dyeing & Bleaching,34.76,none,0.0,417.1,1.0,Shift B (Evening),130.7,3.57
2026-09-08 19:00:00,Soft Flow Jet Dyeing Machine #02,Dyeing & Bleaching,28.4,none,0.0,344.9,1.0,Shift B (Evening),97.0,1.18
2026-09-08 19:00:00,8-Chamber Stenter Frame,Finishing & Heat Setting,76.23,natural_gas,39.14,772.6,1.0,Shift B (Evening),182.0,1.03
2026-09-08 19:00:00,Rotary Screen Printing Machine,Printing & Curing,37.98,none,0.0,479.8,1.0,Shift B (Evening),147.8,2.02
2026-09-08 19:00:00,Industrial Steam Boiler (Dual Fuel),Steam Generation Utility,19.88,natural_gas,163.99,0.0,1.0,Shift B (Evening),167.6,8.01
2026-09-08 19:00:00,Screw Air Compressor GA-75,Compressed Air Utility,57.12,none,0.0,0.0,1.0,Shift B (Evening),45.1,6.9
2026-09-08 19:00:00,ETP Aeration Blower Station,Wastewater & ETP Utility,45.37,none,0.0,0.0,1.0,Shift B (Evening),32.5,0.62
2026-09-08 20:00:00,HTHP Jet Dyeing Machine #01,Dyeing & Bleaching,34.99,none,0.0,419.9,1.0,Shift B (Evening),128.1,3.4
2026-09-08 20:00:00,Soft Flow Jet Dyeing Machine #02,Dyeing & Bleaching,28.7,none,0.0,348.5,1.0,Shift B (Evening),98.7,1.22
2026-09-08 20:00:00,8-Chamber Stenter Frame,Finishing & Heat Setting,74.93,natural_gas,38.48,759.5,1.0,Shift B (Evening),181.5,0.99
2026-09-08 20:00:00,Rotary Screen Printing Machine,Printing & Curing,36.63,none,0.0,462.7,1.0,Shift B (Evening),148.8,2.03
2026-09-08 20:00:00,Industrial Steam Boiler (Dual Fuel),Steam Generation Utility,20.46,natural_gas,168.83,0.0,1.0,Shift B (Evening),168.8,8.04
2026-09-08 20:00:00,Screw Air Compressor GA-75,Compressed Air Utility,58.28,none,0.0,0.0,1.0,Shift B (Evening),44.7,6.88
2026-09-08 20:00:00,ETP Aeration Blower Station,Wastewater & ETP Utility,42.74,none,0.0,0.0,1.0,Shift B (Evening),32.5,0.6
2026-09-08 21:00:00,HTHP Jet Dyeing Machine #01,Dyeing & Bleaching,35.42,none,0.0,425.1,1.0,Shift B (Evening),131.2,3.58
2026-09-08 21:00:00,Soft Flow Jet Dyeing Machine #02,Dyeing & Bleaching,28.44,none,0.0,345.3,1.0,Shift B (Evening),96.8,1.18
2026-09-08 21:00:00,8-Chamber Stenter Frame,Finishing & Heat Setting,76.36,natural_gas,39.21,773.9,1.0,Shift B (Evening),187.6,1.02
2026-09-08 21:00:00,Rotary Screen Printing Machine,Printing & Curing,37.64,none,0.0,475.4,1.0,Shift B (Evening),151.3,2.04
2026-09-08 21:00:00,Industrial Steam Boiler (Dual Fuel),Steam Generation Utility,19.52,natural_gas,161.05,0.0,1.0,Shift B (Evening),166.7,8.2
2026-09-08 21:00:00,Screw Air Compressor GA-75,Compressed Air Utility,55.94,none,0.0,0.0,1.0,Shift B (Evening),44.2,6.81
2026-09-08 21:00:00,ETP Aeration Blower Station,Wastewater & ETP Utility,45.13,none,0.0,0.0,1.0,Shift B (Evening),32.1,0.58
2026-09-08 22:00:00,HTHP Jet Dyeing Machine #01,Dyeing & Bleaching,34.84,none,0.0,418.1,1.0,Shift C (Night),128.0,3.4
2026-09-08 22:00:00,Soft Flow Jet Dyeing Machine #02,Dyeing & Bleaching,28.99,none,0.0,352.0,1.0,Shift C (Night),99.4,1.2
2026-09-08 22:00:00,8-Chamber Stenter Frame,Finishing & Heat Setting,71.31,natural_gas,36.62,722.7,1.0,Shift C (Night),185.2,1.03
2026-09-08 22:00:00,Rotary Screen Printing Machine,Printing & Curing,37.18,none,0.0,469.7,1.0,Shift C (Night),151.2,1.97
2026-09-08 22:00:00,Industrial Steam Boiler (Dual Fuel),Steam Generation Utility,19.74,natural_gas,162.82,0.0,1.0,Shift C (Night),172.6,8.05
2026-09-08 22:00:00,Screw Air Compressor GA-75,Compressed Air Utility,56.51,none,0.0,0.0,1.0,Shift C (Night),45.3,7.05
2026-09-08 22:00:00,ETP Aeration Blower Station,Wastewater & ETP Utility,43.05,none,0.0,0.0,1.0,Shift C (Night),32.5,0.61
2026-09-08 23:00:00,HTHP Jet Dyeing Machine #01,Dyeing & Bleaching,35.37,none,0.0,424.5,1.0,Shift C (Night),129.6,3.41
2026-09-08 23:00:00,Soft Flow Jet Dyeing Machine #02,Dyeing & Bleaching,1.68,none,0.0,0.0,0.0,Shift C (Night),29.6,0.0
2026-09-08 23:00:00,8-Chamber Stenter Frame,Finishing & Heat Setting,74.2,natural_gas,38.1,752.0,1.0,Shift C (Night),186.1,1.0
2026-09-08 23:00:00,Rotary Screen Printing Machine,Printing & Curing,1.74,none,0.0,0.0,0.0,Shift C (Night),28.6,0.0
2026-09-08 23:00:00,Industrial Steam Boiler (Dual Fuel),Steam Generation Utility,19.42,natural_gas,160.21,0.0,1.0,Shift C (Night),170.9,8.01
2026-09-08 23:00:00,Screw Air Compressor GA-75,Compressed Air Utility,24.79,none,0.0,0.0,0.0,Shift C (Night),36.0,5.95
2026-09-08 23:00:00,ETP Aeration Blower Station,Wastewater & ETP Utility,45.7,none,0.0,0.0,1.0,Shift C (Night),32.3,0.59
2026-09-09 00:00:00,HTHP Jet Dyeing Machine #01,Dyeing & Bleaching,1.24,none,0.0,0.0,0.0,Shift C (Night),30.8,0.0
2026-09-09 00:00:00,Soft Flow Jet Dyeing Machine #02,Dyeing & Bleaching,0.96,none,0.0,0.0,0.0,Shift C (Night),29.8,0.0
2026-09-09 00:00:00,8-Chamber Stenter Frame,Finishing & Heat Setting,0.61,natural_gas,0.0,0.0,0.0,Shift C (Night),29.4,0.0
2026-09-09 00:00:00,Rotary Screen Printing Machine,Printing & Curing,1.6,none,0.0,0.0,0.0,Shift C (Night),28.3,0.0
2026-09-09 00:00:00,Industrial Steam Boiler (Dual Fuel),Steam Generation Utility,20.53,natural_gas,169.33,0.0,1.0,Shift C (Night),173.4,7.78
2026-09-09 00:00:00,Screw Air Compressor GA-75,Compressed Air Utility,24.79,none,0.0,0.0,0.0,Shift C (Night),36.0,5.95
2026-09-09 00:00:00,ETP Aeration Blower Station,Wastewater & ETP Utility,44.17,none,0.0,0.0,1.0,Shift C (Night),31.6,0.61
2026-09-09 01:00:00,HTHP Jet Dyeing Machine #01,Dyeing & Bleaching,0.94,none,0.0,0.0,0.0,Shift C (Night),31.4,0.0
2026-09-09 01:00:00,Soft Flow Jet Dyeing Machine #02,Dyeing & Bleaching,1.21,none,0.0,0.0,0.0,Shift C (Night),31.7,0.0
2026-09-09 01:00:00,8-Chamber Stenter Frame,Finishing & Heat Setting,1.45,natural_gas,0.0,0.0,0.0,Shift C (Night),30.5,0.0
2026-09-09 01:00:00,Rotary Screen Printing Machine,Printing & Curing,1.01,none,0.0,0.0,0.0,Shift C (Night),28.6,0.0
2026-09-09 01:00:00,Industrial Steam Boiler (Dual Fuel),Steam Generation Utility,20.09,natural_gas,165.76,0.0,1.0,Shift C (Night),173.3,8.12
2026-09-09 01:00:00,Screw Air Compressor GA-75,Compressed Air Utility,24.02,none,0.0,0.0,0.0,Shift C (Night),36.0,5.95
2026-09-09 01:00:00,ETP Aeration Blower Station,Wastewater & ETP Utility,43.73,none,0.0,0.0,1.0,Shift C (Night),31.7,0.62
2026-09-09 02:00:00,HTHP Jet Dyeing Machine #01,Dyeing & Bleaching,1.63,none,0.0,0.0,0.0,Shift C (Night),29.4,0.0
2026-09-09 02:00:00,Soft Flow Jet Dyeing Machine #02,Dyeing & Bleaching,0.64,none,0.0,0.0,0.0,Shift C (Night),30.9,0.0
2026-09-09 02:00:00,8-Chamber Stenter Frame,Finishing & Heat Setting,1.17,natural_gas,0.0,0.0,0.0,Shift C (Night),29.9,0.0
2026-09-09 02:00:00,Rotary Screen Printing Machine,Printing & Curing,1.27,none,0.0,0.0,0.0,Shift C (Night),31.5,0.0
2026-09-09 02:00:00,Industrial Steam Boiler (Dual Fuel),Steam Generation Utility,20.01,natural_gas,165.12,0.0,1.0,Shift C (Night),169.9,8.18
2026-09-09 02:00:00,Screw Air Compressor GA-75,Compressed Air Utility,23.96,none,0.0,0.0,0.0,Shift C (Night),36.0,5.95
2026-09-09 02:00:00,ETP Aeration Blower Station,Wastewater & ETP Utility,44.11,none,0.0,0.0,1.0,Shift C (Night),32.4,0.59
2026-09-09 03:00:00,HTHP Jet Dyeing Machine #01,Dyeing & Bleaching,1.9,none,0.0,0.0,0.0,Shift C (Night),29.7,0.0
2026-09-09 03:00:00,Soft Flow Jet Dyeing Machine #02,Dyeing & Bleaching,1.34,none,0.0,0.0,0.0,Shift C (Night),30.7,0.0
2026-09-09 03:00:00,8-Chamber Stenter Frame,Finishing & Heat Setting,1.1,natural_gas,0.0,0.0,0.0,Shift C (Night),28.4,0.0
2026-09-09 03:00:00,Rotary Screen Printing Machine,Printing & Curing,1.52,none,0.0,0.0,0.0,Shift C (Night),31.5,0.0
2026-09-09 03:00:00,Industrial Steam Boiler (Dual Fuel),Steam Generation Utility,20.45,natural_gas,168.73,0.0,1.0,Shift C (Night),167.7,8.2
2026-09-09 03:00:00,Screw Air Compressor GA-75,Compressed Air Utility,24.14,none,0.0,0.0,0.0,Shift C (Night),36.0,5.95
2026-09-09 03:00:00,ETP Aeration Blower Station,Wastewater & ETP Utility,42.8,none,0.0,0.0,1.0,Shift C (Night),31.9,0.6
2026-09-09 04:00:00,HTHP Jet Dyeing Machine #01,Dyeing & Bleaching,1.32,none,0.0,0.0,0.0,Shift C (Night),30.8,0.0
2026-09-09 04:00:00,Soft Flow Jet Dyeing Machine #02,Dyeing & Bleaching,0.62,none,0.0,0.0,0.0,Shift C (Night),30.8,0.0
2026-09-09 04:00:00,8-Chamber Stenter Frame,Finishing & Heat Setting,0.87,natural_gas,0.0,0.0,0.0,Shift C (Night),30.6,0.0
2026-09-09 04:00:00,Rotary Screen Printing Machine,Printing & Curing,0.72,none,0.0,0.0,0.0,Shift C (Night),29.6,0.0
2026-09-09 04:00:00,Industrial Steam Boiler (Dual Fuel),Steam Generation Utility,20.51,natural_gas,169.18,0.0,1.0,Shift C (Night),167.7,8.02
2026-09-09 04:00:00,Screw Air Compressor GA-75,Compressed Air Utility,25.87,none,0.0,0.0,0.0,Shift C (Night),36.0,5.95
2026-09-09 04:00:00,ETP Aeration Blower Station,Wastewater & ETP Utility,44.62,none,0.0,0.0,1.0,Shift C (Night),32.3,0.62
2026-09-09 05:00:00,HTHP Jet Dyeing Machine #01,Dyeing & Bleaching,0.6,none,0.0,0.0,0.0,Shift C (Night),29.2,0.0
2026-09-09 05:00:00,Soft Flow Jet Dyeing Machine #02,Dyeing & Bleaching,1.42,none,0.0,0.0,0.0,Shift C (Night),31.2,0.0
2026-09-09 05:00:00,8-Chamber Stenter Frame,Finishing & Heat Setting,1.39,natural_gas,0.0,0.0,0.0,Shift C (Night),28.4,0.0
2026-09-09 05:00:00,Rotary Screen Printing Machine,Printing & Curing,1.05,none,0.0,0.0,0.0,Shift C (Night),30.5,0.0
2026-09-09 05:00:00,Industrial Steam Boiler (Dual Fuel),Steam Generation Utility,19.97,natural_gas,164.74,0.0,1.0,Shift C (Night),167.6,7.91
2026-09-09 05:00:00,Screw Air Compressor GA-75,Compressed Air Utility,25.73,none,0.0,0.0,0.0,Shift C (Night),36.0,5.95
2026-09-09 05:00:00,ETP Aeration Blower Station,Wastewater & ETP Utility,43.99,none,0.0,0.0,1.0,Shift C (Night),31.7,0.6
2026-09-09 06:00:00,HTHP Jet Dyeing Machine #01,Dyeing & Bleaching,34.13,none,0.0,409.5,1.0,Shift A (Morning),130.3,3.6
2026-09-09 06:00:00,Soft Flow Jet Dyeing Machine #02,Dyeing & Bleaching,28.07,none,0.0,340.9,1.0,Shift A (Morning),97.3,1.23
2026-09-09 06:00:00,8-Chamber Stenter Frame,Finishing & Heat Setting,76.48,natural_gas,39.27,775.1,1.0,Shift A (Morning),188.3,0.99
2026-09-09 06:00:00,Rotary Screen Printing Machine,Printing & Curing,38.83,none,0.0,490.5,1.0,Shift A (Morning),147.7,2.05
2026-09-09 06:00:00,Industrial Steam Boiler (Dual Fuel),Steam Generation Utility,19.82,natural_gas,163.52,0.0,1.0,Shift A (Morning),169.9,8.04
2026-09-09 06:00:00,Screw Air Compressor GA-75,Compressed Air Utility,58.33,none,0.0,0.0,1.0,Shift A (Morning),45.8,6.85
2026-09-09 06:00:00,ETP Aeration Blower Station,Wastewater & ETP Utility,45.61,none,0.0,0.0,1.0,Shift A (Morning),32.5,0.61
2026-09-09 07:00:00,HTHP Jet Dyeing Machine #01,Dyeing & Bleaching,34.58,none,0.0,415.0,1.0,Shift A (Morning),127.9,3.51
2026-09-09 07:00:00,Soft Flow Jet Dyeing Machine #02,Dyeing & Bleaching,27.06,none,0.0,328.6,1.0,Shift A (Morning),96.5,1.23
2026-09-09 07:00:00,8-Chamber Stenter Frame,Finishing & Heat Setting,74.15,natural_gas,38.08,751.5,1.0,Shift A (Morning),181.6,1.02
2026-09-09 07:00:00,Rotary Screen Printing Machine,Printing & Curing,37.58,none,0.0,474.7,1.0,Shift A (Morning),147.3,2.03
2026-09-09 07:00:00,Industrial Steam Boiler (Dual Fuel),Steam Generation Utility,19.49,natural_gas,160.82,0.0,1.0,Shift A (Morning),168.4,8.1
2026-09-09 07:00:00,Screw Air Compressor GA-75,Compressed Air Utility,56.52,none,0.0,0.0,1.0,Shift A (Morning),45.8,7.03
2026-09-09 07:00:00,ETP Aeration Blower Station,Wastewater & ETP Utility,45.37,none,0.0,0.0,1.0,Shift A (Morning),31.8,0.6
2026-09-09 08:00:00,HTHP Jet Dyeing Machine #01,Dyeing & Bleaching,33.74,none,0.0,404.9,1.0,Shift A (Morning),128.6,3.4
2026-09-09 08:00:00,Soft Flow Jet Dyeing Machine #02,Dyeing & Bleaching,27.2,none,0.0,330.2,1.0,Shift A (Morning),96.8,1.17
2026-09-09 08:00:00,8-Chamber Stenter Frame,Finishing & Heat Setting,75.37,natural_gas,38.7,763.9,1.0,Shift A (Morning),182.4,1.01
2026-09-09 08:00:00,Rotary Screen Printing Machine,Printing & Curing,36.67,none,0.0,463.3,1.0,Shift A (Morning),150.0,2.04
2026-09-09 08:00:00,Industrial Steam Boiler (Dual Fuel),Steam Generation Utility,19.26,natural_gas,158.88,0.0,1.0,Shift A (Morning),168.5,8.03
2026-09-09 08:00:00,Screw Air Compressor GA-75,Compressed Air Utility,60.18,none,0.0,0.0,1.0,Shift A (Morning),44.8,7.06
2026-09-09 08:00:00,ETP Aeration Blower Station,Wastewater & ETP Utility,43.45,none,0.0,0.0,1.0,Shift A (Morning),32.6,0.59
2026-09-09 09:00:00,HTHP Jet Dyeing Machine #01,Dyeing & Bleaching,35.98,none,0.0,431.8,1.0,Shift A (Morning),129.5,3.44
2026-09-09 09:00:00,Soft Flow Jet Dyeing Machine #02,Dyeing & Bleaching,27.15,none,0.0,329.6,1.0,Shift A (Morning),98.2,1.19
2026-09-09 09:00:00,8-Chamber Stenter Frame,Finishing & Heat Setting,76.29,natural_gas,39.17,773.2,1.0,Shift A (Morning),181.4,1.03
2026-09-09 09:00:00,Rotary Screen Printing Machine,Printing & Curing,38.42,none,0.0,485.3,1.0,Shift A (Morning),147.1,1.96
2026-09-09 09:00:00,Industrial Steam Boiler (Dual Fuel),Steam Generation Utility,19.62,natural_gas,161.85,0.0,1.0,Shift A (Morning),167.8,7.94
2026-09-09 09:00:00,Screw Air Compressor GA-75,Compressed Air Utility,58.98,none,0.0,0.0,1.0,Shift A (Morning),44.4,7.08
2026-09-09 09:00:00,ETP Aeration Blower Station,Wastewater & ETP Utility,44.26,none,0.0,0.0,1.0,Shift A (Morning),31.8,0.6
2026-09-09 10:00:00,HTHP Jet Dyeing Machine #01,Dyeing & Bleaching,35.82,none,0.0,429.8,1.0,Shift A (Morning),130.7,3.6
2026-09-09 10:00:00,Soft Flow Jet Dyeing Machine #02,Dyeing & Bleaching,28.44,none,0.0,345.4,1.0,Shift A (Morning),97.3,1.23
2026-09-09 10:00:00,8-Chamber Stenter Frame,Finishing & Heat Setting,75.13,natural_gas,38.58,761.4,1.0,Shift A (Morning),187.3,1.02
2026-09-09 10:00:00,Rotary Screen Printing Machine,Printing & Curing,37.41,none,0.0,472.5,1.0,Shift A (Morning),152.7,2.06
2026-09-09 10:00:00,Industrial Steam Boiler (Dual Fuel),Steam Generation Utility,19.79,natural_gas,163.25,0.0,1.0,Shift A (Morning),169.4,8.13
2026-09-09 10:00:00,Screw Air Compressor GA-75,Compressed Air Utility,57.98,none,0.0,0.0,1.0,Shift A (Morning),44.2,6.95
2026-09-09 10:00:00,ETP Aeration Blower Station,Wastewater & ETP Utility,45.42,none,0.0,0.0,1.0,Shift A (Morning),32.4,0.6
2026-09-09 11:00:00,HTHP Jet Dyeing Machine #01,Dyeing & Bleaching,34.45,none,0.0,413.4,1.0,Shift A (Morning),132.3,3.44
2026-09-09 11:00:00,Soft Flow Jet Dyeing Machine #02,Dyeing & Bleaching,27.62,none,0.0,335.4,1.0,Shift A (Morning),96.3,1.19
2026-09-09 11:00:00,8-Chamber Stenter Frame,Finishing & Heat Setting,73.58,natural_gas,37.78,745.7,1.0,Shift A (Morning),185.4,1.0
2026-09-09 11:00:00,Rotary Screen Printing Machine,Printing & Curing,38.98,none,0.0,492.4,1.0,Shift A (Morning),149.1,2.04
2026-09-09 11:00:00,Industrial Steam Boiler (Dual Fuel),Steam Generation Utility,19.52,natural_gas,161.02,0.0,1.0,Shift A (Morning),171.7,7.89
2026-09-09 11:00:00,Screw Air Compressor GA-75,Compressed Air Utility,56.6,none,0.0,0.0,1.0,Shift A (Morning),44.6,7.1
2026-09-09 11:00:00,ETP Aeration Blower Station,Wastewater & ETP Utility,43.04,none,0.0,0.0,1.0,Shift A (Morning),32.6,0.59
2026-09-09 12:00:00,HTHP Jet Dyeing Machine #01,Dyeing & Bleaching,35.13,none,0.0,421.6,1.0,Shift A (Morning),129.6,3.43
2026-09-09 12:00:00,Soft Flow Jet Dyeing Machine #02,Dyeing & Bleaching,27.81,none,0.0,337.7,1.0,Shift A (Morning),98.0,1.2
2026-09-09 12:00:00,8-Chamber Stenter Frame,Finishing & Heat Setting,73.36,natural_gas,37.67,743.5,1.0,Shift A (Morning),183.5,0.99
2026-09-09 12:00:00,Rotary Screen Printing Machine,Printing & Curing,36.95,none,0.0,466.7,1.0,Shift A (Morning),152.2,2.04
2026-09-09 12:00:00,Industrial Steam Boiler (Dual Fuel),Steam Generation Utility,19.96,natural_gas,164.64,0.0,1.0,Shift A (Morning),170.2,7.76
2026-09-09 12:00:00,Screw Air Compressor GA-75,Compressed Air Utility,58.04,none,0.0,0.0,1.0,Shift A (Morning),45.2,6.89
2026-09-09 12:00:00,ETP Aeration Blower Station,Wastewater & ETP Utility,44.96,none,0.0,0.0,1.0,Shift A (Morning),32.2,0.61
2026-09-09 13:00:00,HTHP Jet Dyeing Machine #01,Dyeing & Bleaching,35.31,none,0.0,423.7,1.0,Shift A (Morning),128.5,3.57
2026-09-09 13:00:00,Soft Flow Jet Dyeing Machine #02,Dyeing & Bleaching,27.44,none,0.0,333.2,1.0,Shift A (Morning),97.0,1.23
2026-09-09 13:00:00,8-Chamber Stenter Frame,Finishing & Heat Setting,73.59,natural_gas,37.79,745.8,1.0,Shift A (Morning),185.7,0.99
2026-09-09 13:00:00,Rotary Screen Printing Machine,Printing & Curing,38.11,none,0.0,481.4,1.0,Shift A (Morning),149.1,2.03
2026-09-09 13:00:00,Industrial Steam Boiler (Dual Fuel),Steam Generation Utility,20.46,natural_gas,168.83,0.0,1.0,Shift A (Morning),168.8,7.79
2026-09-09 13:00:00,Screw Air Compressor GA-75,Compressed Air Utility,60.29,none,0.0,0.0,1.0,Shift A (Morning),44.2,6.86
2026-09-09 13:00:00,ETP Aeration Blower Station,Wastewater & ETP Utility,43.19,none,0.0,0.0,1.0,Shift A (Morning),32.0,0.61
2026-09-09 14:00:00,HTHP Jet Dyeing Machine #01,Dyeing & Bleaching,33.62,none,0.0,403.5,1.0,Shift B (Evening),129.8,3.45
2026-09-09 14:00:00,Soft Flow Jet Dyeing Machine #02,Dyeing & Bleaching,28.94,none,0.0,351.4,1.0,Shift B (Evening),99.0,1.22
2026-09-09 14:00:00,8-Chamber Stenter Frame,Finishing & Heat Setting,74.4,natural_gas,38.2,754.0,1.0,Shift B (Evening),186.5,1.0
2026-09-09 14:00:00,Rotary Screen Printing Machine,Printing & Curing,39.26,none,0.0,495.9,1.0,Shift B (Evening),149.9,1.96
2026-09-09 14:00:00,Industrial Steam Boiler (Dual Fuel),Steam Generation Utility,20.76,natural_gas,171.23,0.0,1.0,Shift B (Evening),168.7,8.06
2026-09-09 14:00:00,Screw Air Compressor GA-75,Compressed Air Utility,59.96,none,0.0,0.0,1.0,Shift B (Evening),45.3,7.2
2026-09-09 14:00:00,ETP Aeration Blower Station,Wastewater & ETP Utility,42.26,none,0.0,0.0,1.0,Shift B (Evening),32.1,0.58
2026-09-09 15:00:00,HTHP Jet Dyeing Machine #01,Dyeing & Bleaching,34.78,none,0.0,417.4,1.0,Shift B (Evening),129.1,3.6
2026-09-09 15:00:00,Soft Flow Jet Dyeing Machine #02,Dyeing & Bleaching,27.13,none,0.0,329.4,1.0,Shift B (Evening),96.2,1.17
2026-09-09 15:00:00,8-Chamber Stenter Frame,Finishing & Heat Setting,75.17,natural_gas,38.6,761.8,1.0,Shift B (Evening),181.3,1.03
2026-09-09 15:00:00,Rotary Screen Printing Machine,Printing & Curing,36.55,none,0.0,461.7,1.0,Shift B (Evening),148.1,2.01
2026-09-09 15:00:00,Industrial Steam Boiler (Dual Fuel),Steam Generation Utility,19.7,natural_gas,162.51,0.0,1.0,Shift B (Evening),168.9,8.18
2026-09-09 15:00:00,Screw Air Compressor GA-75,Compressed Air Utility,56.33,none,0.0,0.0,1.0,Shift B (Evening),44.9,6.9
2026-09-09 15:00:00,ETP Aeration Blower Station,Wastewater & ETP Utility,44.65,none,0.0,0.0,1.0,Shift B (Evening),32.2,0.59
2026-09-09 16:00:00,HTHP Jet Dyeing Machine #01,Dyeing & Bleaching,34.23,none,0.0,410.7,1.0,Shift B (Evening),130.0,3.58
2026-09-09 16:00:00,Soft Flow Jet Dyeing Machine #02,Dyeing & Bleaching,28.58,none,0.0,347.0,1.0,Shift B (Evening),96.8,1.22
2026-09-09 16:00:00,8-Chamber Stenter Frame,Finishing & Heat Setting,75.33,natural_gas,38.68,763.5,1.0,Shift B (Evening),182.0,0.98
2026-09-09 16:00:00,Rotary Screen Printing Machine,Printing & Curing,38.48,none,0.0,486.0,1.0,Shift B (Evening),150.5,1.97
2026-09-09 16:00:00,Industrial Steam Boiler (Dual Fuel),Steam Generation Utility,20.59,natural_gas,169.87,0.0,1.0,Shift B (Evening),169.3,7.85
2026-09-09 16:00:00,Screw Air Compressor GA-75,Compressed Air Utility,57.82,none,0.0,0.0,1.0,Shift B (Evening),44.6,7.02
2026-09-09 16:00:00,ETP Aeration Blower Station,Wastewater & ETP Utility,45.2,none,0.0,0.0,1.0,Shift B (Evening),31.8,0.59
2026-09-09 17:00:00,HTHP Jet Dyeing Machine #01,Dyeing & Bleaching,35.47,none,0.0,425.6,1.0,Shift B (Evening),128.0,3.41
2026-09-09 17:00:00,Soft Flow Jet Dyeing Machine #02,Dyeing & Bleaching,27.69,none,0.0,336.3,1.0,Shift B (Evening),96.9,1.18
2026-09-09 17:00:00,8-Chamber Stenter Frame,Finishing & Heat Setting,75.27,natural_gas,38.65,762.9,1.0,Shift B (Evening),183.9,0.99
2026-09-09 17:00:00,Rotary Screen Printing Machine,Printing & Curing,39.38,none,0.0,497.5,1.0,Shift B (Evening),148.6,2.03
2026-09-09 17:00:00,Industrial Steam Boiler (Dual Fuel),Steam Generation Utility,20.76,natural_gas,171.29,0.0,1.0,Shift B (Evening),172.0,8.16
2026-09-09 17:00:00,Screw Air Compressor GA-75,Compressed Air Utility,58.58,none,0.0,0.0,1.0,Shift B (Evening),45.2,6.93
2026-09-09 17:00:00,ETP Aeration Blower Station,Wastewater & ETP Utility,42.52,none,0.0,0.0,1.0,Shift B (Evening),32.2,0.62
2026-09-09 18:00:00,HTHP Jet Dyeing Machine #01,Dyeing & Bleaching,34.56,none,0.0,414.8,1.0,Shift B (Evening),129.3,3.55
2026-09-09 18:00:00,Soft Flow Jet Dyeing Machine #02,Dyeing & Bleaching,27.37,none,0.0,332.4,1.0,Shift B (Evening),97.8,1.17
2026-09-09 18:00:00,8-Chamber Stenter Frame,Finishing & Heat Setting,75.57,natural_gas,38.81,765.9,1.0,Shift B (Evening),182.3,0.98
2026-09-09 18:00:00,Rotary Screen Printing Machine,Printing & Curing,39.05,none,0.0,493.3,1.0,Shift B (Evening),149.5,1.96
2026-09-09 18:00:00,Industrial Steam Boiler (Dual Fuel),Steam Generation Utility,19.91,natural_gas,164.24,0.0,1.0,Shift B (Evening),169.2,8.24
2026-09-09 18:00:00,Screw Air Compressor GA-75,Compressed Air Utility,56.33,none,0.0,0.0,1.0,Shift B (Evening),44.3,6.92
2026-09-09 18:00:00,ETP Aeration Blower Station,Wastewater & ETP Utility,43.91,none,0.0,0.0,1.0,Shift B (Evening),32.6,0.61
2026-09-09 19:00:00,HTHP Jet Dyeing Machine #01,Dyeing & Bleaching,35.73,none,0.0,428.8,1.0,Shift B (Evening),131.3,3.55
2026-09-09 19:00:00,Soft Flow Jet Dyeing Machine #02,Dyeing & Bleaching,27.46,none,0.0,333.4,1.0,Shift B (Evening),96.4,1.22
2026-09-09 19:00:00,8-Chamber Stenter Frame,Finishing & Heat Setting,71.21,natural_gas,36.57,721.7,1.0,Shift B (Evening),183.2,0.98
2026-09-09 19:00:00,Rotary Screen Printing Machine,Printing & Curing,39.45,none,0.0,498.3,1.0,Shift B (Evening),150.9,1.99
2026-09-09 19:00:00,Industrial Steam Boiler (Dual Fuel),Steam Generation Utility,19.22,natural_gas,158.59,0.0,1.0,Shift B (Evening),170.8,7.79
2026-09-09 19:00:00,Screw Air Compressor GA-75,Compressed Air Utility,58.33,none,0.0,0.0,1.0,Shift B (Evening),44.3,7.14
2026-09-09 19:00:00,ETP Aeration Blower Station,Wastewater & ETP Utility,43.09,none,0.0,0.0,1.0,Shift B (Evening),32.4,0.59
2026-09-09 20:00:00,HTHP Jet Dyeing Machine #01,Dyeing & Bleaching,35.33,none,0.0,424.0,1.0,Shift B (Evening),129.1,3.41
2026-09-09 20:00:00,Soft Flow Jet Dyeing Machine #02,Dyeing & Bleaching,28.55,none,0.0,346.7,1.0,Shift B (Evening),99.7,1.19
2026-09-09 20:00:00,8-Chamber Stenter Frame,Finishing & Heat Setting,71.23,natural_gas,36.58,721.9,1.0,Shift B (Evening),183.7,1.01
2026-09-09 20:00:00,Rotary Screen Printing Machine,Printing & Curing,38.27,none,0.0,483.5,1.0,Shift B (Evening),147.9,2.04
2026-09-09 20:00:00,Industrial Steam Boiler (Dual Fuel),Steam Generation Utility,20.66,natural_gas,170.47,0.0,1.0,Shift B (Evening),171.4,7.96
2026-09-09 20:00:00,Screw Air Compressor GA-75,Compressed Air Utility,56.74,none,0.0,0.0,1.0,Shift B (Evening),45.5,7.19
2026-09-09 20:00:00,ETP Aeration Blower Station,Wastewater & ETP Utility,45.59,none,0.0,0.0,1.0,Shift B (Evening),31.6,0.61
2026-09-09 21:00:00,HTHP Jet Dyeing Machine #01,Dyeing & Bleaching,35.92,none,0.0,431.0,1.0,Shift B (Evening),130.2,3.51
2026-09-09 21:00:00,Soft Flow Jet Dyeing Machine #02,Dyeing & Bleaching,29.02,none,0.0,352.4,1.0,Shift B (Evening),97.2,1.19
2026-09-09 21:00:00,8-Chamber Stenter Frame,Finishing & Heat Setting,76.58,natural_gas,39.32,776.1,1.0,Shift B (Evening),186.2,1.01
2026-09-09 21:00:00,Rotary Screen Printing Machine,Printing & Curing,36.65,none,0.0,463.0,1.0,Shift B (Evening),149.2,2.04
2026-09-09 21:00:00,Industrial Steam Boiler (Dual Fuel),Steam Generation Utility,19.84,natural_gas,163.69,0.0,1.0,Shift B (Evening),169.1,8.17
2026-09-09 21:00:00,Screw Air Compressor GA-75,Compressed Air Utility,56.35,none,0.0,0.0,1.0,Shift B (Evening),44.4,7.09
2026-09-09 21:00:00,ETP Aeration Blower Station,Wastewater & ETP Utility,42.62,none,0.0,0.0,1.0,Shift B (Evening),31.7,0.6
2026-09-09 22:00:00,HTHP Jet Dyeing Machine #01,Dyeing & Bleaching,35.75,none,0.0,429.0,1.0,Shift C (Night),129.7,3.49
2026-09-09 22:00:00,Soft Flow Jet Dyeing Machine #02,Dyeing & Bleaching,28.24,none,0.0,342.9,1.0,Shift C (Night),96.3,1.22
2026-09-09 22:00:00,8-Chamber Stenter Frame,Finishing & Heat Setting,72.77,natural_gas,37.37,737.6,1.0,Shift C (Night),181.5,0.99
2026-09-09 22:00:00,Rotary Screen Printing Machine,Printing & Curing,37.27,none,0.0,470.7,1.0,Shift C (Night),152.4,2.0
2026-09-09 22:00:00,Industrial Steam Boiler (Dual Fuel),Steam Generation Utility,20.33,natural_gas,167.74,0.0,1.0,Shift C (Night),171.0,7.88
2026-09-09 22:00:00,Screw Air Compressor GA-75,Compressed Air Utility,59.78,none,0.0,0.0,1.0,Shift C (Night),44.8,7.17
2026-09-09 22:00:00,ETP Aeration Blower Station,Wastewater & ETP Utility,42.54,none,0.0,0.0,1.0,Shift C (Night),31.4,0.61
2026-09-09 23:00:00,HTHP Jet Dyeing Machine #01,Dyeing & Bleaching,34.04,none,0.0,408.5,1.0,Shift C (Night),132.5,3.5
2026-09-09 23:00:00,Soft Flow Jet Dyeing Machine #02,Dyeing & Bleaching,0.77,none,0.0,0.0,0.0,Shift C (Night),30.6,0.0
2026-09-09 23:00:00,8-Chamber Stenter Frame,Finishing & Heat Setting,72.94,natural_gas,37.45,739.2,1.0,Shift C (Night),184.3,1.01
2026-09-09 23:00:00,Rotary Screen Printing Machine,Printing & Curing,0.76,none,0.0,0.0,0.0,Shift C (Night),30.7,0.0
2026-09-09 23:00:00,Industrial Steam Boiler (Dual Fuel),Steam Generation Utility,19.95,natural_gas,164.57,0.0,1.0,Shift C (Night),167.5,8.19
2026-09-09 23:00:00,Screw Air Compressor GA-75,Compressed Air Utility,27.05,none,0.0,0.0,0.0,Shift C (Night),36.0,5.95
2026-09-09 23:00:00,ETP Aeration Blower Station,Wastewater & ETP Utility,45.09,none,0.0,0.0,1.0,Shift C (Night),32.5,0.59
2026-09-10 00:00:00,HTHP Jet Dyeing Machine #01,Dyeing & Bleaching,0.83,none,0.0,0.0,0.0,Shift C (Night),28.4,0.0
2026-09-10 00:00:00,Soft Flow Jet Dyeing Machine #02,Dyeing & Bleaching,1.2,none,0.0,0.0,0.0,Shift C (Night),30.7,0.0
2026-09-10 00:00:00,8-Chamber Stenter Frame,Finishing & Heat Setting,0.72,natural_gas,0.0,0.0,0.0,Shift C (Night),28.2,0.0
2026-09-10 00:00:00,Rotary Screen Printing Machine,Printing & Curing,1.3,none,0.0,0.0,0.0,Shift C (Night),28.9,0.0
2026-09-10 00:00:00,Industrial Steam Boiler (Dual Fuel),Steam Generation Utility,20.19,natural_gas,166.56,0.0,1.0,Shift C (Night),167.7,8.04
2026-09-10 00:00:00,Screw Air Compressor GA-75,Compressed Air Utility,24.41,none,0.0,0.0,0.0,Shift C (Night),36.0,5.95
2026-09-10 00:00:00,ETP Aeration Blower Station,Wastewater & ETP Utility,44.24,none,0.0,0.0,1.0,Shift C (Night),31.5,0.59
2026-09-10 01:00:00,HTHP Jet Dyeing Machine #01,Dyeing & Bleaching,0.9,none,0.0,0.0,0.0,Shift C (Night),29.8,0.0
2026-09-10 01:00:00,Soft Flow Jet Dyeing Machine #02,Dyeing & Bleaching,1.69,none,0.0,0.0,0.0,Shift C (Night),28.5,0.0
2026-09-10 01:00:00,8-Chamber Stenter Frame,Finishing & Heat Setting,0.64,natural_gas,0.0,0.0,0.0,Shift C (Night),28.5,0.0
2026-09-10 01:00:00,Rotary Screen Printing Machine,Printing & Curing,1.32,none,0.0,0.0,0.0,Shift C (Night),29.8,0.0
2026-09-10 01:00:00,Industrial Steam Boiler (Dual Fuel),Steam Generation Utility,19.2,natural_gas,158.41,0.0,1.0,Shift C (Night),171.0,7.93
2026-09-10 01:00:00,Screw Air Compressor GA-75,Compressed Air Utility,25.7,none,0.0,0.0,0.0,Shift C (Night),36.0,5.95
2026-09-10 01:00:00,ETP Aeration Blower Station,Wastewater & ETP Utility,44.42,none,0.0,0.0,1.0,Shift C (Night),32.3,0.6
2026-09-10 02:00:00,HTHP Jet Dyeing Machine #01,Dyeing & Bleaching,0.88,none,0.0,0.0,0.0,Shift C (Night),29.0,0.0
2026-09-10 02:00:00,Soft Flow Jet Dyeing Machine #02,Dyeing & Bleaching,1.04,none,0.0,0.0,0.0,Shift C (Night),28.0,0.0
2026-09-10 02:00:00,8-Chamber Stenter Frame,Finishing & Heat Setting,1.98,natural_gas,0.0,0.0,0.0,Shift C (Night),28.0,0.0
2026-09-10 02:00:00,Rotary Screen Printing Machine,Printing & Curing,1.69,none,0.0,0.0,0.0,Shift C (Night),29.5,0.0
2026-09-10 02:00:00,Industrial Steam Boiler (Dual Fuel),Steam Generation Utility,20.49,natural_gas,169.05,0.0,1.0,Shift C (Night),168.3,8.0
2026-09-10 02:00:00,Screw Air Compressor GA-75,Compressed Air Utility,25.77,none,0.0,0.0,0.0,Shift C (Night),36.0,5.95
2026-09-10 02:00:00,ETP Aeration Blower Station,Wastewater & ETP Utility,45.36,none,0.0,0.0,1.0,Shift C (Night),32.3,0.59
2026-09-10 03:00:00,HTHP Jet Dyeing Machine #01,Dyeing & Bleaching,1.08,none,0.0,0.0,0.0,Shift C (Night),28.2,0.0
2026-09-10 03:00:00,Soft Flow Jet Dyeing Machine #02,Dyeing & Bleaching,1.43,none,0.0,0.0,0.0,Shift C (Night),30.0,0.0
2026-09-10 03:00:00,8-Chamber Stenter Frame,Finishing & Heat Setting,1.23,natural_gas,0.0,0.0,0.0,Shift C (Night),29.6,0.0
2026-09-10 03:00:00,Rotary Screen Printing Machine,Printing & Curing,0.93,none,0.0,0.0,0.0,Shift C (Night),31.1,0.0
2026-09-10 03:00:00,Industrial Steam Boiler (Dual Fuel),Steam Generation Utility,19.64,natural_gas,161.99,0.0,1.0,Shift C (Night),170.7,8.11
2026-09-10 03:00:00,Screw Air Compressor GA-75,Compressed Air Utility,24.26,none,0.0,0.0,0.0,Shift C (Night),36.0,5.95
2026-09-10 03:00:00,ETP Aeration Blower Station,Wastewater & ETP Utility,43.68,none,0.0,0.0,1.0,Shift C (Night),32.2,0.61
2026-09-10 04:00:00,HTHP Jet Dyeing Machine #01,Dyeing & Bleaching,1.02,none,0.0,0.0,0.0,Shift C (Night),28.3,0.0
2026-09-10 04:00:00,Soft Flow Jet Dyeing Machine #02,Dyeing & Bleaching,1.6,none,0.0,0.0,0.0,Shift C (Night),28.6,0.0
2026-09-10 04:00:00,8-Chamber Stenter Frame,Finishing & Heat Setting,1.7,natural_gas,0.0,0.0,0.0,Shift C (Night),30.2,0.0
2026-09-10 04:00:00,Rotary Screen Printing Machine,Printing & Curing,0.73,none,0.0,0.0,0.0,Shift C (Night),28.3,0.0
2026-09-10 04:00:00,Industrial Steam Boiler (Dual Fuel),Steam Generation Utility,19.59,natural_gas,161.62,0.0,1.0,Shift C (Night),170.3,7.82
2026-09-10 04:00:00,Screw Air Compressor GA-75,Compressed Air Utility,24.14,none,0.0,0.0,0.0,Shift C (Night),36.0,5.95
2026-09-10 04:00:00,ETP Aeration Blower Station,Wastewater & ETP Utility,42.41,none,0.0,0.0,1.0,Shift C (Night),32.3,0.59
2026-09-10 05:00:00,HTHP Jet Dyeing Machine #01,Dyeing & Bleaching,0.94,none,0.0,0.0,0.0,Shift C (Night),29.5,0.0
2026-09-10 05:00:00,Soft Flow Jet Dyeing Machine #02,Dyeing & Bleaching,0.74,none,0.0,0.0,0.0,Shift C (Night),29.2,0.0
2026-09-10 05:00:00,8-Chamber Stenter Frame,Finishing & Heat Setting,0.81,natural_gas,0.0,0.0,0.0,Shift C (Night),28.4,0.0
2026-09-10 05:00:00,Rotary Screen Printing Machine,Printing & Curing,1.35,none,0.0,0.0,0.0,Shift C (Night),30.2,0.0
2026-09-10 05:00:00,Industrial Steam Boiler (Dual Fuel),Steam Generation Utility,19.78,natural_gas,163.17,0.0,1.0,Shift C (Night),168.2,7.78
2026-09-10 05:00:00,Screw Air Compressor GA-75,Compressed Air Utility,25.54,none,0.0,0.0,0.0,Shift C (Night),36.0,5.95
2026-09-10 05:00:00,ETP Aeration Blower Station,Wastewater & ETP Utility,42.93,none,0.0,0.0,1.0,Shift C (Night),32.3,0.61
2026-09-10 06:00:00,HTHP Jet Dyeing Machine #01,Dyeing & Bleaching,35.48,none,0.0,425.8,1.0,Shift A (Morning),130.1,3.55
2026-09-10 06:00:00,Soft Flow Jet Dyeing Machine #02,Dyeing & Bleaching,28.31,none,0.0,343.7,1.0,Shift A (Morning),96.9,1.22
2026-09-10 06:00:00,8-Chamber Stenter Frame,Finishing & Heat Setting,72.45,natural_gas,37.2,734.3,1.0,Shift A (Morning),185.5,1.01
2026-09-10 06:00:00,Rotary Screen Printing Machine,Printing & Curing,36.74,none,0.0,464.1,1.0,Shift A (Morning),152.6,2.0
2026-09-10 06:00:00,Industrial Steam Boiler (Dual Fuel),Steam Generation Utility,19.59,natural_gas,161.64,0.0,1.0,Shift A (Morning),169.2,7.77
2026-09-10 06:00:00,Screw Air Compressor GA-75,Compressed Air Utility,59.16,none,0.0,0.0,1.0,Shift A (Morning),45.2,6.92
2026-09-10 06:00:00,ETP Aeration Blower Station,Wastewater & ETP Utility,43.95,none,0.0,0.0,1.0,Shift A (Morning),32.0,0.58
2026-09-10 07:00:00,HTHP Jet Dyeing Machine #01,Dyeing & Bleaching,33.66,none,0.0,404.0,1.0,Shift A (Morning),128.1,3.45
2026-09-10 07:00:00,Soft Flow Jet Dyeing Machine #02,Dyeing & Bleaching,28.49,none,0.0,345.9,1.0,Shift A (Morning),99.1,1.23
2026-09-10 07:00:00,8-Chamber Stenter Frame,Finishing & Heat Setting,76.45,natural_gas,39.26,774.8,1.0,Shift A (Morning),184.7,1.0
2026-09-10 07:00:00,Rotary Screen Printing Machine,Printing & Curing,37.3,none,0.0,471.1,1.0,Shift A (Morning),149.2,2.04
2026-09-10 07:00:00,Industrial Steam Boiler (Dual Fuel),Steam Generation Utility,20.47,natural_gas,168.89,0.0,1.0,Shift A (Morning),171.2,8.16
2026-09-10 07:00:00,Screw Air Compressor GA-75,Compressed Air Utility,57.17,none,0.0,0.0,1.0,Shift A (Morning),44.4,6.98
2026-09-10 07:00:00,ETP Aeration Blower Station,Wastewater & ETP Utility,44.1,none,0.0,0.0,1.0,Shift A (Morning),31.5,0.59
2026-09-10 08:00:00,HTHP Jet Dyeing Machine #01,Dyeing & Bleaching,35.79,none,0.0,429.4,1.0,Shift A (Morning),131.3,3.53
2026-09-10 08:00:00,Soft Flow Jet Dyeing Machine #02,Dyeing & Bleaching,28.67,none,0.0,348.1,1.0,Shift A (Morning),97.2,1.18
2026-09-10 08:00:00,8-Chamber Stenter Frame,Finishing & Heat Setting,73.19,natural_gas,37.58,741.8,1.0,Shift A (Morning),185.8,0.98
2026-09-10 08:00:00,Rotary Screen Printing Machine,Printing & Curing,37.68,none,0.0,476.0,1.0,Shift A (Morning),149.0,2.04
2026-09-10 08:00:00,Industrial Steam Boiler (Dual Fuel),Steam Generation Utility,20.16,natural_gas,166.32,0.0,1.0,Shift A (Morning),169.7,8.0
2026-09-10 08:00:00,Screw Air Compressor GA-75,Compressed Air Utility,56.78,none,0.0,0.0,1.0,Shift A (Morning),44.9,7.08
2026-09-10 08:00:00,ETP Aeration Blower Station,Wastewater & ETP Utility,42.65,none,0.0,0.0,1.0,Shift A (Morning),32.3,0.6
2026-09-10 09:00:00,HTHP Jet Dyeing Machine #01,Dyeing & Bleaching,34.76,none,0.0,417.2,1.0,Shift A (Morning),128.1,3.48
2026-09-10 09:00:00,Soft Flow Jet Dyeing Machine #02,Dyeing & Bleaching,28.19,none,0.0,342.3,1.0,Shift A (Morning),97.6,1.17
2026-09-10 09:00:00,8-Chamber Stenter Frame,Finishing & Heat Setting,73.42,natural_gas,37.7,744.1,1.0,Shift A (Morning),187.4,1.03
2026-09-10 09:00:00,Rotary Screen Printing Machine,Printing & Curing,37.82,none,0.0,477.7,1.0,Shift A (Morning),148.3,1.94
2026-09-10 09:00:00,Industrial Steam Boiler (Dual Fuel),Steam Generation Utility,19.78,natural_gas,163.2,0.0,1.0,Shift A (Morning),168.0,7.81
2026-09-10 09:00:00,Screw Air Compressor GA-75,Compressed Air Utility,58.21,none,0.0,0.0,1.0,Shift A (Morning),45.6,6.99
2026-09-10 09:00:00,ETP Aeration Blower Station,Wastewater & ETP Utility,43.25,none,0.0,0.0,1.0,Shift A (Morning),32.6,0.59
2026-09-10 10:00:00,HTHP Jet Dyeing Machine #01,Dyeing & Bleaching,33.99,none,0.0,407.9,1.0,Shift A (Morning),131.0,3.59
2026-09-10 10:00:00,Soft Flow Jet Dyeing Machine #02,Dyeing & Bleaching,28.59,none,0.0,347.1,1.0,Shift A (Morning),97.2,1.19
2026-09-10 10:00:00,8-Chamber Stenter Frame,Finishing & Heat Setting,71.45,natural_gas,36.69,724.1,1.0,Shift A (Morning),183.5,0.99
2026-09-10 10:00:00,Rotary Screen Printing Machine,Printing & Curing,37.64,none,0.0,475.4,1.0,Shift A (Morning),150.0,1.96
2026-09-10 10:00:00,Industrial Steam Boiler (Dual Fuel),Steam Generation Utility,19.55,natural_gas,161.28,0.0,1.0,Shift A (Morning),168.6,8.09
2026-09-10 10:00:00,Screw Air Compressor GA-75,Compressed Air Utility,56.01,none,0.0,0.0,1.0,Shift A (Morning),44.9,7.12
2026-09-10 10:00:00,ETP Aeration Blower Station,Wastewater & ETP Utility,44.65,none,0.0,0.0,1.0,Shift A (Morning),31.6,0.61
2026-09-10 11:00:00,HTHP Jet Dyeing Machine #01,Dyeing & Bleaching,34.65,none,0.0,415.8,1.0,Shift A (Morning),128.9,3.44
2026-09-10 11:00:00,Soft Flow Jet Dyeing Machine #02,Dyeing & Bleaching,28.23,none,0.0,342.7,1.0,Shift A (Morning),99.9,1.22
2026-09-10 11:00:00,8-Chamber Stenter Frame,Finishing & Heat Setting,72.27,natural_gas,37.11,732.4,1.0,Shift A (Morning),188.1,0.99
2026-09-10 11:00:00,Rotary Screen Printing Machine,Printing & Curing,36.56,none,0.0,461.8,1.0,Shift A (Morning),148.5,1.98
2026-09-10 11:00:00,Industrial Steam Boiler (Dual Fuel),Steam Generation Utility,20.06,natural_gas,165.51,0.0,1.0,Shift A (Morning),170.4,8.04
2026-09-10 11:00:00,Screw Air Compressor GA-75,Compressed Air Utility,59.87,none,0.0,0.0,1.0,Shift A (Morning),45.8,6.88
2026-09-10 11:00:00,ETP Aeration Blower Station,Wastewater & ETP Utility,44.18,none,0.0,0.0,1.0,Shift A (Morning),32.4,0.59
2026-09-10 12:00:00,HTHP Jet Dyeing Machine #01,Dyeing & Bleaching,33.68,none,0.0,404.2,1.0,Shift A (Morning),130.2,3.5
2026-09-10 12:00:00,Soft Flow Jet Dyeing Machine #02,Dyeing & Bleaching,28.23,none,0.0,342.8,1.0,Shift A (Morning),98.6,1.19
2026-09-10 12:00:00,8-Chamber Stenter Frame,Finishing & Heat Setting,72.38,natural_gas,37.17,733.6,1.0,Shift A (Morning),187.5,1.02
2026-09-10 12:00:00,Rotary Screen Printing Machine,Printing & Curing,38.23,none,0.0,482.9,1.0,Shift A (Morning),148.1,2.05
2026-09-10 12:00:00,Industrial Steam Boiler (Dual Fuel),Steam Generation Utility,20.45,natural_gas,168.69,0.0,1.0,Shift A (Morning),171.4,8.22
2026-09-10 12:00:00,Screw Air Compressor GA-75,Compressed Air Utility,56.21,none,0.0,0.0,1.0,Shift A (Morning),45.3,6.99
2026-09-10 12:00:00,ETP Aeration Blower Station,Wastewater & ETP Utility,42.44,none,0.0,0.0,1.0,Shift A (Morning),31.8,0.59
2026-09-10 13:00:00,HTHP Jet Dyeing Machine #01,Dyeing & Bleaching,33.78,none,0.0,405.4,1.0,Shift A (Morning),132.1,3.41
2026-09-10 13:00:00,Soft Flow Jet Dyeing Machine #02,Dyeing & Bleaching,28.54,none,0.0,346.6,1.0,Shift A (Morning),98.7,1.21
2026-09-10 13:00:00,8-Chamber Stenter Frame,Finishing & Heat Setting,71.53,natural_gas,36.73,724.9,1.0,Shift A (Morning),184.6,0.98
2026-09-10 13:00:00,Rotary Screen Printing Machine,Printing & Curing,36.96,none,0.0,466.8,1.0,Shift A (Morning),149.9,2.0
2026-09-10 13:00:00,Industrial Steam Boiler (Dual Fuel),Steam Generation Utility,19.23,natural_gas,158.67,0.0,1.0,Shift A (Morning),170.2,7.97
2026-09-10 13:00:00,Screw Air Compressor GA-75,Compressed Air Utility,58.39,none,0.0,0.0,1.0,Shift A (Morning),45.9,6.96
2026-09-10 13:00:00,ETP Aeration Blower Station,Wastewater & ETP Utility,42.43,none,0.0,0.0,1.0,Shift A (Morning),32.4,0.59
2026-09-10 14:00:00,HTHP Jet Dyeing Machine #01,Dyeing & Bleaching,34.85,none,0.0,418.3,1.0,Shift B (Evening),130.6,3.56
2026-09-10 14:00:00,Soft Flow Jet Dyeing Machine #02,Dyeing & Bleaching,28.51,none,0.0,346.2,1.0,Shift B (Evening),98.6,1.22
2026-09-10 14:00:00,8-Chamber Stenter Frame,Finishing & Heat Setting,73.86,natural_gas,37.93,748.6,1.0,Shift B (Evening),183.4,1.01
2026-09-10 14:00:00,Rotary Screen Printing Machine,Printing & Curing,38.38,none,0.0,484.8,1.0,Shift B (Evening),147.3,1.96
2026-09-10 14:00:00,Industrial Steam Boiler (Dual Fuel),Steam Generation Utility,20.59,natural_gas,169.86,0.0,1.0,Shift B (Evening),167.3,7.82
2026-09-10 14:00:00,Screw Air Compressor GA-75,Compressed Air Utility,56.98,none,0.0,0.0,1.0,Shift B (Evening),45.6,7.12
2026-09-10 14:00:00,ETP Aeration Blower Station,Wastewater & ETP Utility,45.72,none,0.0,0.0,1.0,Shift B (Evening),31.8,0.61
2026-09-10 15:00:00,HTHP Jet Dyeing Machine #01,Dyeing & Bleaching,35.15,none,0.0,421.8,1.0,Shift B (Evening),130.2,3.42
2026-09-10 15:00:00,Soft Flow Jet Dyeing Machine #02,Dyeing & Bleaching,28.99,none,0.0,352.0,1.0,Shift B (Evening),99.8,1.2
2026-09-10 15:00:00,8-Chamber Stenter Frame,Finishing & Heat Setting,73.96,natural_gas,37.98,749.6,1.0,Shift B (Evening),186.0,1.01
2026-09-10 15:00:00,Rotary Screen Printing Machine,Printing & Curing,39.39,none,0.0,497.6,1.0,Shift B (Evening),151.2,1.99
2026-09-10 15:00:00,Industrial Steam Boiler (Dual Fuel),Steam Generation Utility,19.59,natural_gas,161.61,0.0,1.0,Shift B (Evening),173.4,7.86
2026-09-10 15:00:00,Screw Air Compressor GA-75,Compressed Air Utility,56.12,none,0.0,0.0,1.0,Shift B (Evening),45.2,7.2
2026-09-10 15:00:00,ETP Aeration Blower Station,Wastewater & ETP Utility,43.53,none,0.0,0.0,1.0,Shift B (Evening),31.8,0.61
2026-09-10 16:00:00,HTHP Jet Dyeing Machine #01,Dyeing & Bleaching,35.69,none,0.0,428.2,1.0,Shift B (Evening),131.3,3.42
2026-09-10 16:00:00,Soft Flow Jet Dyeing Machine #02,Dyeing & Bleaching,28.22,none,0.0,342.6,1.0,Shift B (Evening),98.4,1.18
2026-09-10 16:00:00,8-Chamber Stenter Frame,Finishing & Heat Setting,76.45,natural_gas,39.26,774.8,1.0,Shift B (Evening),185.1,0.98
2026-09-10 16:00:00,Rotary Screen Printing Machine,Printing & Curing,39.03,none,0.0,493.0,1.0,Shift B (Evening),148.3,2.04
2026-09-10 16:00:00,Industrial Steam Boiler (Dual Fuel),Steam Generation Utility,20.34,natural_gas,167.78,0.0,1.0,Shift B (Evening),171.0,8.19
2026-09-10 16:00:00,Screw Air Compressor GA-75,Compressed Air Utility,55.93,none,0.0,0.0,1.0,Shift B (Evening),45.1,7.19
2026-09-10 16:00:00,ETP Aeration Blower Station,Wastewater & ETP Utility,44.7,none,0.0,0.0,1.0,Shift B (Evening),31.5,0.59
2026-09-10 17:00:00,HTHP Jet Dyeing Machine #01,Dyeing & Bleaching,35.91,none,0.0,430.9,1.0,Shift B (Evening),130.0,3.48
2026-09-10 17:00:00,Soft Flow Jet Dyeing Machine #02,Dyeing & Bleaching,27.99,none,0.0,339.8,1.0,Shift B (Evening),96.8,1.21
2026-09-10 17:00:00,8-Chamber Stenter Frame,Finishing & Heat Setting,72.06,natural_gas,37.0,730.3,1.0,Shift B (Evening),184.2,1.02
2026-09-10 17:00:00,Rotary Screen Printing Machine,Printing & Curing,38.58,none,0.0,487.3,1.0,Shift B (Evening),149.5,1.95
2026-09-10 17:00:00,Industrial Steam Boiler (Dual Fuel),Steam Generation Utility,20.54,natural_gas,169.46,0.0,1.0,Shift B (Evening),167.1,8.05
2026-09-10 17:00:00,Screw Air Compressor GA-75,Compressed Air Utility,58.12,none,0.0,0.0,1.0,Shift B (Evening),44.6,6.81
2026-09-10 17:00:00,ETP Aeration Blower Station,Wastewater & ETP Utility,45.22,none,0.0,0.0,1.0,Shift B (Evening),31.8,0.6
2026-09-10 18:00:00,HTHP Jet Dyeing Machine #01,Dyeing & Bleaching,33.76,none,0.0,405.1,1.0,Shift B (Evening),129.9,3.43
2026-09-10 18:00:00,Soft Flow Jet Dyeing Machine #02,Dyeing & Bleaching,27.68,none,0.0,336.1,1.0,Shift B (Evening),97.2,1.2
2026-09-10 18:00:00,8-Chamber Stenter Frame,Finishing & Heat Setting,73.01,natural_gas,37.49,740.0,1.0,Shift B (Evening),183.0,1.01
2026-09-10 18:00:00,Rotary Screen Printing Machine,Printing & Curing,39.23,none,0.0,495.5,1.0,Shift B (Evening),151.9,1.97
2026-09-10 18:00:00,Industrial Steam Boiler (Dual Fuel),Steam Generation Utility,20.16,natural_gas,166.29,0.0,1.0,Shift B (Evening),170.6,8.12
2026-09-10 18:00:00,Screw Air Compressor GA-75,Compressed Air Utility,56.25,none,0.0,0.0,1.0,Shift B (Evening),45.0,6.91
2026-09-10 18:00:00,ETP Aeration Blower Station,Wastewater & ETP Utility,44.82,none,0.0,0.0,1.0,Shift B (Evening),32.1,0.59
2026-09-10 19:00:00,HTHP Jet Dyeing Machine #01,Dyeing & Bleaching,36.15,none,0.0,433.8,1.0,Shift B (Evening),131.4,3.58
2026-09-10 19:00:00,Soft Flow Jet Dyeing Machine #02,Dyeing & Bleaching,27.12,none,0.0,329.3,1.0,Shift B (Evening),99.2,1.17
2026-09-10 19:00:00,8-Chamber Stenter Frame,Finishing & Heat Setting,74.59,natural_gas,38.3,756.0,1.0,Shift B (Evening),186.8,0.99
2026-09-10 19:00:00,Rotary Screen Printing Machine,Printing & Curing,39.16,none,0.0,494.6,1.0,Shift B (Evening),147.4,2.03
2026-09-10 19:00:00,Industrial Steam Boiler (Dual Fuel),Steam Generation Utility,20.77,natural_gas,171.36,0.0,1.0,Shift B (Evening),173.1,7.88
2026-09-10 19:00:00,Screw Air Compressor GA-75,Compressed Air Utility,57.97,none,0.0,0.0,1.0,Shift B (Evening),44.9,6.87
2026-09-10 19:00:00,ETP Aeration Blower Station,Wastewater & ETP Utility,45.53,none,0.0,0.0,1.0,Shift B (Evening),32.4,0.62
2026-09-10 20:00:00,HTHP Jet Dyeing Machine #01,Dyeing & Bleaching,35.58,none,0.0,426.9,1.0,Shift B (Evening),129.5,3.4
2026-09-10 20:00:00,Soft Flow Jet Dyeing Machine #02,Dyeing & Bleaching,28.44,none,0.0,345.3,1.0,Shift B (Evening),97.6,1.21
2026-09-10 20:00:00,8-Chamber Stenter Frame,Finishing & Heat Setting,72.59,natural_gas,37.27,735.7,1.0,Shift B (Evening),183.2,1.02
2026-09-10 20:00:00,Rotary Screen Printing Machine,Printing & Curing,38.68,none,0.0,488.6,1.0,Shift B (Evening),150.3,1.98
2026-09-10 20:00:00,Industrial Steam Boiler (Dual Fuel),Steam Generation Utility,19.35,natural_gas,159.64,0.0,1.0,Shift B (Evening),169.2,8.13
2026-09-10 20:00:00,Screw Air Compressor GA-75,Compressed Air Utility,58.48,none,0.0,0.0,1.0,Shift B (Evening),44.1,7.11
2026-09-10 20:00:00,ETP Aeration Blower Station,Wastewater & ETP Utility,43.9,none,0.0,0.0,1.0,Shift B (Evening),31.9,0.61
2026-09-10 21:00:00,HTHP Jet Dyeing Machine #01,Dyeing & Bleaching,34.55,none,0.0,414.5,1.0,Shift B (Evening),132.4,3.4
2026-09-10 21:00:00,Soft Flow Jet Dyeing Machine #02,Dyeing & Bleaching,28.2,none,0.0,342.4,1.0,Shift B (Evening),98.8,1.19
2026-09-10 21:00:00,8-Chamber Stenter Frame,Finishing & Heat Setting,76.26,natural_gas,39.16,772.9,1.0,Shift B (Evening),185.6,1.0
2026-09-10 21:00:00,Rotary Screen Printing Machine,Printing & Curing,38.39,none,0.0,485.0,1.0,Shift B (Evening),152.5,1.94
2026-09-10 21:00:00,Industrial Steam Boiler (Dual Fuel),Steam Generation Utility,20.78,natural_gas,171.41,0.0,1.0,Shift B (Evening),170.8,8.18
2026-09-10 21:00:00,Screw Air Compressor GA-75,Compressed Air Utility,58.94,none,0.0,0.0,1.0,Shift B (Evening),44.9,7.06
2026-09-10 21:00:00,ETP Aeration Blower Station,Wastewater & ETP Utility,45.38,none,0.0,0.0,1.0,Shift B (Evening),31.8,0.62
2026-09-10 22:00:00,HTHP Jet Dyeing Machine #01,Dyeing & Bleaching,36.19,none,0.0,434.3,1.0,Shift C (Night),129.6,3.5
2026-09-10 22:00:00,Soft Flow Jet Dyeing Machine #02,Dyeing & Bleaching,27.03,none,0.0,328.2,1.0,Shift C (Night),96.8,1.23
2026-09-10 22:00:00,8-Chamber Stenter Frame,Finishing & Heat Setting,73.83,natural_gas,37.91,748.2,1.0,Shift C (Night),188.2,1.0
2026-09-10 22:00:00,Rotary Screen Printing Machine,Printing & Curing,37.93,none,0.0,479.2,1.0,Shift C (Night),147.8,2.0
2026-09-10 22:00:00,Industrial Steam Boiler (Dual Fuel),Steam Generation Utility,19.56,natural_gas,161.39,0.0,1.0,Shift C (Night),168.6,7.77
2026-09-10 22:00:00,Screw Air Compressor GA-75,Compressed Air Utility,59.95,none,0.0,0.0,1.0,Shift C (Night),44.7,7.06
2026-09-10 22:00:00,ETP Aeration Blower Station,Wastewater & ETP Utility,44.52,none,0.0,0.0,1.0,Shift C (Night),32.3,0.62
2026-09-10 23:00:00,HTHP Jet Dyeing Machine #01,Dyeing & Bleaching,33.86,none,0.0,406.4,1.0,Shift C (Night),130.6,3.58
2026-09-10 23:00:00,Soft Flow Jet Dyeing Machine #02,Dyeing & Bleaching,1.78,none,0.0,0.0,0.0,Shift C (Night),28.9,0.0
2026-09-10 23:00:00,8-Chamber Stenter Frame,Finishing & Heat Setting,75.83,natural_gas,38.94,768.6,1.0,Shift C (Night),184.3,1.02
2026-09-10 23:00:00,Rotary Screen Printing Machine,Printing & Curing,0.86,none,0.0,0.0,0.0,Shift C (Night),28.9,0.0
2026-09-10 23:00:00,Industrial Steam Boiler (Dual Fuel),Steam Generation Utility,19.7,natural_gas,162.53,0.0,1.0,Shift C (Night),172.7,7.81
2026-09-10 23:00:00,Screw Air Compressor GA-75,Compressed Air Utility,25.51,none,0.0,0.0,0.0,Shift C (Night),36.0,5.95
2026-09-10 23:00:00,ETP Aeration Blower Station,Wastewater & ETP Utility,44.52,none,0.0,0.0,1.0,Shift C (Night),31.8,0.59
